from_label,Crops,TreeCrops,Forest,Grassland,Urban,Water,Other
Crops,99.87981397293201,0.0,0.0,0.026127397188692062,0.010450958875476824,0.0,0.0836076710038146
TreeCrops,0.0,0.0,0.0,0.0,0.0,0.0,0.0
Forest,0.0,0.0,100.0,0.0,0.0,0.0,0.0
Grassland,0.027424631236654978,0.0,0.0,99.9236028129836,0.007835608924758564,0.0,0.04113694685498247
Urban,0.0,0.0,0.0,0.0,100.0,0.0,0.0
Water,0.0,0.0,0.0,0.0,0.0,100.0,0.0
Other,0.0034070367522840007,0.0,0.0,0.00218564621844634,0.0010285393969159246,0.0,99.99337877763236
