from_label,Crops,TreeCrops,Forest,Grassland,Urban,Water,Other
Crops,99.88091539815677,0.0,0.0,0.025887956922439677,0.010355182768975874,0.0,0.08284146215180699
TreeCrops,0.0,0.0,0.0,0.0,0.0,0.0,0.0
Forest,0.0,0.0,100.0,0.0,0.0,0.0,0.0
Grassland,0.025465729005465336,0.0,0.0,99.9255617152148,0.007835608924758564,0.0,0.04113694685498247
Urban,0.0,0.0,0.0,0.0,100.0,0.0,0.0
Water,0.0,0.0,0.0,0.0,0.0,100.0,0.0
Other,0.0034719052144158652,0.0,0.0,0.0021860143942618406,0.000964418115115518,0.0,99.9933776622762
