from_label,Crops,TreeCrops,Forest,Grassland,Urban,Water,Other
Crops,99.87997162965792,0.0,0.0,0.09820503027988435,0.00545583501554913,0.0,0.01636750504664739
TreeCrops,0.0,0.0,0.0,0.0,0.0,0.0,0.0
Forest,0.0,0.0,100.0,0.0,0.0,0.0,0.0
Grassland,0.004500146254753279,0.0,0.0,99.9797493418536,0.0022500731273766396,0.0,0.01350043876425984
Urban,0.0,0.0,0.0,0.0,100.0,0.0,0.0
Water,0.0,0.0,0.0,0.0,0.0,100.0,0.0
Other,0.0029428322841496494,0.0,0.0,0.050092123445416865,0.0,0.0,99.94696504427043
