from_label,Crops,TreeCrops,Forest,Grassland,Urban,Water,Other
Crops,99.88255033557047,0.0,0.0,0.09507829977628635,0.005592841163310962,0.0,0.016778523489932886
TreeCrops,0.0,0.0,0.0,0.0,0.0,0.0,0.0
Forest,0.0,0.0,100.0,0.0,0.0,0.0,0.0
Grassland,0.007863283707276158,0.0,0.0,99.97116795973999,0.002621094569092053,0.0,0.01834766198364437
Urban,0.0,0.0,0.0,0.0,100.0,0.0,0.0
Water,0.0,0.0,0.0,0.0,0.0,100.0,0.0
Other,0.005732878440045557,0.0,0.0,0.04949385053239331,0.00031849324666919764,0.0,99.94445477778089
