from_label,Crops,TreeCrops,Forest,Grassland,Urban,Water,Other
Crops,99.87512216310131,0.0,0.0,0.09773048105114561,0.00542947116950809,0.0,0.02171788467803236
TreeCrops,0.0,0.0,0.0,0.0,0.0,0.0,0.0
Forest,0.0,0.0,100.0,0.0,0.0,0.0,0.0
Grassland,0.004345086793108692,0.0,0.0,99.98261965282757,0.002172543396554346,0.0,0.01086271698277173
Urban,0.0,0.0,0.0,0.0,100.0,0.0,0.0
Water,0.0,0.0,0.0,0.0,0.0,100.0,0.0
Other,0.003202170302944524,0.0,0.0,0.050338117162287914,6.404340605889047e-05,0.0,99.9463956691287
