from_label,Crops,TreeCrops,Forest,Grassland,Urban,Water,Other
Crops,99.88390874217646,0.0,0.0,0.035332121946295175,0.010094891984655765,0.0,0.07066424389259035
TreeCrops,0.0,0.0,0.0,0.0,0.0,0.0,0.0
Forest,0.0,0.0,100.0,0.0,0.0,0.0,0.0
Grassland,0.01367561442581956,0.0,0.0,99.92380729105615,0.007814636814754035,0.0,0.05470245770327824
Urban,0.0,0.0,0.0,0.0,100.0,0.0,0.0
Water,0.0,0.0,0.0,0.0,0.0,100.0,0.0
Other,0.0010292639026213421,0.0,0.0,0.0020585278052426843,0.0006432899391383389,0.0,99.996268918353
