from_label,Crops,TreeCrops,Forest,Grassland,Urban,Water,Other
Crops,99.88390288223714,0.0,0.0,0.03533390540608753,0.010095401544596436,0.0,0.07066781081217506
TreeCrops,0.0,0.0,0.0,0.0,0.0,0.0,0.0
Forest,0.0,0.0,100.0,0.0,0.0,0.0,0.0
Grassland,0.01173777803861729,0.0,0.0,99.92370444274898,0.007825185359078193,0.0,0.056732593853316894
Urban,0.0,0.0,0.0,0.0,100.0,0.0,0.0
Water,0.0,0.0,0.0,0.0,0.0,100.0,0.0
Other,0.0011578488968594634,0.0,0.0,0.0020583980388612687,0.00038594963228648783,0.0,99.99639780343199
