from_label,Crops,TreeCrops,Forest,Grassland,Urban,Water,Other
Crops,99.88394788204886,0.0,0.0,0.021100385082027745,0.010550192541013872,0.0,0.08440154032811098
TreeCrops,0.0,0.0,0.0,0.0,0.0,0.0,0.0
Forest,0.0,0.0,100.0,0.0,0.0,0.0,0.0
Grassland,0.03917727717923604,0.0,0.0,99.92360430950049,0.005876591576885406,0.0,0.03134182174338883
Urban,0.0,0.0,0.0,0.0,100.0,0.0,0.0
Water,0.0,0.0,0.0,0.0,0.0,100.0,0.0
Other,0.007070181189461573,0.0,0.0,0.0021853287312881228,0.0012212131145433627,0.0,99.9895232769647
