from_label,Crops,TreeCrops,Forest,Grassland,Urban,Water,Other
Crops,99.88359788359789,0.0,0.0,0.031746031746031744,0.015873015873015872,0.0,0.0687830687830688
TreeCrops,0.0,0.0,0.0,0.0,0.0,0.0,0.0
Forest,0.0,0.0,100.0,0.0,0.0,0.0,0.0
Grassland,0.011718521122634324,0.0,0.0,99.92382961270287,0.007812347415089549,0.0,0.05663951875939924
Urban,0.0,0.0,0.0,0.0,100.0,0.0,0.0
Water,0.0,0.0,0.0,0.0,0.0,100.0,0.0
Other,0.0010288244458976589,0.0,0.0,0.0021219504196639217,0.0007073168065546406,0.0,99.99614190832789
