from_label,Crops,TreeCrops,Forest,Grassland,Urban,Water,Other
Crops,93.32232963923603,0.0,0.0,0.17448714925725065,0.06602216458382458,0.0,6.4371610469228955
TreeCrops,0.0,0.0,0.0,0.0,0.0,0.0,0.0
Forest,0.0,0.0,100.0,0.0,0.0,0.0,0.0
Grassland,0.0,0.0,0.0,99.92361927144536,0.0,0.0,0.07638072855464159
Urban,0.0,0.0,0.0,0.0,100.0,0.0,0.0
Water,0.0,0.0,0.0,0.0,0.0,100.0,0.0
Other,0.0014807032181474986,0.0,0.0,0.003025784837084019,6.437840078902168e-05,0.0,99.99542913354398
