from_label,Crops,TreeCrops,Forest,Grassland,Urban,Water,Other
Crops,99.87632053594434,0.0,0.0,0.03607317701623293,0.015459933006956968,0.0,0.07214635403246586
TreeCrops,0.0,0.0,0.0,0.0,0.0,0.0,0.0
Forest,0.0,0.0,100.0,0.0,0.0,0.0,0.0
Grassland,0.011751801942964588,0.0,0.0,99.92361328737073,0.009793168285803823,0.0,0.05484174240050141
Urban,0.0,0.0,0.0,0.0,100.0,0.0,0.0
Water,0.0,0.0,0.0,0.0,0.0,100.0,0.0
Other,0.001093104887271951,0.0,0.0,0.0021219094870573167,0.0007716034498390243,0.0,99.99601338217583
