from_label,Crops,TreeCrops,Forest,Grassland,Urban,Water,Other
Crops,99.88361635719198,0.0,0.0,0.037031159075279055,0.010580331164365445,0.0,0.06877215256837539
TreeCrops,0.0,0.0,0.0,0.0,0.0,0.0,0.0
Forest,0.0,0.0,100.0,0.0,0.0,0.0,0.0
Grassland,0.013671607976406711,0.0,0.0,99.92382961270287,0.005859260561317162,0.0,0.05663951875939924
Urban,0.0,0.0,0.0,0.0,100.0,0.0,0.0
Water,0.0,0.0,0.0,0.0,0.0,100.0,0.0
Other,0.0009644757849064683,0.0,0.0,0.0020575483411337993,0.0003857903139625873,0.0,99.99659218555999
