from_label,Crops,TreeCrops,Forest,Grassland,Urban,Water,Other
Crops,99.88360404211417,0.0,0.0,0.031744352150679854,0.015872176075339927,0.0,0.06877942965980637
TreeCrops,0.0,0.0,0.0,0.0,0.0,0.0,0.0
Forest,0.0,0.0,100.0,0.0,0.0,0.0,0.0
Grassland,0.011718521122634324,0.0,0.0,99.9218765258491,0.009765434268861936,0.0,0.05663951875939924
Urban,0.0,0.0,0.0,0.0,100.0,0.0,0.0
Water,0.0,0.0,0.0,0.0,0.0,100.0,0.0
Other,0.0010288006306547867,0.0,0.0,0.0021219013007254973,0.0007073004335751658,0.0,99.99614199763505
