from_label,Crops,TreeCrops,Forest,Grassland,Urban,Water,Other
Crops,99.87303602602762,0.0,0.0,0.037031159075279055,0.010580331164365445,0.0,0.07935248373274084
TreeCrops,0.0,0.0,0.0,0.0,0.0,0.0,0.0
Forest,0.0,0.0,100.0,0.0,0.0,0.0,0.0
Grassland,0.011718521122634324,0.0,0.0,99.92382961270287,0.007812347415089549,0.0,0.05663951875939924
Urban,0.0,0.0,0.0,0.0,100.0,0.0,0.0
Water,0.0,0.0,0.0,0.0,0.0,100.0,0.0
Other,0.0010287814469553856,0.0,0.0,0.002057562893910771,0.0005143907234776928,0.0,99.99639926493565
