from_label,Crops,TreeCrops,Forest,Grassland,Urban,Water,Other
Crops,99.8811324832505,0.0,0.0,0.09725524097687487,0.005403068943159715,0.0,0.016209206829479145
TreeCrops,0.0,0.0,0.0,0.0,0.0,0.0,0.0
Forest,0.0,0.0,100.0,0.0,0.0,0.0,0.0
Grassland,0.008404597314731158,0.0,0.0,99.92225747483874,0.0021011493286827894,0.0,0.06723677851784926
Urban,0.0,0.0,0.0,0.0,100.0,0.0,0.0
Water,0.0,0.0,0.0,0.0,0.0,100.0,0.0
Other,0.005770037094927368,0.0,0.0,0.05045576881897598,0.000256446093107883,0.0,99.943517747993
