from_label,Crops,TreeCrops,Forest,Grassland,Urban,Water,Other
Crops,99.88400994200497,0.0,0.0,0.09389671361502347,0.00552333609500138,0.0,0.016570008285004142
TreeCrops,0.0,0.0,0.0,0.0,0.0,0.0,0.0
Forest,0.0,0.0,100.0,0.0,0.0,0.0,0.0
Grassland,0.007267089772782327,0.0,0.0,99.97577636742406,0.002422363257594109,0.0,0.014534179545564654
Urban,0.0,0.0,0.0,0.0,100.0,0.0,0.0
Water,0.0,0.0,0.0,0.0,0.0,100.0,0.0
Other,0.00402165565818225,0.0,0.0,0.04985576300064027,6.383580409813095e-05,0.0,99.94605874553709
