from_label,Crops,TreeCrops,Forest,Grassland,Urban,Water,Other
Crops,99.8836655914547,0.0,0.0,0.037015493628047166,0.005287927661149596,0.0,0.07403098725609433
TreeCrops,0.0,0.0,0.0,0.0,0.0,0.0,0.0
Forest,0.0,0.0,100.0,0.0,0.0,0.0,0.0
Grassland,0.013672142034024101,0.0,0.0,99.92382663723902,0.003906326295435457,0.0,0.05859489443153186
Urban,0.0,0.0,0.0,0.0,100.0,0.0,0.0
Water,0.0,0.0,0.0,0.0,0.0,100.0,0.0
Other,0.0010287582951674721,0.0,0.0,0.0020575165903349442,0.00032148696723983505,0.0,99.99659223814726
