from_label,Crops,TreeCrops,Forest,Grassland,Urban,Water,Other
Crops,99.86409966024915,0.0,0.0,0.09626274065685164,0.0,0.0,0.039637599093997736
TreeCrops,0.0,0.0,0.0,0.0,0.0,0.0,0.0
Forest,0.0,0.0,100.0,0.0,0.0,0.0,0.0
Grassland,0.011418783899514702,0.0,0.0,99.97145304025122,0.0028546959748786756,0.0,0.014273479874393378
Urban,0.0,0.0,0.0,0.0,100.0,0.0,0.0
Water,0.0,0.0,0.0,0.0,0.0,100.0,0.0
Other,0.00845382147690168,0.0,0.0,0.04913386467402255,0.00031781283747750683,0.0,99.9420945010116
