from_label,Crops,TreeCrops,Forest,Grassland,Urban,Water,Other
Crops,99.88429752066116,0.0,0.0,0.09366391184573003,0.005509641873278237,0.0,0.01652892561983471
TreeCrops,0.0,0.0,0.0,0.0,0.0,0.0,0.0
Forest,0.0,0.0,100.0,0.0,0.0,0.0,0.0
Grassland,0.009507962918944617,0.0,0.0,99.98098407416211,0.002376990729736154,0.0,0.0071309721892084624
Urban,0.0,0.0,0.0,0.0,100.0,0.0,0.0
Water,0.0,0.0,0.0,0.0,0.0,100.0,0.0
Other,0.006834078162693215,0.0,0.0,0.04994625348809434,0.00025547955748385847,0.0,99.94296418879173
