from_label,Crops,TreeCrops,Forest,Grassland,Urban,Water,Other
Crops,99.88372093023256,0.0,0.0,0.09413067552602436,0.005537098560354375,0.0,0.016611295681063124
TreeCrops,0.0,0.0,0.0,0.0,0.0,0.0,0.0
Forest,0.0,0.0,100.0,0.0,0.0,0.0,0.0
Grassland,0.007407041627573946,0.0,0.0,99.96049577798627,0.0024690138758579824,0.0,0.029628166510295786
Urban,0.0,0.0,0.0,0.0,100.0,0.0,0.0
Water,0.0,0.0,0.0,0.0,0.0,100.0,0.0
Other,0.00401953365753318,0.0,0.0,0.049701852686005514,0.0,0.0,99.94627861365646
