from_label,Crops,TreeCrops,Forest,Grassland,Urban,Water,Other
Crops,99.88243197850186,0.0,0.0,0.10077258985555929,0.005598477214197738,0.0,0.011196954428395476
TreeCrops,0.0,0.0,0.0,0.0,0.0,0.0,0.0
Forest,0.0,0.0,100.0,0.0,0.0,0.0,0.0
Grassland,0.0026758000642192015,0.0,0.0,99.96521459916515,0.0026758000642192015,0.0,0.029433800706411214
Urban,0.0,0.0,0.0,0.0,100.0,0.0,0.0
Water,0.0,0.0,0.0,0.0,0.0,100.0,0.0
Other,0.002419308116078403,0.0,0.0,0.04934115236738849,0.00031833001527347413,0.0,99.94792120950126
