from_label,Crops,TreeCrops,Forest,Grassland,Urban,Water,Other
Crops,99.88210883712158,0.0,0.0,0.03300952560596058,0.014146939545411677,0.0,0.07073469772705837
TreeCrops,0.0,0.0,0.0,0.0,0.0,0.0,0.0
Forest,0.0,0.0,100.0,0.0,0.0,0.0,0.0
Grassland,0.013709361535448493,0.0,0.0,99.92361927144536,0.007833920877399137,0.0,0.05483744614179397
Urban,0.0,0.0,0.0,0.0,100.0,0.0,0.0
Water,0.0,0.0,0.0,0.0,0.0,100.0,0.0
Other,0.0010944229494054707,0.0,0.0,0.0020600902577044156,0.0005150225644261039,0.0,99.99633046422846
