from_label,Crops,TreeCrops,Forest,Grassland,Urban,Water,Other
Crops,99.95593881790143,0.0,0.04196303057006777,0.0020981515285033885,0.0,0.0,0.0
TreeCrops,0.0,54.88816402609507,19.45013979496738,25.66169617893756,0.0,0.0,0.0
Forest,0.10406582768635045,0.004840271055179091,99.85721200387222,0.03388189738625363,0.0,0.0,0.0
Grassland,0.25294217255101176,0.0,0.017991702650071967,99.7258911184489,0.0031750063500126996,0.0,0.0
Urban,0.0,0.0,0.0,0.0,100.0,0.0,0.0
Water,0.0,0.0,0.0,0.0,0.0,100.0,0.0
Other,0.8264462809917356,0.0,0.0,0.0,0.0,0.0,99.17355371900827
