from_label,Crops,TreeCrops,Forest,Grassland,Urban,Water,Other
Crops,99.97315777576854,0.011301989150090416,0.009889240506329115,0.002825497287522604,0.002825497287522604,0.0,0.0
TreeCrops,0.0,99.93927301119112,0.0563893467511061,0.004337642057777392,0.0,0.0,0.0
Forest,1.1566232077473224,8.684939944564213,90.10710741539198,0.0513294322964788,0.0,0.0,0.0
Grassland,0.38541539214486725,2.6954606631591824,0.014682491129328276,96.89710020800196,0.007341245564664138,0.0,0.0
Urban,0.0,0.0,0.0,0.0,100.0,0.0,0.0
Water,0.0,0.0,0.0,0.0,0.0,100.0,0.0
Other,0.0,1.2658227848101267,0.0,0.0,0.0,0.0,98.73417721518987
