from_label,Crops,TreeCrops,Forest,Grassland,Urban,Water,Other
Crops,99.99819897701894,0.0,0.0,0.0,0.0018010229810532382,0.0,0.0
TreeCrops,0.0,99.70940170940172,0.23931623931623933,0.05128205128205128,0.0,0.0,0.0
Forest,1.0475794914393834,0.0,98.89704185703077,0.039226544833633296,0.01615210669620195,0.0,0.0
Grassland,0.38164701891273006,0.0,0.018022220337545587,99.59609023831736,0.004240522432363667,0.0,0.0
Urban,0.0,0.0,0.0,0.0,100.0,0.0,0.0
Water,0.0,0.0,0.0,0.0,0.0,100.0,0.0
Other,0.9009009009009009,0.0,0.0,0.0,0.0,0.0,99.09909909909909
