from_label,Crops,TreeCrops,Forest,Grassland,Urban,Water,Other
Crops,99.76620258230301,0.16429007730058767,0.06318849126945679,0.0063188491269456784,0.0,0.0,0.0
TreeCrops,0.0,99.94835155375742,0.008608074373762589,0.043040371868812946,0.0,0.0,0.0
Forest,0.18865027310417443,9.232895342970583,90.54335665869657,0.03290411740189089,0.002193607826792726,0.0,0.0
Grassland,0.2074792271398789,5.5480743334231075,0.012967451696242431,94.22848649888779,0.0029924888529790227,0.0,0.0
Urban,0.0,0.0,0.0,0.0,100.0,0.0,0.0
Water,0.0,0.0,0.0,0.0,0.0,100.0,0.0
Other,0.819672131147541,0.0,0.0,0.0,0.0,0.0,99.18032786885246
