from_label,Crops,TreeCrops,Forest,Grassland,Urban,Water,Other
Crops,96.06760110755634,3.880751187179892,0.014346584795489432,0.037301120468272525,0.0,0.0,0.0
TreeCrops,0.002947157466623442,99.98821137013351,0.0,0.002947157466623442,0.005894314933246884,0.0,0.0
Forest,0.19816482143626418,2.5890664713737994,95.79115150992979,1.421617197260156,0.0,0.0,0.0
Grassland,0.006416261372823284,1.2537374722496695,0.00769951364738794,98.73086350045556,0.0012832522745646565,0.0,0.0
Urban,0.0,0.0,0.0,0.0,100.0,0.0,0.0
Water,0.0,0.0,0.0,0.0,0.0,100.0,0.0
Other,0.0,0.0,0.0,0.0,0.0,0.0,100.0
