from_label,Crops,TreeCrops,Forest,Grassland,Urban,Water,Other
Crops,99.95792194520835,0.0,0.0030055753422598918,0.0390724794493786,0.0,0.0,0.0
TreeCrops,0.0,99.88938868814984,0.06636678711009512,0.04424452474006342,0.0,0.0,0.0
Forest,0.8734132991731687,0.0,98.74810760451845,0.3668335856527309,0.01164551065564225,0.0,0.0
Grassland,1.085717447844613,0.0,0.024348403519451053,98.88993414863594,0.0,0.0,0.0
Urban,0.0,0.0,0.0,0.0,100.0,0.0,0.0
Water,0.0,0.0,0.0,0.0,0.0,100.0,0.0
Other,2.1052631578947367,0.0,0.0,1.0526315789473684,0.0,0.0,96.84210526315789
