from_label,Crops,TreeCrops,Forest,Grassland,Urban,Water,Other
Crops,99.93328543569743,0.0,0.05474015532519074,0.010263779123473264,0.0017106298539122107,0.0,0.0
TreeCrops,0.0,99.98273182524608,0.01726817475392851,0.0,0.0,0.0,0.0
Forest,0.9733077717150863,0.0,98.97261957430075,0.05407265398417146,0.0,0.0,0.0
Grassland,0.12747243408612888,0.0,0.006373621704306444,99.86402940364147,0.0021245405681021476,0.0,0.0
Urban,0.0,0.0,0.0,0.0,100.0,0.0,0.0
Water,0.0,0.0,0.0,0.0,0.0,100.0,0.0
Other,0.0,0.0,0.0,0.9523809523809524,0.0,0.0,99.04761904761905
