from_label,Crops,TreeCrops,Forest,Grassland,Urban,Water,Other
Crops,99.98088867654084,0.0,0.012740882306099698,0.006370441153049849,0.0,0.0,0.0
TreeCrops,0.007328691828508612,99.9047270062294,0.029314767314034446,0.05862953462806889,0.0,0.0,0.0
Forest,1.2348797395526367,0.0,98.74828099127164,0.014032724313098145,0.002806544862619629,0.0,0.0
Grassland,2.067590147146014,0.0,0.026949819436209776,97.89791408397564,0.007545949442138738,0.0,0.0
Urban,0.0,0.0,0.0,0.0,100.0,0.0,0.0
Water,0.0,0.0,0.0,0.0,0.0,100.0,0.0
Other,4.9504950495049505,0.0,0.0,0.0,0.0,0.0,95.04950495049505
