from_label,Crops,TreeCrops,Forest,Grassland,Urban,Water,Other
Crops,99.92481203007519,0.0,0.0069942297604476305,0.0664451827242525,0.0017485574401119076,0.0,0.0
TreeCrops,0.0,99.87122252747253,0.051510989010989015,0.07726648351648352,0.0,0.0,0.0
Forest,0.19759591635106205,0.0,98.87323281033144,0.9291712733174943,0.0,0.0,0.0
Grassland,0.005346164127238706,0.0,0.00855386260358193,99.98609997326918,0.0,0.0,0.0
Urban,0.0,0.0,0.0,0.0,100.0,0.0,0.0
Water,0.0,0.0,0.0,0.0,0.0,100.0,0.0
Other,0.0,0.0,0.0,0.0,0.0,0.0,100.0
