from_label,Crops,TreeCrops,Forest,Grassland,Urban,Water,Other
Crops,83.99661742371946,15.910189148143033,0.018983846472456167,0.07248377744028718,0.001725804224768742,0.0,0.0
TreeCrops,0.2967359050445104,98.51632047477746,0.2967359050445104,0.8902077151335311,0.0,0.0,0.0
Forest,0.06323510813203491,11.435015387209646,88.40478900552253,0.09696049913578685,0.0,0.0,0.0
Grassland,0.0010078206885430945,5.970329758929291,0.011086027573974038,94.0175763928082,0.0,0.0,0.0
Urban,0.0,0.0,0.0,0.0,100.0,0.0,0.0
Water,0.0,0.0,0.0,0.0,0.0,100.0,0.0
Other,0.0,0.0,0.0,0.0,0.0,0.0,100.0
