from_label,Crops,TreeCrops,Forest,Grassland,Urban,Water,Other
Crops,99.81524088405493,0.0,0.022659136861186643,0.16209997908387366,0.0,0.0,0.0
TreeCrops,0.0,97.74224069161271,1.3079049403558243,0.946143999406341,0.003710368625122906,0.0,0.0
Forest,0.29339279427297266,0.2875249383875132,97.10127919258304,2.3119352188710245,0.0,0.0,0.005867855885459453
Grassland,0.003924646781789639,0.003924646781789639,0.010465724751439037,99.98037676609106,0.0013082155939298796,0.0,0.0
Urban,0.0,0.0,0.0,0.0,100.0,0.0,0.0
Water,0.0,0.0,0.0,0.0,0.0,100.0,0.0
Other,0.0,0.0,0.0,0.0,0.0,0.0,100.0
