from_label,Crops,TreeCrops,Forest,Grassland,Urban,Water,Other
Crops,99.9168575549334,0.0,0.04581318401628913,0.03563247645711377,0.0016967845931958937,0.0,0.0
TreeCrops,0.0,99.88773747841105,0.0,0.11226252158894647,0.0,0.0,0.0
Forest,0.5482782574178823,0.0,98.77443683636002,0.6772849062220899,0.0,0.0,0.0
Grassland,0.014887440317315155,0.0,0.006380331564563639,99.97873222811812,0.0,0.0,0.0
Urban,0.0,0.0,0.0,0.0,100.0,0.0,0.0
Water,0.0,0.0,0.0,0.0,0.0,100.0,0.0
Other,0.0,0.0,0.0,0.0,0.0,0.0,100.0
