from_label,Crops,TreeCrops,Forest,Grassland,Urban,Water,Other
Crops,99.95661379334283,0.0,0.031238068793169274,0.010412689597723093,0.0017354482662871819,0.0,0.0
TreeCrops,0.0,99.93096902234878,0.06903097765122099,0.0,0.0,0.0,0.0
Forest,1.2336684637427753,0.002428481227840109,98.70804798678905,0.055855068240322506,0.0,0.0,0.0
Grassland,0.373620092928737,0.0,0.014817794053830928,99.6062700437125,0.005292069304939618,0.0,0.0
Urban,0.0,0.0,0.0,0.0,100.0,0.0,0.0
Water,0.0,0.0,0.0,0.0,0.0,100.0,0.0
Other,0.0,0.0,0.0,0.0,0.0,0.0,100.0
