from_label,Crops,TreeCrops,Forest,Grassland,Urban,Water,Other
Crops,98.71295828864702,1.2444304509300683,0.010823108775270636,0.030879918743429505,0.0009082329042185149,0.0,0.0
TreeCrops,0.008878030071663458,96.45038601674752,1.6768823199357943,1.8608351030206611,0.0030185302243655758,0.0,0.0
Forest,0.7962446962312896,2.989676900388792,95.57110401727643,0.6342781982948225,0.007790334911932982,0.0,0.0009058528967363931
Grassland,0.5644444015937253,0.9311193438055134,0.014582635335292147,98.48780481925968,0.0020488000057848474,0.0,0.0
Urban,0.0,0.0,0.0,0.0,100.0,0.0,0.0
Water,0.0,0.0,0.0,0.0,0.0,100.0,0.0
Other,0.9860788863109048,0.34802784222737815,0.0,0.2900232018561485,0.0,0.0,98.37587006960557
