from_label,Crops,TreeCrops,Forest,Grassland,Urban,Water,Other
Crops,99.95459308417743,0.0017464198393293748,0.01746419839329375,0.024449877750611245,0.0017464198393293748,0.0,0.0
TreeCrops,0.0,99.7245416200396,0.27545837996040284,0.0,0.0,0.0,0.0
Forest,0.8775093160235605,0.0024041351123933164,98.89409784829908,0.22358456545257843,0.0024041351123933164,0.0,0.0
Grassland,0.024364148684865625,0.002118621624770924,0.001059310812385462,99.97139860806558,0.0,0.0,0.001059310812385462
Urban,0.0,0.0,0.0,0.0,100.0,0.0,0.0
Water,0.0,0.0,0.0,0.0,0.0,100.0,0.0
Other,0.0,0.0,0.0,0.0,0.0,0.0,100.0
