from_label,Crops,TreeCrops,Forest,Grassland,Urban,Water,Other
Crops,99.99484996223306,0.0,0.0,0.0034333585112957493,0.0017166792556478746,0.0,0.0
TreeCrops,0.0,99.70711925503154,0.2553319315109642,0.037548813457494744,0.0,0.0,0.0
Forest,1.1693109038241782,0.0,98.77753860054746,0.05049297084695315,0.0026575247814185866,0.0,0.0
Grassland,0.12127548353371667,0.0,0.01359121798222687,99.8630423418714,0.0020909566126502874,0.0,0.0
Urban,0.0,0.0,0.0,0.0,100.0,0.0,0.0
Water,0.0,0.0,0.0,0.0,0.0,100.0,0.0
Other,0.0,0.0,0.0,0.0,0.0,0.0,100.0
