from_label,Crops,TreeCrops,Forest,Grassland,Urban,Water,Other
Crops,95.95507463605938,4.020286224667885,0.014372831242428599,0.008213046424244913,0.0020532616060612283,0.0,0.0
TreeCrops,0.0,99.99521531100478,0.0,0.004784688995215311,0.0,0.0,0.0
Forest,0.13583071203889047,6.1576589457630355,93.13220855971785,0.5719187875321705,0.0023829949480507102,0.0,0.0
Grassland,0.0096381413379882,2.1171783805780744,0.010709045931098,97.86247443215284,0.0,0.0,0.0
Urban,0.0,0.0,0.0,0.0,100.0,0.0,0.0
Water,0.0,0.0,0.0,0.0,0.0,100.0,0.0
Other,0.0,0.0,0.0,0.0,0.0,0.0,100.0
