from_label,Crops,TreeCrops,Forest,Grassland,Urban,Water,Other
Crops,99.9919136376501,0.0,0.002021590587474225,0.0060647717624226745,0.0,0.0,0.0
TreeCrops,0.0,99.65841161400513,0.3074295473953886,0.025619128949615714,0.008539709649871904,0.0,0.0
Forest,0.23168775619319196,0.004455533772945999,99.72598467296382,0.03787203707004099,0.0,0.0,0.0
Grassland,0.14263747825031362,0.00101161332092421,0.01112774653016631,99.84319993525675,0.00202322664184842,0.0,0.0
Urban,0.0,0.0,0.0,0.0,100.0,0.0,0.0
Water,0.0,0.0,0.0,0.0,0.0,100.0,0.0
Other,0.0,0.0,0.0,0.0,0.0,0.0,100.0
