from_label,Crops,TreeCrops,Forest,Grassland,Urban,Water,Other
Crops,96.75464876897585,3.1733810902639465,0.05858034713039985,0.01171606942607997,0.00167372420372571,0.0,0.0
TreeCrops,0.0,99.99129829446571,0.0,0.0,0.008701705534284721,0.0,0.0
Forest,0.9588151227751072,9.102247628946342,89.81421332986878,0.12212550344289984,0.002598414966870209,0.0,0.0
Grassland,0.026280103858970453,5.485183277444312,0.006307224926152908,94.48222939377057,0.0,0.0,0.0
Urban,0.0,0.0,0.0,0.0,100.0,0.0,0.0
Water,0.0,0.0,0.0,0.0,0.0,100.0,0.0
Other,0.0,0.0,0.0,0.0,0.0,0.0,100.0
