from_label,Crops,TreeCrops,Forest,Grassland,Urban,Water,Other
Crops,99.99791331928301,0.0,0.0,0.0020866807169834943,0.0,0.0,0.0
TreeCrops,0.0,99.78779390544096,0.16127663186486715,0.05092946269416857,0.0,0.0,0.0
Forest,0.23530964109781843,0.0,99.73390218156229,0.026389866291344124,0.004398311048557354,0.0,0.0
Grassland,0.6897173963168289,0.0,0.027067397820573227,99.27820272478472,0.005012481077883931,0.0,0.0
Urban,0.0,0.0,0.0,0.0,100.0,0.0,0.0
Water,0.0,0.0,0.0,0.0,0.0,100.0,0.0
Other,1.6666666666666667,0.0,0.0,0.0,0.0,0.0,98.33333333333333
