from_label,Crops,TreeCrops,Forest,Grassland,Urban,Water,Other
Crops,100.0,0.0,0.0,0.0,0.0,0.0,0.0
TreeCrops,0.0,0.0,0.0,0.0,0.0,0.0,0.0
Forest,0.0,0.0,97.68177028451001,2.0021074815595363,0.0,0.0,0.31612223393045313
Grassland,0.002880827373621704,0.0,0.0,99.98415544944508,0.0,0.0,0.012963723181297668
Urban,0.0,0.0,0.0,0.0,100.0,0.0,0.0
Water,0.0,0.0,0.0,0.0,0.0,100.0,0.0
Other,0.0,0.0,0.0,0.1277046010143394,0.0,0.0,99.87229539898566
