from_label,Crops,TreeCrops,Forest,Grassland,Urban,Water,Other
Crops,100.0,0.0,0.0,0.0,0.0,0.0,0.0
TreeCrops,0.0,0.0,0.0,0.0,0.0,0.0,0.0
Forest,0.0,0.0,99.26778242677824,0.3138075313807531,0.0,0.0,0.41841004184100417
Grassland,0.0,0.0,0.0,99.98271017938188,0.0007204091924212952,0.0,0.01656941142568979
Urban,0.0,0.0,0.0,0.0,100.0,0.0,0.0
Water,0.0,0.0,0.0,0.0,0.0,100.0,0.0
Other,0.0,0.0,0.0,0.21865889212827988,0.0,0.0,99.78134110787173
