from_label,Crops,TreeCrops,Forest,Grassland,Urban,Water,Other
Crops,99.89071038251366,0.0,0.0,0.0,0.0,0.0,0.1092896174863388
TreeCrops,0.0,0.0,0.0,0.0,0.0,0.0,0.0
Forest,0.0,0.0,99.02912621359224,0.6067961165048543,0.0,0.0,0.3640776699029126
Grassland,0.0,0.0,0.0,99.97841151961313,0.0,0.0,0.021588480386865568
Urban,0.0,0.0,0.0,0.0,100.0,0.0,0.0
Water,0.0,0.0,0.0,0.0,0.0,100.0,0.0
Other,0.0,0.0,0.0,0.20500969136722827,0.0,0.0,99.79499030863278
