from_label,Crops,TreeCrops,Forest,Grassland,Urban,Water,Other
Crops,100.0,0.0,0.0,0.0,0.0,0.0,0.0
TreeCrops,0.0,0.0,0.0,0.0,0.0,0.0,0.0
Forest,0.0,0.0,99.04214559386973,0.5747126436781609,0.0,0.0,0.38314176245210724
Grassland,0.0,0.0,0.0,99.99855691526206,0.0,0.0,0.0014430847379358117
Urban,0.0,0.0,0.0,0.0,100.0,0.0,0.0
Water,0.0,0.0,0.0,0.0,0.0,100.0,0.0
Other,0.0,0.0,0.0,0.18491660623640319,0.0,0.0,99.81508339376359
