from_label,Crops,TreeCrops,Forest,Grassland,Urban,Water,Other
Crops,100.0,0.0,0.0,0.0,0.0,0.0,0.0
TreeCrops,0.0,0.0,0.0,0.0,0.0,0.0,0.0
Forest,0.0,0.0,98.05825242718447,1.6181229773462782,0.0,0.0,0.3236245954692557
Grassland,0.002160122694969074,0.0,0.0,99.97983885484696,0.002160122694969074,0.0,0.015840899763106545
Urban,0.0,0.0,0.0,0.0,100.0,0.0,0.0
Water,0.0,0.0,0.0,0.0,0.0,100.0,0.0
Other,0.0,0.0,0.0,0.014602270653086554,0.0,0.0,99.98539772934691
