from_label,Crops,TreeCrops,Forest,Grassland,Urban,Water,Other
Crops,100.0,0.0,0.0,0.0,0.0,0.0,0.0
TreeCrops,0.0,0.0,0.0,0.0,0.0,0.0,0.0
Forest,0.0,0.0,97.83464566929135,1.8700787401574805,0.0,0.0,0.2952755905511811
Grassland,0.0,0.0,0.0,99.98341242481501,0.0007211989210864141,0.0,0.01586637626390111
Urban,0.0,0.0,0.0,0.0,100.0,0.0,0.0
Water,0.0,0.0,0.0,0.0,0.0,100.0,0.0
Other,0.0,0.0,0.0,0.10893246187363835,0.0,0.0,99.89106753812636
