from_label,Crops,TreeCrops,Forest,Grassland,Urban,Water,Other
Crops,100.0,0.0,0.0,0.0,0.0,0.0,0.0
TreeCrops,0.0,0.0,0.0,0.0,0.0,0.0,0.0
Forest,0.3575685339690107,0.0,99.04648390941597,0.3575685339690107,0.0,0.0,0.23837902264600713
Grassland,0.0028793550244745176,0.0,0.0,99.9647279009502,0.0014396775122372588,0.0,0.030953066513101066
Urban,0.0,0.0,0.0,0.0,100.0,0.0,0.0
Water,0.0,0.0,0.0,0.0,0.0,100.0,0.0
Other,0.5331161378697568,0.0,0.0,0.28877124134611826,0.003702195401873311,0.0,99.17441042538225
