from_label,Crops,TreeCrops,Forest,Grassland,Urban,Water,Other
Crops,100.0,0.0,0.0,0.0,0.0,0.0,0.0
TreeCrops,0.0,0.0,0.0,0.0,0.0,0.0,0.0
Forest,0.0,0.0,99.52893674293405,0.3364737550471063,0.0,0.0,0.13458950201884254
Grassland,0.0,0.0,0.0,99.97407143320153,0.0,0.0,0.025928566798470217
Urban,0.0,0.0,0.0,0.0,100.0,0.0,0.0
Water,0.0,0.0,0.0,0.0,0.0,100.0,0.0
Other,0.0,0.0,0.0,0.01856665428889714,0.0,0.0,99.9814333457111
