from_label,Crops,TreeCrops,Forest,Grassland,Urban,Water,Other
Crops,100.0,0.0,0.0,0.0,0.0,0.0,0.0
TreeCrops,0.0,0.0,0.0,0.0,0.0,0.0,0.0
Forest,0.0,0.0,99.86320109439124,0.06839945280437756,0.0,0.0,0.06839945280437756
Grassland,0.0007205701150750474,0.0,0.0007205701150750474,99.98702973792865,0.0,0.0,0.011529121841200758
Urban,0.0,0.0,0.0,0.0,100.0,0.0,0.0
Water,0.0,0.0,0.0,0.0,0.0,100.0,0.0
Other,0.0,0.0,0.0,0.007402472425790214,0.0,0.0,99.99259752757422
