from_label,Crops,TreeCrops,Forest,Grassland,Urban,Water,Other
Crops,100.0,0.0,0.0,0.0,0.0,0.0,0.0
TreeCrops,0.0,0.0,0.0,0.0,0.0,0.0,0.0
Forest,0.0,0.0,97.71554900515844,2.1370670596904935,0.0,0.0,0.14738393515106854
Grassland,0.0,0.0,0.0,99.98630413470964,0.0,0.0,0.013695865290352344
Urban,0.0,0.0,0.0,0.0,100.0,0.0,0.0
Water,0.0,0.0,0.0,0.0,0.0,100.0,0.0
Other,0.0,0.0,0.0,0.0036812074360390206,0.0,0.0,99.99631879256397
