from_label,Crops,TreeCrops,Forest,Grassland,Urban,Water,Other
Crops,100.0,0.0,0.0,0.0,0.0,0.0,0.0
TreeCrops,0.0,0.0,0.0,0.0,0.0,0.0,0.0
Forest,0.0,0.0,97.58551307847083,2.3138832997987926,0.0,0.0,0.1006036217303823
Grassland,0.002163191139569092,0.0,0.0,99.98197340717026,0.0,0.0,0.01586340169017334
Urban,0.0,0.0,0.0,0.0,100.0,0.0,0.0
Water,0.0,0.0,0.0,0.0,0.0,100.0,0.0
Other,0.0,0.0,0.0,0.15253313964045762,0.0,0.0,99.84746686035955
