from_label,Crops,TreeCrops,Forest,Grassland,Urban,Water,Other
Crops,100.0,0.0,0.0,0.0,0.0,0.0,0.0
TreeCrops,0.0,0.0,0.0,0.0,0.0,0.0,0.0
Forest,0.1148105625717566,0.0,99.42594718714122,0.3444316877152698,0.0,0.0,0.1148105625717566
Grassland,0.002160044928934522,0.0,0.0,99.97767953573434,0.0,0.0,0.020160419336722205
Urban,0.0,0.0,0.0,0.0,100.0,0.0,0.0
Water,0.0,0.0,0.0,0.0,0.0,100.0,0.0
Other,0.05106879696505435,0.0,0.0,0.16414970453053185,0.0,0.0,99.78478149850442
