from_label,Crops,TreeCrops,Forest,Grassland,Urban,Water,Other
Crops,99.835255354201,0.0,0.0,0.0,0.0,0.0,0.16474464579901155
TreeCrops,0.0,0.0,0.0,0.0,0.0,0.0,0.0
Forest,0.0,0.0,99.30555555555556,0.3472222222222222,0.0,0.0,0.3472222222222222
Grassland,0.002159982720138239,0.0,0.0007199942400460796,99.9719202246382,0.0,0.0,0.025199798401612787
Urban,0.0,0.0,0.0,0.0,100.0,0.0,0.0
Water,0.0,0.0,0.0,0.0,0.0,100.0,0.0
Other,0.003678499172337686,0.0,0.0,0.06989148427441604,0.0,0.0,99.92643001655324
