from_label,Crops,TreeCrops,Forest,Grassland,Urban,Water,Other
Crops,100.0,0.0,0.0,0.0,0.0,0.0,0.0
TreeCrops,0.0,0.0,0.0,0.0,0.0,0.0,0.0
Forest,0.0,0.0,99.76905311778292,0.23094688221709006,0.0,0.0,0.0
Grassland,0.07415246610944327,0.0,0.0,99.89921024023958,0.0007199268554314882,0.0,0.025917366795533577
Urban,0.0,0.0,0.0,0.0,100.0,0.0,0.0
Water,0.0,0.0,0.0,0.0,0.0,100.0,0.0
Other,0.39804265264387967,0.0,0.0,0.4564709319310546,0.003651767455448437,0.0,99.14183464796962
