from_label,Crops,TreeCrops,Forest,Grassland,Urban,Water,Other
Crops,99.67320261437908,0.0,0.0,0.0,0.0,0.0,0.32679738562091504
TreeCrops,0.0,0.0,0.0,0.0,0.0,0.0,0.0
Forest,0.0,0.0,99.64994165694281,0.2333722287047841,0.0,0.0,0.11668611435239205
Grassland,0.00936896422497045,0.0,0.0007206895557669578,99.97333448643663,0.0,0.0,0.016575859782640028
Urban,0.0,0.0,0.0,0.0,100.0,0.0,0.0
Water,0.0,0.0,0.0,0.0,0.0,100.0,0.0
Other,0.5161432022842082,0.0,0.0,0.3477560582765942,0.0,0.0,99.13610073943919
