from_label,Crops,TreeCrops,Forest,Grassland,Urban,Water,Other
Crops,100.0,0.0,0.0,0.0,0.0,0.0,0.0
TreeCrops,0.0,0.0,0.0,0.0,0.0,0.0,0.0
Forest,0.0,0.0,98.0214344600165,1.9785655399835118,0.0,0.0,0.0
Grassland,0.0007211469120489226,0.0,0.0,99.97115412351805,0.0,0.0,0.02812472956990798
Urban,0.0,0.0,0.0,0.0,100.0,0.0,0.0
Water,0.0,0.0,0.0,0.0,0.0,100.0,0.0
Other,0.0,0.0,0.0,0.007309941520467837,0.0,0.0,99.99269005847952
