from_label,Crops,TreeCrops,Forest,Grassland,Urban,Water,Other
Crops,97.06314243759178,0.0,0.0,2.3984336759667158,0.14684287812041116,0.0,0.39158100832109644
TreeCrops,0.0,0.0,0.0,0.0,0.0,0.0,0.0
Forest,0.0,0.0,100.0,0.0,0.0,0.0,0.0
Grassland,0.0,0.0,0.0,100.0,0.0,0.0,0.0
Urban,0.0,0.0,0.0,0.0,100.0,0.0,0.0
Water,0.0,0.0,0.0,0.0,0.0,100.0,0.0
Other,0.0,0.0,0.0,0.0,8.51063829787234,0.0,91.48936170212765
