from_label,Crops,TreeCrops,Forest,Grassland,Urban,Water,Other
Crops,99.89701338825952,0.0,0.0,0.09850893296914878,0.0044776787713249454,0.0,0.0
TreeCrops,0.016452780519907863,62.89897992760777,33.77755840737085,3.3070088845014807,0.0,0.0,0.0
Forest,0.23914643119941134,0.0,99.68727005150846,0.07358351729212656,0.0,0.0,0.0
Grassland,1.2844036697247707,0.0,0.005733944954128441,98.68119266055045,0.028669724770642203,0.0,0.0
Urban,0.0,0.0,0.0,0.0,100.0,0.0,0.0
Water,0.0,0.0,0.0,0.0,0.0,100.0,0.0
Other,0.0,0.0,0.0,0.0,0.0,0.0,0.0
