from_label,Crops,TreeCrops,Forest,Grassland,Urban,Water,Other
Crops,99.95309968448879,0.0,0.0,0.04690031551121344,0.0,0.0,0.0
TreeCrops,0.0,99.68186638388123,0.0,0.29162248144220576,0.02651113467656416,0.0,0.0
Forest,0.2109375,0.0078125,99.75,0.03125,0.0,0.0,0.0
Grassland,3.059755219582433,0.0,0.011999040076793857,96.88024958003359,0.04799616030717543,0.0,0.0
Urban,0.0,0.0,0.0,0.0,100.0,0.0,0.0
Water,0.0,0.0,0.0,0.0,0.0,100.0,0.0
Other,0.0,0.0,0.0,0.0,0.0,0.0,0.0
