from_label,Crops,TreeCrops,Forest,Grassland,Urban,Water,Other
Crops,99.93080116869137,0.030755036137167464,0.0,0.0345994156543134,0.003844379517145933,0.0,0.0
TreeCrops,0.0,99.25153702218658,0.09355787222667736,0.6148088746324512,0.040096230954290296,0.0,0.0
Forest,0.1346452615225272,2.775763852925945,96.92387364060072,0.1657172449508027,0.0,0.0,0.0
Grassland,0.46826222684703434,0.03716366879738368,0.029730935037906938,99.4276795005203,0.03716366879738368,0.0,0.0
Urban,0.0,0.0,0.0,0.0,100.0,0.0,0.0
Water,0.0,0.0,0.0,0.0,0.0,100.0,0.0
Other,0.0,0.0,0.0,0.0,0.0,0.0,0.0
