from_label,Crops,TreeCrops,Forest,Grassland,Urban,Water,Other
Crops,99.7415464139565,0.0,0.0,0.24983846650872282,0.008615119534783545,0.0,0.0
TreeCrops,0.0,0.0,0.0,0.0,0.0,0.0,0.0
Forest,0.1704787611876687,0.0,99.29677511010087,0.5327461287114647,0.0,0.0,0.0
Grassland,0.1794595703225145,0.0,0.005127416294928986,99.8051581807927,0.010254832589857972,0.0,0.0
Urban,0.0,0.0,0.0,0.0,100.0,0.0,0.0
Water,0.0,0.0,0.0,0.0,0.0,100.0,0.0
Other,0.0,0.0,0.0,0.0,0.0,0.0,0.0
