from_label,Crops,TreeCrops,Forest,Grassland,Urban,Water,Other
Crops,84.63696235466298,15.22074965444345,0.0,0.1382226197251809,0.0040653711683876735,0.0,0.0
TreeCrops,0.0,0.0,0.0,0.0,0.0,0.0,0.0
Forest,0.5295741030804804,21.399269038561947,77.89960468412023,0.1715521742373387,0.0,0.0,0.0
Grassland,0.41575608976067374,1.9348648792708276,0.0,97.62272799957358,0.026651031394914985,0.0,0.0
Urban,0.0,0.0,0.0,0.0,100.0,0.0,0.0
Water,0.0,0.0,0.0,0.0,0.0,100.0,0.0
Other,0.0,0.0,0.0,0.0,0.0,0.0,0.0
