from_label,Crops,TreeCrops,Forest,Grassland,Urban,Water,Other
Crops,99.47954536757109,0.4821859094562015,0.01148061689181432,0.0191343614863572,0.007653744594542881,0.0,0.0
TreeCrops,0.012898232942086934,98.91654843286469,0.3095575906100864,0.7351992776989552,0.025796465884173867,0.0,0.0
Forest,0.1402221982526157,2.4916405997195556,97.17398338906267,0.19415381296516018,0.0,0.0,0.0
Grassland,0.447060576708144,0.3278444229193056,0.0074510096118024,99.18038894270174,0.037255048059011996,0.0,0.0
Urban,0.0,0.0,0.0,0.0,100.0,0.0,0.0
Water,0.0,0.0,0.0,0.0,0.0,100.0,0.0
Other,0.0,0.0,0.0,0.0,0.0,0.0,0.0
