from_label,Crops,TreeCrops,Forest,Grassland,Urban,Water,Other
Crops,99.74674913553791,0.0,0.0,0.24838065553012223,0.004870208931963181,0.0,0.0
TreeCrops,0.0,0.0,0.0,0.0,0.0,0.0,0.0
Forest,0.01231527093596059,0.0,99.73522167487685,0.2524630541871921,0.0,0.0,0.0
Grassland,0.31327697662854304,0.0,0.004972650422675286,99.67677772252611,0.004972650422675286,0.0,0.0
Urban,0.0,0.0,0.0,0.0,100.0,0.0,0.0
Water,0.0,0.0,0.0,0.0,0.0,100.0,0.0
Other,0.0,0.0,0.0,0.0,0.0,0.0,100.0
