from_label,Crops,TreeCrops,Forest,Grassland,Urban,Water,Other
Crops,99.84139571768438,0.0,0.004405674508767292,0.14979293329808796,0.004405674508767292,0.0,0.0
TreeCrops,0.0,0.0,0.0,0.0,0.0,0.0,0.0
Forest,0.5182798711304104,0.0,99.29962179576971,0.18209833309987392,0.0,0.0,0.0
Grassland,0.8573301729789703,0.0,0.0,99.12754047102729,0.015129355993746534,0.0,0.0
Urban,0.0,0.0,0.0,0.0,100.0,0.0,0.0
Water,0.0,0.0,0.0,0.0,0.0,100.0,0.0
Other,0.0,0.0,0.0,0.0,0.0,0.0,0.0
