from_label,Crops,TreeCrops,Forest,Grassland,Urban,Water,Other
Crops,99.84278681064085,0.0,0.0,0.15307600016548756,0.004137189193661826,0.0,0.0
TreeCrops,0.0,0.0,0.0,0.0,0.0,0.0,0.0
Forest,0.5368041767777042,0.0,99.2793587763806,0.18383704684167954,0.0,0.0,0.0
Grassland,0.9313338595106552,0.0,0.0,99.05288082083662,0.015785319652722965,0.0,0.0
Urban,0.0,0.0,0.0,0.0,100.0,0.0,0.0
Water,0.0,0.0,0.0,0.0,0.0,100.0,0.0
Other,0.0,0.0,0.0,0.0,0.0,0.0,0.0
