from_label,Crops,TreeCrops,Forest,Grassland,Urban,Water,Other
Crops,99.92706940561565,0.0,0.0,0.07293059438434422,0.0,0.0,0.0
TreeCrops,0.05346164127238706,99.43865276663993,0.0,0.48115477145148355,0.02673082063619353,0.0,0.0
Forest,0.21251475796930344,0.015741833923652106,99.68516332152696,0.08658008658008658,0.0,0.0,0.0
Grassland,1.428479505823306,0.0,0.012869184737146901,98.51360916285952,0.04504214658001416,0.0,0.0
Urban,0.0,0.0,0.0,0.0,100.0,0.0,0.0
Water,0.0,0.0,0.0,0.0,0.0,100.0,0.0
Other,0.0,0.0,0.0,0.0,0.0,0.0,0.0
