from_label,Crops,TreeCrops,Forest,Grassland,Urban,Water,Other
Crops,99.78588453924777,0.06059871530723549,0.0,0.14947683109118087,0.004039914353815699,0.0,0.0
TreeCrops,0.0,99.43200801871032,0.01670564650851988,0.5011693952555965,0.05011693952555964,0.0,0.0
Forest,0.0927643784786642,1.4656771799628943,98.30241187384044,0.13914656771799627,0.0,0.0,0.0
Grassland,0.38987642899623337,0.013216150135465538,0.006608075067732769,99.5572589704619,0.033040375338663844,0.0,0.0
Urban,0.0,0.0,0.0,0.0,100.0,0.0,0.0
Water,0.0,0.0,0.0,0.0,0.0,100.0,0.0
Other,0.0,0.0,0.0,0.0,0.0,0.0,0.0
