from_label,Crops,TreeCrops,Forest,Grassland,Urban,Water,Other
Crops,99.75132868496758,0.0,0.0,0.2437954068945341,0.004875908137890682,0.0,0.0
TreeCrops,0.0,0.0,0.0,0.0,0.0,0.0,0.0
Forest,0.11003236245954691,0.0,99.38511326860842,0.5048543689320388,0.0,0.0,0.0
Grassland,0.15794763796486863,0.0,0.014358876178624419,99.82290719379696,0.004786292059541473,0.0,0.0
Urban,0.0,0.0,0.0,0.0,100.0,0.0,0.0
Water,0.0,0.0,0.0,0.0,0.0,100.0,0.0
Other,0.0,0.0,0.0,0.0,0.0,0.0,100.0
