from_label,Crops,TreeCrops,Forest,Grassland,Urban,Water,Other
Crops,99.75146198830409,0.0,0.0,0.24366471734892786,0.004873294346978557,0.0,0.0
TreeCrops,0.0,0.0,0.0,0.0,0.0,0.0,0.0
Forest,0.06436248954109544,0.0,99.43361009203836,0.5020274184205445,0.0,0.0,0.0
Grassland,0.14425157474635764,0.0,0.004808385824878588,99.84613165360389,0.004808385824878588,0.0,0.0
Urban,0.0,0.0,0.0,0.0,100.0,0.0,0.0
Water,0.0,0.0,0.0,0.0,0.0,100.0,0.0
Other,0.0,0.0,0.0,0.0,0.0,0.0,100.0
