from_label,Crops,TreeCrops,Forest,Grassland,Urban,Water,Other
Crops,99.73717511924463,0.0,0.0,0.2579577533339823,0.004867127421395892,0.0,0.0
TreeCrops,0.0,0.0,0.0,0.0,0.0,0.0,0.0
Forest,0.037041610075317935,0.0,99.60488949252995,0.35806889739474007,0.0,0.0,0.0
Grassland,0.1638774395391568,0.0,0.004965983016338084,99.82619059442817,0.004965983016338084,0.0,0.0
Urban,0.0,0.0,0.0,0.0,100.0,0.0,0.0
Water,0.0,0.0,0.0,0.0,0.0,100.0,0.0
Other,0.0,0.0,0.0,0.0,0.0,0.0,100.0
