from_label,Crops,TreeCrops,Forest,Grassland,Urban,Water,Other
Crops,99.74645277682968,0.0,0.0,0.24867131503242482,0.004875908137890682,0.0,0.0
TreeCrops,0.0,0.0,0.0,0.0,0.0,0.0,0.0
Forest,0.15072083879423329,0.0,99.34469200524246,0.5045871559633028,0.0,0.0,0.0
Grassland,0.166042032354476,0.0,0.0047440580672707434,99.82446985151098,0.0047440580672707434,0.0,0.0
Urban,0.0,0.0,0.0,0.0,100.0,0.0,0.0
Water,0.0,0.0,0.0,0.0,0.0,100.0,0.0
Other,0.0,0.0,0.0,0.0,0.0,0.0,100.0
