from_label,Crops,TreeCrops,Forest,Grassland,Urban,Water,Other
Crops,99.87841945288753,0.0,0.060790273556231005,0.060790273556231005,0.0,0.0,0.0
TreeCrops,0.0,0.0,0.0,0.0,0.0,0.0,0.0
Forest,0.005011200032071681,0.0,99.9789529598653,0.013530240086593537,0.0,0.0,0.0025056000160358404
Grassland,0.0,0.0,0.044208664898320066,99.95579133510168,0.0,0.0,0.0
Urban,0.0,0.0,0.0,0.0,100.0,0.0,0.0
Water,0.0,0.0,0.0,0.0,0.0,100.0,0.0
Other,0.0,0.0,0.0,0.0,0.0,0.0,100.0
