from_label,Crops,TreeCrops,Forest,Grassland,Urban,Water,Other
Crops,99.80903882877148,0.0,0.06365372374283895,0.1273074474856779,0.0,0.0,0.0
TreeCrops,0.0,0.0,0.0,0.0,0.0,0.0,0.0
Forest,0.0015045286311798512,0.0,99.97392150372622,0.024573967642604236,0.0,0.0,0.0
Grassland,0.0,0.0,0.04313598619648441,99.95686401380351,0.0,0.0,0.0
Urban,0.0,0.0,0.0,0.0,100.0,0.0,0.0
Water,0.0,0.0,0.0,0.0,0.0,100.0,0.0
Other,0.0,0.0,0.0,0.08250825082508251,0.0,0.0,99.91749174917491
