from_label,Crops,TreeCrops,Forest,Grassland,Urban,Water,Other
Crops,99.83136593591905,0.0,0.08431703204047217,0.08431703204047217,0.0,0.0,0.0
TreeCrops,0.0,100.0,0.0,0.0,0.0,0.0,0.0
Forest,0.0015211439002129601,0.021803062569719093,99.9731264577629,0.0030422878004259203,0.0005070479667376534,0.0,0.0
Grassland,0.0,0.040462895524803755,0.048555474629764506,99.91098162984542,0.0,0.0,0.0
Urban,0.0,0.0,0.0,0.0,100.0,0.0,0.0
Water,0.0,0.0,0.0,0.0,0.0,100.0,0.0
Other,0.0,0.0,0.0,0.0,0.0,0.0,100.0
