from_label,Crops,TreeCrops,Forest,Grassland,Urban,Water,Other
Crops,99.81155778894473,0.0,0.06281407035175879,0.12562814070351758,0.0,0.0,0.0
TreeCrops,0.0,0.0,0.0,0.0,0.0,0.0,0.0
Forest,0.0,0.0,99.99329402600885,0.006705973991137797,0.0,0.0,0.0
Grassland,0.36878498518274616,0.0,37.5897267039842,59.47974975304577,0.0,0.0,2.56173855778729
Urban,0.0,0.0,0.0,0.0,100.0,0.0,0.0
Water,0.0,0.0,0.0,0.0,0.0,100.0,0.0
Other,0.0,0.0,0.0,0.12180267965895249,0.0,0.0,99.87819732034104
