from_label,Crops,TreeCrops,Forest,Grassland,Urban,Water,Other
Crops,99.82378854625551,0.0,0.1762114537444934,0.0,0.0,0.0,0.0
TreeCrops,0.0,0.0,0.0,0.0,0.0,0.0,0.0
Forest,0.0010134073796325385,0.0,99.99645307417128,0.002533518449081346,0.0,0.0,0.0
Grassland,0.03244646333549643,0.0,0.2920181700194679,99.63497728747566,0.008111615833874108,0.0,0.03244646333549643
Urban,0.0,0.0,0.0,0.0,100.0,0.0,0.0
Water,0.0,0.0,0.0,0.0,0.0,100.0,0.0
Other,0.0,0.0,0.0,0.0,0.0,0.0,100.0
