from_label,Crops,TreeCrops,Forest,Grassland,Urban,Water,Other
Crops,99.75165562913907,0.0,0.08278145695364239,0.16556291390728478,0.0,0.0,0.0
TreeCrops,0.0,0.0,0.0,0.0,0.0,0.0,0.0
Forest,0.04260283004513871,0.0,99.63889029771263,0.3169853425977583,0.0005071765481564132,0.0,0.0010143530963128264
Grassland,0.008067769261799113,0.0,0.024203307785397338,99.9677289229528,0.0,0.0,0.0
Urban,0.0,0.0,0.0,0.0,100.0,0.0,0.0
Water,0.0,0.0,0.0,0.0,0.0,100.0,0.0
Other,0.0,0.0,0.0,0.1466275659824047,0.0,0.0,99.8533724340176
