from_label,Crops,TreeCrops,Forest,Grassland,Urban,Water,Other
Crops,99.79577944179714,0.0,0.06807351940095302,0.13614703880190604,0.0,0.0,0.0
TreeCrops,0.0,0.0,0.0,0.0,0.0,0.0,0.0
Forest,0.0015055252777694138,0.0,99.97490791203718,0.023084720925797678,0.0,0.0,0.0005018417592564712
Grassland,0.010514141520344864,0.0,0.03154242456103459,99.95794343391862,0.0,0.0,0.0
Urban,0.0,0.0,0.0,0.0,100.0,0.0,0.0
Water,0.0,0.0,0.0,0.0,0.0,100.0,0.0
Other,0.0,0.0,0.0,0.0,0.0,0.0,100.0
