from_label,Crops,TreeCrops,Forest,Grassland,Urban,Water,Other
Crops,99.82758620689656,0.0,0.08620689655172414,0.08620689655172414,0.0,0.0,0.0
TreeCrops,0.0,100.0,0.0,0.0,0.0,0.0,0.0
Forest,0.001520450053215752,0.0,99.99442501647154,0.003547716790836754,0.0005068166844052507,0.0,0.0
Grassland,0.0,0.0,0.04061408496466575,99.95938591503534,0.0,0.0,0.0
Urban,0.0,0.0,0.0,0.0,100.0,0.0,0.0
Water,0.0,0.0,0.0,0.0,0.0,100.0,0.0
Other,0.0,0.0,0.0,0.0,0.0,0.0,100.0
