from_label,Crops,TreeCrops,Forest,Grassland,Urban,Water,Other
Crops,99.87373737373737,0.0,0.06313131313131314,0.06313131313131314,0.0,0.0,0.0
TreeCrops,0.0,0.0,0.0,0.0,0.0,0.0,0.0
Forest,0.004642022684017515,0.0,99.98555815164973,0.007220924175138359,0.0,0.0,0.002578901491120842
Grassland,0.006590220113351786,0.0,0.013180440226703572,99.9736391195466,0.0,0.0,0.006590220113351786
Urban,0.0,0.0,1.3888888888888888,0.0,98.61111111111111,0.0,0.0
Water,0.0,0.0,0.0,0.0,0.0,100.0,0.0
Other,0.0,0.0,0.0,0.0,0.0,0.0,100.0
