from_label,Crops,TreeCrops,Forest,Grassland,Urban,Water,Other
Crops,99.80916030534351,0.0,0.1272264631043257,0.06361323155216285,0.0,0.0,0.0
TreeCrops,0.0,0.0,0.0,0.0,0.0,0.0,0.0
Forest,0.004641184842921677,0.0,99.98607644547124,0.007219620866767054,0.0,0.0,0.002062748819076301
Grassland,0.006599353263380188,0.0,0.013198706526760376,99.97360258694647,0.0,0.0,0.006599353263380188
Urban,0.0,0.0,1.3333333333333335,0.0,98.66666666666667,0.0,0.0
Water,0.0,0.0,0.0,0.0,0.0,100.0,0.0
Other,0.0,0.0,0.0,0.0,0.0,0.0,100.0
