from_label,Crops,TreeCrops,Forest,Grassland,Urban,Water,Other
Crops,99.82456140350877,0.0,0.08771929824561403,0.08771929824561403,0.0,0.0,0.0
TreeCrops,0.0,0.0,0.0,0.0,0.0,0.0,0.0
Forest,0.0015199339335383556,0.0,99.99442690891036,0.003039867867076711,0.0010132892890255705,0.0,0.0
Grassland,0.0,0.0,0.04880429477794046,99.95119570522206,0.0,0.0,0.0
Urban,0.0,0.0,0.0,0.0,100.0,0.0,0.0
Water,0.0,0.0,0.0,0.0,0.0,100.0,0.0
Other,0.0,0.0,0.0,0.0,0.0,0.0,100.0
