from_label,Crops,TreeCrops,Forest,Grassland,Urban,Water,Other
Crops,99.79591836734694,0.0,0.06802721088435373,0.13605442176870747,0.0,0.0,0.0
TreeCrops,0.0,0.0,0.0,0.0,0.0,0.0,0.0
Forest,0.005027803754763844,0.0,99.97486098122617,0.016591752390720686,0.0,0.0,0.003519462628334691
Grassland,0.0,0.0,0.030358227079538558,99.96964177292045,0.0,0.0,0.0
Urban,0.0,0.0,0.0,0.0,100.0,0.0,0.0
Water,0.0,0.0,0.0,0.0,0.0,100.0,0.0
Other,0.0,0.0,0.0,0.08278145695364239,0.0,0.0,99.91721854304636
