from_label,Crops,TreeCrops,Forest,Grassland,Urban,Water,Other
Crops,99.87915407854985,0.0,0.0,0.12084592145015105,0.0,0.0,0.0
TreeCrops,0.0,0.0,0.0,0.0,0.0,0.0,0.0
Forest,0.0015039931016849737,0.0,99.99699201379663,0.0015039931016849737,0.0,0.0,0.0
Grassland,0.0,0.0,0.04386445882223928,99.95613554117776,0.0,0.0,0.0
Urban,0.0,0.0,0.0,0.0,100.0,0.0,0.0
Water,0.0,0.0,0.0,0.0,0.0,100.0,0.0
Other,0.0,0.0,0.0,0.0,0.0,0.0,100.0
