from_label,Crops,TreeCrops,Forest,Grassland,Urban,Water,Other
Crops,99.81873111782478,0.0,0.060422960725075525,0.12084592145015105,0.0,0.0,0.0
TreeCrops,0.0,0.0,0.0,0.0,0.0,0.0,0.0
Forest,0.0020051431922882192,0.0,99.99147814143278,0.006516715374936713,0.0,0.0,0.0
Grassland,0.0,0.0,0.054932981762250054,99.94506701823775,0.0,0.0,0.0
Urban,0.0,0.0,0.0,0.0,100.0,0.0,0.0
Water,0.0,0.0,0.0,0.0,0.0,100.0,0.0
Other,0.0,0.0,0.0,0.0,0.0,0.0,100.0
