from_label,Crops,TreeCrops,Forest,Grassland,Urban,Water,Other
Crops,99.81884057971014,0.0,0.06038647342995169,0.12077294685990338,0.0,0.0,0.0
TreeCrops,0.0,0.0,0.0,0.0,0.0,0.0,0.0
Forest,0.0015039403236479577,0.0,99.99448555214663,0.004010507529727887,0.0,0.0,0.0
Grassland,0.0,0.0,0.043898156277436345,99.95610184372256,0.0,0.0,0.0
Urban,0.0,0.0,0.0,0.0,100.0,0.0,0.0
Water,0.0,0.0,0.0,0.0,0.0,100.0,0.0
Other,0.0,0.0,0.0,0.0,0.0,0.0,100.0
