from_label,Crops,TreeCrops,Forest,Grassland,Urban,Water,Other
Crops,99.93666877770741,0.0,0.0,0.06333122229259025,0.0,0.0,0.0
TreeCrops,0.0,0.0,0.0,0.0,0.0,0.0,0.0
Forest,0.0015472371501954677,0.0,99.99329530568248,0.005157457167318225,0.0,0.0,0.0
Grassland,0.006594566077552098,0.0,0.026378264310208392,99.96702716961224,0.0,0.0,0.0
Urban,0.0,0.0,1.3513513513513513,0.0,98.64864864864865,0.0,0.0
Water,0.0,0.0,0.0,0.0,0.0,100.0,0.0
Other,0.0,0.0,0.0,0.0,0.0,0.0,100.0
