from_label,Crops,TreeCrops,Forest,Grassland,Urban,Water,Other
Crops,99.76744186046511,0.0,0.07751937984496124,0.15503875968992248,0.0,0.0,0.0
TreeCrops,0.0,0.0,0.0,0.0,0.0,0.0,0.0
Forest,0.04631939000926388,0.0,99.61773778135212,0.33288880292372064,0.0005090042858160866,0.0,0.002545021429080433
Grassland,0.015362162992549352,0.0,0.030724325985098704,99.95391351102235,0.0,0.0,0.0
Urban,0.0,0.0,0.0,0.0,100.0,0.0,0.0
Water,0.0,0.0,0.0,0.0,0.0,100.0,0.0
Other,0.0,0.0,0.0,0.14641288433382138,0.0,0.0,99.85358711566617
