from_label,Crops,TreeCrops,Forest,Grassland,Urban,Water,Other
Crops,99.79591836734694,0.0,0.06802721088435373,0.13605442176870747,0.0,0.0,0.0
TreeCrops,0.0,0.0,0.0,0.0,0.0,0.0,0.0
Forest,0.0015058729043268748,0.0,99.9733962453569,0.024595924104005622,0.0,0.0,0.000501957634775625
Grassland,0.0,0.0,0.020931449502878074,99.97906855049712,0.0,0.0,0.0
Urban,0.0,0.0,0.0,0.0,100.0,0.0,0.0
Water,0.0,0.0,0.0,0.0,0.0,100.0,0.0
Other,0.0,0.0,0.0,0.1654259718775848,0.0,0.0,99.83457402812242
