from_label,Crops,TreeCrops,Forest,Grassland,Urban,Water,Other
Crops,99.79591836734694,0.0,0.06802721088435373,0.13605442176870747,0.0,0.0,0.0
TreeCrops,0.0,0.0,0.0,0.0,0.0,0.0,0.0
Forest,0.0015066140356163559,0.0,99.97388535671598,0.024608029248400477,0.0,0.0,0.0
Grassland,0.0,0.0,0.041437894954936286,99.95856210504506,0.0,0.0,0.0
Urban,0.0,0.0,0.0,0.0,100.0,0.0,0.0
Water,0.0,0.0,0.0,0.0,0.0,100.0,0.0
Other,0.0,0.0,0.0,0.0,0.0,0.0,100.0
