from_label,Crops,TreeCrops,Forest,Grassland,Urban,Water,Other
Crops,99.79605710401088,0.0,0.06798096532970768,0.13596193065941536,0.0,0.0,0.0
TreeCrops,0.0,0.0,0.0,0.0,0.0,0.0,0.0
Forest,0.04463621484898081,0.0,99.56338599038526,0.36119419831818955,0.0005130599407928828,0.0,0.030270536506780087
Grassland,0.0,0.0,0.02094240837696335,99.97905759162303,0.0,0.0,0.0
Urban,0.0,0.0,0.0,0.0,100.0,0.0,0.0
Water,0.0,0.0,0.0,0.0,0.0,100.0,0.0
Other,0.0,0.0,0.0,0.13386880856760375,0.0,0.0,99.8661311914324
