from_label,Crops,TreeCrops,Forest,Grassland,Urban,Water,Other
Crops,99.83291562238931,0.0,0.0835421888053467,0.0835421888053467,0.0,0.0,0.0
TreeCrops,0.0,100.0,0.0,0.0,0.0,0.0,0.0
Forest,0.004057865157140828,0.0,99.98731917138393,0.0060867977357112425,0.0005072331446426035,0.0,0.002028932578570414
Grassland,0.008087343307723413,0.0,0.016174686615446826,99.96765062676911,0.0,0.0,0.008087343307723413
Urban,0.0,0.0,0.0,0.0,100.0,0.0,0.0
Water,0.0,0.0,0.0,0.0,0.0,100.0,0.0
Other,0.0,0.0,0.0,0.0,0.0,0.0,100.0
