from_label,Crops,TreeCrops,Forest,Grassland,Urban,Water,Other
Crops,99.75062344139651,0.0,0.1662510390689942,0.0831255195344971,0.0,0.0,0.0
TreeCrops,0.0,0.0,0.0,0.0,0.0,0.0,0.0
Forest,0.0035499297621039926,0.0,99.98884307789054,0.006592726701050272,0.0005071328231577132,0.0,0.0005071328231577132
Grassland,0.008073631519457452,0.0,0.024220894558372355,99.9596318424027,0.0,0.0,0.008073631519457452
Urban,0.0,0.0,0.0,0.0,100.0,0.0,0.0
Water,0.0,0.0,0.0,0.0,0.0,100.0,0.0
Other,0.0,0.0,0.0,0.0,0.0,0.0,100.0
