from_label,Crops,TreeCrops,Forest,Grassland,Urban,Water,Other
Crops,99.7968855788761,0.0,0.0,0.2031144211238998,0.0,0.0,0.0
TreeCrops,0.0,0.0,0.0,0.0,0.0,0.0,0.0
Forest,0.0010057933698101062,0.0,99.96228274863212,0.03620856131316382,0.0,0.0,0.0005028966849050531
Grassland,0.0,0.0,0.0302571860816944,99.9697428139183,0.0,0.0,0.0
Urban,0.0,0.0,0.0,0.0,100.0,0.0,0.0
Water,0.0,0.0,0.0,0.0,0.0,100.0,0.0
Other,0.0,0.0,0.0,0.0,0.0,0.0,100.0
