from_label,Crops,TreeCrops,Forest,Grassland,Urban,Water,Other
Crops,99.82440737489026,0.0,0.08779631255487269,0.08779631255487269,0.0,0.0,0.0
TreeCrops,0.0,0.0,0.0,0.0,0.0,0.0,0.0
Forest,0.001519872330724219,0.0,99.99493375889759,0.003039744661448438,0.0005066241102414064,0.0,0.0
Grassland,0.0,0.0,0.04069010416666667,99.95930989583334,0.0,0.0,0.0
Urban,0.0,0.0,0.0,0.0,100.0,0.0,0.0
Water,0.0,0.0,0.0,0.0,0.0,100.0,0.0
Other,0.0,0.0,0.0,0.0,0.0,0.0,100.0
