from_label,Crops,TreeCrops,Forest,Grassland,Urban,Water,Other
Crops,99.81884057971014,0.0,0.06038647342995169,0.12077294685990338,0.0,0.0,0.0
TreeCrops,0.0,0.0,0.0,0.0,0.0,0.0,0.0
Forest,0.0010026570411590715,0.0,99.99699202887652,0.0015039855617386072,0.0,0.0,0.0005013285205795357
Grassland,0.0,0.0,0.043869269576661554,99.95613073042334,0.0,0.0,0.0
Urban,0.0,0.0,0.0,0.0,100.0,0.0,0.0
Water,0.0,0.0,0.0,0.0,0.0,100.0,0.0
Other,0.0,0.0,0.0,0.0,0.0,0.0,100.0
