from_label,Crops,TreeCrops,Forest,Grassland,Urban,Water,Other
Crops,99.87357774968395,0.0,0.06321112515802782,0.06321112515802782,0.0,0.0,0.0
TreeCrops,0.0,0.0,0.0,0.0,0.0,0.0,0.0
Forest,0.0015473009913041682,0.0,99.99432656303189,0.004126135976811116,0.0,0.0,0.0
Grassland,0.0065919578114700065,0.0,0.026367831245880026,99.96704021094264,0.0,0.0,0.0
Urban,0.0,0.0,1.36986301369863,0.0,98.63013698630137,0.0,0.0
Water,0.0,0.0,0.0,0.0,0.0,100.0,0.0
Other,0.0,0.0,0.0,0.0,0.0,0.0,100.0
