from_label,Crops,TreeCrops,Forest,Grassland,Urban,Water,Other
Crops,99.87269255251432,0.0,0.1273074474856779,0.0,0.0,0.0,0.0
TreeCrops,0.0,0.0,0.0,0.0,0.0,0.0,0.0
Forest,0.001547029702970297,0.0,99.99484323432343,0.0036097359735973596,0.0,0.0,0.0
Grassland,0.0,0.0,0.0264026402640264,99.97359735973598,0.0,0.0,0.0
Urban,0.0,0.0,0.0,0.0,100.0,0.0,0.0
Water,0.0,0.0,0.0,0.0,0.0,100.0,0.0
Other,0.0,0.0,0.0,0.0,0.0,0.0,100.0
