from_label,Crops,TreeCrops,Forest,Grassland,Urban,Water,Other
Crops,99.79591836734694,0.0,0.06802721088435373,0.13605442176870747,0.0,0.0,0.0
TreeCrops,0.0,0.0,0.0,0.0,0.0,0.0,0.0
Forest,0.0015069697350244883,0.0,99.97438151450459,0.024111515760391812,0.0,0.0,0.0
Grassland,0.0,0.0,0.041237113402061855,99.95876288659794,0.0,0.0,0.0
Urban,0.0,0.0,0.0,0.0,100.0,0.0,0.0
Water,0.0,0.0,0.0,0.0,0.0,100.0,0.0
Other,0.0,0.0,0.0,0.0,0.0,0.0,100.0
