from_label,Crops,TreeCrops,Forest,Grassland,Urban,Water,Other
Crops,99.87138263665595,0.0,0.06430868167202572,0.06430868167202572,0.0,0.0,0.0
TreeCrops,0.0,0.0,0.0,0.0,0.0,0.0,0.0
Forest,0.0015458977027960137,0.0,99.99484700765736,0.003607094639857365,0.0,0.0,0.0
Grassland,0.006653802648213454,0.0,0.03326901324106727,99.96007718411072,0.0,0.0,0.0
Urban,0.0,0.0,0.0,0.0,100.0,0.0,0.0
Water,0.0,0.0,0.0,0.0,0.0,100.0,0.0
Other,0.0,0.0,0.0,0.0,0.0,0.0,100.0
