from_label,Crops,TreeCrops,Forest,Grassland,Urban,Water,Other
Crops,99.82471516213847,0.0,0.0876424189307625,0.0876424189307625,0.0,0.0,0.0
TreeCrops,0.0,0.0,0.0,0.0,0.0,0.0,0.0
Forest,0.0015199647368181058,0.009626443333181337,99.9853070075441,0.0030399294736362117,0.0005066549122727019,0.0,0.0
Grassland,0.0,0.016266775111834077,0.040666937779585195,99.94306628710858,0.0,0.0,0.0
Urban,0.0,0.0,0.0,0.0,100.0,0.0,0.0
Water,0.0,0.0,0.0,0.0,0.0,100.0,0.0
Other,0.0,0.0,0.0,0.0,0.0,0.0,100.0
