from_label,Crops,TreeCrops,Forest,Grassland,Urban,Water,Other
Crops,98.34710743801654,0.0,1.6528925619834711,0.0,0.0,0.0,0.0
TreeCrops,0.0,95.50810014727541,3.313696612665685,0.29455081001472755,0.8836524300441826,0.0,0.0
Forest,0.0,0.0,99.91055456171736,0.08944543828264759,0.0,0.0,0.0
Grassland,0.11806375442739078,0.0,2.8630460448642268,96.69421487603306,0.3246753246753247,0.0,0.0
Urban,0.0,0.0,0.0,0.0,100.0,0.0,0.0
Water,0.0,0.0,0.0,0.0,0.0,100.0,0.0
Other,0.0,0.0,0.0,0.0,0.0,0.0,100.0
