from_label,Crops,TreeCrops,Forest,Grassland,Urban,Water,Other
Crops,96.15384615384616,0.0,3.8461538461538463,0.0,0.0,0.0,0.0
TreeCrops,0.0,91.58878504672897,8.09968847352025,0.3115264797507788,0.0,0.0,0.0
Forest,0.021181952976064393,0.021181952976064393,99.95763609404787,0.0,0.0,0.0,0.0
Grassland,0.12077294685990338,0.0,1.6304347826086956,98.24879227053141,0.0,0.0,0.0
Urban,0.0,0.0,0.0,0.0,100.0,0.0,0.0
Water,0.0,0.0,0.0,0.0,0.0,100.0,0.0
Other,0.0,0.0,4.0,0.0,0.0,0.0,96.0
