from_label,Crops,TreeCrops,Forest,Grassland,Urban,Water,Other
Crops,99.58847736625515,0.0,0.0,0.411522633744856,0.0,0.0,0.0
TreeCrops,0.0,96.89922480620154,0.7751937984496124,2.3255813953488373,0.0,0.0,0.0
Forest,0.0,0.0,99.83948635634029,0.1404494382022472,0.0,0.0,0.020064205457463884
Grassland,0.0,0.0,0.062266500622665005,99.93773349937733,0.0,0.0,0.0
Urban,0.06153846153846154,0.0,0.676923076923077,0.12307692307692308,99.13846153846154,0.0,0.0
Water,0.0,0.0,0.0,0.0,0.0,100.0,0.0
Other,0.0,0.0,0.0,0.0,0.0,0.0,100.0
