from_label,Crops,TreeCrops,Forest,Grassland,Urban,Water,Other
Crops,98.21428571428571,0.0,1.4285714285714286,0.0,0.35714285714285715,0.0,0.0
TreeCrops,0.2680965147453083,84.71849865951742,1.447721179624665,13.351206434316353,0.21447721179624668,0.0,0.0
Forest,0.0,0.08453085376162299,99.83093829247676,0.08453085376162299,0.0,0.0,0.0
Grassland,0.02461841457410143,0.0,2.7818808468734613,97.04579025110783,0.14771048744460857,0.0,0.0
Urban,0.0,0.0,0.0,0.0,100.0,0.0,0.0
Water,0.0,0.0,0.0,0.0,0.0,100.0,0.0
Other,0.0,0.0,0.0,0.0,0.0,0.0,100.0
