from_label,Crops,TreeCrops,Forest,Grassland,Urban,Water,Other
Crops,99.57081545064378,0.0,0.4291845493562232,0.0,0.0,0.0,0.0
TreeCrops,5.905511811023622,72.83464566929135,2.3622047244094486,18.89763779527559,0.0,0.0,0.0
Forest,0.1213837750354036,0.0,99.85838559579203,0.020230629172567266,0.0,0.0,0.0
Grassland,0.13477088948787064,0.0,0.2695417789757413,99.59568733153638,0.0,0.0,0.0
Urban,0.17814726840855108,0.0,0.0,0.0,99.82185273159145,0.0,0.0
Water,0.0,0.0,0.0,0.0,0.0,100.0,0.0
Other,0.0,0.0,0.0,0.0,0.0,0.0,100.0
