from_label,Crops,TreeCrops,Forest,Grassland,Urban,Water,Other
Crops,98.5981308411215,0.0,1.4018691588785046,0.0,0.0,0.0,0.0
TreeCrops,0.0,94.7906026557712,3.881511746680286,0.5107252298263534,0.8171603677221655,0.0,0.0
Forest,0.0,0.0,99.90577889447236,0.06281407035175879,0.031407035175879394,0.0,0.0
Grassland,0.07407407407407407,0.0,3.4074074074074074,96.33333333333334,0.1851851851851852,0.0,0.0
Urban,0.0,0.0,0.0,0.0,100.0,0.0,0.0
Water,0.0,0.0,0.0,0.0,0.0,100.0,0.0
Other,0.0,0.0,0.0,0.0,0.0,0.0,100.0
