from_label,Crops,TreeCrops,Forest,Grassland,Urban,Water,Other
Crops,99.52380952380952,0.0,0.4761904761904762,0.0,0.0,0.0,0.0
TreeCrops,0.0,77.28310502283105,5.365296803652968,16.894977168949772,0.45662100456621,0.0,0.0
Forest,0.0,0.0,99.94186046511628,0.029069767441860465,0.029069767441860465,0.0,0.0
Grassland,0.039619651347068144,0.0,3.4865293185419968,96.15689381933439,0.31695721077654515,0.0,0.0
Urban,0.0,0.0,0.0,0.0,100.0,0.0,0.0
Water,0.0,0.0,0.0,0.0,0.0,100.0,0.0
Other,0.0,0.0,0.0,0.0,0.0,0.0,100.0
