from_label,Crops,TreeCrops,Forest,Grassland,Urban,Water,Other
Crops,97.22222222222221,0.0,0.3968253968253968,1.984126984126984,0.0,0.0,0.3968253968253968
TreeCrops,0.0,95.30201342281879,0.6711409395973155,4.026845637583892,0.0,0.0,0.0
Forest,0.0,0.0,99.83916365098511,0.16083634901487737,0.0,0.0,0.0
Grassland,0.0,0.0,0.1910828025477707,99.7452229299363,0.0,0.0,0.06369426751592357
Urban,0.060753341433778855,0.0,0.48602673147023084,0.060753341433778855,99.33171324422844,0.0,0.060753341433778855
Water,0.0,0.0,0.0,0.0,0.0,100.0,0.0
Other,0.0,0.0,0.0,0.0,0.0,0.0,100.0
