from_label,Crops,TreeCrops,Forest,Grassland,Urban,Water,Other
Crops,98.66666666666667,0.0,1.3333333333333335,0.0,0.0,0.0,0.0
TreeCrops,0.0,96.57794676806084,3.4220532319391634,0.0,0.0,0.0,0.0
Forest,0.020437359493153485,0.0,99.9591252810137,0.020437359493153485,0.0,0.0,0.0
Grassland,0.5878510777269758,0.0,2.5473546701502285,96.8647942521228,0.0,0.0,0.0
Urban,0.05931198102016608,0.0,0.05931198102016608,0.0,99.88137603795967,0.0,0.0
Water,0.0,0.0,0.0,0.0,0.0,100.0,0.0
Other,0.0,0.0,0.0,0.0,0.0,0.0,100.0
