from_label,Crops,TreeCrops,Forest,Grassland,Urban,Water,Other
Crops,97.76785714285714,0.8928571428571428,1.3392857142857142,0.0,0.0,0.0,0.0
TreeCrops,0.0,98.28693790149893,1.7130620985010707,0.0,0.0,0.0,0.0
Forest,0.022737608003638016,0.0,99.84083674397453,0.1364256480218281,0.0,0.0,0.0
Grassland,0.5558643690939411,1.500833796553641,3.2795997776542527,94.60811561978876,0.0,0.0,0.055586436909394105
Urban,0.0,0.0,0.11737089201877934,0.05868544600938967,99.82394366197182,0.0,0.0
Water,0.0,0.0,0.0,0.0,0.0,100.0,0.0
Other,0.0,0.0,0.0,0.0,0.0,0.0,100.0
