from_label,Crops,TreeCrops,Forest,Grassland,Urban,Water,Other
Crops,95.72953736654804,0.0,3.202846975088968,1.0676156583629894,0.0,0.0,0.0
TreeCrops,0.0,96.45793801391524,2.403542061986085,0.6957621758380772,0.4427577482605946,0.0,0.0
Forest,0.0,0.0,99.84905660377359,0.1509433962264151,0.0,0.0,0.0
Grassland,0.023854961832061067,1.025763358778626,1.78912213740458,97.04198473282443,0.11927480916030535,0.0,0.0
Urban,0.0,0.0,0.0,0.0,100.0,0.0,0.0
Water,0.0,0.0,0.0,0.0,0.0,100.0,0.0
Other,0.0,0.0,0.0,0.0,0.0,0.0,100.0
