from_label,Crops,TreeCrops,Forest,Grassland,Urban,Water,Other
Crops,96.50655021834062,0.0,3.056768558951965,0.0,0.43668122270742354,0.0,0.0
TreeCrops,0.0,95.22983521248915,4.076322636600174,0.08673026886383348,0.6071118820468344,0.0,0.0
Forest,0.039032006245121,0.0,99.84387197501951,0.078064012490242,0.039032006245121,0.0,0.0
Grassland,0.0,0.0,2.115743621655258,97.57311761045426,0.3111387678904792,0.0,0.0
Urban,0.0,0.0,0.0,0.0,100.0,0.0,0.0
Water,0.0,0.0,0.0,0.0,0.0,100.0,0.0
Other,0.0,0.0,0.0,0.0,0.0,0.0,100.0
