from_label,Crops,TreeCrops,Forest,Grassland,Urban,Water,Other
Crops,97.71863117870723,0.0,0.7604562737642585,0.38022813688212925,1.1406844106463878,0.0,0.0
TreeCrops,0.0,97.97650130548303,1.5013054830287207,0.13054830287206268,0.39164490861618795,0.0,0.0
Forest,0.0,0.06514657980456026,99.80456026058631,0.13029315960912052,0.0,0.0,0.0
Grassland,0.02486943546381497,0.0,1.691121611539418,98.06018403382242,0.22382491917433472,0.0,0.0
Urban,0.0,0.0,0.0,0.0,100.0,0.0,0.0
Water,0.0,0.0,0.0,0.0,0.0,100.0,0.0
Other,0.0,0.0,0.0,0.0,0.0,0.0,100.0
