from_label,Crops,TreeCrops,Forest,Grassland,Urban,Water,Other
Crops,98.47328244274809,0.0,0.7633587786259541,0.7633587786259541,0.0,0.0,0.0
TreeCrops,0.0,94.35028248587571,1.1299435028248588,4.519774011299435,0.0,0.0,0.0
Forest,0.020181634712411706,0.0,99.83854692230071,0.14127144298688193,0.0,0.0,0.0
Grassland,0.0,0.0,0.32658393207054215,99.60809928151535,0.0,0.0,0.06531678641410843
Urban,0.0,0.0,0.3588516746411483,0.0,99.58133971291866,0.0,0.05980861244019139
Water,0.0,0.0,0.0,0.0,0.0,100.0,0.0
Other,0.0,0.0,0.0,0.0,0.0,0.0,100.0
