from_label,Crops,TreeCrops,Forest,Grassland,Urban,Water,Other
Crops,99.83053903010637,0.0,0.0721110510185686,0.08653326122228232,0.0036055525509284293,0.0,0.007211105101856859
TreeCrops,0.0,100.0,0.0,0.0,0.0,0.0,0.0
Forest,0.0036025414292264364,0.0,99.9217265998559,0.0717233248182354,0.0029475338966398115,0.0,0.0
Grassland,0.017460894870862134,0.0,0.31284103310294653,99.63914150600218,0.011640596580574755,0.0,0.018915969443433975
Urban,0.0,0.0,0.0,0.0,100.0,0.0,0.0
Water,0.0,0.0,0.0,0.0,0.0,100.0,0.0
Other,0.012433171702101205,0.0,0.04973268680840482,0.21136391893572049,0.0,0.0,99.72647022255377
