from_label,Crops,TreeCrops,Forest,Grassland,Urban,Water,Other
Crops,98.53777138552154,0.0,0.3664132593657969,1.0649955482501199,0.02397096089308951,0.0,0.006848845969454146
TreeCrops,0.0,92.5925925925926,0.0,3.7037037037037033,3.7037037037037033,0.0,0.0
Forest,0.003587818378110394,0.0,99.8985625894916,0.0900216247598608,0.0016308265355047245,0.0,0.006197140834917954
Grassland,0.02102259929424131,0.0,0.21473083564832193,99.71319168105714,0.0045048427059088516,0.0,0.04655004129439147
Urban,0.0,0.0,0.0,0.0,100.0,0.0,0.0
Water,0.0,0.0,0.0,0.0,0.0,100.0,0.0
Other,0.012943308309603937,0.0,0.0,0.24592285788247475,0.0,0.0,99.74113383380792
