from_label,Crops,TreeCrops,Forest,Grassland,Urban,Water,Other
Crops,99.49932298390905,0.0,0.44714551122587143,0.050382592814182704,0.003148912050886419,0.0,0.0
TreeCrops,0.0,0.0,0.0,0.0,0.0,0.0,0.0
Forest,0.0007316867941508957,0.0,99.91841692245218,0.08011970395952309,0.0007316867941508957,0.0,0.0
Grassland,0.022337293126205707,0.0,2.4956848411006196,97.44644126307239,0.01624530409178597,0.0,0.019291298608995838
Urban,0.0,0.0,0.0,0.0,100.0,0.0,0.0
Water,0.0,0.0,0.0,0.0,0.0,100.0,0.0
Other,0.0,0.0,0.02901073397156948,0.02901073397156948,0.0,0.0,99.94197853205686
