from_label,Crops,TreeCrops,Forest,Grassland,Urban,Water,Other
Crops,99.48639599518903,0.0,0.4680947891948119,0.04550921561616227,0.0,0.0,0.0
TreeCrops,0.0,0.0,0.0,0.0,0.0,0.0,0.0
Forest,0.0010265991848802472,0.0,99.9322444537979,0.06638674728892266,0.0003421997282934157,0.0,0.0
Grassland,0.02612752721617418,0.0,2.9698289269051323,96.9741835147745,0.006220839813374806,0.0,0.02363919129082426
Urban,0.0,0.0,0.0,0.0,100.0,0.0,0.0
Water,0.0,0.0,0.0,0.0,0.0,100.0,0.0
Other,0.0,0.0,0.014253135689851768,0.028506271379703536,0.0,0.0,99.95724059293045
