from_label,Crops,TreeCrops,Forest,Grassland,Urban,Water,Other
Crops,99.91788133853419,0.0,0.05132416341613632,0.0273728871552727,0.0034216108944090874,0.0,0.0
TreeCrops,0.0,100.0,0.0,0.0,0.0,0.0,0.0
Forest,0.0035921417001933227,0.0,99.93338209937824,0.06041329223052406,0.002612466691049689,0.0,0.0
Grassland,0.017871503887052095,0.0,0.43189467727042563,99.52193727102136,0.008935751943526048,0.0,0.01936079587763977
Urban,0.0,0.0,0.0,0.0,100.0,0.0,0.0
Water,0.0,0.0,0.0,0.0,0.0,100.0,0.0
Other,0.0,0.0,0.026346989856408903,0.18442892899486232,0.013173494928204452,0.0,99.77605058622052
