from_label,Crops,TreeCrops,Forest,Grassland,Urban,Water,Other
Crops,99.91578060848511,0.0,0.042109695757448155,0.0350914131312068,0.0035091413131206795,0.0,0.0035091413131206795
TreeCrops,0.0,100.0,0.0,0.0,0.0,0.0,0.0
Forest,0.023176105761384038,0.0,99.89130079973886,0.07866818997878243,0.0032642402480822586,0.0,0.0035906642728904844
Grassland,0.132098435598302,0.0,0.3324724671238163,99.48348027428978,0.014842520853741797,0.0,0.037106302134354494
Urban,0.0,0.0,0.0,0.0,100.0,0.0,0.0
Water,0.0,0.0,0.0,0.0,0.0,100.0,0.0
Other,0.06378364587319811,0.0,0.0,0.14032402092103585,0.0,0.0,99.79589233320577
