from_label,Crops,TreeCrops,Forest,Grassland,Urban,Water,Other
Crops,99.91546914623838,0.0,0.07152610702906562,0.013004746732557382,0.0,0.0,0.0
TreeCrops,0.0,0.0,0.0,0.0,0.0,0.0,0.0
Forest,0.001034771781083682,0.0,99.91825302929439,0.0803672749974993,0.00034492392702789403,0.0,0.0
Grassland,0.03385117572387113,0.0,3.0502327268331015,96.88448286284229,0.006044852807834129,0.0,0.025388381792903342
Urban,0.0,0.0,0.0,0.0,100.0,0.0,0.0
Water,0.0,0.0,0.0,0.0,0.0,100.0,0.0
Other,0.0,0.0,0.0,0.0,0.0,0.0,100.0
