from_label,Crops,TreeCrops,Forest,Grassland,Urban,Water,Other
Crops,99.33299302365153,0.0,0.6023481368044921,0.06125574272588055,0.0,0.0,0.003403096818104475
TreeCrops,0.0,100.0,0.0,0.0,0.0,0.0,0.0
Forest,0.004238158422361828,0.0,99.92045302653413,0.0736787541118287,0.0,0.0,0.0016300609316776261
Grassland,0.018093543620518078,0.0,0.26838756370435146,99.69090196314949,0.0,0.0,0.022616929525647596
Urban,0.0,0.0,0.0,0.0,100.0,0.0,0.0
Water,0.0,0.0,0.0,0.0,0.0,100.0,0.0
Other,0.0,0.0,0.0,0.1815823605706874,0.0,0.0,99.81841763942931
