from_label,Crops,TreeCrops,Forest,Grassland,Urban,Water,Other
Crops,99.91914618369987,0.0,0.07115135834411383,0.009702457956015523,0.0,0.0,0.0
TreeCrops,0.0,0.0,0.0,0.0,0.0,0.0,0.0
Forest,0.006830748434320556,0.0,99.91875004493913,0.07405969355105445,0.0003595130754905556,0.0,0.0
Grassland,0.2435202439437574,0.0,2.727426732170083,96.98776046078265,0.017999322378451636,0.0,0.023293240725055057
Urban,0.0,0.0,0.0,0.0,100.0,0.0,0.0
Water,0.0,0.0,0.0,0.0,0.0,100.0,0.0
Other,0.0,0.0,0.014446691707598961,0.028893383415197923,0.0,0.0,99.9566599248772
