from_label,Crops,TreeCrops,Forest,Grassland,Urban,Water,Other
Crops,99.84908810685846,0.0,0.13164654508091445,0.01926534806062163,0.0,0.0,0.0
TreeCrops,0.0,0.0,0.0,0.0,0.0,0.0,0.0
Forest,0.0007129438521069273,0.0,99.91801145700771,0.08091912721413626,0.00035647192605346364,0.0,0.0
Grassland,0.023961487354869627,0.0,2.769730106519703,97.16709869954472,0.015248219225826127,0.0,0.023961487354869627
Urban,0.0,0.0,0.0,0.0,100.0,0.0,0.0
Water,0.0,0.0,0.0,0.0,0.0,100.0,0.0
Other,0.0,0.0,0.028814291888776836,0.08644287566633051,0.0,0.0,99.8847428324449
