from_label,Crops,TreeCrops,Forest,Grassland,Urban,Water,Other
Crops,99.91995823908127,0.0,0.03828084217852793,0.03828084217852793,0.0,0.0,0.003480076561684357
TreeCrops,0.0,100.0,0.0,0.0,0.0,0.0,0.0
Forest,0.010430519700644085,0.0,99.8930871730684,0.09452658478708702,0.001955722443870766,0.0,0.0
Grassland,0.049360556428090646,0.0,0.32458305287562633,99.60062822526363,0.005983097748859472,0.0,0.019445067683793286
Urban,0.0,0.0,0.0,0.0,100.0,0.0,0.0
Water,0.0,0.0,0.0,0.0,0.0,100.0,0.0
Other,0.0,0.0,0.012889920082495489,0.3351379221448827,0.012889920082495489,0.0,99.63908223769012
