from_label,Crops,TreeCrops,Forest,Grassland,Urban,Water,Other
Crops,99.58446818911936,0.0,0.1641176059780711,0.2234792932467351,0.013967455827920944,0.0,0.013967455827920944
TreeCrops,0.0,100.0,0.0,0.0,0.0,0.0,0.0
Forest,0.004571383790526133,0.0,99.91804161918414,0.0718360309939821,0.004244856376917124,0.0,0.0013061096544360383
Grassland,0.011889192723814054,0.0,0.21103317084769946,99.75329925098086,0.010403043633337297,0.0,0.013375341814290809
Urban,0.0,0.0,0.0,0.0,100.0,0.0,0.0
Water,0.0,0.0,0.0,0.0,0.0,100.0,0.0
Other,0.01272264631043257,0.0,0.0,0.178117048346056,0.01272264631043257,0.0,99.79643765903307
