from_label,Crops,TreeCrops,Forest,Grassland,Urban,Water,Other
Crops,99.29127109704642,0.0,0.6493934599156118,0.05933544303797469,0.0,0.0,0.0
TreeCrops,0.0,0.0,0.0,0.0,0.0,0.0,0.0
Forest,0.001319509274500813,0.0,99.94655987438271,0.051790739024156915,0.0003298773186252033,0.0,0.0
Grassland,0.028666437335167987,0.0,2.221648893475519,97.7224515537209,0.0028666437335167984,0.0,0.024366471734892786
Urban,0.0,0.0,0.0,0.0,100.0,0.0,0.0
Water,0.0,0.0,0.0,0.0,0.0,100.0,0.0
Other,0.0,0.0,0.0,0.014086491055078181,0.0,0.0,99.98591350894492
