from_label,Crops,TreeCrops,Forest,Grassland,Urban,Water,Other
Crops,99.86542408236046,0.0,0.09756754028866535,0.033643979409884596,0.0033643979409884606,0.0,0.0
TreeCrops,0.0,100.0,0.0,0.0,0.0,0.0,0.0
Forest,0.006772729764857272,0.0,99.56267516375493,0.41732915789168146,0.0032251094118367967,0.0,0.009997839176694069
Grassland,0.0063213123044344,0.0,0.2781377413951136,99.67761307247385,0.0015803280761086,0.0,0.036347545750497805
Urban,0.0,0.0,0.0,0.0,100.0,0.0,0.0
Water,0.0,0.0,0.0,0.0,0.0,100.0,0.0
Other,0.0,0.0,0.0,0.02772002772002772,0.0,0.0,99.97227997227998
