from_label,Crops,TreeCrops,Forest,Grassland,Urban,Water,Other
Crops,99.52446370072916,0.0,0.14794462643981823,0.2853217795625066,0.014089964422839833,0.0,0.028179928845679665
TreeCrops,0.0,100.0,0.0,0.0,0.0,0.0,0.0
Forest,0.003921658338589444,0.0,99.85653266577994,0.12778070086570606,0.003594853477040324,0.0,0.008170121538728009
Grassland,0.013293551150630705,0.0,0.29688930903075245,99.64698236388881,0.01033942867271277,0.0,0.03249534725709728
Urban,0.0,0.0,0.0,0.0,100.0,0.0,0.0
Water,0.0,0.0,0.0,0.0,0.0,100.0,0.0
Other,0.0,0.0,0.0,0.20232675771370764,0.012645422357106728,0.0,99.78502781992918
