from_label,Crops,TreeCrops,Forest,Grassland,Urban,Water,Other
Crops,99.61759707151262,0.0,0.3464505164073735,0.03595241208001046,0.0,0.0,0.0
TreeCrops,0.0,0.0,0.0,0.0,0.0,0.0,0.0
Forest,0.0013476044646135912,0.0,99.9349780845824,0.06333740983683879,0.0003369011161533978,0.0,0.0
Grassland,0.02371385284236875,0.0,2.204070878071273,97.74191423489889,0.005269745076081945,0.0,0.025031289111389236
Urban,0.0,0.0,0.0,0.0,100.0,0.0,0.0
Water,0.0,0.0,0.0,0.0,0.0,100.0,0.0
Other,0.01419244961680386,0.0,0.05676979846721544,0.01419244961680386,0.0,0.0,99.91484530229918
