from_label,Crops,TreeCrops,Forest,Grassland,Urban,Water,Other
Crops,99.73243920612342,0.0,0.22014495698706224,0.04402899139741245,0.00338684549210865,0.0,0.0
TreeCrops,0.0,100.0,0.0,0.0,0.0,0.0,0.0
Forest,0.00293611981978749,0.0,99.9213772359368,0.0737292310302192,0.00032623553553194336,0.0,0.0016311776776597167
Grassland,0.021074498351673163,0.0,0.4260059309659647,99.501738646114,0.0,0.0,0.05118092456834911
Urban,0.0,0.0,0.0,0.0,100.0,0.0,0.0
Water,0.0,0.0,0.0,0.0,0.0,100.0,0.0
Other,0.0,0.0,0.0,0.18245796950345367,0.0,0.0,99.81754203049654
