from_label,Crops,TreeCrops,Forest,Grassland,Urban,Water,Other
Crops,98.37915412105693,0.0,1.491403326110814,0.10974477305343727,0.01969777977882207,0.0,0.0
TreeCrops,0.0,0.0,0.0,0.0,0.0,0.0,0.0
Forest,0.004167155991802067,0.0,99.92499119214756,0.07008398713485295,0.0007576647257821941,0.0,0.0
Grassland,0.016311804949193525,0.0,0.639038946833111,99.3292969612067,0.005757107629127126,0.0,0.009595179381878545
Urban,0.0,0.0,0.0,0.0,100.0,0.0,0.0
Water,0.0,0.0,0.0,0.0,0.0,100.0,0.0
Other,0.014615609470914937,0.0,0.014615609470914937,0.04384682841274481,0.0,0.0,99.92692195264542
