from_label,Crops,TreeCrops,Forest,Grassland,Urban,Water,Other
Crops,99.81716673740573,0.0,0.16324398445917268,0.019589278135100724,0.0,0.0,0.0
TreeCrops,0.0,0.0,0.0,0.0,0.0,0.0,0.0
Forest,0.0010184647662114129,0.0,99.92599156032198,0.07298997491181793,0.0,0.0,0.0
Grassland,0.025590828247156222,0.0,3.1080060906171227,96.83569408723913,0.0063977070617890555,0.0,0.02431128683479841
Urban,0.0,0.0,0.0,0.0,100.0,0.0,0.0
Water,0.0,0.0,0.0,0.0,0.0,100.0,0.0
Other,0.0,0.0,0.01422070534698521,0.05688282138794084,0.0,0.0,99.92889647326507
