from_label,Crops,TreeCrops,Forest,Grassland,Urban,Water,Other
Crops,99.55150565957143,0.0,0.19933081796824947,0.20644977575282977,0.017797394461450844,0.0,0.024916352246031184
TreeCrops,0.0,100.0,0.0,0.0,0.0,0.0,0.0
Forest,0.004257786016775677,0.0,99.92565250570708,0.06615944426066822,0.00294769801161393,0.0,0.00098256600387131
Grassland,0.014601737606775208,0.0,0.2642914506826312,99.69190333649705,0.011681390085420166,0.0,0.017522085128130246
Urban,0.0,0.0,0.0,0.0,100.0,0.0,0.0
Water,0.0,0.0,0.0,0.0,0.0,100.0,0.0
Other,0.012490632025980514,0.0,0.0,0.12490632025980515,0.0,0.0,99.86260304771422
