from_label,Crops,TreeCrops,Forest,Grassland,Urban,Water,Other
Crops,99.63352561927383,0.0,0.2918221920597217,0.07465218866644044,0.0,0.0,0.0
TreeCrops,0.0,100.0,0.0,0.0,0.0,0.0,0.0
Forest,0.0035873386512911155,0.0,99.9233614015406,0.0714206513302504,0.00032612169557191963,0.0,0.0013044867822876785
Grassland,0.018085090350097206,0.0,0.37978689735204135,99.5704791041852,0.0,0.0,0.03164890811267011
Urban,0.0,0.0,0.0,0.0,100.0,0.0,0.0
Water,0.0,0.0,0.0,0.0,0.0,100.0,0.0
Other,0.0,0.0,0.0,0.16887503247596777,0.0,0.0,99.83112496752403
