from_label,Crops,TreeCrops,Forest,Grassland,Urban,Water,Other
Crops,98.78668926755286,0.0,1.0854372974098196,0.11895203259285694,0.005947601629642847,0.0,0.0029738008148214234
TreeCrops,0.0,0.0,0.0,0.0,0.0,0.0,0.0
Forest,0.0011277898701913859,0.0,99.91767133947603,0.08082494069704932,0.000375929956730462,0.0,0.0
Grassland,0.022105819597289637,0.0,2.1923206304964196,97.75385650439713,0.013455716276611083,0.0,0.018261329232543613
Urban,0.0,0.0,0.0,0.0,100.0,0.0,0.0
Water,0.0,0.0,0.0,0.0,0.0,100.0,0.0
Other,0.0,0.0,0.05833454863642993,0.08750182295464488,0.014583637159107482,0.0,99.83957999124982
