from_label,Crops,TreeCrops,Forest,Grassland,Urban,Water,Other
Crops,99.64606497712778,0.0,0.3238839360245751,0.03005108684764099,0.0,0.0,0.0
TreeCrops,0.0,0.0,0.0,0.0,0.0,0.0,0.0
Forest,0.0012991146533637326,0.0,99.95095842183552,0.04741768484777624,0.00032477866334093314,0.0,0.0
Grassland,0.026016956934284227,0.0,2.5159927764684276,97.42891249120015,0.001530409231428484,0.0,0.02754736616571271
Urban,0.0,0.0,0.0,0.0,100.0,0.0,0.0
Water,0.0,0.0,0.0,0.0,0.0,100.0,0.0
Other,0.0,0.0,0.0,0.01398992725237829,0.0,0.0,99.98601007274762
