from_label,Crops,TreeCrops,Forest,Grassland,Urban,Water,Other
Crops,99.48854072251716,0.0,0.46937718503172343,0.04208209245112003,0.0,0.0,0.0
TreeCrops,0.0,0.0,0.0,0.0,0.0,0.0,0.0
Forest,0.0010430465303057168,0.0,99.92663906070183,0.07197021059109446,0.0003476821767685723,0.0,0.0
Grassland,0.02473556503097835,0.0,2.7856957761078003,97.16365520978115,0.004711536196376829,0.0,0.02120191288369573
Urban,0.0,0.0,0.0,0.0,100.0,0.0,0.0
Water,0.0,0.0,0.0,0.0,0.0,100.0,0.0
Other,0.0,0.0,0.014320492624946297,0.0716024631247315,0.0,0.0,99.91407704425032
