from_label,Crops,TreeCrops,Forest,Grassland,Urban,Water,Other
Crops,99.5335085413929,0.09855453350854139,0.07227332457293036,0.19710906701708278,0.01971090670170828,0.0,0.07884362680683311
TreeCrops,0.0,0.0,0.0,0.0,0.0,0.0,0.0
Forest,0.0,0.03183446080382014,99.64982093115798,0.31834460803820136,0.0,0.0,0.0
Grassland,0.019121998349469614,0.0,0.05434673215112417,99.82790201485477,0.011070630623377146,0.0,0.08755862402125561
Urban,0.0,0.0,0.0,0.0,100.0,0.0,0.0
Water,0.0,0.0,0.0,0.0,0.0,100.0,0.0
Other,0.010990908948170014,0.0,0.0,0.10205844023300727,0.0,0.0,99.88695065081882
