from_label,Crops,TreeCrops,Forest,Grassland,Urban,Water,Other
Crops,99.7856951513528,0.0,0.04687918564157514,0.11384945084382533,0.013394053040450042,0.0,0.04018215912135012
TreeCrops,0.0,100.0,0.0,0.0,0.0,0.0,0.0
Forest,0.0,0.0,99.68248928401333,0.3175107159866645,0.0,0.0,0.0
Grassland,0.02036037870304388,0.0,0.04784688995215311,99.8381349893108,0.00814415148121755,0.0,0.08551359055278429
Urban,0.0,0.0,0.0,0.0,100.0,0.0,0.0
Water,0.0,0.0,0.0,0.0,0.0,100.0,0.0
Other,0.006167509559639817,0.0,0.0,0.009251264339459726,0.0,0.0,99.9845812261009
