from_label,Crops,TreeCrops,Forest,Grassland,Urban,Water,Other
Crops,99.75629569455727,0.0,0.013539128080151638,0.20308692120227456,0.0,0.0,0.027078256160303276
TreeCrops,0.0,100.0,0.0,0.0,0.0,0.0,0.0
Forest,0.00794912559618442,0.0,99.53895071542131,0.4531001589825119,0.0,0.0,0.0
Grassland,0.00907267210354943,0.0,0.023185717597959656,99.86390991844675,0.003024224034516477,0.0,0.10080746781721589
Urban,0.07633587786259542,0.0,0.0,0.0,99.9236641221374,0.0,0.0
Water,0.0,0.0,0.0,0.0,0.0,100.0,0.0
Other,0.025021111562881185,0.0,0.0,1.6091702373877959,0.0,0.0,98.36580865104932
