from_label,Crops,TreeCrops,Forest,Grassland,Urban,Water,Other
Crops,99.7763470010166,0.0,0.033886818027787195,0.1558793629278211,0.006777363605557438,0.0,0.027109454422229753
TreeCrops,0.0,100.0,0.0,0.0,0.0,0.0,0.0
Forest,0.0,0.0,99.60206923995226,0.39793076004775174,0.0,0.0,0.0
Grassland,0.026833631484794274,0.0,0.03577817531305903,99.8380043728881,0.004969191015702644,0.0,0.09441462929835022
Urban,0.0,0.0,0.0,0.0,100.0,0.0,0.0
Water,0.0,0.0,0.0,0.0,0.0,100.0,0.0
Other,0.01119265761660351,0.0,0.0015989510880862153,0.5868150493276411,0.0,0.0,99.40039334196767
