from_label,Crops,TreeCrops,Forest,Grassland,Urban,Water,Other
Crops,99.77161281655135,0.0,0.026869080405723115,0.1477799422314771,0.006717270101430779,0.0,0.04702089071001545
TreeCrops,0.0,100.0,0.0,0.0,0.0,0.0,0.0
Forest,0.0,0.0,99.60273319561418,0.3972668043858255,0.0,0.0,0.0
Grassland,0.015224407770537726,0.0,0.04059842072143394,99.84471104074052,0.007104723626250939,0.0,0.0923614071412622
Urban,0.0,0.0,0.0,0.0,100.0,0.0,0.0
Water,0.0,0.0,0.0,0.0,0.0,100.0,0.0
Other,0.029420873335397956,0.0,0.001548467017652524,0.35769588107773304,0.0,0.0,99.61133477856922
