from_label,Crops,TreeCrops,Forest,Grassland,Urban,Water,Other
Crops,99.78560900442181,0.0,0.033498593059091517,0.14069409084818438,0.006699718611818304,0.0,0.033498593059091517
TreeCrops,0.0,100.0,0.0,0.0,0.0,0.0,0.0
Forest,0.0,0.0,99.61847229949925,0.3815277005007551,0.0,0.0,0.0
Grassland,0.013254756418360896,0.0,0.03670547931238402,99.84706050286508,0.008156773180529783,0.0,0.09482248822365871
Urban,0.0,0.0,0.0,0.0,100.0,0.0,0.0
Water,0.0,0.0,0.0,0.0,0.0,100.0,0.0
Other,0.029229420180607053,0.0,0.023075858037321352,0.3645985569896774,0.0,0.0,99.5830961647924
