from_label,Crops,TreeCrops,Forest,Grassland,Urban,Water,Other
Crops,99.78833178991931,0.0,0.026458526260087312,0.15875115756052388,0.006614631565021828,0.0,0.019843894695065485
TreeCrops,0.0,100.0,0.0,0.0,0.0,0.0,0.0
Forest,0.0,0.0,99.62516947124969,0.37483052875029904,0.0,0.0,0.0
Grassland,0.024178193284506815,0.0,0.03425244048638465,99.84082689421034,0.007051973041314488,0.0,0.09369049897746391
Urban,0.0,0.0,0.0,0.0,100.0,0.0,0.0
Water,0.0,0.0,0.0,0.0,0.0,100.0,0.0
Other,0.06263505684131408,0.0,0.0015658764210328521,0.029751651999624193,0.0,0.0,99.90604741473803
