from_label,Crops,TreeCrops,Forest,Grassland,Urban,Water,Other
Crops,99.78038067349927,0.0,0.02662052442433116,0.15972314654598696,0.00665513110608279,0.0,0.02662052442433116
TreeCrops,0.0,100.0,0.0,0.0,0.0,0.0,0.0
Forest,0.0,0.0,99.60956175298806,0.3904382470119522,0.0,0.0,0.0
Grassland,0.013204672422549517,0.0,0.029456576942610464,99.85373285931945,0.005078720162519045,0.0,0.09852717115286946
Urban,0.0,0.0,0.0,0.0,100.0,0.0,0.0
Water,0.0,0.0,0.0,0.0,0.0,100.0,0.0
Other,0.037143078232608526,0.0,0.0,0.020119167375996286,0.0,0.0,99.9427377543914
