from_label,Crops,TreeCrops,Forest,Grassland,Urban,Water,Other
Crops,99.70970508675859,0.0,0.02639044665830969,0.24411163158936464,0.006597611664577422,0.0,0.013195223329154845
TreeCrops,0.0,94.73684210526315,0.0,5.263157894736842,0.0,0.0,0.0
Forest,0.007938398031277289,0.0,99.5475113122172,0.4366118917202509,0.007938398031277289,0.0,0.0
Grassland,0.009066822481690056,0.0,0.026193042724882383,99.86601251221504,0.004029698880751136,0.0,0.09469792369765169
Urban,0.0,0.0,0.0,0.0,100.0,0.0,0.0
Water,0.0,0.0,0.0,0.0,0.0,100.0,0.0
Other,0.028224225793806353,0.0,0.0,0.023520188161505293,0.0,0.0,99.94825558604468
