from_label,Crops,TreeCrops,Forest,Grassland,Urban,Water,Other
Crops,99.71004942339374,0.0,0.05271828665568369,0.1845140032948929,0.013179571663920923,0.0,0.039538714991762765
TreeCrops,0.0,100.0,0.0,0.0,0.0,0.0,0.0
Forest,0.0,0.0,99.6662958843159,0.33370411568409347,0.0,0.0,0.0
Grassland,0.015101786037895415,0.0,0.045305358113686245,99.84596178241347,0.00906107162273725,0.0,0.08457000181221433
Urban,0.0,0.0,0.0,0.0,100.0,0.0,0.0
Water,0.0,0.0,0.0,0.0,0.0,100.0,0.0
Other,0.01726410948584343,0.0,0.0,0.031389289974260784,0.0,0.0,99.95134660053989
