from_label,Crops,TreeCrops,Forest,Grassland,Urban,Water,Other
Crops,99.73903588256616,0.0,0.050743022834360274,0.1377310619789779,0.014498006524102935,0.0,0.05799202609641174
TreeCrops,0.0,100.0,0.0,0.0,0.0,0.0,0.0
Forest,0.0,0.0,99.67367382560522,0.3263261743947788,0.0,0.0,0.0
Grassland,0.013998600139986,0.0,0.065993400659934,99.82401759824018,0.012998700129987002,0.0,0.08299170082991701
Urban,0.0,0.0,0.0,0.0,100.0,0.0,0.0
Water,0.0,0.0,0.0,0.0,0.0,100.0,0.0
Other,0.018965435493812525,0.0,0.006321811831270841,0.16278665465522418,0.006321811831270841,0.0,99.80560428618843
