from_label,Crops,TreeCrops,Forest,Grassland,Urban,Water,Other
Crops,98.71778267063853,0.0,0.12304105685791995,1.0296593705478565,0.03237922548892631,0.0,0.09713767646677891
TreeCrops,0.0,0.0,0.0,0.0,0.0,0.0,0.0
Forest,0.0,0.0,99.56428741186723,0.4357125881327735,0.0,0.0,0.0
Grassland,0.012086052695189751,0.0,0.024172105390379502,99.88316815727984,0.005035855289662396,0.0,0.07553782934493594
Urban,0.0,0.0,0.0,0.0,100.0,0.0,0.0
Water,0.0,0.0,0.0,0.0,0.0,100.0,0.0
Other,0.028340654669122858,0.0,0.0031489616299025395,0.039362020373781746,0.0,0.0,99.92914836332719
