from_label,Crops,TreeCrops,Forest,Grassland,Urban,Water,Other
Crops,99.77735798137903,0.0,0.006746727836999056,0.20914856294697073,0.0,0.0,0.006746727836999056
TreeCrops,0.0,100.0,0.0,0.0,0.0,0.0,0.0
Forest,0.0,0.0,99.51034591691675,0.4896540830832412,0.0,0.0,0.0
Grassland,0.007118378636728801,0.0,0.016270579741094398,99.86576771713597,0.0040676449352735995,0.0,0.106775679550932
Urban,0.0,0.0,0.0,0.0,100.0,0.0,0.0
Water,0.0,0.0,0.0,0.0,0.0,100.0,0.0
Other,0.0015460490715975325,0.0,0.009276294429585195,0.2179929190952521,0.0,0.0,99.77118473740356
