from_label,Crops,TreeCrops,Forest,Grassland,Urban,Water,Other
Crops,99.6317157712305,0.0,0.028885037550548814,0.06499133448873484,0.007221259387637203,0.0,0.26718659734257655
TreeCrops,0.0,100.0,0.0,0.0,0.0,0.0,0.0
Forest,0.0,0.0,99.61983086352704,0.12413686088913027,0.0,0.0,0.2560322755838312
Grassland,0.026536408935890002,0.0,0.10614563574356001,98.84615762626908,0.017690939290593333,0.0,1.0034693897608775
Urban,0.0,0.0,0.0,0.0,100.0,0.0,0.0
Water,0.0,0.0,0.0,0.0,0.0,100.0,0.0
Other,0.006460469999192441,0.0,0.0,0.15020592748122427,0.0032302349995962207,0.0,99.84010336751999
