from_label,Crops,TreeCrops,Forest,Grassland,Urban,Water,Other
Crops,99.77645305514157,0.0,0.04064489906516732,0.09483809781872375,0.0,0.0,0.0880639479745292
TreeCrops,0.0,100.0,0.0,0.0,0.0,0.0,0.0
Forest,0.0,0.0,99.8495287875188,0.1504712124811911,0.0,0.0,0.0
Grassland,0.09151642719868217,0.0,0.03457287249727993,99.81493344722044,0.002033698382192937,0.0,0.056943554701402235
Urban,0.0,0.0,0.0,0.0,100.0,0.0,0.0
Water,0.0,0.0,0.0,0.0,0.0,100.0,0.0
Other,0.004631630951645773,0.0,0.021614277774346942,0.22077440869511517,0.0,0.0,99.7529796825789
