from_label,Crops,TreeCrops,Forest,Grassland,Urban,Water,Other
Crops,99.09818964937075,0.0,0.08075913587724612,0.7066424389259035,0.02018978396931153,0.0,0.09421899185678713
TreeCrops,0.0,96.36363636363636,3.6363636363636362,0.0,0.0,0.0,0.0
Forest,0.007940919558484872,0.0,99.55530850472485,0.436750575716668,0.0,0.0,0.0
Grassland,0.010180292988832218,0.0,0.024432703173197325,99.8788545134329,0.004072117195532888,0.0,0.08246037320954097
Urban,0.0,0.0,0.0,0.0,100.0,0.0,0.0
Water,0.0,0.0,0.0,0.0,0.0,100.0,0.0
Other,0.0092501233349778,0.0,0.0,0.45788110508140106,0.0,0.0,99.53286877158362
