from_label,Crops,TreeCrops,Forest,Grassland,Urban,Water,Other
Crops,99.78951396861845,0.0,0.025513458349279247,0.15945911468299528,0.006378364587319812,0.0,0.019135093761959435
TreeCrops,0.0,0.0,0.0,0.0,0.0,0.0,0.0
Forest,0.0,0.0,99.61258697027198,0.3874130297280203,0.0,0.0,0.0
Grassland,0.020161290322580645,0.0,0.03225806451612903,99.84475806451613,0.0070564516129032265,0.0,0.09576612903225806
Urban,0.0,0.0,0.0,0.0,100.0,0.0,0.0
Water,0.0,0.0,0.0,0.0,0.0,100.0,0.0
Other,0.06153554861308341,0.0,0.0,0.0520685411341475,0.0,0.0,99.88639591025277
