from_label,Crops,TreeCrops,Forest,Grassland,Urban,Water,Other
Crops,99.76493362831859,0.0,0.06222345132743363,0.11753318584070797,0.0,0.0,0.05530973451327434
TreeCrops,0.0,88.9763779527559,0.0,11.023622047244094,0.0,0.0,0.0
Forest,0.0,0.0,99.64291382320266,0.35708617679733373,0.0,0.0,0.0
Grassland,0.019676905216347573,0.0,0.06690147773558175,99.82684323409615,0.002951535782452136,0.0,0.08362684716947719
Urban,0.0,0.0,0.0,0.0,100.0,0.0,0.0
Water,0.0,0.0,0.0,0.0,0.0,100.0,0.0
Other,0.025920585805239198,0.0,0.0032400732256548997,0.1684838077340548,0.0,0.0,99.80235553323506
