from_label,Crops,TreeCrops,Forest,Grassland,Urban,Water,Other
Crops,99.70285548630237,0.07247427163357008,0.03623713581678504,0.07247427163357008,0.007247427163357008,0.0,0.10871140745035512
TreeCrops,0.0,100.0,0.0,0.0,0.0,0.0,0.0
Forest,0.0,0.0,99.77821963903334,0.19118996635056593,0.0,0.0,0.03059039461609055
Grassland,0.04382120946538125,0.0019918731575173294,0.09262210182455581,99.51995856903832,0.017926858417655966,0.0,0.32367938809656605
Urban,0.0,0.0,0.0,0.0,100.0,0.0,0.0
Water,0.0,0.0,0.0,0.0,0.0,100.0,0.0
Other,0.0031736964042019737,0.0,0.0,0.11742676695547304,0.0,0.0,99.87939953664032
