from_label,Crops,TreeCrops,Forest,Grassland,Urban,Water,Other
Crops,99.53426480372588,0.0,0.09314703925482369,0.2328675981370592,0.02661343978709248,0.0,0.11310711909514304
TreeCrops,0.0,100.0,0.0,0.0,0.0,0.0,0.0
Forest,0.0,0.0,99.69682463698739,0.3031753630126057,0.0,0.0,0.0
Grassland,0.017277827465647613,0.0,0.05081713960484592,99.85263029514596,0.008130742336775347,0.0,0.07114399544678429
Urban,0.0,0.0,0.0,0.0,100.0,0.0,0.0
Water,0.0,0.0,0.0,0.0,0.0,100.0,0.0
Other,0.01236877502744322,0.0,0.00618438751372161,0.02009925941959523,0.0,0.0,99.96134757803924
