from_label,Crops,TreeCrops,Forest,Grassland,Urban,Water,Other
Crops,99.00025471217523,0.0,0.11462047885888946,0.7259296994396331,0.031839021905247074,0.0,0.1273560876209883
TreeCrops,0.0,0.0,0.0,0.0,0.0,0.0,0.0
Forest,0.007914523149980214,0.0,99.58844479620103,0.4036406806489909,0.0,0.0,0.0
Grassland,0.014119592952306033,0.0,0.029247728258348208,99.8719151210755,0.0070597964761530164,0.0,0.07765776123768317
Urban,0.0,0.0,0.0,0.0,100.0,0.0,0.0
Water,0.0,0.0,0.0,0.0,0.0,100.0,0.0
Other,0.020503438268878935,0.0,0.0,0.037852501419468804,0.0047315626774336005,0.0,99.93691249763422
