from_label,Crops,TreeCrops,Forest,Grassland,Urban,Water,Other
Crops,99.74925454052588,0.0,0.033884521550555706,0.15586879913255625,0.00677690431011114,0.0,0.05421523448088912
TreeCrops,0.0,100.0,0.0,0.0,0.0,0.0,0.0
Forest,0.0,0.0,99.59356072680905,0.4064392731909468,0.0,0.0,0.0
Grassland,0.015942288914130846,0.0,0.042844901456726654,99.84755186225863,0.001992786114266356,0.0,0.09166816125625236
Urban,0.0,0.0,0.0,0.0,100.0,0.0,0.0
Water,0.0,0.0,0.0,0.0,0.0,100.0,0.0
Other,0.03183598102575531,0.0,0.03183598102575531,0.5364362802839769,0.006367196205151062,0.0,99.39352456145936
