from_label,Crops,TreeCrops,Forest,Grassland,Urban,Water,Other
Crops,98.37527078820196,0.0,0.29161806365605736,1.1248125312447925,0.1916347275454091,0.0,0.016663889351774704
TreeCrops,0.0,100.0,0.0,0.0,0.0,0.0,0.0
Forest,0.37046184243022967,0.0,99.08619412200544,0.4445542109162756,0.09878982464806124,0.0,0.0
Grassland,0.4763967085318319,0.0,0.1472498917280208,99.21177999133825,0.0952793417063664,0.0,0.0692940666955392
Urban,0.1318608867644635,0.0,0.049447832536673814,0.1483434976100214,99.65386517224329,0.0,0.016482610845557938
Water,0.0,0.0,0.0,0.0,0.0,100.0,0.0
Other,0.847457627118644,0.0,0.0,1.694915254237288,0.0,0.0,97.45762711864407
