from_label,Crops,TreeCrops,Forest,Grassland,Urban,Water,Other
Crops,97.77048047010024,0.0,0.22468026270307642,1.7283097131005878,0.21603871413757347,0.0,0.060490839958520566
TreeCrops,0.0,100.0,0.0,0.0,0.0,0.0,0.0
Forest,0.34296913277804997,0.0,98.67711905928466,0.8329250367466928,0.1224889759921607,0.0,0.02449779519843214
Grassland,0.5219733961946456,0.0,0.08418925745074927,99.24229668294325,0.09260818319582421,0.0,0.0589324802155245
Urban,0.09828009828009827,0.0,0.03276003276003276,0.21294021294021295,99.65601965601965,0.0,0.0
Water,0.0,0.0,0.0,0.0,0.0,100.0,0.0
Other,0.0,0.0,0.0,2.083333333333333,0.0,0.0,97.91666666666666
