from_label,Crops,TreeCrops,Forest,Grassland,Urban,Water,Other
Crops,98.58474858474858,0.0,0.27472527472527475,0.9157509157509158,0.20812520812520816,0.0,0.01665001665001665
TreeCrops,0.0,100.0,0.0,0.0,0.0,0.0,0.0
Forest,0.39781203381402286,0.0,99.08005967180507,0.39781203381402286,0.12431626056688214,0.0,0.0
Grassland,0.45697534057596134,0.0,0.13795481979651664,99.23262631488188,0.13795481979651664,0.0,0.03448870494912916
Urban,0.14947683109118087,0.0,0.04982561036372695,0.16608536787908987,99.634612190666,0.0,0.0
Water,0.0,0.0,0.0,0.0,0.0,100.0,0.0
Other,0.78125,0.0,0.0,1.5625,0.78125,0.0,96.875
