from_label,Crops,TreeCrops,Forest,Grassland,Urban,Water,Other
Crops,95.98329048843188,0.0,0.35347043701799485,3.3178020565552697,0.2972365038560411,0.0,0.04820051413881748
TreeCrops,0.0,100.0,0.0,0.0,0.0,0.0,0.0
Forest,0.19965061142999752,0.0,99.02670326927876,0.6738208135762416,0.07486897928624905,0.0,0.02495632642874969
Grassland,0.45511333214349453,0.0,0.07139032661074424,99.39318222380868,0.07139032661074424,0.0,0.00892379082634303
Urban,0.06673340006673341,0.0,0.033366700033366704,0.2502502502502503,99.64964964964965,0.0,0.0
Water,0.0,0.0,0.0,0.0,0.0,100.0,0.0
Other,0.7936507936507936,0.0,0.0,3.968253968253968,0.0,0.0,95.23809523809523
