from_label,Crops,TreeCrops,Forest,Grassland,Urban,Water,Other
Crops,99.12668582799027,0.0,0.1105460977227504,0.6301127570196772,0.12160070749502541,0.0,0.011054609772275039
TreeCrops,0.0,100.0,0.0,0.0,0.0,0.0,0.0
Forest,0.32973621103117506,0.0,99.2505995203837,0.3597122302158274,0.05995203836930455,0.0,0.0
Grassland,0.9473492439424303,0.0,0.3461468391328111,98.43930284812048,0.25505556567680815,0.0,0.012145503127467054
Urban,0.0,0.0,0.06136224176723256,0.08181632235631009,99.85682143587645,0.0,0.0
Water,0.0,0.0,0.0,0.0,0.0,100.0,0.0
Other,0.0,0.0,0.0,1.9230769230769231,0.0,0.0,98.07692307692307
