from_label,Crops,TreeCrops,Forest,Grassland,Urban,Water,Other
Crops,99.12161455610165,0.0,0.09411272613196695,0.6901599916344243,0.08365575656174841,0.0,0.010456969570218551
TreeCrops,0.0,100.0,0.0,0.0,0.0,0.0,0.0
Forest,0.026961445133459154,0.0,99.43380965219735,0.45834456726880557,0.05392289026691831,0.0,0.026961445133459154
Grassland,1.5508480168943444,0.0,0.17158318484788493,98.0663894938296,0.1847818913746453,0.0,0.026397413053520752
Urban,0.0,0.0,0.018925056775170326,0.05677517032551098,99.92429977289932,0.0,0.0
Water,0.0,0.0,0.0,0.0,0.0,100.0,0.0
Other,0.0,0.0,0.0,3.8461538461538463,0.0,0.0,96.15384615384616
