from_label,Crops,TreeCrops,Forest,Grassland,Urban,Water,Other
Crops,99.05197223632977,0.0,0.11850347045877772,0.7279498899610631,0.10157440325038089,0.0,0.0
TreeCrops,0.0,100.0,0.0,0.0,0.0,0.0,0.0
Forest,0.448654037886341,0.0,98.97806580259221,0.423728813559322,0.14955134596211367,0.0,0.0
Grassland,0.6203153269578703,0.0,0.17230981304385284,98.98337210304126,0.17230981304385284,0.0,0.051692943913155855
Urban,0.12944983818770225,0.0,0.032362459546925564,0.1941747572815534,99.64401294498381,0.0,0.0
Water,0.0,0.0,0.0,0.0,0.0,100.0,0.0
Other,1.1904761904761905,0.0,0.0,1.1904761904761905,0.5952380952380952,0.0,97.02380952380952
