from_label,Crops,TreeCrops,Forest,Grassland,Urban,Water,Other
Crops,98.62846160566086,0.0,0.23586966017297106,0.9609504673713637,0.15724644011531405,0.0,0.01747182667947934
TreeCrops,0.0,100.0,0.0,0.0,0.0,0.0,0.0
Forest,0.39341037619867225,0.0,99.04106220801575,0.4671748217359233,0.09835259404966806,0.0,0.0
Grassland,0.5419595223981709,0.0,0.14395799813701415,99.17859259886527,0.10161741044965704,0.0,0.03387247014988568
Urban,0.14372404982433729,0.0,0.04790801660811242,0.07984669434685404,99.7285212392207,0.0,0.0
Water,0.0,0.0,0.0,0.0,0.0,100.0,0.0
Other,0.0,0.0,0.0,0.0,0.0,0.0,100.0
