from_label,Crops,TreeCrops,Forest,Grassland,Urban,Water,Other
Crops,99.13740612949056,0.0,0.12177795818956769,0.6088897909478385,0.12177795818956769,0.0,0.010148163182463974
TreeCrops,0.0,100.0,0.0,0.0,0.0,0.0,0.0
Forest,0.08019246190858059,0.0,99.33172948409516,0.507885592087677,0.05346164127238706,0.0,0.02673082063619353
Grassland,0.908597775969623,0.0,0.14239218877135884,98.71847030105776,0.21019799294819635,0.0,0.02034174125305126
Urban,0.0,0.0,0.0373134328358209,0.055970149253731345,99.90671641791045,0.0,0.0
Water,0.0,0.0,0.0,0.0,0.0,100.0,0.0
Other,0.0,0.0,0.0,0.0,0.0,0.0,100.0
