from_label,Crops,TreeCrops,Forest,Grassland,Urban,Water,Other
Crops,98.71947587849911,0.0,0.228310502283105,0.813976573357157,0.21838395870557872,0.0,0.019853087155052608
TreeCrops,0.0,100.0,0.0,0.0,0.0,0.0,0.0
Forest,0.3386298515238343,0.0,99.14040114613181,0.36467830164105236,0.15629070070330814,0.0,0.0
Grassland,0.4384414114984796,0.0,0.16971925606392757,99.17261862668836,0.19093416307191854,0.0,0.028286542677321263
Urban,0.12446657183499288,0.0,0.053342816500711245,0.10668563300142249,99.71550497866288,0.0,0.0
Water,0.0,0.0,0.0,0.0,0.0,100.0,0.0
Other,0.9708737864077669,0.0,0.0,0.9708737864077669,0.0,0.0,98.05825242718447
