from_label,Crops,TreeCrops,Forest,Grassland,Urban,Water,Other
Crops,93.2557902254872,0.0,0.5407611468217529,5.68309356188144,0.5203550658096112,0.0,0.0
TreeCrops,0.0,100.0,0.0,0.0,0.0,0.0,0.0
Forest,0.1271860095389507,0.0,99.10969793322735,0.699523052464229,0.06359300476947535,0.0,0.0
Grassland,0.40158161374026935,0.0,0.08031632274805386,99.40689484739899,0.09267268009390832,0.0,0.01853453601878166
Urban,0.0649772579597141,0.0,0.021659085986571368,0.043318171973142736,99.87004548408058,0.0,0.0
Water,0.0,0.0,0.0,0.0,0.0,100.0,0.0
Other,0.0,0.0,0.0,0.0,0.0,0.0,100.0
