from_label,Crops,TreeCrops,Forest,Grassland,Urban,Water,Other
Crops,98.78532046864231,0.0,0.18952446588559616,0.6374913852515507,0.3790489317711923,0.0,0.008614748449345278
TreeCrops,0.0,100.0,0.0,0.0,0.0,0.0,0.0
Forest,0.1534330648254699,0.0,99.07940161104717,0.6520905255082471,0.11507479861910241,0.0,0.0
Grassland,0.4579758756369735,0.0,0.0774043733470941,99.29045991098498,0.1548087466941882,0.0,0.019351093336773525
Urban,0.07438631291842301,0.0,0.024795437639474338,0.12397718819737169,99.75204562360526,0.0,0.024795437639474338
Water,0.0,0.0,0.0,0.0,0.0,100.0,0.0
Other,2.564102564102564,0.0,0.0,0.0,0.0,0.0,97.43589743589743
