from_label,Crops,TreeCrops,Forest,Grassland,Urban,Water,Other
Crops,99.13156752062527,0.0,0.11940946591402518,0.6404689535388624,0.09769865392965696,0.0,0.010855405992184108
TreeCrops,0.0,100.0,0.0,0.0,0.0,0.0,0.0
Forest,0.2026635784597568,0.0,99.18934568616096,0.4921829762594094,0.11580775911986102,0.0,0.0
Grassland,0.7232822047636862,0.0,0.30552437959845363,98.74049133308392,0.2182316997131812,0.0,0.012470382840753212
Urban,0.01990049751243781,0.0,0.05970149253731343,0.11940298507462686,99.80099502487563,0.0,0.0
Water,0.0,0.0,0.0,0.0,0.0,100.0,0.0
Other,0.0,0.0,0.0,1.639344262295082,0.0,0.0,98.36065573770492
