from_label,Crops,TreeCrops,Forest,Grassland,Urban,Water,Other
Crops,99.2307019844392,0.0,0.04371011452050004,0.6731357636157007,0.04371011452050004,0.0,0.008742022904100009
TreeCrops,0.0,100.0,0.0,0.0,0.0,0.0,0.0
Forest,0.6565656565656566,0.0,99.0909090909091,0.20202020202020202,0.025252525252525252,0.0,0.025252525252525252
Grassland,6.965455869266241,0.0,0.38022813688212925,92.08801876870804,0.3964080576005178,0.0,0.16988916754307903
Urban,0.2542372881355932,0.0,0.01694915254237288,0.0847457627118644,99.64406779661017,0.0,0.0
Water,0.0,0.0,0.0,0.0,0.0,100.0,0.0
Other,0.8264462809917356,0.0,0.0,0.8264462809917356,0.0,0.0,98.34710743801654
