from_label,Crops,TreeCrops,Forest,Grassland,Urban,Water,Other
Crops,99.02834819192627,0.0,0.15025543423820495,0.6911749974957427,0.12020434739056396,0.0,0.010017028949213663
TreeCrops,0.0,100.0,0.0,0.0,0.0,0.0,0.0
Forest,0.5803218148245846,0.0,99.02400422052229,0.2637826431020839,0.13189132155104194,0.0,0.0
Grassland,1.2228166469811714,0.0,0.24317376502466476,98.23525324810672,0.27096505245605507,0.0,0.027791287431390258
Urban,0.21774632553075668,0.0,0.03629105425512611,0.09072763563781529,99.6552349845763,0.0,0.0
Water,0.0,0.0,0.0,0.0,0.0,100.0,0.0
Other,1.9417475728155338,0.0,0.0,3.8834951456310676,0.0,0.0,94.1747572815534
