from_label,Crops,TreeCrops,Forest,Grassland,Urban,Water,Other
Crops,99.15759915759915,0.0,0.06142506142506143,0.7020007020007021,0.07897507897507897,0.0,0.0
TreeCrops,0.0,100.0,0.0,0.0,0.0,0.0,0.0
Forest,0.3935071323167732,0.0,98.67191342843088,0.7870142646335464,0.0983767830791933,0.0,0.04918839153959665
Grassland,1.0134573849476656,0.0,0.23259677687323477,98.4465858115966,0.21598272138228944,0.0,0.09137730520019936
Urban,0.09795918367346938,0.0,0.0163265306122449,0.21224489795918366,99.67346938775509,0.0,0.0
Water,0.0,0.0,0.0,0.0,0.0,100.0,0.0
Other,1.282051282051282,0.0,0.0,3.8461538461538463,0.0,0.0,94.87179487179486
