from_label,Crops,TreeCrops,Forest,Grassland,Urban,Water,Other
Crops,98.41511072514112,0.0,0.2713851498046027,1.0421189752496742,0.2713851498046027,0.0,0.0
TreeCrops,0.0,100.0,0.0,0.0,0.0,0.0,0.0
Forest,0.25125628140703515,0.0,99.02638190954774,0.5653266331658292,0.157035175879397,0.0,0.0
Grassland,0.38989862635714717,0.0,0.23993761621978285,99.1302261412033,0.22794073540879373,0.0,0.011996880810989142
Urban,0.10686044026501389,0.0,0.06411626415900834,0.04274417610600555,99.78627911946997,0.0,0.0
Water,0.0,0.0,0.0,0.0,0.0,100.0,0.0
Other,0.0,0.0,0.0,0.0,0.0,0.0,100.0
