from_label,Crops,TreeCrops,Forest,Grassland,Urban,Water,Other
Crops,96.75176318664946,0.0,0.5066057415317374,2.244958776199464,0.49667229561935033,0.0,0.0
TreeCrops,0.0,100.0,0.0,0.0,0.0,0.0,0.0
Forest,0.2573174654229656,0.0,99.03505950466388,0.5789642972016726,0.1286587327114828,0.0,0.0
Grassland,0.29351152188846563,0.0,0.08118403796915007,99.53163055017798,0.09367388996440391,0.0,0.0
Urban,0.13160780872998465,0.0,0.043869269576661554,0.06580390436499232,99.75871901732836,0.0,0.0
Water,0.0,0.0,0.0,0.0,0.0,100.0,0.0
Other,0.0,0.0,0.0,2.380952380952381,0.0,0.0,97.61904761904762
