from_label,Crops,TreeCrops,Forest,Grassland,Urban,Water,Other
Crops,99.15680095392216,0.0,0.09368878289753854,0.6728558044459586,0.06813729665275531,0.0,0.008517162081594414
TreeCrops,0.0,100.0,0.0,0.0,0.0,0.0,0.0
Forest,0.570861255894763,0.0,98.63489699677339,0.6453214197071234,0.12410027302060064,0.0,0.02482005460412013
Grassland,1.1811023622047243,0.0,0.21396781923998628,98.3224922971585,0.21396781923998628,0.0,0.06846970215679561
Urban,0.14600908500973395,0.0,0.03244646333549643,0.16223231667748217,99.64308890330955,0.0,0.016223231667748216
Water,0.0,0.0,0.0,0.0,0.0,100.0,0.0
Other,1.2269938650306749,0.0,0.0,2.4539877300613497,0.0,0.0,96.31901840490798
