from_label,Crops,TreeCrops,Forest,Grassland,Urban,Water,Other
Crops,98.65612648221344,0.0,0.17786561264822134,0.9782608695652175,0.16798418972332016,0.0,0.019762845849802372
TreeCrops,0.0,100.0,0.0,0.0,0.0,0.0,0.0
Forest,0.23547880690737832,0.0,99.05808477237049,0.5756148613291471,0.13082155939298795,0.0,0.0
Grassland,0.52988554472234,0.0,0.23314963967782956,98.96142433234422,0.24021478027412743,0.0,0.035325702981489335
Urban,0.08954154727793696,0.0,0.03581661891117478,0.14326647564469913,99.7134670487106,0.0,0.01790830945558739
Water,0.0,0.0,0.0,0.0,0.0,100.0,0.0
Other,0.9900990099009901,0.0,0.0,4.9504950495049505,0.0,0.0,94.05940594059405
