from_label,Crops,TreeCrops,Forest,Grassland,Urban,Water,Other
Crops,99.35403008098727,0.0,0.04820671037408407,0.5495564982645584,0.03856536829926726,0.0,0.009641342074816815
TreeCrops,0.0,100.0,0.0,0.0,0.0,0.0,0.0
Forest,0.8163265306122449,0.0,99.0561224489796,0.10204081632653061,0.025510204081632654,0.0,0.0
Grassland,8.74493927125506,0.0,0.3459698196540302,90.5115936694884,0.35333087964666915,0.0,0.044166359955833644
Urban,0.2759096395930333,0.0,0.01724435247456458,0.05173305742369374,99.65511295050871,0.0,0.0
Water,0.0,0.0,0.0,0.0,0.0,100.0,0.0
Other,0.9523809523809524,0.0,0.0,2.857142857142857,0.0,0.0,96.19047619047619
