from_label,Crops,TreeCrops,Forest,Grassland,Urban,Water,Other
Crops,97.03258339798293,0.0,0.4945694336695112,1.978277734678045,0.4945694336695112,0.0,0.0
TreeCrops,0.0,100.0,0.0,0.0,0.0,0.0,0.0
Forest,0.29296875,0.0,99.0234375,0.5533854166666667,0.13020833333333331,0.0,0.0
Grassland,0.28996469994957136,0.0,0.08825012607160868,99.52092788703983,0.09455370650529502,0.0,0.006303580433686335
Urban,0.13333333333333333,0.0,0.044444444444444446,0.06666666666666667,99.75555555555556,0.0,0.0
Water,0.0,0.0,0.0,0.0,0.0,100.0,0.0
Other,0.0,0.0,0.0,2.380952380952381,0.0,0.0,97.61904761904762
