from_label,Crops,TreeCrops,Forest,Grassland,Urban,Water,Other
Crops,97.34107050060628,0.0,0.2425082279577343,1.9400658236618744,0.46769443963277324,0.0,0.008661008141347654
TreeCrops,0.0,100.0,0.0,0.0,0.0,0.0,0.0
Forest,0.267379679144385,0.0,99.08326967150497,0.53475935828877,0.1145912910618793,0.0,0.0
Grassland,0.3486345148169669,0.0,0.04519336303182904,99.50287300664988,0.09684292078249081,0.0,0.006456194718832719
Urban,0.12212994626282364,0.0,0.024425989252564728,0.21983390327308255,99.63361016121152,0.0,0.0
Water,0.0,0.0,0.0,0.0,0.0,100.0,0.0
Other,2.3255813953488373,0.0,0.0,0.0,0.0,0.0,97.67441860465115
