from_label,Crops,TreeCrops,Forest,Grassland,Urban,Water,Other
Crops,99.8256320836966,0.012454851164528583,0.012454851164528583,0.149458213974343,0.0,0.0,0.0
TreeCrops,0.0,100.0,0.0,0.0,0.0,0.0,0.0
Forest,0.0011938730435405499,0.0,99.46753262258092,0.5312735043755447,0.0,0.0,0.0
Grassland,0.0016893604081494745,0.002064773832182691,0.016142777233428312,99.97897684825415,0.0009385335600830414,0.0,0.0001877067120166083
Urban,0.0,0.0,0.0,0.0,100.0,0.0,0.0
Water,0.0,0.0,0.0,0.0,0.0,100.0,0.0
Other,0.0,0.0,0.0,0.0,0.0,0.0,100.0
