from_label,Crops,TreeCrops,Forest,Grassland,Urban,Water,Other
Crops,99.79037836704748,0.0,0.05240540823813018,0.1572162247143905,0.0,0.0,0.0
TreeCrops,0.0,100.0,0.0,0.0,0.0,0.0,0.0
Forest,0.005572039505760096,0.001393009876440024,99.8815941605026,0.11144079011520192,0.0,0.0,0.0
Grassland,0.0023940759511387514,0.0,0.014548615395381641,99.98287314896494,0.0001841596885491347,0.0,0.0
Urban,0.0,0.0,0.0,0.0,100.0,0.0,0.0
Water,0.0,0.0,0.0,0.0,0.0,100.0,0.0
Other,0.0,0.0,0.0,0.0,0.0,0.0,100.0
