from_label,Crops,TreeCrops,Forest,Grassland,Urban,Water,Other
Crops,97.86272092067406,0.0,0.1952322235922729,1.942046855733662,0.0,0.0,0.0
TreeCrops,0.0,100.0,0.0,0.0,0.0,0.0,0.0
Forest,0.0013932621840777998,0.0027865243681555996,99.8801794521693,0.11564076127845739,0.0,0.0,0.0
Grassland,0.002947499507214926,0.00018421871920093288,0.01473749753607463,99.98194656551831,0.00018421871920093288,0.0,0.0
Urban,0.0,0.0,0.0,0.0,100.0,0.0,0.0
Water,0.0,0.0,0.0,0.0,0.0,100.0,0.0
Other,0.0,0.0,0.0,0.0,0.0,0.0,100.0
