from_label,Crops,TreeCrops,Forest,Grassland,Urban,Water,Other
Crops,99.87517163899639,0.0,0.012482836100362,0.11234552490325801,0.0,0.0,0.0
TreeCrops,0.0,100.0,0.0,0.0,0.0,0.0,0.0
Forest,0.0,0.0,99.57943483602683,0.42056516397315946,0.0,0.0,0.0
Grassland,0.00413613913972066,0.0,0.017672594506079185,99.97725123473154,0.0007520252981310291,0.0,0.00018800632453275728
Urban,0.0,0.0,0.0,0.0,100.0,0.0,0.0
Water,0.0,0.0,0.0,0.0,0.0,100.0,0.0
Other,0.0,0.0,0.0,0.0,0.0,0.0,100.0
