from_label,Crops,TreeCrops,Forest,Grassland,Urban,Water,Other
Crops,99.83816755881986,0.0,0.0,0.16183244118013196,0.0,0.0,0.0
TreeCrops,0.0,97.27272727272728,0.0,2.727272727272727,0.0,0.0,0.0
Forest,0.0024154589371980675,0.0,99.47463768115942,0.5229468599033816,0.0,0.0,0.0
Grassland,0.00430974714900857,0.0,0.016676847663554904,99.9780765036333,0.0007495212433058384,0.0,0.0001873803108264596
Urban,0.0,0.0,0.0,0.0,100.0,0.0,0.0
Water,0.0,0.0,0.0,0.0,0.0,100.0,0.0
Other,0.0,0.0,0.0,0.0,0.0,0.0,100.0
