from_label,Crops,TreeCrops,Forest,Grassland,Urban,Water,Other
Crops,98.88202412474257,0.0,0.09806805923310777,1.0101010101010102,0.009806805923310779,0.0,0.0
TreeCrops,0.0,100.0,0.0,0.0,0.0,0.0,0.0
Forest,0.002789672631916645,0.0,99.89678211261909,0.1004282147489992,0.0,0.0,0.0
Grassland,0.003133548134985881,0.004792485382919582,0.014746108870521791,99.97659055216805,0.0005529790826445672,0.0,0.00018432636088152238
Urban,0.0,0.0,0.0,0.0,100.0,0.0,0.0
Water,0.0,0.0,0.0,0.0,0.0,100.0,0.0
Other,0.0,0.0,0.0,0.0,0.0,0.0,100.0
