from_label,Crops,TreeCrops,Forest,Grassland,Urban,Water,Other
Crops,99.82000224997188,0.0,0.01124985937675779,0.16874789065136686,0.0,0.0,0.0
TreeCrops,0.0,100.0,0.0,0.0,0.0,0.0,0.0
Forest,0.008874689385871494,0.0,99.47512551346416,0.5159997971499569,0.0,0.0,0.0
Grassland,0.068942900371919,0.0,0.017701555500898122,99.91261021547452,0.0007453286526693946,0.0,0.0
Urban,0.0,0.0,0.0,0.0,100.0,0.0,0.0
Water,0.0,0.0,0.0,0.0,0.0,100.0,0.0
Other,0.0,0.0,0.0,0.0,0.0,0.0,100.0
