from_label,Crops,TreeCrops,Forest,Grassland,Urban,Water,Other
Crops,99.89993746091307,0.0,0.012507817385866166,0.08755472170106317,0.0,0.0,0.0
TreeCrops,0.0,100.0,0.0,0.0,0.0,0.0,0.0
Forest,0.001177481837342659,0.0,99.57257409304462,0.42624842511804256,0.0,0.0,0.0
Grassland,0.004326276486687295,0.0,0.015612215147610672,99.97987340938802,0.0,0.0,0.0001880989776820563
Urban,0.0,0.0,0.0,0.0,100.0,0.0,0.0
Water,0.0,0.0,0.0,0.0,0.0,100.0,0.0
Other,0.0,0.0,0.0,0.0,0.0,0.0,100.0
