from_label,Crops,TreeCrops,Forest,Grassland,Urban,Water,Other
Crops,99.29321053758835,0.0,0.03212679374598415,0.6746626686656672,0.0,0.0,0.0
TreeCrops,0.0,71.57894736842105,2.1052631578947367,26.31578947368421,0.0,0.0,0.0
Forest,0.0038825904643578196,0.0012941968214526065,99.32184086555883,0.6729823471553554,0.0,0.0,0.0
Grassland,0.0016733538845980789,0.005763774491393383,0.015060184961382712,99.97694490203443,0.0005577846281993597,0.0,0.0
Urban,0.0,0.0,0.0,0.0,100.0,0.0,0.0
Water,0.0,0.0,0.0,0.0,0.0,100.0,0.0
Other,0.0,0.0,0.0,0.32679738562091504,0.0,0.0,99.67320261437908
