from_label,Crops,TreeCrops,Forest,Grassland,Urban,Water,Other
Crops,99.7953688745288,0.0,0.03231017770597738,0.1723209477652127,0.0,0.0,0.0
TreeCrops,0.0,46.2962962962963,0.0,53.70370370370371,0.0,0.0,0.0
Forest,0.007900662338859409,0.0,99.32449337002753,0.6676059676336199,0.0,0.0,0.0
Grassland,0.010570216837799094,0.0,0.01743158566233535,99.97144187029787,0.0005563272019894261,0.0,0.0
Urban,0.0,0.0,0.0,0.0,100.0,0.0,0.0
Water,0.0,0.0,0.0,0.0,0.0,100.0,0.0
Other,0.0,0.0,0.0,0.0,0.0,0.0,100.0
