from_label,Crops,TreeCrops,Forest,Grassland,Urban,Water,Other
Crops,99.82160555004955,0.0,0.009910802775024777,0.16848364717542122,0.0,0.0,0.0
TreeCrops,0.0,100.0,0.0,0.0,0.0,0.0,0.0
Forest,0.002716394800820351,0.0,99.27608078558137,0.7212028196178033,0.0,0.0,0.0
Grassland,0.006472491909385113,0.0005547850208044383,0.016273693943596856,99.97595931576514,0.0005547850208044383,0.0,0.00018492834026814607
Urban,0.0,0.0,0.0,0.0,100.0,0.0,0.0
Water,0.0,0.0,0.0,0.0,0.0,100.0,0.0
Other,0.0,0.0,0.0,0.0,0.0,0.0,100.0
