from_label,Crops,TreeCrops,Forest,Grassland,Urban,Water,Other
Crops,99.89833523954759,0.0,0.012708095056551023,0.08895666539585716,0.0,0.0,0.0
TreeCrops,0.0,100.0,0.0,0.0,0.0,0.0,0.0
Forest,0.0,0.0011507877141903634,99.5696053948928,0.42924381739300554,0.0,0.0,0.0
Grassland,0.00528497331088478,0.0018874904681731356,0.016232418026288966,99.97640636914784,0.0,0.0,0.00018874904681731358
Urban,0.0,0.0,0.0,0.0,100.0,0.0,0.0
Water,0.0,0.0,0.0,0.0,0.0,100.0,0.0
Other,0.0,0.0,0.0,0.0,0.0,0.0,100.0
