from_label,Crops,TreeCrops,Forest,Grassland,Urban,Water,Other
Crops,99.55275462492376,0.0,0.17279934946127262,0.2744460256149624,0.0,0.0,0.0
TreeCrops,0.0,100.0,0.0,0.0,0.0,0.0,0.0
Forest,0.007978086854772226,0.0,99.30058771906496,0.6914341940802595,0.0,0.0,0.0
Grassland,0.0022244136816270844,0.0,0.015200160157785076,99.98183395493338,0.0005561034204067711,0.0,0.00018536780680225706
Urban,0.0,0.0,0.0,0.0,100.0,0.0,0.0
Water,0.0,0.0,0.0,0.0,0.0,100.0,0.0
Other,0.0,0.0,0.0,0.0,0.0,0.0,100.0
