from_label,Crops,TreeCrops,Forest,Grassland,Urban,Water,Other
Crops,99.87463958881784,0.0,0.012536041118214866,0.11282437006393381,0.0,0.0,0.0
TreeCrops,0.0,100.0,0.0,0.0,0.0,0.0,0.0
Forest,0.0035208788113513137,0.0011736262704504377,99.57162641128559,0.42367908363260803,0.0,0.0,0.0
Grassland,0.004704766493029418,0.0,0.01599620607630002,99.97911083677094,0.0,0.0,0.00018819065972117672
Urban,0.0,0.0,0.0,0.0,100.0,0.0,0.0
Water,0.0,0.0,0.0,0.0,0.0,100.0,0.0
Other,0.0,0.0,0.0,0.0,0.0,0.0,100.0
