from_label,Crops,TreeCrops,Forest,Grassland,Urban,Water,Other
Crops,99.8985929775637,0.0,0.012675877804537964,0.08873114463176575,0.0,0.0,0.0
TreeCrops,0.0,89.0,1.0,10.0,0.0,0.0,0.0
Forest,0.0011546010853250204,0.0,99.58665281145365,0.4121925874610322,0.0,0.0,0.0
Grassland,0.004905114336328597,0.0005659747311148382,0.016601925446035254,99.97773832724282,0.0,0.0,0.00018865824370494606
Urban,0.0,0.0,0.0,0.0,100.0,0.0,0.0
Water,0.0,0.0,0.0,0.0,0.0,100.0,0.0
Other,0.0,0.0,0.0,0.0,0.0,0.0,100.0
