from_label,Crops,TreeCrops,Forest,Grassland,Urban,Water,Other
Crops,99.83968430139352,0.0,0.0,0.16031569860648662,0.0,0.0,0.0
TreeCrops,0.0,98.27586206896551,0.0,1.7241379310344827,0.0,0.0,0.0
Forest,0.0,0.0024572439551798705,99.65844309023,0.3390996658148221,0.0,0.0,0.0
Grassland,0.002616954500507502,0.0,0.016449428288904302,99.97962513996033,0.001308477250253751,0.0,0.0
Urban,0.0,0.0,0.0,0.0,100.0,0.0,0.0
Water,0.0,0.0,0.0,0.0,0.0,100.0,0.0
Other,0.0,0.0,0.0,0.0,0.0,0.0,100.0
