from_label,Crops,TreeCrops,Forest,Grassland,Urban,Water,Other
Crops,99.42412285379119,0.0,0.03199317478937827,0.5438839714194306,0.0,0.0,0.0
TreeCrops,0.0,94.0,0.0,6.0,0.0,0.0,0.0
Forest,0.0051466803911477095,0.0012866700977869274,99.31163149768399,0.6819351518270715,0.0,0.0,0.0
Grassland,0.002047086716454297,0.0,0.014887903392394887,99.98250671351394,0.0005582963772148082,0.0,0.0
Urban,0.0,0.0,0.0,0.0,100.0,0.0,0.0
Water,0.0,0.0,0.0,0.0,0.0,100.0,0.0
Other,0.0,0.0,0.0,0.0,0.0,0.0,100.0
