from_label,Crops,TreeCrops,Forest,Grassland,Urban,Water,Other
Crops,99.80958107837242,0.010022048506714773,0.0,0.1803968731208659,0.0,0.0,0.0
TreeCrops,0.0,100.0,0.0,0.0,0.0,0.0,0.0
Forest,0.005405770660179742,0.0,99.39320224339482,0.6013919859449963,0.0,0.0,0.0
Grassland,0.02349550162895978,0.005735122444864198,0.014985319936580647,99.9552290441401,0.000555011849502987,0.0,0.0
Urban,0.0,0.0,0.0,0.0,100.0,0.0,0.0
Water,0.0,0.0,0.0,0.0,0.0,100.0,0.0
Other,0.0,0.0,0.0,0.0,0.0,0.0,100.0
