from_label,Crops,TreeCrops,Forest,Grassland,Urban,Water,Other
Crops,99.884437596302,0.0,0.012840267077555213,0.1027221366204417,0.0,0.0,0.0
TreeCrops,0.0,58.139534883720934,0.0,41.86046511627907,0.0,0.0,0.0
Forest,0.005678462726570663,0.0011356925453141326,99.56502975514468,0.42815608958342793,0.0,0.0,0.0
Grassland,0.003782598910233254,0.0017021695096049643,0.017210825041561306,99.97711527659308,0.0,0.0,0.00018912994551166268
Urban,0.0,0.0,0.0,0.0,100.0,0.0,0.0
Water,0.0,0.0,0.0,0.0,0.0,100.0,0.0
Other,0.0,0.0,0.0,0.0,0.0,0.0,100.0
