from_label,Crops,TreeCrops,Forest,Grassland,Urban,Water,Other
Crops,99.83653967056456,0.0,0.01257387149503332,0.15088645794039984,0.0,0.0,0.0
TreeCrops,0.0,100.0,0.0,0.0,0.0,0.0,0.0
Forest,0.0,0.001165990392239168,99.57557949722494,0.4232545123828179,0.0,0.0,0.0
Grassland,0.0045210766944147746,0.0018837819560061564,0.01638890301725356,99.97701786013673,0.0,0.0,0.00018837819560061562
Urban,0.0,0.0,0.0,0.0,100.0,0.0,0.0
Water,0.0,0.0,0.0,0.0,0.0,100.0,0.0
Other,0.0,0.0,0.0,0.0,0.0,0.0,100.0
