from_label,Crops,TreeCrops,Forest,Grassland,Urban,Water,Other
Crops,99.74594488958374,0.0,0.019542700801250732,0.2345124096150088,0.0,0.0,0.0
TreeCrops,0.0,94.0,0.0,6.0,0.0,0.0,0.0
Forest,0.006866245536940401,0.0,99.27080472397692,0.7223290304861302,0.0,0.0,0.0
Grassland,0.003878811162849116,0.004987042923663149,0.014222307597113425,99.9761730171425,0.0005541158804070166,0.0,0.00018470529346900554
Urban,0.0,0.0,0.0,0.0,100.0,0.0,0.0
Water,0.0,0.0,0.0,0.0,0.0,100.0,0.0
Other,0.0,0.0,0.0,0.0,0.0,0.0,100.0
