from_label,Crops,TreeCrops,Forest,Grassland,Urban,Water,Other
Crops,99.89954796584631,0.0,0.012556504269211453,0.08789552988448016,0.0,0.0,0.0
TreeCrops,0.0,91.17647058823529,0.9803921568627451,7.8431372549019605,0.0,0.0,0.0
Forest,0.0058487740969492795,0.0,99.56602096200636,0.42813026389668724,0.0,0.0,0.0
Grassland,0.0030126153266804745,0.00018828845791752966,0.01638109583882508,99.98022971191865,0.0,0.0,0.00018828845791752966
Urban,0.0,0.0,0.0,0.0,100.0,0.0,0.0
Water,0.0,0.0,0.0,0.0,0.0,100.0,0.0
Other,0.0,0.0,0.0,0.0,0.0,0.0,100.0
