from_label,Crops,TreeCrops,Forest,Grassland,Urban,Water,Other
Crops,99.20292977165015,0.0,0.03231365790607497,0.7647565704437743,0.0,0.0,0.0
TreeCrops,0.0,84.0,2.0,14.000000000000002,0.0,0.0,0.0
Forest,0.0026031498112716388,0.0,99.31537159963555,0.6820252505531693,0.0,0.0,0.0
Grassland,0.002229128392222571,0.0005572820980556428,0.015418138046206117,99.98123816936545,0.0005572820980556428,0.0,0.0
Urban,0.0,0.0,0.0,0.0,100.0,0.0,0.0
Water,0.0,0.0,0.0,0.0,0.0,100.0,0.0
Other,0.0,0.0,0.0,0.0,0.0,0.0,100.0
