from_label,Crops,TreeCrops,Forest,Grassland,Urban,Water,Other
Crops,99.8380062305296,0.0,0.012461059190031152,0.14953271028037382,0.0,0.0,0.0
TreeCrops,0.0,100.0,0.0,0.0,0.0,0.0,0.0
Forest,0.003597036042301144,0.0,99.54317642262775,0.4532265413299441,0.0,0.0,0.0
Grassland,0.0024386080425293243,0.0,0.01500681872325738,99.98142906182997,0.0009379261702035862,0.0,0.00018758523404071727
Urban,0.0,0.0,0.0,0.0,100.0,0.0,0.0
Water,0.0,0.0,0.0,0.0,0.0,100.0,0.0
Other,0.0,0.0,0.0,0.0,0.0,0.0,100.0
