from_label,Crops,TreeCrops,Forest,Grassland,Urban,Water,Other
Crops,99.2220430329846,0.00027567575018263516,0.2687838564280693,0.48050283256833315,0.0,0.0,0.028394602268811422
TreeCrops,0.0,99.22651933701657,0.05524861878453039,0.6629834254143646,0.0,0.0,0.05524861878453039
Forest,0.05644836126951212,0.02188814008409654,99.82374287195438,0.09561661194631646,0.0,0.0,0.0023040147456943726
Grassland,0.059664552626345214,0.0331469736813029,0.059664552626345214,99.84089452632975,0.0,0.0,0.00662939473626058
Urban,0.012597631645250695,0.0,0.01889644746787604,0.0,99.949609473419,0.0,0.01889644746787604
Water,0.0,0.0,0.0,0.0,0.0,100.0,0.0
Other,0.05178663904712584,0.0,0.0,0.0,0.0,0.0,99.94821336095288
