from_label,Crops,TreeCrops,Forest,Grassland,Urban,Water,Other
Crops,99.64821818694355,0.0,0.08721135098310978,0.26339589842373556,0.0,0.0,0.0011745636496041719
TreeCrops,0.0,99.4921875,0.1171875,0.390625,0.0,0.0,0.0
Forest,0.03401685960604224,0.00106302686268882,99.84905018549819,0.1158699280330814,0.0,0.0,0.0
Grassland,0.06856023506366307,0.0,0.06562193927522036,99.86483839373163,0.0,0.0,0.000979431929480901
Urban,0.039416633819471816,0.0,0.1510970963079753,0.4138746551044541,99.3956116147681,0.0,0.0
Water,0.0,0.0,0.0,0.0,0.0,100.0,0.0
Other,0.03834355828220859,0.0,0.0,0.15337423312883436,0.0,0.0,99.80828220858896
