from_label,Crops,TreeCrops,Forest,Grassland,Urban,Water,Other
Crops,99.93132803117163,0.0,0.02147889773927038,0.04568047265675814,0.0,0.0,0.0015125984323429847
TreeCrops,0.02257336343115124,99.75169300225734,0.09029345372460496,0.13544018058690743,0.0,0.0,0.0
Forest,0.03553548845619205,0.0,99.84113546337232,0.12019356389594374,0.0,0.0,0.003135484275546358
Grassland,0.05198856251624642,0.0,0.07619013472208529,99.86465046655253,0.0,0.0,0.007170836209137438
Urban,0.048520135856380396,0.0,0.13862895958965826,0.08317737575379497,99.70887918486171,0.0,0.020794343938448742
Water,0.0,0.0,0.0,0.0,0.0,100.0,0.0
Other,0.0,0.0,0.0,0.06629101756711965,0.0,0.0,99.93370898243288
