from_label,Crops,TreeCrops,Forest,Grassland,Urban,Water,Other
Crops,99.70784015135784,0.0,0.1093075840428232,0.1721810756558455,0.0,0.0,0.010671188943494612
TreeCrops,0.0,99.93134225883968,0.03432887058015791,0.03432887058015791,0.0,0.0,0.0
Forest,0.0548600520073293,0.009874809361319275,99.83651704501816,0.095456490492753,0.0,0.0,0.003291603120439758
Grassland,0.04694787764974842,0.03470060521937927,0.06735999836703034,99.84588848858452,0.0,0.0,0.00510303017932048
Urban,0.0,0.0,0.16636805733299206,0.00639877143588431,99.81443562835935,0.0,0.01279754287176862
Water,0.0,0.0,0.0,0.0,0.0,100.0,0.0
Other,0.04221190375685943,0.0,0.0,0.08442380751371886,0.0,0.0,99.87336428872943
