from_label,Crops,TreeCrops,Forest,Grassland,Urban,Water,Other
Crops,99.19867056193597,0.0,0.10053579665748044,0.6573266940281737,0.0,0.0,0.043466947378381256
TreeCrops,0.019712201852946976,94.06662724226295,1.478415138971023,4.4155332150601225,0.0,0.0,0.019712201852946976
Forest,0.024321637797940065,0.0,99.83609331049215,0.13218281411923946,0.0,0.0,0.0074022375906774105
Grassland,0.05759981568058982,0.0,0.023039926272235927,99.9116802826231,0.0,0.0,0.007679975424078642
Urban,0.013259961546111516,0.0,0.1127096731419479,0.0795597692766691,99.74143074985082,0.0,0.053039846184446064
Water,0.0,0.0,0.0,0.0,0.0,100.0,0.0
Other,0.0,0.0,0.0,0.15408320493066258,0.0,0.0,99.84591679506933
