from_label,Crops,TreeCrops,Forest,Grassland,Urban,Water,Other
Crops,99.60172983607343,0.0,0.08877106063423323,0.30200154749551644,0.0,0.0,0.007497555796810239
TreeCrops,0.0,99.23906150919467,0.2113718030014796,0.549566687803847,0.0,0.0,0.0
Forest,0.031535130134970356,0.0,99.84863137535214,0.11773115250388934,0.0,0.0,0.0021023420089980238
Grassland,0.053447354355959376,0.0009215061095855066,0.0562118726847159,99.88757625463057,0.0,0.0,0.0018430122191710131
Urban,0.0,0.0,0.21356113187399892,0.40710090763481044,99.359316604378,0.0,0.020021356113187398
Water,0.0,0.0,0.0,0.0,0.0,100.0,0.0
Other,0.034891835310537335,0.0,0.0,0.10467550593161201,0.0,0.0,99.86043265875784
