from_label,Crops,TreeCrops,Forest,Grassland,Urban,Water,Other
Crops,99.90933843377758,0.0,0.036849539819437255,0.051179916415885075,0.0,0.0,0.002632109987102661
TreeCrops,0.018793459875963165,99.30464198458935,0.09396729937981582,0.5825972561548581,0.0,0.0,0.0
Forest,0.04183875985624631,0.0,99.84766400257469,0.10835166014053531,0.0,0.0,0.0021455774285254517
Grassland,0.047386346808825704,0.0,0.09181104694209981,99.85389209733945,0.0,0.0,0.0069105089096204156
Urban,0.07169393208629342,0.0,0.18249364531056508,0.032588150948315193,99.7001890112755,0.0,0.013035260379326077
Water,0.0,0.0,0.0,0.0,0.0,100.0,0.0
Other,0.0,0.0,0.0,0.0778816199376947,0.0,0.0,99.9221183800623
