from_label,Crops,TreeCrops,Forest,Grassland,Urban,Water,Other
Crops,99.95705649490273,0.0,0.013608857249135839,0.028427390698194863,0.0,0.0,0.0009072571499423891
TreeCrops,0.0,99.79610330765746,0.1359311282283643,0.06796556411418216,0.0,0.0,0.0
Forest,0.03655734280342594,0.0,99.84437016920828,0.11802799247963233,0.0,0.0,0.0010444955086693127
Grassland,0.05291195092640755,0.0,0.09954621275985148,99.84126414722077,0.0,0.0,0.006277689092963608
Urban,0.0698616738857063,0.0,0.12575101299427133,0.09780634343998881,99.69959480229146,0.0,0.00698616738857063
Water,0.0,0.0,0.0,0.0,0.0,100.0,0.0
Other,0.0,0.0,0.0,0.06596306068601583,0.0,0.0,99.93403693931398
