from_label,Crops,TreeCrops,Forest,Grassland,Urban,Water,Other
Crops,99.97053445302411,0.0,0.004622046584452013,0.024843500391429567,0.0,0.0,0.0
TreeCrops,0.0,99.98263888888889,0.0,0.017361111111111112,0.0,0.0,0.0
Forest,0.03171998906207274,0.030626196335794366,99.8228055783429,0.11484823625922888,0.0,0.0,0.0
Grassland,0.11488293124307397,0.03761653500879414,0.11488293124307397,99.72956761318002,0.0,0.0,0.0030499893250373624
Urban,0.0,0.0,0.06424257998201208,0.0,99.93575742001799,0.0,0.0
Water,0.0,0.0,0.0,0.0,0.0,100.0,0.0
Other,0.3341687552213868,0.0,0.0,1.086048454469507,0.0,0.0,98.5797827903091
