from_label,Crops,TreeCrops,Forest,Grassland,Urban,Water,Other
Crops,99.52949123328034,0.0,0.16857956431354054,0.2850421303332576,0.0,0.0,0.016887072072858982
TreeCrops,0.0,99.42466738583244,0.10787486515641855,0.4135203164329378,0.0,0.0,0.05393743257820927
Forest,0.05398635225015116,0.0,99.83588148915953,0.10689297745529931,0.0,0.0,0.0032391811350090697
Grassland,0.05591054313099042,0.0,0.06589456869009586,99.86920926517571,0.0,0.0,0.008985623003194889
Urban,0.006494771708774437,0.012989543417548873,0.1623692927193609,0.0,99.79866207702798,0.0,0.01948431512632331
Water,0.0,0.0,0.0,0.0,0.0,100.0,0.0
Other,0.04032258064516129,0.0,0.0,0.08064516129032258,0.0,0.0,99.87903225806451
