from_label,Crops,TreeCrops,Forest,Grassland,Urban,Water,Other
Crops,99.96794010865703,0.0,0.012130769697337295,0.019640293795688955,0.0,0.0,0.0002888278499366023
TreeCrops,0.0,98.93449781659389,0.3668122270742358,0.6986899563318777,0.0,0.0,0.0
Forest,0.08850621182486697,0.0010926692817884811,99.82626558419562,0.08413553469771304,0.0,0.0,0.0
Grassland,0.1606360373732958,0.0,0.0874348051525534,99.74989578991247,0.0,0.0,0.0020333675616872886
Urban,0.0,0.0,0.10971989157093068,0.0,99.88382599716019,0.0,0.006454111268878275
Water,0.0,0.0,0.0,0.0,0.0,100.0,0.0
Other,0.29799914857386123,0.0,0.0,0.1277139208173691,0.0,0.0,99.57428693060876
