from_label,Crops,TreeCrops,Forest,Grassland,Urban,Water,Other
Crops,99.75442808580877,0.0,0.09465051451788838,0.1451500268368837,0.0,0.0,0.005771372836456607
TreeCrops,0.0,99.84005686866891,0.053314377110360765,0.10662875422072153,0.0,0.0,0.0
Forest,0.04915776364947238,0.0010923947477660529,99.83723318258286,0.11142426427213738,0.0,0.0,0.0010923947477660529
Grassland,0.04483254027286714,0.002037842739675779,0.07540018136800383,99.87365375014011,0.0010189213698378896,0.0,0.003056764109513669
Urban,0.02587154776534506,0.0,0.17463294741607915,0.0,99.7865597309359,0.0,0.01293577388267253
Water,0.0,0.0,0.0,0.0,0.0,100.0,0.0
Other,0.04233700254022015,0.0,0.0,0.0,0.0,0.0,99.95766299745978
