from_label,Crops,TreeCrops,Forest,Grassland,Urban,Water,Other
Crops,99.74104065916923,0.03772354034007914,0.08452342121310964,0.13217420901110433,0.0,0.0,0.0045381702664756855
TreeCrops,0.0,99.94987468671678,0.05012531328320802,0.0,0.0,0.0,0.0
Forest,0.05437013858837367,0.002219189330137701,99.83910877356502,0.10319230385140309,0.0,0.0,0.0011095946650688505
Grassland,0.050593701600413016,0.010325245224574084,0.07124419204956117,99.866804336603,0.0,0.0,0.0010325245224574082
Urban,0.0,0.0,0.14513788098693758,0.006310342651605983,99.83593109105826,0.0,0.012620685303211965
Water,0.0,0.0,0.0,0.0,0.0,100.0,0.0
Other,0.04361098996947231,0.0,0.0,0.0,0.0,0.0,99.95638901003053
