from_label,Crops,TreeCrops,Forest,Grassland,Urban,Water,Other
Crops,99.88221130944648,0.0,0.05167690100264736,0.06351350961219228,0.0,0.0,0.0025982799386805935
TreeCrops,0.0,99.3320774105155,0.25689330364788493,0.41102928583661585,0.0,0.0,0.0
Forest,0.05363749808437507,0.0,99.84018214856492,0.10618035335070167,0.0,0.0,0.0
Grassland,0.047855659186250156,0.0,0.07840182462428216,99.87170610516026,0.0010182055146010672,0.0,0.0010182055146010672
Urban,0.0,0.0,0.18022657054582905,0.0,99.8069001029866,0.0,0.012873326467559216
Water,0.0,0.0,0.0,0.0,0.0,100.0,0.0
Other,0.04257130693912303,0.0,0.0,0.04257130693912303,0.0,0.0,99.91485738612175
