from_label,Crops,TreeCrops,Forest,Grassland,Urban,Water,Other
Crops,99.95733416661909,0.0,0.0009013908460754945,0.04056258807339725,0.0,0.0,0.0012018544614339926
TreeCrops,0.0,99.81528515354422,0.09235742322789195,0.09235742322789195,0.0,0.0,0.0
Forest,0.05172235440157236,0.0,99.84276404261922,0.09930692045101892,0.0,0.0,0.006206682528188683
Grassland,0.12301026309508509,0.0,0.1909413039087888,99.5970036903079,0.0,0.0,0.08904474268823323
Urban,0.17966223499820336,0.0,0.04311893639956881,0.33776500179662233,99.41789435860582,0.0,0.021559468199784406
Water,0.0,0.0,0.0,0.0,0.0,100.0,0.0
Other,0.06657789613848203,0.0,0.0,0.0,0.0,0.0,99.93342210386152
