from_label,Crops,TreeCrops,Forest,Grassland,Urban,Water,Other
Crops,99.90419359148943,0.0702201273059636,0.006254424294458295,0.019331856910143823,0.0,0.0,0.0
TreeCrops,0.0,99.95324918186068,0.0,0.04675081813931744,0.0,0.0,0.0
Forest,0.13721519547632485,0.004426296628268544,99.71450386747668,0.14385464041872767,0.0,0.0,0.0
Grassland,0.3752017351795314,0.03597824857885918,0.11718629537114134,99.46957782095167,0.0,0.0,0.0020558999187919535
Urban,0.012641425952847481,0.0,0.050565703811389924,0.0063207129764237405,99.93047215725935,0.0,0.0
Water,0.0,0.0,0.0,0.0,0.0,100.0,0.0
Other,0.8650519031141869,0.0,0.0,0.17301038062283738,0.0,0.0,98.96193771626297
