from_label,Crops,TreeCrops,Forest,Grassland,Urban,Water,Other
Crops,99.90449297084827,0.0,0.03698827140558192,0.05658653461301711,0.0,0.0,0.0019322231331274137
TreeCrops,0.0,99.88895058300943,0.0,0.11104941699056081,0.0,0.0,0.0
Forest,0.054051567495457364,0.0,99.8458955309704,0.09775283483221013,0.0,0.0,0.002300066701934356
Grassland,0.06717913702341358,0.0,0.06828043435166627,99.86233783396841,0.0,0.0,0.0022025946565053635
Urban,0.018885741265344664,0.0,0.006295247088448222,0.0,99.96852376455776,0.0,0.006295247088448222
Water,0.0,0.0,0.0,0.0,0.0,100.0,0.0
Other,0.0,0.0,0.0,0.0,0.0,0.0,100.0
