from_label,Crops,TreeCrops,Forest,Grassland,Urban,Water,Other
Crops,99.91539763113367,0.0,0.0,0.08460236886632826,0.0,0.0,0.0
TreeCrops,0.0,0.0,0.0,0.0,0.0,0.0,0.0
Forest,0.0,0.0,100.0,0.0,0.0,0.0,0.0
Grassland,0.0,0.0,0.009158347834050737,99.98168330433191,0.0022895869585126843,0.0,0.0068687608755380524
Urban,0.0,0.0,0.0,0.0,100.0,0.0,0.0
Water,0.0,0.0,0.0,0.0,0.0,100.0,0.0
Other,0.0,0.0,0.0,0.0,0.0,0.0,100.0
