from_label,Crops,TreeCrops,Forest,Grassland,Urban,Water,Other
Crops,99.25373134328358,0.0,0.0,0.7462686567164178,0.0,0.0,0.0
TreeCrops,0.0,0.0,0.0,0.0,0.0,0.0,0.0
Forest,0.2,0.0,99.2,0.6,0.0,0.0,0.0
Grassland,0.0,0.0,12.5,87.5,0.0,0.0,0.0
Urban,0.0,0.0,0.0,0.0,100.0,0.0,0.0
Water,0.0,0.0,0.0,0.0,0.0,100.0,0.0
Other,0.0,0.0,0.0,0.0,0.0,0.0,100.0
