from_label,Crops,TreeCrops,Forest,Grassland,Urban,Water,Other
Crops,98.85714285714286,0.0,0.0,1.1428571428571428,0.0,0.0,0.0
TreeCrops,0.0,0.0,0.0,0.0,0.0,0.0,0.0
Forest,3.3783783783783785,0.0,95.72072072072072,0.9009009009009009,0.0,0.0,0.0
Grassland,0.0,0.0,10.0,90.0,0.0,0.0,0.0
Urban,0.0,0.0,0.0,0.0,100.0,0.0,0.0
Water,0.0,0.0,0.0,0.0,0.0,100.0,0.0
Other,0.0,0.0,0.0,0.0,0.0,0.0,100.0
