from_label,Crops,TreeCrops,Forest,Grassland,Urban,Water,Other
Crops,99.40828402366864,0.0,0.0,0.591715976331361,0.0,0.0,0.0
TreeCrops,0.0,0.0,0.0,0.0,0.0,0.0,0.0
Forest,1.545253863134658,0.0,96.90949227373068,1.545253863134658,0.0,0.0,0.0
Grassland,0.0,0.0,18.51851851851852,81.48148148148148,0.0,0.0,0.0
Urban,0.0,0.0,0.0,0.0,100.0,0.0,0.0
Water,0.0,0.0,0.0,0.0,0.0,100.0,0.0
Other,0.0,0.0,0.0,0.0,0.0,0.0,100.0
