from_label,Crops,TreeCrops,Forest,Grassland,Urban,Water,Other
Crops,97.47208763429535,2.1908573836107013,0.06319780914261638,0.27385717295133766,0.0,0.0,0.0
TreeCrops,0.05924170616113744,99.88151658767772,0.02962085308056872,0.02962085308056872,0.0,0.0,0.0
Forest,0.011016046708038043,0.0771123269562663,99.78702309697793,0.12484852935776447,0.0,0.0,0.0
Grassland,0.035141150286986056,0.06637772831986256,0.12885088438561557,99.76963023700753,0.0,0.0,0.0
Urban,0.0,0.0,0.0,0.0,100.0,0.0,0.0
Water,0.0,0.0,0.0,0.0,0.0,100.0,0.0
Other,0.0,0.0,0.0,0.939261114589856,0.0,0.0,99.06073888541015
