from_label,Crops,TreeCrops,Forest,Grassland,Urban,Water,Other
Crops,99.71139971139971,0.07215007215007214,0.12025012025012026,0.0962000962000962,0.0,0.0,0.0
TreeCrops,0.0,99.93742177722153,0.020859407592824362,0.041718815185648725,0.0,0.0,0.0
Forest,0.025823588003098828,0.0036890840004426897,99.91146198398938,0.059025344007083036,0.0,0.0,0.0
Grassland,0.011749960833463888,0.015666614444618518,0.04308318972270092,99.92950023499921,0.0,0.0,0.0
Urban,0.0,0.0,0.060204695966285374,0.0,99.93979530403372,0.0,0.0
Water,0.0,0.0,0.0,0.0,0.0,100.0,0.0
Other,0.0,0.0,0.0,0.0,0.0,0.0,100.0
