from_label,Crops,TreeCrops,Forest,Grassland,Urban,Water,Other
Crops,99.89528795811519,0.0,0.06544502617801047,0.03926701570680628,0.0,0.0,0.0
TreeCrops,0.15891032917139614,98.02497162315551,0.5902383654937571,1.2258796821793416,0.0,0.0,0.0
Forest,0.05879758929883875,0.003674849331177422,99.87505512273997,0.06247243863001617,0.0,0.0,0.0
Grassland,0.08880651762616318,0.0,0.1814741881925943,99.72971929418124,0.0,0.0,0.0
Urban,0.2466091245376079,0.0,0.43156596794081376,0.18495684340320592,99.13686806411837,0.0,0.0
Water,0.0,0.0,0.0,0.0,0.0,100.0,0.0
Other,0.0,0.0,0.0,1.2744651797906235,0.0,0.0,98.72553482020938
