from_label,Crops,TreeCrops,Forest,Grassland,Urban,Water,Other
Crops,63.785106931203295,0.0,0.4637979902087091,30.46895130121103,0.0,0.0,5.282143777376964
TreeCrops,2.158438576349024,76.4179104477612,0.5970149253731344,14.833524684270952,0.0,0.0,5.993111366245694
Forest,0.06962767516857227,0.0,99.76912928759894,0.12826150688947524,0.0,0.0,0.032981530343007916
Grassland,0.061972267410333876,0.0,0.0038732667131458672,99.91866139902393,0.0,0.0,0.015493066852583469
Urban,0.0,0.0,0.0,0.0630119722747322,99.87397605545053,0.0,0.0630119722747322
Water,0.0,0.0,0.0,0.0,0.0,100.0,0.0
Other,0.0,0.0,0.0,0.0,0.0,0.0,100.0
