from_label,Crops,TreeCrops,Forest,Grassland,Urban,Water,Other
Crops,99.82863670982482,0.15232292460015232,0.0,0.01904036557501904,0.0,0.0,0.0
TreeCrops,0.0,100.0,0.0,0.0,0.0,0.0,0.0
Forest,0.09573253801686366,0.07364041385912588,99.79380684119444,0.03682020692956294,0.0,0.0,0.0
Grassland,0.07980845969672785,0.44762136090773447,0.08674832575731288,99.37888198757764,0.0,0.0,0.006939866060585031
Urban,0.06485084306095978,0.0,0.12970168612191957,0.0,99.80544747081711,0.0,0.0
Water,0.0,0.0,0.0,0.0,0.0,100.0,0.0
Other,0.0,0.1224739742804654,0.09185548071034905,0.03061849357011635,0.0,0.0,99.75505205143907
