from_label,Crops,TreeCrops,Forest,Grassland,Urban,Water,Other
Crops,99.81802741720247,0.01213150551983501,0.02426301103967002,0.14557806623802014,0.0,0.0,0.0
TreeCrops,0.0,99.8972250770812,0.041109969167523124,0.06166495375128469,0.0,0.0,0.0
Forest,0.003691126531817511,0.0,99.87819282445003,0.11811604901816035,0.0,0.0,0.0
Grassland,0.0547259792041279,0.011726995543741693,0.10554295989367525,99.82800406535846,0.0,0.0,0.0
Urban,0.0,0.0,0.0,0.0,100.0,0.0,0.0
Water,0.0,0.0,0.0,0.0,0.0,100.0,0.0
Other,0.0,0.0,0.0,0.7817589576547231,0.0,0.0,99.21824104234528
