from_label,Crops,TreeCrops,Forest,Grassland,Urban,Water,Other
Crops,99.71920400439507,0.012208521548040533,0.13429373702844585,0.13429373702844585,0.0,0.0,0.0
TreeCrops,0.0,99.91791504206854,0.0,0.08208495793145906,0.0,0.0,0.0
Forest,0.022154118819923938,0.0,99.90030646531034,0.07753941586973379,0.0,0.0,0.0
Grassland,0.0077933211237969065,0.0077933211237969065,0.0662432295522737,99.91817012820013,0.0,0.0,0.0
Urban,0.0,0.0,0.0,0.0,100.0,0.0,0.0
Water,0.0,0.0,0.0,0.0,0.0,100.0,0.0
Other,0.0,0.0,0.0,0.06626905235255136,0.0,0.0,99.93373094764745
