from_label,Crops,TreeCrops,Forest,Grassland,Urban,Water,Other
Crops,99.47129909365559,0.22658610271903326,0.06473888649115235,0.2373759171342253,0.0,0.0,0.0
TreeCrops,0.027639579878385848,99.88944168048646,0.0,0.08291873963515754,0.0,0.0,0.0
Forest,0.029395553922469227,0.02204666544185192,99.84199889766673,0.10655888296895095,0.0,0.0,0.0
Grassland,0.042921804276572495,0.027313875448727952,0.10145153738098955,99.82831278289372,0.0,0.0,0.0
Urban,0.06009615384615385,0.0,0.0,0.0,99.93990384615384,0.0,0.0
Water,0.0,0.0,0.0,0.0,0.0,100.0,0.0
Other,0.0,0.0,0.0,0.37926675094816686,0.0,0.0,99.62073324905182
