from_label,Crops,TreeCrops,Forest,Grassland,Urban,Water,Other
Crops,99.6852871754524,0.0,0.03933910306845004,0.2753737214791503,0.0,0.0,0.0
TreeCrops,0.421379463295631,98.24794854734975,0.5988023952095809,0.7318695941450433,0.0,0.0,0.0
Forest,0.018376272556874563,0.0,99.85666507405638,0.12495865338674704,0.0,0.0,0.0
Grassland,0.02700096432015429,0.0,0.08100289296046287,99.81099324975892,0.0,0.0,0.08100289296046287
Urban,0.0612369871402327,0.0,0.0,0.0,99.93876301285977,0.0,0.0
Water,0.0,0.0,0.0,0.0,0.0,100.0,0.0
Other,0.0,0.0,0.0,0.482392667631452,0.0,0.0,99.51760733236856
