from_label,Crops,TreeCrops,Forest,Grassland,Urban,Water,Other
Crops,95.90238572209068,0.0,0.1821161901293025,2.9684938991076306,0.0,0.0,0.9470041886723729
TreeCrops,1.2067840834964123,90.3457273320287,0.16307893020221786,5.218525766470972,0.0,0.0,3.0658838878016956
Forest,0.35406628704920423,0.0036501679077237553,99.50357716454957,0.10950503723171265,0.0,0.0,0.029201343261790042
Grassland,0.01756975191510296,0.0,0.010541851149061775,99.95783259540374,0.0,0.0,0.014055801532082367
Urban,0.0,0.0,0.0,0.25624599615631005,99.67969250480462,0.0,0.06406149903907751
Water,0.0,0.0,0.0,0.0,0.0,100.0,0.0
Other,0.0,0.0,0.0,0.0,0.0,0.0,100.0
