from_label,Crops,TreeCrops,Forest,Grassland,Urban,Water,Other
Crops,99.8006975585451,0.024912805181863475,0.11210762331838565,0.0622820129546587,0.0,0.0,0.0
TreeCrops,0.3124349093938763,97.77129764632369,0.9997917100604041,0.8539887523432618,0.0,0.0,0.06248698187877526
Forest,0.014768321949418496,0.0,99.86708510245523,0.11076241462063872,0.0,0.0,0.007384160974709248
Grassland,0.011591962905718702,0.023183925811437404,0.10046367851622875,99.79907264296754,0.0,0.0,0.06568778979907264
Urban,0.0,0.0,0.0,0.0,100.0,0.0,0.0
Water,0.0,0.0,0.0,0.0,0.0,100.0,0.0
Other,0.0,0.0,0.0,0.0,0.0,0.0,100.0
