from_label,Crops,TreeCrops,Forest,Grassland,Urban,Water,Other
Crops,99.90938511326861,0.012944983818770225,0.0517799352750809,0.02588996763754045,0.0,0.0,0.0
TreeCrops,0.0,99.95279679018174,0.04720320981826764,0.0,0.0,0.0,0.0
Forest,0.09152815406018891,0.14644504649630227,99.72907666398184,0.03295013546166801,0.0,0.0,0.0
Grassland,0.06168793615298608,0.3045841847553688,0.14265335235378032,99.49107452673786,0.0,0.0,0.0
Urban,0.12547051442910914,0.0,0.3136762860727729,0.0,99.56085319949813,0.0,0.0
Water,0.0,0.0,0.0,0.0,0.0,100.0,0.0
Other,0.046125461254612546,0.0,0.0,0.09225092250922509,0.0,0.0,99.86162361623616
