from_label,Crops,TreeCrops,Forest,Grassland,Urban,Water,Other
Crops,99.6627318718381,0.02409058058299205,0.060226451457480124,0.25295109612141653,0.0,0.0,0.0
TreeCrops,0.0,99.9375260308205,0.020824656393169515,0.04164931278633903,0.0,0.0,0.0
Forest,0.018446100494355494,0.0,99.84505275584742,0.13650114365823066,0.0,0.0,0.0
Grassland,0.04698512137823023,0.007830853563038372,0.11746280344557558,99.82380579483163,0.0,0.0,0.003915426781519186
Urban,0.0,0.0,0.0,0.0,100.0,0.0,0.0
Water,0.0,0.0,0.0,0.0,0.0,100.0,0.0
Other,0.0,0.0,0.0,1.2779552715654952,0.0,0.0,98.7220447284345
