from_label,Crops,TreeCrops,Forest,Grassland,Urban,Water,Other
Crops,99.86370716510903,0.019470404984423675,0.05841121495327102,0.05841121495327102,0.0,0.0,0.0
TreeCrops,0.0,99.81597350018403,0.0,0.18402649981597352,0.0,0.0,0.0
Forest,0.021891418563922942,0.12769994162288384,99.83946293053123,0.010945709281961471,0.0,0.0,0.0
Grassland,1.2179641129447285,1.0910213744124608,0.09606477510549971,97.59151885271211,0.0,0.0,0.0034308848251964185
Urban,0.06402048655569782,0.0,0.0,0.0,99.93597951344431,0.0,0.0
Water,0.0,0.0,0.0,0.0,0.0,100.0,0.0
Other,0.0,0.0,0.033277870216306155,0.06655574043261231,0.0,0.0,99.90016638935109
