from_label,Crops,TreeCrops,Forest,Grassland,Urban,Water,Other
Crops,99.81013703153377,0.0,0.04677783281052226,0.11006548896593472,0.002751637224148368,0.0,0.030268009465632052
TreeCrops,0.0,0.0,0.0,0.0,0.0,0.0,0.0
Forest,0.005904155869714961,0.0,99.94751861449143,0.04526519500114803,0.0006560173188572178,0.0,0.0006560173188572178
Grassland,0.01889023374915169,0.0,0.06786491383954496,99.83278644940566,0.002098914861016854,0.0,0.07835948814462923
Urban,0.0,0.0,0.0,0.0,100.0,0.0,0.0
Water,0.0,0.0,0.0,0.0,0.0,100.0,0.0
Other,0.0030022079875108147,0.0,0.01774031992620027,0.031113791870566624,0.0,0.0,99.94814368021572
