from_label,Crops,TreeCrops,Forest,Grassland,Urban,Water,Other
Crops,99.8184768557991,0.0,0.0467559613850766,0.10176297477928437,0.002750350669710388,0.0,0.03025385736681427
TreeCrops,0.0,0.0,0.0,0.0,0.0,0.0,0.0
Forest,0.00656521225331215,0.0,99.94879134442417,0.0439869220971914,0.000656521225331215,0.0,0.0
Grassland,0.020280713041897155,0.0,0.06433881378808753,99.83915296552978,0.002098004797437637,0.0,0.0741295028427965
Urban,0.0,0.0,0.0,0.0,100.0,0.0,0.0
Water,0.0,0.0,0.0,0.0,0.0,100.0,0.0
Other,0.0027289597205545245,0.0,0.023469053596768912,0.017465342211548957,0.0,0.0,99.95633664447112
