from_label,Crops,TreeCrops,Forest,Grassland,Urban,Water,Other
Crops,99.818281938326,0.0,0.04405286343612335,0.10462555066079295,0.0027533039647577094,0.0,0.0302863436123348
TreeCrops,0.0,0.0,0.0,0.0,0.0,0.0,0.0
Forest,0.005900323862220881,0.0,99.94624149369976,0.04720259089776705,0.0006555915402467647,0.0,0.0
Grassland,0.016793198754504426,0.0,0.06647307840324669,99.83766574537313,0.0020991498443130533,0.0,0.07696882762481194
Urban,0.0,0.0,0.0,0.0,100.0,0.0,0.0
Water,0.0,0.0,0.0,0.0,0.0,100.0,0.0
Other,0.0021838173673535684,0.0,0.01910840196434372,0.01910840196434372,0.0,0.0,99.95959937870396
