from_label,Crops,TreeCrops,Forest,Grassland,Urban,Water,Other
Crops,94.92997925311202,0.012966804979253113,3.418914246196404,0.613762102351314,0.06915629322268327,0.0,0.9552213001383126
TreeCrops,0.0,99.1701244813278,0.0,0.0,0.1037344398340249,0.0,0.7261410788381742
Forest,0.007933505022518949,0.0006102696171168422,99.98047137225227,0.010374583490986317,0.0006102696171168422,0.0,0.0
Grassland,0.028714140712644907,0.0013355414284951118,0.05342165713980448,99.87112025215022,0.0013355414284951118,0.0,0.044072867140338694
Urban,0.0,0.0,0.0,0.0,100.0,0.0,0.0
Water,0.0,0.0,0.0,0.0,0.0,100.0,0.0
Other,0.0002778827557077118,0.0,0.0022230620456616945,0.012504724006847032,0.0,0.0,99.98499433119179
