from_label,Crops,TreeCrops,Forest,Grassland,Urban,Water,Other
Crops,99.81251723187206,0.0,0.0413564929693962,0.11855527984560242,0.0,0.0,0.027570995312930797
TreeCrops,0.0,0.0,0.0,0.0,0.0,0.0,0.0
Forest,0.005239202331445037,0.0,99.94564327581126,0.0484626215658666,0.0006549002914306297,0.0,0.0
Grassland,0.01749977250295746,0.0,0.06509915371100175,99.8355021384722,0.0020999727003548955,0.0,0.07979896261348603
Urban,0.0,0.0,0.0,0.0,100.0,0.0,0.0
Water,0.0,0.0,0.0,0.0,0.0,100.0,0.0
Other,0.003003281767895464,0.0,0.017473639376846335,0.017473639376846335,0.0,0.0,99.9620494394784
