from_label,Crops,TreeCrops,Forest,Grassland,Urban,Water,Other
Crops,98.74980942216801,0.0,0.8324439701173959,0.17075773745997866,0.027443207806068,0.0,0.219545662448544
TreeCrops,0.0,87.09677419354838,12.903225806451612,0.0,0.0,0.0,0.0
Forest,0.006387572339256743,0.0,99.97955976851438,0.012775144678513485,0.0012775144678513484,0.0,0.0
Grassland,0.00627549419516787,0.0,0.07112226754523585,99.8814628874246,0.0027891085311857198,0.0,0.03835024230380365
Urban,0.0,0.0,0.0,0.0,100.0,0.0,0.0
Water,0.0,0.0,0.0,0.0,0.0,100.0,0.0
Other,0.011502815451019915,0.0,0.007394667075655661,0.022457877785324598,0.0,0.0,99.958644639688
