from_label,Crops,TreeCrops,Forest,Grassland,Urban,Water,Other
Crops,97.77395527673784,0.03710074538770279,1.6088232318122027,0.38787142905325644,0.07082869574015986,0.0,0.1214206212688455
TreeCrops,0.0,100.0,0.0,0.0,0.0,0.0,0.0
Forest,0.007532625684998149,0.0,99.98116843578751,0.009415782106247685,0.0018831564212495372,0.0,0.0
Grassland,0.0027788005307509012,0.0006947001326877253,0.049323709420828504,99.8923214794334,0.0027788005307509012,0.0,0.0521025099515794
Urban,0.0,0.0,0.0,0.0,100.0,0.0,0.0
Water,0.0,0.0,0.0,0.0,0.0,100.0,0.0
Other,0.010145297106396747,0.0,0.010693691544580355,0.013984058173682003,0.00027419721909180395,0.0,99.96490275595626
