from_label,Crops,TreeCrops,Forest,Grassland,Urban,Water,Other
Crops,96.90242305173543,0.006548788474132285,2.1021611001964637,0.710543549443353,0.08840864440078586,0.0,0.1899148657498363
TreeCrops,0.0,100.0,0.0,0.0,0.0,0.0,0.0
Forest,0.004412673197422999,0.0,99.98550121663705,0.00945572828019214,0.0006303818853461427,0.0,0.0
Grassland,0.002085911752026811,0.0,0.026421548859006272,99.896399716316,0.0,0.0,0.07509282307296519
Urban,0.0,0.0,0.0,0.0,100.0,0.0,0.0
Water,0.0,0.0,0.0,0.0,0.0,100.0,0.0
Other,0.012341006697052967,0.0,0.0043879134922855,0.011518272917249437,0.0,0.0,99.9717528068934
