from_label,Crops,TreeCrops,Forest,Grassland,Urban,Water,Other
Crops,99.5895857381044,0.28215980505322563,0.08336539694754393,0.012825445684237527,0.0,0.0,0.03206361421059382
TreeCrops,0.0,99.88484237800489,0.0,0.0,0.0,0.0,0.1151576219951058
Forest,0.015308796080948204,0.0035327990956034315,99.97173760723517,0.007654398040474102,0.0005887998492672386,0.0,0.001177599698534477
Grassland,0.03267167632370297,0.0160024537095688,0.09868179787567426,99.81797208905365,0.0013335378091307334,0.0,0.033338445228268336
Urban,0.0,0.0,0.0,0.0,100.0,0.0,0.0
Water,0.0,0.0,0.0,0.0,0.0,100.0,0.0
Other,0.029300066488612414,0.0,0.24764190811048378,0.03747027733639857,0.005634628170887003,0.0,99.67995311989361
