from_label,Crops,TreeCrops,Forest,Grassland,Urban,Water,Other
Crops,97.45459307274274,0.7516532442873044,1.0876710534930925,0.3666601191645387,0.021737707064754797,0.0,0.31768480324756104
TreeCrops,0.0013449537335915645,95.60872605982354,0.657682375726275,3.4955347536044763,0.01748439853669034,0.0,0.219227458575425
Forest,0.008600598685576796,0.02966757037881891,99.94375148525148,0.01504355588905767,0.0008091155557859704,0.0,0.002127674239289033
Grassland,0.030067875997300837,0.18090342555471758,0.096124584871459,99.6447425872266,0.0017200545124968576,0.0,0.046441471837415156
Urban,0.0,0.0,0.0,0.0,100.0,0.0,0.0
Water,0.0,0.0,0.0,0.0,0.0,100.0,0.0
Other,0.005691624956121216,1.4018780680101517e-05,0.022023504448439483,0.14965048376008372,0.0018925353918137048,0.0,99.82072783266285
