from_label,Crops,TreeCrops,Forest,Grassland,Urban,Water,Other
Crops,99.61585679775058,0.06732406637360897,0.1702902855332462,0.03960239198447586,0.007920478396895173,0.0,0.09900597996118966
TreeCrops,0.0,100.0,0.0,0.0,0.0,0.0,0.0
Forest,0.0030729141059049115,0.0006145828211809823,99.98279168100693,0.011062490781257683,0.0018437484635429472,0.0,0.0006145828211809823
Grassland,0.00207147986521571,0.0055239463072418934,0.07457327514776556,99.87433022151025,0.0027619731536209467,0.0,0.04073910401590897
Urban,0.0,0.0,0.0,0.0,100.0,0.0,0.0
Water,0.0,0.0,0.0,0.0,0.0,100.0,0.0
Other,0.009879389124439138,0.0,0.0024698472811097846,0.03457786193553699,0.00027442747567886494,0.0,99.95279847418324
