from_label,Crops,TreeCrops,Forest,Grassland,Urban,Water,Other
Crops,96.37652898422266,0.0035454706612302786,1.8400992731785144,1.5493706789576316,0.08509129586952668,0.0,0.1453642971104414
TreeCrops,0.0,100.0,0.0,0.0,0.0,0.0,0.0
Forest,0.006853667958479234,0.0,99.95825493152563,0.033645279068898054,0.0012461214469962243,0.0,0.0
Grassland,0.006940058712896711,0.0,0.047886405118987306,99.90075716040558,0.0020820176138690136,0.0,0.04233435814866993
Urban,0.0,0.0,0.0,0.0,100.0,0.0,0.0
Water,0.0,0.0,0.0,0.0,0.0,100.0,0.0
Other,0.00795091270994522,0.0,0.03070697322461603,0.04386710460659432,0.0,0.0,99.91747500945884
