from_label,Crops,TreeCrops,Forest,Grassland,Urban,Water,Other
Crops,95.96793396301294,0.6706881498531629,2.250178585602032,0.7699023732042226,0.07937137868084769,0.0,0.2619255496467974
TreeCrops,0.0,100.0,0.0,0.0,0.0,0.0,0.0
Forest,0.0042985925179926795,0.003070423227137629,99.97850703741004,0.01166760826312299,0.0006140846454275258,0.0,0.0018422539362825772
Grassland,0.0027625072515815355,0.04074698196082765,0.03522196745766457,99.85427774247907,0.0006906268128953839,0.0,0.06630017403795685
Urban,0.0,0.0,0.0,0.0,100.0,0.0,0.0
Water,0.0,0.0,0.0,0.0,0.0,100.0,0.0
Other,0.009607255399277535,0.0,0.012352185513356831,0.015371608638844054,0.000548986022815859,0.0,99.96211996442571
