from_label,Crops,TreeCrops,Forest,Grassland,Urban,Water,Other
Crops,99.21275339500099,0.4762841960244046,0.1731942530997835,0.0393623302499508,0.00787246604999016,0.0,0.09053335957488684
TreeCrops,0.0,100.0,0.0,0.0,0.0,0.0,0.0
Forest,0.0030764876355961926,0.006768272798311623,99.97661869396947,0.011690653015265532,0.0018458925813577155,0.0,0.0
Grassland,0.005519487239635437,0.016558461718906313,0.10280044983821002,99.81095756204249,0.0034496795247721487,0.0,0.06071435963598982
Urban,0.0,0.0,0.0,0.0,100.0,0.0,0.0
Water,0.0,0.0,0.0,0.0,0.0,100.0,0.0
Other,0.009053994732221246,0.0,0.009328358208955225,0.03511852502194908,0.0002743634767339772,0.0,99.94622475856015
