from_label,Crops,TreeCrops,Forest,Grassland,Urban,Water,Other
Crops,96.93547276358377,0.0,2.0763032848977345,0.726533985262723,0.09641209283107224,0.0,0.16527787342469527
TreeCrops,0.0,99.52153110047847,0.0,0.0,0.0,0.0,0.4784688995215311
Forest,0.0037531902116799284,0.0,99.98436170745133,0.010008507231146475,0.0012510634038933094,0.0,0.0006255317019466547
Grassland,0.002778298708785675,0.0,0.026393837733463914,99.89511922374335,0.0013891493543928375,0.0,0.0743194904600168
Urban,0.0,0.0,0.0,0.0,100.0,0.0,0.0
Water,0.0,0.0,0.0,0.0,0.0,100.0,0.0
Other,0.011791030042447708,0.0,0.004935780017768808,0.011516820041460553,0.0,0.0,99.97175636989833
