from_label,Crops,TreeCrops,Forest,Grassland,Urban,Water,Other
Crops,98.1288013270087,0.07857288362482903,1.332828914821174,0.279370252888281,0.04365160201379391,0.0,0.13677501964322092
TreeCrops,0.0,0.0,0.0,0.0,0.0,0.0,0.0
Forest,0.010321781539493717,0.0025804453848734294,99.9754857688437,0.010321781539493717,0.0012902226924367147,0.0,0.0
Grassland,0.005579812239318147,0.0,0.05719307545301101,99.89468104398287,0.0013949530598295367,0.0,0.04115111526497133
Urban,0.0,0.0,0.0,0.0,100.0,0.0,0.0
Water,0.0,0.0,0.0,0.0,0.0,100.0,0.0
Other,0.010952032834194436,0.0,0.0032856098502583313,0.013963841863597908,0.0,0.0,99.97179851545195
