from_label,Crops,TreeCrops,Forest,Grassland,Urban,Water,Other
Crops,99.05996401424743,0.0,0.6646348180516286,0.12484852935776447,0.025704108985422098,0.0,0.12484852935776447
TreeCrops,0.0,99.04306220095694,0.0,0.4784688995215311,0.4784688995215311,0.0,0.0
Forest,0.004964904332499643,0.0,99.98138160875313,0.011791647789686653,0.001861839124687366,0.0,0.0
Grassland,0.004840974003969599,0.0,0.07123147462983838,99.8769009467562,0.0027662708594111993,0.0,0.04426033375057919
Urban,0.0,0.0,0.0,0.0,100.0,0.0,0.0
Water,0.0,0.0,0.0,0.0,0.0,100.0,0.0
Other,0.009875486573453046,0.0,0.014538910788694761,0.02743190714848068,0.0,0.0,99.94815369548937
