from_label,Crops,TreeCrops,Forest,Grassland,Urban,Water,Other
Crops,99.81034577538344,0.0,0.04672640316640097,0.10994447803859052,0.002748611950964763,0.0,0.030234731460612393
TreeCrops,0.0,0.0,0.0,0.0,0.0,0.0,0.0
Forest,0.005911990172958557,0.0,99.94482142505238,0.048609696977659246,0.0006568877969953952,0.0,0.0
Grassland,0.018879270560924106,0.0,0.06852475981372452,99.83568042289565,0.0020976967289915672,0.0,0.07481785000069924
Urban,0.0,0.0,0.0,0.0,100.0,0.0,0.0
Water,0.0,0.0,0.0,0.0,0.0,100.0,0.0
Other,0.0027286171913797523,0.0,0.014734532833450664,0.027286171913797525,0.0,0.0,99.95525067806138
