from_label,Crops,TreeCrops,Forest,Grassland,Urban,Water,Other
Crops,99.81281656022902,0.0,0.016516185862144903,0.1486456727593041,0.0,0.0,0.022021581149526535
TreeCrops,0.0,0.0,0.0,0.0,0.0,0.0,0.0
Forest,0.005225069885309716,0.0,99.92554275413433,0.06923217598035374,0.0,0.0,0.0
Grassland,0.027369573455724452,0.0,0.04140525215096776,99.83367720746136,0.0014035678695243309,0.0,0.09614439906241666
Urban,0.0,0.0,0.0,0.0,100.0,0.0,0.0
Water,0.0,0.0,0.0,0.0,0.0,100.0,0.0
Other,0.016660885430465386,0.0,0.0046431975789821564,0.2613847107697602,0.0,0.0,99.7173112062208
