from_label,Crops,TreeCrops,Forest,Grassland,Urban,Water,Other
Crops,96.40150934135043,0.0,0.015338834862103874,0.00613553394484155,0.11350737797956867,0.0,3.463508911863055
TreeCrops,0.0,0.0,0.0,0.0,0.0,0.0,0.0
Forest,0.0,0.0,100.0,0.0,0.0,0.0,0.0
Grassland,0.0,0.0,0.0,100.0,0.0,0.0,0.0
Urban,0.0,0.0,0.0,0.0,100.0,0.0,0.0
Water,0.0,0.0,0.0,0.0,0.0,100.0,0.0
Other,0.0012493219825490541,0.0,0.0,0.0,0.0,0.0,99.99875067801746
