from_label,Crops,TreeCrops,Forest,Grassland,Urban,Water,Other
Crops,99.54766071251692,0.0,0.03962095948756893,0.0,0.1419751048304553,0.0,0.2707432231650543
TreeCrops,0.0,0.0,0.0,0.0,0.0,0.0,0.0
Forest,0.0,0.0,100.0,0.0,0.0,0.0,0.0
Grassland,0.0,0.0,0.0,100.0,0.0,0.0,0.0
Urban,0.0,0.0,0.0,0.0,100.0,0.0,0.0
Water,0.0,0.0,0.0,0.0,0.0,100.0,0.0
Other,0.0009349794512293941,0.0,0.0,0.0,0.0003116598170764647,0.0,99.9987533607317
