from_label,Crops,TreeCrops,Forest,Grassland,Urban,Water,Other
Crops,99.4537285451078,0.0,0.029091379254614216,0.0,0.10343601512751721,0.0,0.41374406051006885
TreeCrops,0.0,0.0,0.0,0.0,0.0,0.0,0.0
Forest,0.0,0.0,100.0,0.0,0.0,0.0,0.0
Grassland,0.0,0.0,0.0,100.0,0.0,0.0,0.0
Urban,0.0,0.0,0.0,0.0,100.0,0.0,0.0
Water,0.0,0.0,0.0,0.0,0.0,100.0,0.0
Other,0.0010388930386894158,0.0,0.0,0.0,0.00020777860773788312,0.0,99.99875332835357
