from_label,Crops,TreeCrops,Forest,Grassland,Urban,Water,Other
Crops,96.33859269627179,0.0,0.028629596640793994,0.0,0.12406158544344065,0.0,3.5087161216439755
TreeCrops,0.0,0.0,0.0,0.0,0.0,0.0,0.0
Forest,0.0,0.0,100.0,0.0,0.0,0.0,0.0
Grassland,0.0,0.0,0.0,100.0,0.0,0.0,0.0
Urban,0.0,0.0,0.0,0.0,100.0,0.0,0.0
Water,0.0,0.0,0.0,0.0,0.0,100.0,0.0
Other,0.0012478708204126708,0.0,0.0,0.0,0.0,0.0,99.99875212917959
