from_label,Crops,TreeCrops,Forest,Grassland,Urban,Water,Other
Crops,97.60446913268527,0.0,0.022093170054286074,0.0,0.10415351597020579,0.0,2.269284181290241
TreeCrops,0.0,0.0,0.0,0.0,0.0,0.0,0.0
Forest,0.0,0.0,100.0,0.0,0.0,0.0,0.0
Grassland,0.0,0.0,0.0,100.0,0.0,0.0,0.0
Urban,0.0,0.0,0.0,0.0,100.0,0.0,0.0
Water,0.0,0.0,0.0,0.0,0.0,100.0,0.0
Other,0.0012475879965400227,0.0,0.0,0.0,0.0,0.0,99.99875241200345
