from_label,Crops,TreeCrops,Forest,Grassland,Urban,Water,Other
Crops,99.76674784756285,0.20238054402634378,0.0,0.0,0.013720714849243644,0.0,0.017150893561554557
TreeCrops,0.0,99.91437308868501,0.0,0.0,0.0,0.0,0.08562691131498472
Forest,12.0,0.0,87.55555555555556,0.0,0.4444444444444444,0.0,0.0
Grassland,0.16181229773462785,0.8090614886731391,0.0,99.02912621359224,0.0,0.0,0.0
Urban,0.0,0.0,0.0,0.0,100.0,0.0,0.0
Water,0.0,0.0,0.0,0.0,0.0,100.0,0.0
Other,0.02379452432439798,0.05220120314339293,0.0,0.0,0.007232696821072515,0.0,99.91677157571114
