from_label,Crops,TreeCrops,Forest,Grassland,Urban,Water,Other
Crops,99.58418541240627,0.0,0.0,0.003408316291751875,0.2010906612133606,0.0,0.21131561008861624
TreeCrops,0.0,94.86827033218785,0.0,0.0,0.16036655211912942,0.0,4.971363115693013
Forest,1.015228426395939,0.0,96.95431472081218,0.0,0.0,0.0,2.030456852791878
Grassland,0.0,0.0,0.0,100.0,0.0,0.0,0.0
Urban,0.0,0.0,0.0,0.0,100.0,0.0,0.0
Water,0.0,0.0,0.0,0.0,0.0,100.0,0.0
Other,0.0011539845512940888,0.0,0.0,0.0,0.00010490768648128079,0.0,99.99874110776223
