from_label,Crops,TreeCrops,Forest,Grassland,Urban,Water,Other
Crops,99.56269217628972,0.037581141100102494,0.0,0.0,0.1776563033823027,0.0,0.2220703792278784
TreeCrops,0.0,99.35468160233776,0.0,0.0,0.13393400706197492,0.0,0.5113843906002679
Forest,1.2658227848101267,0.42194092827004215,94.9367088607595,0.0,2.109704641350211,0.0,1.2658227848101267
Grassland,0.0,0.4830917874396135,0.0,99.51690821256038,0.0,0.0,0.0
Urban,0.0,0.0,0.0,0.0,100.0,0.0,0.0
Water,0.0,0.0,0.0,0.0,0.0,100.0,0.0
Other,0.0008386596960068267,0.0,0.0,0.0,0.00041932984800341334,0.0,99.99874201045598
