from_label,Crops,TreeCrops,Forest,Grassland,Urban,Water,Other
Crops,99.9537665790158,0.0,0.002889588811512122,0.0,0.008668766434536365,0.0,0.03467506573814546
TreeCrops,0.0,0.0,0.0,0.0,0.0,0.0,0.0
Forest,0.0,0.0,100.0,0.0,0.0,0.0,0.0
Grassland,0.12658227848101267,0.0,0.0,99.87341772151899,0.0,0.0,0.0
Urban,0.0,0.0,0.0,0.0,100.0,0.0,0.0
Water,0.0,0.0,0.0,0.0,0.0,100.0,0.0
Other,0.04516118265977463,0.0,0.0,0.0,0.00031289502997534387,0.0,99.95452592231025
