from_label,Crops,TreeCrops,Forest,Grassland,Urban,Water,Other
Crops,99.9056405955127,0.04193751310547285,0.0,0.0,0.013979171035157615,0.0,0.038442720346683446
TreeCrops,0.0,99.98764822134387,0.0,0.0,0.0,0.0,0.012351778656126482
Forest,8.361204013377927,2.6755852842809364,88.62876254180601,0.0,0.33444816053511706,0.0,0.0
Grassland,0.16025641025641024,0.16025641025641024,0.0,99.67948717948718,0.0,0.0,0.0
Urban,0.0,0.0,0.0,0.0,100.0,0.0,0.0
Water,0.0,0.0,0.0,0.0,0.0,100.0,0.0
Other,0.03739222241773711,0.00523700594085954,0.0,0.0,0.006703367604300211,0.0,99.9506674040371
