from_label,Crops,TreeCrops,Forest,Grassland,Urban,Water,Other
Crops,99.95438086277193,0.0,0.0,0.0,0.011404784307016793,0.0,0.03421435292105038
TreeCrops,0.0,0.0,0.0,0.0,0.0,0.0,0.0
Forest,0.5376344086021506,0.0,98.9247311827957,0.0,0.0,0.0,0.5376344086021506
Grassland,0.12970168612191957,0.0,0.0,99.87029831387808,0.0,0.0,0.0
Urban,0.0,0.0,0.0,0.0,100.0,0.0,0.0
Water,0.0,0.0,0.0,0.0,0.0,100.0,0.0
Other,0.04903036955726309,0.0,0.00031362709738121374,0.0,0.0043907793633369925,0.0,99.94626522398202
