from_label,Crops,TreeCrops,Forest,Grassland,Urban,Water,Other
Crops,99.53962417117873,0.0,0.01737267278570808,0.0,0.14187682774994934,0.0,0.3011263282856067
TreeCrops,0.0,0.0,0.0,0.0,0.0,0.0,0.0
Forest,1.3054830287206265,0.0,98.69451697127938,0.0,0.0,0.0,0.0
Grassland,0.0,0.0,0.0,100.0,0.0,0.0,0.0
Urban,0.0,0.0,0.0,0.0,100.0,0.0,0.0
Water,0.0,0.0,0.0,0.0,0.0,100.0,0.0
Other,0.000940265948999975,0.0,0.0,0.0,0.0003134219829999916,0.0,99.998746312068
