from_label,Crops,TreeCrops,Forest,Grassland,Urban,Water,Other
Crops,99.95932160961262,0.0,0.0,0.0,0.0031291069528756495,0.0,0.03754928343450779
TreeCrops,0.0,0.0,0.0,0.0,0.0,0.0,0.0
Forest,0.0,0.0,100.0,0.0,0.0,0.0,0.0
Grassland,0.6345177664974619,0.0,0.0,99.36548223350253,0.0,0.0,0.0
Urban,0.0,0.0,0.0,0.0,100.0,0.0,0.0
Water,0.0,0.0,0.0,0.0,0.0,100.0,0.0
Other,0.07580285426901266,0.0,0.0014577471974810128,0.0,0.0046856159919032555,0.0,99.9180537825416
