from_label,Crops,TreeCrops,Forest,Grassland,Urban,Water,Other
Crops,98.4468543669392,1.5189353768259723,0.0,0.0,0.0034210256234819196,0.0,0.03078923061133728
TreeCrops,0.0,99.93962810915238,0.0,0.0,0.02414875633904854,0.0,0.036223134508572806
Forest,0.0,3.1413612565445024,96.8586387434555,0.0,0.0,0.0,0.0
Grassland,0.3262642740619902,1.468189233278956,0.0,98.20554649265905,0.0,0.0,0.0
Urban,0.0,0.0,0.0,0.0,100.0,0.0,0.0
Water,0.0,0.0,0.0,0.0,0.0,100.0,0.0
Other,0.07350265857333542,0.03533580019859349,0.0,0.0,0.007549488469729172,0.0,99.88361205275834
