from_label,Crops,TreeCrops,Forest,Grassland,Urban,Water,Other
Crops,99.96062872891366,0.0,0.0,0.0,0.0030285593143341712,0.0,0.03634271177201005
TreeCrops,0.0,0.0,0.0,0.0,0.0,0.0,0.0
Forest,0.0,0.0,100.0,0.0,0.0,0.0,0.0
Grassland,0.25316455696202533,0.0,0.0,99.74683544303798,0.0,0.0,0.0
Urban,0.0,0.0,0.0,0.0,100.0,0.0,0.0
Water,0.0,0.0,0.0,0.0,0.0,100.0,0.0
Other,0.13921108857448677,0.0,0.0,0.0,0.0006247318858989683,0.0,99.86016417953961
