from_label,Crops,TreeCrops,Forest,Grassland,Urban,Water,Other
Crops,99.57195906681407,0.0,0.0198429571675596,0.0,0.08504124500382686,0.0,0.32315673101454206
TreeCrops,0.0,0.0,0.0,0.0,0.0,0.0,0.0
Forest,0.0,0.0,100.0,0.0,0.0,0.0,0.0
Grassland,0.0,0.0,0.0,100.0,0.0,0.0,0.0
Urban,0.0,0.0,0.0,0.0,100.0,0.0,0.0
Water,0.0,0.0,0.0,0.0,0.0,100.0,0.0
Other,0.0010438326193518217,0.0,0.0,0.0,0.0002087665238703643,0.0,99.99874740085679
