from_label,Crops,TreeCrops,Forest,Grassland,Urban,Water,Other
Crops,99.94759062454506,0.0,0.005823263939438055,0.0,0.01164652787887611,0.0,0.03493958363662833
TreeCrops,0.0,0.0,0.0,0.0,0.0,0.0,0.0
Forest,0.0,0.0,100.0,0.0,0.0,0.0,0.0
Grassland,0.0,0.0,0.0,100.0,0.0,0.0,0.0
Urban,0.0,0.0,0.0,0.0,100.0,0.0,0.0
Water,0.0,0.0,0.0,0.0,0.0,100.0,0.0
Other,0.028777548507373202,0.0,0.0,0.00020853296019835658,0.00041706592039671316,0.0,99.97059685261203
