from_label,Crops,TreeCrops,Forest,Grassland,Urban,Water,Other
Crops,98.60917941585535,0.0,0.13908205841446453,1.2517385257301807,0.0,0.0,0.0
TreeCrops,0.0,0.0,0.0,0.0,0.0,0.0,0.0
Forest,0.10504201680672269,0.0,99.0546218487395,0.8403361344537815,0.0,0.0,0.0
Grassland,1.0376134889753565,0.0,2.7237354085603114,95.59014267185474,0.38910505836575876,0.0,0.25940337224383914
Urban,0.0,0.0,1.1299435028248588,1.1299435028248588,97.74011299435028,0.0,0.0
Water,0.0,0.0,0.0,0.0,0.0,0.0,0.0
Other,0.0,0.0,0.0,50.0,0.0,0.0,50.0
