from_label,Crops,TreeCrops,Forest,Grassland,Urban,Water,Other
Crops,98.03149606299213,0.0,0.13123359580052493,1.837270341207349,0.0,0.0,0.0
TreeCrops,0.0,0.0,0.0,0.0,0.0,0.0,0.0
Forest,0.11025358324145534,0.0,98.67695700110254,1.2127894156560088,0.0,0.0,0.0
Grassland,1.2345679012345678,0.0,1.4814814814814816,96.54320987654322,0.3703703703703704,0.0,0.3703703703703704
Urban,0.0,0.0,0.0,0.7142857142857143,99.28571428571429,0.0,0.0
Water,0.0,0.0,0.0,0.0,0.0,0.0,0.0
Other,0.0,0.0,0.0,75.0,0.0,0.0,25.0
