from_label,Crops,TreeCrops,Forest,Grassland,Urban,Water,Other
Crops,98.91640866873065,0.0,0.15479876160990713,0.9287925696594427,0.0,0.0,0.0
TreeCrops,0.0,0.0,0.0,0.0,0.0,0.0,0.0
Forest,0.1092896174863388,0.0,98.68852459016394,1.092896174863388,0.1092896174863388,0.0,0.0
Grassland,1.1723329425556859,0.0,1.406799531066823,96.71746776084407,0.7033997655334115,0.0,0.0
Urban,0.0,0.0,0.0,0.4830917874396135,99.51690821256038,0.0,0.0
Water,0.0,0.0,0.0,0.0,0.0,0.0,0.0
Other,0.0,0.0,0.0,0.0,0.0,0.0,100.0
