from_label,Crops,TreeCrops,Forest,Grassland,Urban,Water,Other
Crops,98.38492597577388,0.0,0.13458950201884254,1.4804845222072678,0.0,0.0,0.0
TreeCrops,0.0,0.0,0.0,0.0,0.0,0.0,0.0
Forest,0.21739130434782608,0.0,98.47826086956522,1.3043478260869565,0.0,0.0,0.0
Grassland,2.0100502512562812,0.0,1.507537688442211,95.85427135678391,0.25125628140703515,0.0,0.37688442211055273
Urban,0.0,0.0,0.0,0.628930817610063,99.37106918238993,0.0,0.0
Water,0.0,0.0,0.0,0.0,0.0,0.0,0.0
Other,0.0,0.0,0.0,60.0,0.0,0.0,40.0
