from_label,Crops,TreeCrops,Forest,Grassland,Urban,Water,Other
Crops,98.60896445131375,0.0,0.1545595054095827,1.2364760432766615,0.0,0.0,0.0
TreeCrops,0.0,0.0,0.0,0.0,0.0,0.0,0.0
Forest,0.10482180293501049,0.0,98.74213836477988,1.1530398322851152,0.0,0.0,0.0
Grassland,0.9615384615384616,0.0,1.8028846153846152,96.875,0.3605769230769231,0.0,0.0
Urban,0.0,0.0,0.0,1.0638297872340425,98.93617021276596,0.0,0.0
Water,0.0,0.0,0.0,0.0,0.0,0.0,0.0
Other,0.0,0.0,0.0,0.0,0.0,0.0,100.0
