from_label,Crops,TreeCrops,Forest,Grassland,Urban,Water,Other
Crops,98.34815756035579,0.0,0.25412960609911056,1.3977128335451081,0.0,0.0,0.0
TreeCrops,0.0,0.0,0.0,0.0,0.0,0.0,0.0
Forest,0.11098779134295228,0.0,98.66814650388457,1.2208657047724751,0.0,0.0,0.0
Grassland,1.1207970112079702,0.0,1.4943960149439601,96.63760896637609,0.37359900373599003,0.0,0.37359900373599003
Urban,0.0,0.0,0.0,0.78125,99.21875,0.0,0.0
Water,0.0,0.0,0.0,0.0,0.0,0.0,0.0
Other,0.0,0.0,0.0,75.0,0.0,0.0,25.0
