from_label,Crops,TreeCrops,Forest,Grassland,Urban,Water,Other
Crops,98.51150202976996,0.0,0.13531799729364005,1.3531799729364005,0.0,0.0,0.0
TreeCrops,0.0,0.0,0.0,0.0,0.0,0.0,0.0
Forest,0.10917030567685589,0.0,98.58078602620087,1.3100436681222707,0.0,0.0,0.0
Grassland,2.0935960591133003,0.0,1.477832512315271,95.8128078817734,0.24630541871921183,0.0,0.3694581280788177
Urban,0.0,0.0,0.0,0.6622516556291391,99.33774834437085,0.0,0.0
Water,0.0,0.0,0.0,0.0,0.0,0.0,0.0
Other,0.0,0.0,0.0,60.0,0.0,0.0,40.0
