from_label,Crops,TreeCrops,Forest,Grassland,Urban,Water,Other
Crops,98.58490566037736,0.0,0.15723270440251574,1.257861635220126,0.0,0.0,0.0
TreeCrops,0.0,0.0,0.0,0.0,0.0,0.0,0.0
Forest,0.2066115702479339,0.0,98.65702479338843,1.0330578512396695,0.10330578512396695,0.0,0.0
Grassland,2.063106796116505,0.0,0.9708737864077669,96.60194174757282,0.3640776699029126,0.0,0.0
Urban,0.0,0.0,0.0,1.0362694300518136,98.96373056994818,0.0,0.0
Water,0.0,0.0,0.0,0.0,0.0,0.0,0.0
Other,0.0,0.0,0.0,0.0,0.0,0.0,100.0
