from_label,Crops,TreeCrops,Forest,Grassland,Urban,Water,Other
Crops,98.20282413350449,0.0,0.25673940949935814,1.540436456996149,0.0,0.0,0.0
TreeCrops,0.0,0.0,0.0,0.0,0.0,0.0,0.0
Forest,0.11086474501108648,0.0,98.4478935698448,1.441241685144124,0.0,0.0,0.0
Grassland,1.240694789081886,0.0,1.6129032258064515,96.40198511166254,0.37220843672456577,0.0,0.37220843672456577
Urban,0.0,0.0,0.0,0.7575757575757576,99.24242424242425,0.0,0.0
Water,0.0,0.0,0.0,0.0,0.0,0.0,0.0
Other,0.0,0.0,0.0,75.0,0.0,0.0,25.0
