from_label,Crops,TreeCrops,Forest,Grassland,Urban,Water,Other
Crops,98.18181818181819,0.0,0.2597402597402597,1.5584415584415585,0.0,0.0,0.0
TreeCrops,0.0,0.0,0.0,0.0,0.0,0.0,0.0
Forest,0.11061946902654868,0.0,98.67256637168141,1.2168141592920354,0.0,0.0,0.0
Grassland,1.2360939431396787,0.0,1.3597033374536465,96.66254635352287,0.3708281829419036,0.0,0.3708281829419036
Urban,0.0,0.0,0.0,0.7352941176470588,99.26470588235294,0.0,0.0
Water,0.0,0.0,0.0,0.0,0.0,0.0,0.0
Other,0.0,0.0,0.0,75.0,0.0,0.0,25.0
