from_label,Crops,TreeCrops,Forest,Grassland,Urban,Water,Other
Crops,97.2181551976574,0.0,0.29282576866764276,2.4890190336749636,0.0,0.0,0.0
TreeCrops,0.0,0.0,0.0,0.0,0.0,0.0,0.0
Forest,0.10548523206751054,0.0,98.73417721518987,1.160337552742616,0.0,0.0,0.0
Grassland,1.107011070110701,0.0,1.3530135301353015,97.04797047970479,0.4920049200492005,0.0,0.0
Urban,0.0,0.0,0.0,1.1299435028248588,98.87005649717514,0.0,0.0
Water,0.0,0.0,0.0,0.0,0.0,0.0,0.0
Other,0.0,0.0,0.0,0.0,0.0,0.0,100.0
