from_label,Crops,TreeCrops,Forest,Grassland,Urban,Water,Other
Crops,97.55434782608695,0.0,0.4076086956521739,2.0380434782608696,0.0,0.0,0.0
TreeCrops,0.0,0.0,0.0,0.0,0.0,0.0,0.0
Forest,0.10799136069114472,0.0,98.70410367170626,1.187904967602592,0.0,0.0,0.0
Grassland,1.0230179028132993,0.0,2.4296675191815855,95.78005115089513,0.5115089514066496,0.0,0.2557544757033248
Urban,0.0,0.0,0.0,1.1428571428571428,98.85714285714286,0.0,0.0
Water,0.0,0.0,0.0,0.0,0.0,0.0,0.0
Other,0.0,0.0,0.0,50.0,0.0,0.0,50.0
