from_label,Crops,TreeCrops,Forest,Grassland,Urban,Water,Other
Crops,98.23848238482384,0.0,0.13550135501355012,1.6260162601626018,0.0,0.0,0.0
TreeCrops,0.0,0.0,0.0,0.0,0.0,0.0,0.0
Forest,0.1088139281828074,0.0,98.5854189336235,1.3057671381936888,0.0,0.0,0.0
Grassland,1.2674271229404308,0.0,2.4081115335868186,95.56400506970849,0.5069708491761723,0.0,0.25348542458808615
Urban,0.0,0.0,0.0,0.5813953488372093,99.4186046511628,0.0,0.0
Water,0.0,0.0,0.0,0.0,0.0,0.0,0.0
Other,0.0,0.0,0.0,60.0,0.0,0.0,40.0
