from_label,Crops,TreeCrops,Forest,Grassland,Urban,Water,Other
Crops,98.48484848484848,0.0,0.25252525252525254,1.2626262626262625,0.0,0.0,0.0
TreeCrops,0.0,0.0,0.0,0.0,0.0,0.0,0.0
Forest,0.22099447513812157,0.0,98.45303867403314,1.3259668508287292,0.0,0.0,0.0
Grassland,1.0025062656641603,0.0,1.2531328320802004,96.99248120300751,0.37593984962406013,0.0,0.37593984962406013
Urban,0.0,0.0,0.0,0.8064516129032258,99.19354838709677,0.0,0.0
Water,0.0,0.0,0.0,0.0,0.0,0.0,0.0
Other,0.0,0.0,0.0,75.0,0.0,0.0,25.0
