from_label,Crops,TreeCrops,Forest,Grassland,Urban,Water,Other
Crops,98.90965732087228,0.0,0.1557632398753894,0.9345794392523363,0.0,0.0,0.0
TreeCrops,0.0,0.0,0.0,0.0,0.0,0.0,0.0
Forest,0.11025358324145534,0.0,98.67695700110254,1.1025358324145533,0.11025358324145534,0.0,0.0
Grassland,1.1723329425556859,0.0,1.1723329425556859,96.95193434935521,0.7033997655334115,0.0,0.0
Urban,0.0,0.0,0.0,0.0,100.0,0.0,0.0
Water,0.0,0.0,0.0,0.0,0.0,0.0,0.0
Other,0.0,0.0,0.0,0.0,0.0,0.0,100.0
