from_label,Crops,TreeCrops,Forest,Grassland,Urban,Water,Other
Crops,98.13084112149532,0.0,0.13351134846461948,1.7356475300400533,0.0,0.0,0.0
TreeCrops,0.0,0.0,0.0,0.0,0.0,0.0,0.0
Forest,0.1088139281828074,0.0,98.4766050054407,1.4145810663764962,0.0,0.0,0.0
Grassland,1.2658227848101267,0.0,1.5189873417721518,96.45569620253166,0.37974683544303794,0.0,0.37974683544303794
Urban,0.0,0.0,0.0,0.0,100.0,0.0,0.0
Water,0.0,0.0,0.0,0.0,0.0,0.0,0.0
Other,0.0,0.0,0.0,60.0,0.0,0.0,40.0
