from_label,Crops,TreeCrops,Forest,Grassland,Urban,Water,Other
Crops,98.4034833091437,0.0,0.14513788098693758,1.4513788098693758,0.0,0.0,0.0
TreeCrops,0.0,0.0,0.0,0.0,0.0,0.0,0.0
Forest,0.10515247108307045,0.0,98.73817034700315,1.1566771819137749,0.0,0.0,0.0
Grassland,1.1138613861386137,0.0,1.608910891089109,96.78217821782178,0.49504950495049505,0.0,0.0
Urban,0.0,0.0,0.0,1.1560693641618496,98.84393063583815,0.0,0.0
Water,0.0,0.0,0.0,0.0,0.0,0.0,0.0
Other,0.0,0.0,0.0,0.0,0.0,0.0,100.0
