from_label,Crops,TreeCrops,Forest,Grassland,Urban,Water,Other
Crops,98.59550561797754,0.0,0.2808988764044944,1.1235955056179776,0.0,0.0,0.0
TreeCrops,0.0,0.0,0.0,0.0,0.0,0.0,0.0
Forest,0.10266940451745381,0.0,98.56262833675564,1.3347022587268993,0.0,0.0,0.0
Grassland,0.5277044854881267,0.0,0.13192612137203166,98.94459102902374,0.2638522427440633,0.0,0.13192612137203166
Urban,0.0,0.0,0.0,1.1428571428571428,98.85714285714286,0.0,0.0
Water,0.0,0.0,0.0,0.0,0.0,0.0,0.0
Other,0.0,0.0,0.0,50.0,0.0,0.0,50.0
