from_label,Crops,TreeCrops,Forest,Grassland,Urban,Water,Other
Crops,96.42857142857143,3.571428571428571,0.0,0.0,0.0,0.0,0.0
TreeCrops,0.0,100.0,0.0,0.0,0.0,0.0,0.0
Forest,0.0,0.0,99.99132659699032,0.008673403009670844,0.0,0.0,0.0
Grassland,0.0,0.8561643835616438,0.0,99.14383561643835,0.0,0.0,0.0
Urban,0.0,0.0,0.0,0.0,100.0,0.0,0.0
Water,0.0,0.0,0.0,0.0,0.0,100.0,0.0
Other,0.0,0.0,0.0,0.0,0.0,0.0,100.0
