from_label,Crops,TreeCrops,Forest,Grassland,Urban,Water,Other
Crops,99.75031210986268,0.0,0.12484394506866417,0.12484394506866417,0.0,0.0,0.0
TreeCrops,0.0,0.0,0.0,0.0,0.0,0.0,0.0
Forest,0.28735632183908044,0.0,99.71264367816092,0.0,0.0,0.0,0.0
Grassland,0.0,0.0,0.0,100.0,0.0,0.0,0.0
Urban,0.0,0.0,0.0,0.0,100.0,0.0,0.0
Water,0.0,0.0,0.0,0.0,0.0,100.0,0.0
Other,0.411522633744856,0.0,0.0,0.0,0.0,0.0,99.58847736625515
