from_label,Crops,TreeCrops,Forest,Grassland,Urban,Water,Other
Crops,100.0,0.0,0.0,0.0,0.0,0.0,0.0
TreeCrops,0.0,0.0,0.0,0.0,0.0,0.0,0.0
Forest,0.2583979328165375,0.0,99.74160206718346,0.0,0.0,0.0,0.0
Grassland,0.3968253968253968,0.0,0.0,99.60317460317461,0.0,0.0,0.0
Urban,0.0,0.0,0.0,0.0,100.0,0.0,0.0
Water,0.0,0.0,0.0,0.0,0.0,100.0,0.0
Other,0.819672131147541,0.0,0.0,0.0,0.0,0.0,99.18032786885246
