from_label,Crops,TreeCrops,Forest,Grassland,Urban,Water,Other
Crops,97.68211920529801,0.0,0.11037527593818984,1.2141280353200883,0.0,0.0,0.9933774834437087
TreeCrops,0.0,0.0,0.0,0.0,0.0,0.0,0.0
Forest,0.0,0.0,98.9100817438692,0.544959128065395,0.0,0.0,0.544959128065395
Grassland,0.0,0.0,0.0,100.0,0.0,0.0,0.0
Urban,0.0,0.0,0.0,0.0,100.0,0.0,0.0
Water,0.0,0.0,0.0,0.0,0.0,100.0,0.0
Other,0.0,0.0,0.0,0.0,0.0,0.0,100.0
