from_label,Crops,TreeCrops,Forest,Grassland,Urban,Water,Other
Crops,99.88674971687429,0.0,0.0,0.11325028312570783,0.0,0.0,0.0
TreeCrops,0.0,0.0,0.0,0.0,0.0,0.0,0.0
Forest,0.2557544757033248,0.0,99.74424552429667,0.0,0.0,0.0,0.0
Grassland,2.1021021021021022,0.0,0.3003003003003003,97.5975975975976,0.0,0.0,0.0
Urban,0.0,0.0,0.0,0.0,100.0,0.0,0.0
Water,0.0,0.0,0.0,0.0,0.0,100.0,0.0
Other,2.6490066225165565,0.0,0.0,0.0,0.0,0.0,97.35099337748345
