from_label,Crops,TreeCrops,Forest,Grassland,Urban,Water,Other
Crops,99.88674971687429,0.0,0.11325028312570783,0.0,0.0,0.0,0.0
TreeCrops,0.0,0.0,0.0,0.0,0.0,0.0,0.0
Forest,0.0,0.0,100.0,0.0,0.0,0.0,0.0
Grassland,0.2967359050445104,0.0,0.2967359050445104,99.40652818991099,0.0,0.0,0.0
Urban,0.0,0.0,0.0,0.0,100.0,0.0,0.0
Water,0.0,0.0,0.0,0.0,0.0,100.0,0.0
Other,0.0,0.0,0.0,0.0,0.0,0.0,100.0
