from_label,Crops,TreeCrops,Forest,Grassland,Urban,Water,Other
Crops,99.89806320081549,0.0,0.0,0.10193679918450561,0.0,0.0,0.0
TreeCrops,0.0,0.0,0.0,0.0,0.0,0.0,0.0
Forest,0.2564102564102564,0.0,99.74358974358975,0.0,0.0,0.0,0.0
Grassland,2.3166023166023164,0.0,0.0,97.68339768339769,0.0,0.0,0.0
Urban,0.0,0.0,0.0,0.0,100.0,0.0,0.0
Water,0.0,0.0,0.0,0.0,0.0,100.0,0.0
Other,3.125,0.0,0.0,0.0,0.0,0.0,96.875
