from_label,Crops,TreeCrops,Forest,Grassland,Urban,Water,Other
Crops,100.0,0.0,0.0,0.0,0.0,0.0,0.0
TreeCrops,0.0,0.0,0.0,0.0,0.0,0.0,0.0
Forest,0.25773195876288657,0.0,99.74226804123711,0.0,0.0,0.0,0.0
Grassland,0.3952569169960474,0.0,0.0,99.60474308300395,0.0,0.0,0.0
Urban,0.0,0.0,0.0,0.0,100.0,0.0,0.0
Water,0.0,0.0,0.0,0.0,0.0,100.0,0.0
Other,0.8130081300813009,0.0,0.0,0.0,0.0,0.0,99.1869918699187
