from_label,Crops,TreeCrops,Forest,Grassland,Urban,Water,Other
Crops,99.75093399750934,0.0,0.12453300124533001,0.12453300124533001,0.0,0.0,0.0
TreeCrops,0.0,0.0,0.0,0.0,0.0,0.0,0.0
Forest,0.2890173410404624,0.0,99.71098265895954,0.0,0.0,0.0,0.0
Grassland,0.2717391304347826,0.0,0.0,99.72826086956522,0.0,0.0,0.0
Urban,0.0,0.0,0.0,0.0,100.0,0.0,0.0
Water,0.0,0.0,0.0,0.0,0.0,100.0,0.0
Other,0.4149377593360996,0.0,0.0,0.0,0.0,0.0,99.5850622406639
