from_label,Crops,TreeCrops,Forest,Grassland,Urban,Water,Other
Crops,99.54337899543378,0.0,0.228310502283105,0.1141552511415525,0.0,0.0,0.1141552511415525
TreeCrops,0.0,0.0,0.0,0.0,0.0,0.0,0.0
Forest,0.2590673575129534,0.0,99.74093264248705,0.0,0.0,0.0,0.0
Grassland,0.29239766081871343,0.0,0.0,99.70760233918129,0.0,0.0,0.0
Urban,0.0,0.0,0.0,0.0,100.0,0.0,0.0
Water,0.0,0.0,0.0,0.0,0.0,100.0,0.0
Other,0.0,0.0,0.0,0.0,0.0,0.0,100.0
