from_label,Crops,TreeCrops,Forest,Grassland,Urban,Water,Other
Crops,97.74011299435028,0.0,0.11299435028248588,1.0169491525423728,0.0,0.0,1.1299435028248588
TreeCrops,0.0,0.0,0.0,0.0,0.0,0.0,0.0
Forest,0.0,0.0,99.17582417582418,0.5494505494505495,0.0,0.0,0.27472527472527475
Grassland,0.3144654088050315,0.0,0.0,99.68553459119497,0.0,0.0,0.0
Urban,0.0,0.0,0.0,0.0,100.0,0.0,0.0
Water,0.0,0.0,0.0,0.0,0.0,100.0,0.0
Other,0.0,0.0,0.0,0.0,0.0,0.0,100.0
