from_label,Crops,TreeCrops,Forest,Grassland,Urban,Water,Other
Crops,99.5069033530572,0.0,0.0,0.19723865877712032,0.0,0.0,0.2958579881656805
TreeCrops,0.0,0.0,0.0,0.0,0.0,0.0,0.0
Forest,0.26109660574412535,0.0,99.73890339425587,0.0,0.0,0.0,0.0
Grassland,0.0,0.0,0.0,100.0,0.0,0.0,0.0
Urban,0.0,0.0,0.0,0.0,100.0,0.0,0.0
Water,0.0,0.0,0.0,0.0,0.0,100.0,0.0
Other,0.0,0.0,0.0,0.0,0.0,0.0,100.0
