from_label,Crops,TreeCrops,Forest,Grassland,Urban,Water,Other
Crops,99.79231568016614,0.0,0.20768431983385255,0.0,0.0,0.0,0.0
TreeCrops,0.0,0.0,0.0,0.0,0.0,0.0,0.0
Forest,0.2557544757033248,0.0,99.74424552429667,0.0,0.0,0.0,0.0
Grassland,0.3731343283582089,0.0,0.0,99.6268656716418,0.0,0.0,0.0
Urban,0.0,0.0,0.0,0.0,100.0,0.0,0.0
Water,0.0,0.0,0.0,0.0,0.0,100.0,0.0
Other,0.7352941176470588,0.0,0.0,0.0,0.0,0.0,99.26470588235294
