from_label,Crops,TreeCrops,Forest,Grassland,Urban,Water,Other
Crops,98.79781420765028,0.0,0.1092896174863388,0.546448087431694,0.0,0.0,0.546448087431694
TreeCrops,0.0,0.0,0.0,0.0,0.0,0.0,0.0
Forest,0.2702702702702703,0.0,98.91891891891892,0.5405405405405406,0.0,0.0,0.2702702702702703
Grassland,0.33444816053511706,0.0,0.0,99.66555183946488,0.0,0.0,0.0
Urban,0.0,0.0,0.0,0.0,100.0,0.0,0.0
Water,0.0,0.0,0.0,0.0,0.0,100.0,0.0
Other,0.0,0.0,0.0,0.0,0.0,0.0,100.0
