from_label,Crops,TreeCrops,Forest,Grassland,Urban,Water,Other
Crops,98.46625766871165,0.0,0.0,0.9202453987730062,0.0,0.0,0.6134969325153374
TreeCrops,0.0,0.0,0.0,0.0,0.0,0.0,0.0
Forest,0.0,0.0,99.73821989528795,0.2617801047120419,0.0,0.0,0.0
Grassland,0.38461538461538464,0.0,0.0,99.61538461538461,0.0,0.0,0.0
Urban,0.0,0.0,0.0,0.0,100.0,0.0,0.0
Water,0.0,0.0,0.0,0.0,0.0,100.0,0.0
Other,0.0,0.0,0.0,0.0,0.0,0.0,100.0
