from_label,Crops,TreeCrops,Forest,Grassland,Urban,Water,Other
Crops,100.0,0.0,0.0,0.0,0.0,0.0,0.0
TreeCrops,0.0,0.0,0.0,0.0,0.0,0.0,0.0
Forest,0.2570694087403599,0.0,99.74293059125964,0.0,0.0,0.0,0.0
Grassland,0.39370078740157477,0.0,0.0,99.60629921259843,0.0,0.0,0.0
Urban,0.0,0.0,0.0,0.0,100.0,0.0,0.0
Water,0.0,0.0,0.0,0.0,0.0,100.0,0.0
Other,0.8064516129032258,0.0,0.0,0.0,0.0,0.0,99.19354838709677
