from_label,Crops,TreeCrops,Forest,Grassland,Urban,Water,Other
Crops,98.70270270270271,0.0,0.10810810810810811,0.6486486486486486,0.0,0.0,0.5405405405405406
TreeCrops,0.0,0.0,0.0,0.0,0.0,0.0,0.0
Forest,0.2680965147453083,0.0,98.92761394101876,0.5361930294906166,0.0,0.0,0.2680965147453083
Grassland,0.3424657534246575,0.0,0.0,99.65753424657534,0.0,0.0,0.0
Urban,0.0,0.0,0.0,0.0,100.0,0.0,0.0
Water,0.0,0.0,0.0,0.0,0.0,100.0,0.0
Other,0.0,0.0,0.0,0.0,0.0,0.0,100.0
