from_label,Crops,TreeCrops,Forest,Grassland,Urban,Water,Other
Crops,99.8019801980198,0.0,0.09900990099009901,0.0,0.0,0.0,0.09900990099009901
TreeCrops,0.0,0.0,0.0,0.0,0.0,0.0,0.0
Forest,0.2617801047120419,0.0,99.73821989528795,0.0,0.0,0.0,0.0
Grassland,0.4032258064516129,0.0,0.0,99.59677419354838,0.0,0.0,0.0
Urban,0.0,0.0,0.0,0.0,100.0,0.0,0.0
Water,0.0,0.0,0.0,0.0,0.0,100.0,0.0
Other,0.0,0.0,0.0,0.0,0.0,0.0,100.0
