from_label,Crops,TreeCrops,Forest,Grassland,Urban,Water,Other
Crops,99.89733059548254,0.0,0.10266940451745381,0.0,0.0,0.0,0.0
TreeCrops,0.0,0.0,0.0,0.0,0.0,0.0,0.0
Forest,0.2557544757033248,0.0,99.74424552429667,0.0,0.0,0.0,0.0
Grassland,0.38167938931297707,0.0,0.0,99.61832061068702,0.0,0.0,0.0
Urban,0.0,0.0,0.0,0.0,100.0,0.0,0.0
Water,0.0,0.0,0.0,0.0,0.0,100.0,0.0
Other,0.7633587786259541,0.0,0.0,0.0,0.0,0.0,99.23664122137404
