from_label,Crops,TreeCrops,Forest,Grassland,Urban,Water,Other
Crops,99.89754098360656,0.0,0.10245901639344263,0.0,0.0,0.0,0.0
TreeCrops,0.0,0.0,0.0,0.0,0.0,0.0,0.0
Forest,0.2557544757033248,0.0,99.74424552429667,0.0,0.0,0.0,0.0
Grassland,0.38314176245210724,0.0,0.0,99.61685823754789,0.0,0.0,0.0
Urban,0.0,0.0,0.0,0.0,100.0,0.0,0.0
Water,0.0,0.0,0.0,0.0,0.0,100.0,0.0
Other,0.7692307692307693,0.0,0.0,0.0,0.0,0.0,99.23076923076923
