from_label,Crops,TreeCrops,Forest,Grassland,Urban,Water,Other
Crops,87.09677419354838,0.0,0.0,3.225806451612903,6.451612903225806,0.0,3.225806451612903
TreeCrops,0.0,50.0,20.0,20.0,0.0,0.0,10.0
Forest,0.0,0.0,99.60378604446402,0.26414263702399293,0.0,0.0,0.13207131851199647
Grassland,0.0,0.0,0.38461538461538464,99.42307692307692,0.0,0.0,0.19230769230769232
Urban,0.0,0.0,0.0,0.0,100.0,0.0,0.0
Water,0.0,0.0,0.0,0.0,0.0,100.0,0.0
Other,0.0,0.0,0.0,0.0,0.0,0.0,100.0
