from_label,Crops,TreeCrops,Forest,Grassland,Urban,Water,Other
Crops,100.0,0.0,0.0,0.0,0.0,0.0,0.0
TreeCrops,0.0,28.57142857142857,0.0,28.57142857142857,14.285714285714285,0.0,28.57142857142857
Forest,0.0,0.0,99.58620689655172,0.22988505747126436,0.06896551724137931,0.0,0.11494252873563218
Grassland,0.0,0.0,0.16420361247947454,99.50738916256158,0.16420361247947454,0.0,0.16420361247947454
Urban,0.0,0.0,0.0,0.0,100.0,0.0,0.0
Water,0.0,0.0,0.0,0.0,0.0,100.0,0.0
Other,0.0,0.0,0.0,0.0,0.0,0.0,100.0
