from_label,Crops,TreeCrops,Forest,Grassland,Urban,Water,Other
Crops,96.29629629629629,0.0,0.0,0.0,3.7037037037037033,0.0,0.0
TreeCrops,0.0,62.5,12.5,12.5,0.0,0.0,12.5
Forest,0.0,0.0,99.53009621839337,0.3580219288431416,0.0,0.0,0.11188185276348177
Grassland,0.0,0.0,0.35398230088495575,99.11504424778761,0.17699115044247787,0.0,0.35398230088495575
Urban,0.0,0.0,0.0,0.0,100.0,0.0,0.0
Water,0.0,0.0,0.0,0.0,0.0,100.0,0.0
Other,0.0,0.0,0.0,0.0,0.0,0.0,100.0
