from_label,Crops,TreeCrops,Forest,Grassland,Urban,Water,Other
Crops,100.0,0.0,0.0,0.0,0.0,0.0,0.0
TreeCrops,0.0,98.0,2.0,0.0,0.0,0.0,0.0
Forest,0.0,0.0,99.84674329501915,0.1277139208173691,0.02554278416347382,0.0,0.0
Grassland,0.0,0.42016806722689076,0.2801120448179272,98.45938375350141,0.1400560224089636,0.0,0.700280112044818
Urban,0.0,0.0,0.0,0.0,100.0,0.0,0.0
Water,0.0,0.0,0.0,0.0,0.0,100.0,0.0
Other,0.0,0.0,0.0,0.9174311926605505,0.0,0.0,99.08256880733946
