from_label,Crops,TreeCrops,Forest,Grassland,Urban,Water,Other
Crops,100.0,0.0,0.0,0.0,0.0,0.0,0.0
TreeCrops,0.0,100.0,0.0,0.0,0.0,0.0,0.0
Forest,0.0,0.0,99.82097186700767,0.10230179028132991,0.025575447570332477,0.0,0.051150895140664954
Grassland,0.0,0.42194092827004215,0.2812939521800281,98.45288326300985,0.14064697609001406,0.0,0.7032348804500703
Urban,0.0,0.0,0.0,0.0,100.0,0.0,0.0
Water,0.0,0.0,0.0,0.0,0.0,100.0,0.0
Other,0.0,0.0,0.0,0.0,0.0,0.0,100.0
