from_label,Crops,TreeCrops,Forest,Grassland,Urban,Water,Other
Crops,100.0,0.0,0.0,0.0,0.0,0.0,0.0
TreeCrops,0.0,100.0,0.0,0.0,0.0,0.0,0.0
Forest,0.0,0.02538715410002539,99.44148260979944,0.2792586951002793,0.05077430820005078,0.0,0.20309723280020311
Grassland,0.0,1.1204481792717087,0.2801120448179272,97.89915966386555,0.1400560224089636,0.0,0.5602240896358543
Urban,0.0,0.0,0.0,0.0,100.0,0.0,0.0
Water,0.0,0.0,0.0,0.0,0.0,100.0,0.0
Other,0.0,0.0,0.0,0.1869158878504673,0.1869158878504673,0.0,99.62616822429906
