from_label,Crops,TreeCrops,Forest,Grassland,Urban,Water,Other
Crops,100.0,0.0,0.0,0.0,0.0,0.0,0.0
TreeCrops,0.0,100.0,0.0,0.0,0.0,0.0,0.0
Forest,0.0,0.0,99.49543488707351,0.2162421912542047,0.09610764055742432,0.0,0.19221528111484865
Grassland,0.0,0.1510574018126888,0.3021148036253776,99.24471299093656,0.1510574018126888,0.0,0.1510574018126888
Urban,0.0,0.0,0.0,0.0,100.0,0.0,0.0
Water,0.0,0.0,0.0,0.0,0.0,100.0,0.0
Other,0.0,0.0,0.0,0.2288329519450801,0.0,0.0,99.77116704805492
