from_label,Crops,TreeCrops,Forest,Grassland,Urban,Water,Other
Crops,100.0,0.0,0.0,0.0,0.0,0.0,0.0
TreeCrops,0.0,100.0,0.0,0.0,0.0,0.0,0.0
Forest,0.0,0.07170172084130019,99.45028680688337,0.23900573613766732,0.09560229445506692,0.0,0.14340344168260039
Grassland,0.0,0.15267175572519084,0.15267175572519084,99.08396946564886,0.15267175572519084,0.0,0.45801526717557256
Urban,0.0,0.0,0.0,0.0,100.0,0.0,0.0
Water,0.0,0.0,0.0,0.0,0.0,100.0,0.0
Other,0.0,0.0,0.0,0.6944444444444444,0.23148148148148145,0.0,99.07407407407408
