from_label,Crops,TreeCrops,Forest,Grassland,Urban,Water,Other
Crops,100.0,0.0,0.0,0.0,0.0,0.0,0.0
TreeCrops,0.0,100.0,0.0,0.0,0.0,0.0,0.0
Forest,0.0,0.024789291026276646,99.45463559742191,0.27268220128904314,0.04957858205255329,0.0,0.19831432821021316
Grassland,0.14388489208633093,0.14388489208633093,0.28776978417266186,98.56115107913669,0.14388489208633093,0.0,0.7194244604316548
Urban,0.0,0.0,0.0,0.0,100.0,0.0,0.0
Water,0.0,0.0,0.0,0.0,0.0,100.0,0.0
Other,0.0,0.0,0.0,0.0,0.0,0.0,100.0
