from_label,Crops,TreeCrops,Forest,Grassland,Urban,Water,Other
Crops,92.98245614035088,0.0,0.0,3.508771929824561,1.7543859649122806,0.0,1.7543859649122806
TreeCrops,0.0,100.0,0.0,0.0,0.0,0.0,0.0
Forest,0.0,0.0,99.63636363636364,0.2352941176470588,0.0,0.0,0.1283422459893048
Grassland,0.0,0.0,0.45454545454545453,99.0909090909091,0.22727272727272727,0.0,0.22727272727272727
Urban,0.0,0.0,0.0,0.0,100.0,0.0,0.0
Water,0.0,0.0,0.0,0.0,0.0,100.0,0.0
Other,0.0,0.0,0.0,0.0,0.0,0.0,100.0
