from_label,Crops,TreeCrops,Forest,Grassland,Urban,Water,Other
Crops,100.0,0.0,0.0,0.0,0.0,0.0,0.0
TreeCrops,0.0,100.0,0.0,0.0,0.0,0.0,0.0
Forest,0.0,0.04630701551285019,99.44431581384579,0.25468858532067606,0.11576753878212549,0.0,0.13892104653855059
Grassland,0.0,0.1610305958132045,0.1610305958132045,99.03381642512076,0.1610305958132045,0.0,0.4830917874396135
Urban,0.0,0.0,0.0,0.0,100.0,0.0,0.0
Water,0.0,0.0,0.0,0.0,0.0,100.0,0.0
Other,0.0,0.0,0.0,0.2638522427440633,0.2638522427440633,0.0,99.47229551451187
