from_label,Crops,TreeCrops,Forest,Grassland,Urban,Water,Other
Crops,62.96296296296296,0.0,1.8518518518518516,14.814814814814813,7.4074074074074066,0.0,12.962962962962962
TreeCrops,0.0,100.0,0.0,0.0,0.0,0.0,0.0
Forest,0.0,0.0,99.65390439108803,0.23794073112697384,0.0,0.0,0.1081548777849881
Grassland,0.0,0.0,0.2136752136752137,99.35897435897436,0.2136752136752137,0.0,0.2136752136752137
Urban,0.0,0.0,0.0,0.0,100.0,0.0,0.0
Water,0.0,0.0,0.0,0.0,0.0,100.0,0.0
Other,0.0,0.0,0.0,0.0,0.0,0.0,100.0
