from_label,Crops,TreeCrops,Forest,Grassland,Urban,Water,Other
Crops,99.45827690384415,0.0,0.2708615480779248,0.18751953328471715,0.041671007396603815,0.0,0.041671007396603815
TreeCrops,0.0,100.0,0.0,0.0,0.0,0.0,0.0
Forest,0.017392136145641748,0.0,99.57389266443177,0.3804529781859132,0.004348034036410437,0.0,0.0239141872002574
Grassland,0.06723913317550814,0.0,0.32638995895611245,99.5629456343592,0.026615490215305307,0.0,0.016809783293877036
Urban,0.0,0.0,0.0,0.0,100.0,0.0,0.0
Water,0.0,0.0,0.0,0.0,0.0,100.0,0.0
Other,0.057126535275635534,0.0,0.0,0.12853470437017994,0.028563267637817767,0.0,99.78577549271637
