from_label,Crops,TreeCrops,Forest,Grassland,Urban,Water,Other
Crops,97.59581881533101,1.4518002322880372,0.4761904761904762,0.30197444831591175,0.16260162601626016,0.0,0.011614401858304297
TreeCrops,0.0,99.52737795862662,0.3272970821275574,0.0037910858933693906,0.13142431097013887,0.0,0.010109562382318376
Forest,0.02182428651371013,0.442641298265249,99.14269725797425,0.34695019585898157,0.01846670397313934,0.0,0.027420257414661444
Grassland,0.16185523243472724,2.1651454043727445,0.3714710252600297,97.2086605816175,0.061027382721290595,0.0,0.03184037359371683
Urban,0.0,0.0,0.0,0.0,100.0,0.0,0.0
Water,0.0,0.0,0.0,0.0,0.0,100.0,0.0
Other,0.0,0.010041168792047394,0.0,0.04016467516818958,0.04016467516818958,0.0,99.90962948087157
