from_label,Crops,TreeCrops,Forest,Grassland,Urban,Water,Other
Crops,98.66534147380378,1.1642765866818117,0.07099247479767144,0.05679397983813716,0.04259548487860287,0.0,0.0
TreeCrops,0.0,99.39672673741737,0.4522144073585868,0.022129641211164886,0.11064820605582441,0.0,0.01828100795704925
Forest,0.013247824646975583,0.25471953753048504,99.53753048505104,0.19028693583837653,0.004215216933128594,0.0,0.0
Grassland,0.3623334272716293,1.698941181206973,1.4211522202987237,96.45315833970773,0.03220741575747816,0.0,0.03220741575747816
Urban,0.0,0.0,0.0,0.0,100.0,0.0,0.0
Water,0.0,0.0,0.0,0.0,0.0,100.0,0.0
Other,0.0,0.09539254030334827,0.019078508060669658,0.009539254030334829,0.09539254030334827,0.0,99.7805971573023
