from_label,Crops,TreeCrops,Forest,Grassland,Urban,Water,Other
Crops,99.4960693408587,0.0,0.22172949002217296,0.23180810320499898,0.030235839548478128,0.0,0.020157226365652085
TreeCrops,0.0,91.30434782608695,8.695652173913043,0.0,0.0,0.0,0.0
Forest,0.02484135407962783,0.0,99.50543122332377,0.4326912219687902,0.004968270815925566,0.0,0.0320679298118832
Grassland,0.034434822533127574,0.0,0.35072504431889195,99.57402849162723,0.024231912152941626,0.0,0.016579729367802165
Urban,0.0,0.0,0.0,0.0,100.0,0.0,0.0
Water,0.0,0.0,0.0,0.0,0.0,100.0,0.0
Other,0.0,0.0,0.0,0.03815337657382679,0.012717792191275595,0.0,99.9491288312349
