from_label,Crops,TreeCrops,Forest,Grassland,Urban,Water,Other
Crops,97.61018373964212,1.5972138825507385,0.2882190464753212,0.38429206196709503,0.12009126936471717,0.0,0.0
TreeCrops,0.0,99.52060905251888,0.3461607089751978,0.016653779813239754,0.10230179028132991,0.0,0.014274668411348362
Forest,0.010876534163766258,0.5249358856933504,99.0159598827624,0.38697563656347317,0.028622458325700678,0.0,0.03262960249129877
Grassland,0.13766898868360913,2.8304744073350037,0.256064318951513,96.66290371430931,0.06608111456813238,0.0,0.0468074561524271
Urban,0.0,0.0,0.0,0.0,100.0,0.0,0.0
Water,0.0,0.0,0.0,0.0,0.0,100.0,0.0
Other,0.0,0.03938558487593541,0.0,0.04923198109491926,0.03938558487593541,0.0,99.8719968491532
