from_label,Crops,TreeCrops,Forest,Grassland,Urban,Water,Other
Crops,97.21138845553821,2.154836193447738,0.17550702028081125,0.33151326053042124,0.08775351014040562,0.0,0.0390015600624025
TreeCrops,0.0,99.70523468520798,0.21673920205295372,0.0,0.07109045827336882,0.0,0.006935654465694519
Forest,0.026059582629724604,0.7671941126190923,98.71995330122793,0.3976692309295975,0.05211916525944921,0.0,0.03700460733420893
Grassland,0.010766116876964816,4.422720813057147,0.31437061280737266,95.14232806511347,0.07105637138796779,0.0,0.03875802075707334
Urban,0.0,0.0,0.0,0.0,100.0,0.0,0.0
Water,0.0,0.0,0.0,0.0,0.0,100.0,0.0
Other,0.010707784559374666,0.0,0.0,0.021415569118749332,0.032123353678124,0.0,99.93575329264375
