from_label,Crops,TreeCrops,Forest,Grassland,Urban,Water,Other
Crops,97.14556743704725,2.5008623663332186,0.04311831666091756,0.2328389099689548,0.051741979993101074,0.0,0.025870989996550537
TreeCrops,0.0,99.92772608185021,0.040654078959255574,0.013551359653085192,0.018068479537446926,0.0,0.0
Forest,0.10364832271470185,0.8026604706911035,98.60541427399508,0.3841373856061462,0.07024507179242827,0.0,0.03389447520054231
Grassland,0.10935325361433805,8.984008861874058,0.32237907234356805,90.52461158292385,0.042605163745846,0.0,0.017042065498338397
Urban,0.0,0.0,0.0,0.0,100.0,0.0,0.0
Water,0.0,0.0,0.0,0.0,0.0,100.0,0.0
Other,0.06721935917544253,0.02240645305848084,0.0,0.08962581223392337,0.033609679587721264,0.0,99.78713869594444
