from_label,Crops,TreeCrops,Forest,Grassland,Urban,Water,Other
Crops,99.5141588006663,0.18045530260966128,0.20821765685730148,0.0416435313714603,0.0416435313714603,0.0,0.013881177123820101
TreeCrops,0.0,99.65314549429196,0.20888996842360943,0.010687393733300948,0.11173184357541899,0.0,0.01554529997571047
Forest,0.004853161531415121,0.22445872082794938,99.34178996730182,0.3937127292360517,0.014559484594245366,0.0,0.020625936508514266
Grassland,0.01524564546251477,1.2310858710980677,0.18294774555017723,98.51736097877044,0.02667987955940085,0.0,0.02667987955940085
Urban,0.0,0.0,0.0,0.0,100.0,0.0,0.0
Water,0.0,0.0,0.0,0.0,0.0,100.0,0.0
Other,0.0,0.05667327854916407,0.0,0.03778218569944271,0.03778218569944271,0.0,99.86776235005195
