from_label,Crops,TreeCrops,Forest,Grassland,Urban,Water,Other
Crops,99.46502057613169,0.0,0.24691358024691357,0.21604938271604937,0.030864197530864196,0.0,0.0411522633744856
TreeCrops,0.0,100.0,0.0,0.0,0.0,0.0,0.0
Forest,0.022476069596488443,0.0,99.52712112397977,0.4142648121705714,0.005288486963879634,0.0,0.030849507289297865
Grassland,0.029766334275933917,0.0,0.3639610872830102,99.5602700618328,0.02570728869285202,0.0,0.02029522791540949
Urban,0.0,0.0,0.0,0.0,100.0,0.0,0.0
Water,0.0,0.0,0.0,0.0,0.0,100.0,0.0
Other,0.02744990392533626,0.0,0.0,0.02744990392533626,0.02744990392533626,0.0,99.917650288224
