from_label,Crops,TreeCrops,Forest,Grassland,Urban,Water,Other
Crops,97.31497418244406,2.157200229489386,0.17211703958691912,0.2065404475043029,0.1262191623637407,0.0,0.022948938611589215
TreeCrops,0.0,99.61461845925501,0.1939927350371711,0.014321611311469008,0.16144361842019606,0.0,0.015623575976148009
Forest,0.033874586285790445,0.5075634732002043,99.06150736355761,0.3587374219773873,0.012772384993002954,0.0,0.025544769986005907
Grassland,0.17535263931509323,3.9196472317491424,0.3868072926068233,95.44341009309161,0.054153020964955265,0.0,0.02062972227236391
Urban,0.0,0.0,0.0,0.0,100.0,0.0,0.0
Water,0.0,0.0,0.0,0.0,0.0,100.0,0.0
Other,0.0,0.0,0.0,0.010108157282927322,0.010108157282927322,0.0,99.97978368543414
