from_label,Crops,TreeCrops,Forest,Grassland,Urban,Water,Other
Crops,97.50414005204637,2.117340903714218,0.04731488052992666,0.248403122782115,0.059143600662408334,0.0,0.02365744026496333
TreeCrops,0.0,99.71182969748249,0.12262566064574673,0.006131283032287336,0.14837704938135354,0.0,0.011036309458117205
Forest,0.014173781905183069,0.6151421346849452,98.93526550328264,0.39119638058305267,0.013606830628975745,0.0,0.03061536891519543
Grassland,0.15297906602254427,3.9881910896403654,0.2147074610842727,95.53676865271068,0.06977992485238863,0.0,0.03757380568974772
Urban,0.0,0.0,0.0,0.0,100.0,0.0,0.0
Water,0.0,0.0,0.0,0.0,0.0,100.0,0.0
Other,0.01982750074353128,0.00991375037176564,0.0,0.059482502230593835,0.00991375037176564,0.0,99.90086249628234
