from_label,Crops,TreeCrops,Forest,Grassland,Urban,Water,Other
Crops,96.83716333086237,2.6439337781072396,0.30887076847047196,0.1729676303434643,0.037064492216456635,0.0,0.0
TreeCrops,0.0,99.43834334117217,0.393844608324391,0.006849471449119842,0.14612205758122332,0.0,0.014840521473092992
Forest,0.013373725861878485,0.7000854755522476,98.83648585001657,0.405863506590921,0.016281057570982506,0.0,0.027910384407398577
Grassland,0.17595640821886707,5.082869792257918,0.38880690203201274,94.26155068679759,0.06243614485185606,0.0,0.028380065841752754
Urban,0.0,0.0,0.0,0.0,100.0,0.0,0.0
Water,0.0,0.0,0.0,0.0,0.0,100.0,0.0
Other,0.0,0.019445794846864366,0.0,0.019445794846864366,0.03889158969372873,0.0,99.92221682061255
