from_label,Crops,TreeCrops,Forest,Grassland,Urban,Water,Other
Crops,99.46264882520282,0.0,0.27394373617110945,0.21072595090085344,0.03160889263512801,0.0,0.02107259509008534
TreeCrops,0.0,100.0,0.0,0.0,0.0,0.0,0.0
Forest,0.025406504065040653,0.0,99.56507509990354,0.37722199255890865,0.005598043268568279,0.0,0.02669836020394102
Grassland,0.03593502946672417,0.0,0.343538881701883,99.57021704757798,0.03162282593071726,0.0,0.018686215322696563
Urban,0.0,0.0,0.0,0.0,100.0,0.0,0.0
Water,0.0,0.0,0.0,0.0,0.0,100.0,0.0
Other,0.0293513354857646,0.0,0.0,0.1761080129145876,0.0293513354857646,0.0,99.76518931611388
