from_label,Crops,TreeCrops,Forest,Grassland,Urban,Water,Other
Crops,99.4751207222339,0.0,0.2729372244383792,0.1994541255511232,0.03149275666596683,0.0,0.02099517111064455
TreeCrops,0.0,100.0,0.0,0.0,0.0,0.0,0.0
Forest,0.020736222292302972,0.0,99.5740434337456,0.37238799199927425,0.0056160602041653886,0.0,0.027216291758647652
Grassland,0.055572179711879624,0.0,0.3291582952165178,99.57394662220892,0.028498553698399803,0.0,0.012824349164279911
Urban,0.0,0.0,0.0,0.0,100.0,0.0,0.0
Water,0.0,0.0,0.0,0.0,0.0,100.0,0.0
Other,0.05818181818181818,0.0,0.0,0.07272727272727272,0.02909090909090909,0.0,99.83999999999999
