from_label,Crops,TreeCrops,Forest,Grassland,Urban,Water,Other
Crops,97.81651376146789,1.8715596330275228,0.0,0.23853211009174313,0.05504587155963303,0.0,0.01834862385321101
TreeCrops,0.0,99.85947580215895,0.03193731769114484,0.006387463538228969,0.10007026209892052,0.0,0.00212915451274299
Forest,0.028016626594400747,0.419740005705204,99.119768531725,0.350462529035413,0.04788296181588492,0.0,0.03412934512408818
Grassland,0.013258580195469355,4.928403666944465,0.4678384726115615,94.5279945450413,0.04735207212667626,0.0,0.015152663080536406
Urban,0.0,0.0,0.0,0.0,100.0,0.0,0.0
Water,0.0,0.0,0.0,0.0,0.0,100.0,0.0
Other,0.010956502684343158,0.0,0.0,0.054782513421715785,0.0,0.0,99.93426098389394
