from_label,Crops,TreeCrops,Forest,Grassland,Urban,Water,Other
Crops,99.76326416933576,0.0974794596852806,0.05570254839158892,0.08355382258738338,0.0,0.0,0.0
TreeCrops,0.0,99.65627420604183,0.24980635166537568,0.0048412083656080565,0.07939581719597212,0.0,0.009682416731216113
Forest,0.004877037687308729,0.2926222612385237,99.35440213614251,0.3066437445895363,0.02194666959288928,0.0,0.019508150749234916
Grassland,0.018857250612860643,0.818404676598152,0.4827456156892325,98.5781633037903,0.06788610220629832,0.0,0.03394305110314916
Urban,0.0,0.0,0.0,0.0,100.0,0.0,0.0
Water,0.0,0.0,0.0,0.0,0.0,100.0,0.0
Other,0.009406452826639074,0.07525162261311259,0.0,0.037625811306556296,0.028219358479917224,0.0,99.84949675477377
