from_label,Crops,TreeCrops,Forest,Grassland,Urban,Water,Other
Crops,99.49164851125636,0.0,0.2074904035688349,0.2386139641041602,0.031123560535325244,0.0,0.031123560535325244
TreeCrops,0.0,100.0,0.0,0.0,0.0,0.0,0.0
Forest,0.023553221557304115,0.0,99.53198876424098,0.4091281818657641,0.006106390774115882,0.0,0.029223441561840292
Grassland,0.01250399433152257,0.0,0.3737304972421746,99.56930686191421,0.027786654070050154,0.0,0.016671992442030093
Urban,0.0,0.0,0.0,0.0,100.0,0.0,0.0
Water,0.0,0.0,0.0,0.0,0.0,100.0,0.0
Other,0.014168319637291017,0.0,0.0,0.0850099178237461,0.028336639274582034,0.0,99.87248512326438
