from_label,Crops,TreeCrops,Forest,Grassland,Urban,Water,Other
Crops,99.79041859558643,0.0,0.05454061530540563,0.09380985832529767,0.0029088328162883005,0.0,0.058322097966580416
TreeCrops,0.0,100.0,0.0,0.0,0.0,0.0,0.0
Forest,0.10130160325691996,0.0,99.83052780092817,0.06552794529517672,0.00254477457456997,0.0,9.787594517576808e-05
Grassland,0.109458066537354,0.0,0.04509182423019973,99.80506407938225,0.002481823063420571,0.0,0.0379042067867869
Urban,0.0,0.0,0.0,0.0,100.0,0.0,0.0
Water,0.0,0.0,0.0,0.0,0.0,100.0,0.0
Other,0.031831365860898464,0.0,0.0007670208641180352,1.0416526845154979,0.0001917552160295088,0.0,98.92555717354345
