from_label,Crops,TreeCrops,Forest,Grassland,Urban,Water,Other
Crops,99.4066283006519,0.0,0.22917628552808683,0.31655803901654667,0.02165335218339132,0.0,0.02598402262006958
TreeCrops,0.0,100.0,0.0,0.0,0.0,0.0,0.0
Forest,0.008220369282757925,0.0,99.84406058511202,0.14098428522898682,0.0066852400793513235,0.0,4.952029688408388e-05
Grassland,0.009294678895212054,0.0,0.10698768685765364,99.81074451696344,0.006888609535813189,0.0,0.06608450774787293
Urban,0.0,0.0,0.0,0.0,100.0,0.0,0.0
Water,0.0,0.0,0.0,0.0,0.0,100.0,0.0
Other,0.06675030894186233,0.0,0.0015470676464761763,0.1184450083485053,0.0007169337873913986,0.0,99.81254068127576
