from_label,Crops,TreeCrops,Forest,Grassland,Urban,Water,Other
Crops,99.7921755881185,0.0,0.06799684899708265,0.1197901935523073,0.0058593029454932916,0.0,0.014178066386625741
TreeCrops,0.0,100.0,0.0,0.0,0.0,0.0,0.0
Forest,0.029860551225775626,0.0,99.83537535447167,0.1296241633538588,0.005139930948699084,0.0,0.0
Grassland,0.032174951924635785,0.0,0.08611164458899617,99.81022390274684,0.005113073755465377,0.0,0.06637642698405968
Urban,0.0,0.0,0.0,0.0,100.0,0.0,0.0
Water,0.0,0.0,0.0,0.0,0.0,100.0,0.0
Other,0.06304601637753542,0.0,0.003687370315787195,1.7040861273513497,8.016022425624338e-05,0.0,98.22910032573107
