from_label,Crops,TreeCrops,Forest,Grassland,Urban,Water,Other
Crops,99.57386010298251,0.22799495037436882,0.13090470386308797,0.03964453620556703,0.006374219546777442,0.0,0.02122148702768588
TreeCrops,0.0,99.85047245677524,0.010052271813429835,0.1262816646562123,0.004397868918375553,0.0,0.008795737836751106
Forest,0.021703230984111307,0.1473408236810223,99.76406176450162,0.06298759925610971,0.003906581577140035,0.0,0.0
Grassland,0.016054930798947827,0.007855448283770902,0.14134073006930856,99.81152658022808,0.003956393661169286,0.0,0.019265916958737396
Urban,0.0,0.0,0.0,0.0,100.0,0.0,0.0
Water,0.0,0.0,0.0,0.0,0.0,100.0,0.0
Other,0.038599889646941256,0.0014682166614173975,0.0002368091389382899,0.20971817344374952,0.009803898352045202,0.0,99.74017301275691
