from_label,Crops,TreeCrops,Forest,Grassland,Urban,Water,Other
Crops,99.78994212540846,0.0,0.15244115837597488,0.035513116644378874,0.006115329214695947,0.0,0.015988270356494222
TreeCrops,0.0,100.0,0.0,0.0,0.0,0.0,0.0
Forest,0.019702473242731073,0.0,99.91987984403018,0.054642819880086665,0.005532221550914636,0.0,0.0002426412960927472
Grassland,0.015639841378780918,0.0,0.14958104703295597,99.81318123539852,0.005213280459593639,0.0,0.016384595730151438
Urban,0.0,0.0,0.0,0.0,100.0,0.0,0.0
Water,0.0,0.0,0.0,0.0,0.0,100.0,0.0
Other,0.10560338797330852,0.0,0.0005415558357605565,0.2195557617479256,0.0019857047311220405,0.0,99.67231358971188
