from_label,Crops,TreeCrops,Forest,Grassland,Urban,Water,Other
Crops,99.65811107939665,0.12805151544616503,0.14961561020899136,0.04054049815411349,0.004861723182891753,0.0,0.018819573611193883
TreeCrops,0.0,99.879362538122,0.0,0.09019623317981182,0.012401982062224126,0.0,0.018039246635962368
Forest,0.02155464825027256,0.09165536811778846,99.81813265538833,0.06480828391320789,0.003704705168015596,0.0,0.00014433916239021803
Grassland,0.016485904694841604,0.014048857913865018,0.13572917013109592,99.81406766618079,0.003956617126761985,0.0,0.015711783952649043
Urban,0.0,0.0,0.0,0.0,100.0,0.0,0.0
Water,0.0,0.0,0.0,0.0,0.0,100.0,0.0
Other,0.08683389419513989,0.002192293706353696,0.002668879294691456,0.2106984886041237,0.015965617209314963,0.0,99.68164082699037
