from_label,Crops,TreeCrops,Forest,Grassland,Urban,Water,Other
Crops,99.79188066180353,0.0,0.06753541438163385,0.11700818839696606,0.005077850705386003,0.0,0.018497884712477583
TreeCrops,0.0,100.0,0.0,0.0,0.0,0.0,0.0
Forest,0.039664875870974566,0.0,99.83761885384179,0.11821112389201556,0.004505146395221803,0.0,0.0
Grassland,0.042478329015129705,0.0,0.08057448101589738,99.80833573233535,0.004542110482039472,0.0,0.06406934715158494
Urban,0.0,0.0,0.0,0.0,100.0,0.0,0.0
Water,0.0,0.0,0.0,0.0,0.0,100.0,0.0
Other,0.1421291480967129,0.0,0.0021305813969253774,1.6483727200357938,0.0006198054972873825,0.0,98.20674774497327
