from_label,Crops,TreeCrops,Forest,Grassland,Urban,Water,Other
Crops,99.42626407094572,0.3870556055022947,0.12966149096077906,0.03530205514767995,0.004428830788293681,0.0,0.01728794665524374
TreeCrops,0.00531108813573725,98.95353860098857,0.9477341717771136,0.06727378305267183,0.005842196949310975,0.0,0.02030015909659571
Forest,0.03606344526415556,0.19880164812041567,99.70686775849606,0.05475277300279432,0.003416687401479855,0.0,9.768771510507256e-05
Grassland,0.028137460898575085,0.0033523594662676817,0.1386535301950414,99.80997324504699,0.003289296697342595,0.0,0.01659410769578761
Urban,0.0,0.0,0.0,0.0,100.0,0.0,0.0
Water,0.0,0.0,0.0,0.0,0.0,100.0,0.0
Other,0.0805873683229294,0.0006070168465291306,0.002922150865849536,0.22334220228864646,0.008688810907876278,0.0,99.68385245076817
