from_label,Crops,TreeCrops,Forest,Grassland,Urban,Water,Other
Crops,99.86214140868557,0.021118428851699168,0.06492542996414577,0.0313243610105129,0.0041608800339779034,0.0,0.01632949145410196
TreeCrops,0.0005893654891144193,99.81081367799428,0.14380517934391834,0.028289543477492133,0.004125558423800936,0.0,0.012376675271402808
Forest,0.02078351472538176,0.04755953026403149,99.86174444552246,0.0660126280064757,0.0036620838303304246,0.0,0.00023779765132015746
Grassland,0.016257691579834727,0.0010609075634107317,0.14910052242529204,99.81454188864485,0.003641493528463863,0.0,0.015397496258150352
Urban,0.0,0.0,0.0,0.0,100.0,0.0,0.0
Water,0.0,0.0,0.0,0.0,0.0,100.0,0.0
Other,0.03040903758518614,0.00014411866154116654,0.00014411866154116654,0.21382405417324407,0.00278629412312922,0.0,99.75269237679537
