from_label,Crops,TreeCrops,Forest,Grassland,Urban,Water,Other
Crops,99.58872206915052,0.24909255265210306,0.10861458645054353,0.03101058856546568,0.005426852998956494,0.0,0.01713335018241979
TreeCrops,0.0,99.85536799723765,0.013681405666707927,0.107496758809848,0.006514955079384728,0.0,0.016938883206400294
Forest,0.02056727042387889,0.12436922209369021,99.78732669902068,0.0637778503050329,0.003862398201667397,0.0,9.655995504168492e-05
Grassland,0.016399233020486428,0.002608968889622841,0.14773644712336811,99.8128996596299,0.0031536986577858517,0.0,0.017201992678831917
Urban,0.0,0.0,0.0,0.0,100.0,0.0,0.0
Water,0.0,0.0,0.0,0.0,0.0,100.0,0.0
Other,0.04049457245149983,0.0008032762329935791,9.450308623453872e-05,0.22194049802181415,0.009639314795922947,0.0,99.72702783541153
