from_label,Crops,TreeCrops,Forest,Grassland,Urban,Water,Other
Crops,99.7819828491081,0.009342470635986727,0.14296335317757838,0.04317948613271176,0.005338554649135272,0.0,0.017193286296479773
TreeCrops,0.010482700785099117,95.37381862720757,4.520802643847483,0.061241041428736945,0.006620653127431021,0.0,0.027034333603676672
Forest,0.020659608447569755,0.002450325653083855,99.91198045889314,0.061162050125014654,0.003507328875982773,0.0,0.0002402280052042995
Grassland,0.015052520394014774,0.00917486957349472,0.1421531354543338,99.81458162021315,0.0036126048945635462,0.0,0.015425249470437996
Urban,0.0,0.0,0.0,0.0,100.0,0.0,0.0
Water,0.0,0.0,0.0,0.0,0.0,100.0,0.0
Other,0.04487665372141682,0.0007646714159133856,0.0003823357079566928,0.2148248759081668,0.014337589048375982,0.0,99.72481387419818
