from_label,Crops,TreeCrops,Forest,Grassland,Urban,Water,Other
Crops,99.40263003436392,0.0,0.206874052737382,0.3477964319862798,0.019306365957099,0.0,0.023393114955317037
TreeCrops,0.0,100.0,0.0,0.0,0.0,0.0,0.0
Forest,0.0071588782185946186,0.0,99.83613574615507,0.15068204360793638,0.005973960444482406,0.0,4.93715739213422e-05
Grassland,0.008641267473513528,0.0,0.0987995866648486,99.81071352884065,0.005947031987475091,0.0,0.07589858503352188
Urban,0.0,0.0,0.0,0.0,100.0,0.0,0.0
Water,0.0,0.0,0.0,0.0,0.0,100.0,0.0
Other,0.08871001576520987,0.0,0.0010205242546487713,0.11308920629293052,0.00045356633539945395,0.0,99.7967266873518
