from_label,Crops,TreeCrops,Forest,Grassland,Urban,Water,Other
Crops,99.42337578618474,0.0,0.1992839409233513,0.3361629712404946,0.017748836918716718,0.0,0.023428464732706065
TreeCrops,0.0,100.0,0.0,0.0,0.0,0.0,0.0
Forest,0.007141383133235062,0.0,99.83624069711719,0.1510525659974616,0.005565353752107324,0.0,0.0
Grassland,0.008711072395233799,0.0,0.09929312594867999,99.8107142915622,0.005730968681074868,0.0,0.0755505414127984
Urban,0.0,0.0,0.0,0.0,100.0,0.0,0.0
Water,0.0,0.0,0.0,0.0,0.0,100.0,0.0
Other,0.0642746303072494,0.0,0.00045450534100588847,0.1003699294721337,0.0007953843467603048,0.0,99.83410555053285
