from_label,Crops,TreeCrops,Forest,Grassland,Urban,Water,Other
Crops,99.32338140144627,0.0,0.16915464963843194,0.482090751469531,0.025373197445764793,0.0,0.0
TreeCrops,0.0,100.0,0.0,0.0,0.0,0.0,0.0
Forest,0.06861063464837049,0.0,98.98799313893653,0.9433962264150944,0.0,0.0,0.0
Grassland,0.22954361328652445,0.0,0.837159060221442,98.83877936807993,0.0945179584120983,0.0,0.0
Urban,0.04591368227731864,0.0,0.13774104683195593,0.27548209366391185,99.54086317722681,0.0,0.0
Water,0.0,0.0,0.0,0.0,0.0,100.0,0.0
Other,0.0,0.0,0.0,0.0,0.0,0.0,100.0
