from_label,Crops,TreeCrops,Forest,Grassland,Urban,Water,Other
Crops,97.88078386450108,0.0,0.23319559792169536,1.841017878329174,0.04091150840731498,0.0,0.0040911508407314974
TreeCrops,0.0,100.0,0.0,0.0,0.0,0.0,0.0
Forest,0.03508771929824561,0.0,99.0,0.9649122807017544,0.0,0.0,0.0
Grassland,0.3098259073473001,0.0,0.7081735025081145,98.86397167305991,0.10327530244910003,0.0,0.014753614635585718
Urban,0.0,0.0,0.04655493482309125,0.37243947858473,99.58100558659217,0.0,0.0
Water,0.0,0.0,0.0,0.0,0.0,100.0,0.0
Other,0.0,0.0,0.0,0.0,0.0,0.0,100.0
