from_label,Crops,TreeCrops,Forest,Grassland,Urban,Water,Other
Crops,99.14482875407477,0.0,0.16934084077727446,0.6434951949536429,0.033868168155454896,0.0,0.008467042038863724
TreeCrops,0.0,100.0,0.0,0.0,0.0,0.0,0.0
Forest,0.08478887569950823,0.0,98.965575716466,0.9326776326945905,0.016957775139901647,0.0,0.0
Grassland,0.25822234302799674,0.0,0.5572166349551508,99.1166077738516,0.05436259853220984,0.0,0.01359064963305246
Urban,0.04572473708276177,0.0,0.09144947416552354,0.36579789666209417,99.49702789208962,0.0,0.0
Water,0.0,0.0,0.0,0.0,0.0,100.0,0.0
Other,0.0,0.0,0.0,0.0,0.0,0.0,100.0
