from_label,Crops,TreeCrops,Forest,Grassland,Urban,Water,Other
Crops,99.88262435746954,0.0,0.03642692354393492,0.06880641113854373,0.008094871898652203,0.0,0.0040474359493261015
TreeCrops,0.0,100.0,0.0,0.0,0.0,0.0,0.0
Forest,0.06304176516942475,0.0,99.2434988179669,0.6461780929866036,0.031520882584712376,0.0,0.015760441292356188
Grassland,0.28338646829613884,0.0,1.2221041445270988,98.26425788168615,0.1594048884165781,0.0,0.07084661707403471
Urban,0.0434593654932638,0.0,0.1303780964797914,0.0869187309865276,99.73924380704041,0.0,0.0
Water,0.0,0.0,0.0,0.0,0.0,100.0,0.0
Other,0.9090909090909091,0.0,0.0,0.9090909090909091,0.0,0.0,98.18181818181819
