from_label,Crops,TreeCrops,Forest,Grassland,Urban,Water,Other
Crops,99.41033389843001,0.0036854131348124128,0.09950615463993513,0.47173288125598883,0.014741652539249651,0.0,0.0
TreeCrops,0.0,0.0,0.0,0.0,0.0,0.0,0.0
Forest,0.0889205050684688,0.0,98.98630624221946,0.9069891516983817,0.017784101013693758,0.0,0.0
Grassland,0.377447511205473,0.0,0.6841236140599197,98.86765746638359,0.04718093890068412,0.0,0.02359046945034206
Urban,0.0,0.0,0.09578544061302681,0.0,99.90421455938697,0.0,0.0
Water,0.0,0.0,0.0,0.0,0.0,100.0,0.0
Other,0.0,0.0,0.0,0.0,0.0,0.0,100.0
