from_label,Crops,TreeCrops,Forest,Grassland,Urban,Water,Other
Crops,99.67263037685574,0.0,0.10277883517320137,0.21317091739626953,0.011419870574800152,0.0,0.0
TreeCrops,0.0,100.0,0.0,0.0,0.0,0.0,0.0
Forest,0.08874689385871495,0.0,98.91728789492367,0.9939652112176074,0.0,0.0,0.0
Grassland,0.35785288270377735,0.0,1.033797216699801,98.36978131212723,0.21868787276341947,0.0,0.019880715705765408
Urban,0.046838407494145196,0.0,0.1405152224824356,0.32786885245901637,99.48477751756441,0.0,0.0
Water,0.0,0.0,0.0,0.0,0.0,100.0,0.0
Other,0.0,0.0,0.0,0.0,0.0,0.0,100.0
