from_label,Crops,TreeCrops,Forest,Grassland,Urban,Water,Other
Crops,99.52583811817003,0.0,0.08149657343952585,0.38155213928505277,0.011113169105389887,0.0,0.0
TreeCrops,0.0,100.0,0.0,0.0,0.0,0.0,0.0
Forest,0.17780938833570412,0.0,99.3421052631579,0.44452347083926036,0.03556187766714083,0.0,0.0
Grassland,0.2974828375286041,0.0,0.7551487414187643,98.90160183066361,0.045766590389016024,0.0,0.0
Urban,0.0,0.0,0.047778308647873864,0.0,99.95222169135212,0.0,0.0
Water,0.0,0.0,0.0,0.0,0.0,100.0,0.0
Other,0.0,0.0,0.0,0.0,0.0,0.0,100.0
