from_label,Crops,TreeCrops,Forest,Grassland,Urban,Water,Other
Crops,96.45553524596679,0.0,0.5086227449733768,2.9245807835969164,0.0715250735118811,0.0,0.03973615195104506
TreeCrops,0.0,83.33333333333334,0.0,16.666666666666664,0.0,0.0,0.0
Forest,0.09613843935266785,0.0,98.9585002403461,0.9293382470757892,0.01602307322544464,0.0,0.0
Grassland,0.3368893879842785,0.0,0.41175369642522924,99.19520868425978,0.03743215422047539,0.0,0.018716077110237695
Urban,0.0,0.0,0.08818342151675485,0.3968253968253968,99.51499118165785,0.0,0.0
Water,0.0,0.0,0.0,0.0,0.0,100.0,0.0
Other,0.0,0.0,0.0,0.0,0.0,0.0,100.0
