from_label,Crops,TreeCrops,Forest,Grassland,Urban,Water,Other
Crops,99.38738738738738,0.0,0.21621621621621623,0.3567567567567567,0.032432432432432434,0.0,0.007207207207207207
TreeCrops,0.0,0.0,0.0,0.0,0.0,0.0,0.0
Forest,0.12386457473162675,0.0,98.94715111478118,0.9289843104872006,0.0,0.0,0.0
Grassland,0.42063316360416203,0.0,1.483285366393624,97.89683418197919,0.15497011290679655,0.0,0.044277175116227585
Urban,0.0,0.0,0.10147133434804667,0.15220700152207,99.74632166412988,0.0,0.0
Water,0.0,0.0,0.0,0.0,0.0,100.0,0.0
Other,0.0,0.0,0.0,3.125,0.0,0.0,96.875
