from_label,Crops,TreeCrops,Forest,Grassland,Urban,Water,Other
Crops,99.49240743900359,0.0,0.1279645111755673,0.349769663879884,0.025592902235113464,0.0,0.004265483705852244
TreeCrops,0.0,100.0,0.0,0.0,0.0,0.0,0.0
Forest,0.08447372867038351,0.0,98.98631525595539,0.9292110153742187,0.0,0.0,0.0
Grassland,0.22642514651038892,0.0,0.6393180607352157,99.05434203516249,0.07991475759190196,0.0,0.0
Urban,0.04568296025582458,0.0,0.13704888076747374,0.22841480127912286,99.58885335769759,0.0,0.0
Water,0.0,0.0,0.0,0.0,0.0,100.0,0.0
Other,0.0,0.0,0.0,2.083333333333333,0.0,0.0,97.91666666666666
