from_label,Crops,TreeCrops,Forest,Grassland,Urban,Water,Other
Crops,99.89960645731266,0.0,0.02007870853746687,0.08031483414986748,0.0,0.0,0.0
TreeCrops,0.0,100.0,0.0,0.0,0.0,0.0,0.0
Forest,0.8253326595923868,0.0,98.97254505642582,0.18527876031665824,0.01684352366515075,0.0,0.0
Grassland,12.044161927065907,0.0,2.074272331883573,85.6306457009033,0.2509200401472064,0.0,0.0
Urban,0.3593890386343217,0.0,0.04492362982929021,0.08984725965858043,99.5058400718778,0.0,0.0
Water,0.0,0.0,0.0,0.0,0.0,100.0,0.0
Other,1.5384615384615385,0.0,0.0,0.0,1.5384615384615385,0.0,96.92307692307692
