from_label,Crops,TreeCrops,Forest,Grassland,Urban,Water,Other
Crops,99.31667734358317,0.0,0.2242152466367713,0.41995871592284145,0.03914869385721404,0.0,0.0
TreeCrops,0.0,0.0,0.0,0.0,0.0,0.0,0.0
Forest,0.14954069643238624,0.0,99.10275582140568,0.7049775688955351,0.04272591326639607,0.0,0.0
Grassland,0.38955087076076994,0.0,1.3978001833180569,97.98350137488544,0.16040329972502293,0.0,0.06874427131072411
Urban,0.0,0.0,0.05151983513652757,0.1545595054095827,99.79392065945389,0.0,0.0
Water,0.0,0.0,0.0,0.0,0.0,100.0,0.0
Other,0.0,0.0,0.0,3.3333333333333335,0.0,0.0,96.66666666666667
