from_label,Crops,TreeCrops,Forest,Grassland,Urban,Water,Other
Crops,99.90370370370371,0.0,0.02962962962962963,0.06296296296296296,0.003703703703703704,0.0,0.0
TreeCrops,0.0,0.0,0.0,0.0,0.0,0.0,0.0
Forest,0.6570768957556384,0.0,98.84567572367253,0.4617297105309891,0.03551767004084532,0.0,0.0
Grassland,2.8114285714285714,0.0,1.0742857142857143,95.90857142857143,0.16,0.0,0.045714285714285714
Urban,0.0,0.0,0.09615384615384616,0.0,99.90384615384616,0.0,0.0
Water,0.0,0.0,0.0,0.0,0.0,100.0,0.0
Other,0.0,0.0,0.0,0.0,0.0,0.0,100.0
