from_label,Crops,TreeCrops,Forest,Grassland,Urban,Water,Other
Crops,98.80740233036326,0.0,0.12337217272104181,1.017820424948595,0.05140507196710075,0.0,0.0
TreeCrops,0.0,0.0,0.0,0.0,0.0,0.0,0.0
Forest,0.2779064381658175,0.0,98.49467345993516,1.0884668828161186,0.04631773969430292,0.0,0.09263547938860583
Grassland,0.3980891719745223,0.0,0.291932059447983,99.2303609341826,0.07961783439490447,0.0,0.0
Urban,0.0,0.0,0.054674685620557675,0.2186987424822307,99.72662657189721,0.0,0.0
Water,0.0,0.0,0.0,0.0,0.0,100.0,0.0
Other,0.0,0.0,0.0,0.0,0.0,0.0,100.0
