from_label,Crops,TreeCrops,Forest,Grassland,Urban,Water,Other
Crops,99.9058141641007,0.0,0.047092917949646804,0.03984785364970114,0.007245064299945662,0.0,0.0
TreeCrops,0.0,0.0,0.0,0.0,0.0,0.0,0.0
Forest,0.28443722064201543,0.0,98.9638358390898,0.7517269402681837,0.0,0.0,0.0
Grassland,1.0940919037199124,0.0,2.4288840262582054,96.1706783369803,0.2844638949671772,0.0,0.02188183807439825
Urban,0.0,0.0,0.15136226034308778,0.10090817356205853,99.74772956609486,0.0,0.0
Water,0.0,0.0,0.0,0.0,0.0,100.0,0.0
Other,5.714285714285714,0.0,8.571428571428571,5.714285714285714,0.0,0.0,80.0
