from_label,Crops,TreeCrops,Forest,Grassland,Urban,Water,Other
Crops,99.82517482517483,0.0,0.04734848484848485,0.1201923076923077,0.007284382284382284,0.0,0.0
TreeCrops,0.0,0.0,0.0,0.0,0.0,0.0,0.0
Forest,0.14513788098693758,0.0,99.63715529753266,0.1632801161103048,0.054426705370101594,0.0,0.0
Grassland,0.29563932002956395,0.0,1.0593742301059375,98.52180339985217,0.07390983000739099,0.0,0.04927322000492732
Urban,0.0,0.0,0.04849660523763337,0.09699321047526674,99.85451018428711,0.0,0.0
Water,0.0,0.0,0.0,0.0,0.0,100.0,0.0
Other,0.0,0.0,0.0,4.0,0.0,0.0,96.0
