from_label,Crops,TreeCrops,Forest,Grassland,Urban,Water,Other
Crops,99.64999270818143,0.0,0.08750182295464488,0.25156774099460405,0.01093772786933061,0.0,0.0
TreeCrops,0.0,0.0,0.0,0.0,0.0,0.0,0.0
Forest,0.14417012074247612,0.0,99.67561722832943,0.16219138583528564,0.018021265092809515,0.0,0.0
Grassland,0.370919881305638,0.0,0.8160237388724036,98.66468842729971,0.09891196834817012,0.0,0.04945598417408506
Urban,0.0,0.0,0.09675858732462506,0.04837929366231253,99.85486211901306,0.0,0.0
Water,0.0,0.0,0.0,0.0,0.0,100.0,0.0
Other,0.0,0.0,0.0,0.0,0.0,0.0,100.0
