from_label,Crops,TreeCrops,Forest,Grassland,Urban,Water,Other
Crops,99.90327650828195,0.0,0.04030145488252126,0.05239189134727763,0.004030145488252126,0.0,0.0
TreeCrops,0.0,100.0,0.0,0.0,0.0,0.0,0.0
Forest,0.2956150435211036,0.0,98.96534734767613,0.6733453769091804,0.06569223189357859,0.0,0.0
Grassland,1.549991483563277,0.0,2.180207801056038,95.94617611991143,0.28955884857775505,0.0,0.034065746891500596
Urban,0.13363028953229397,0.0,0.08908685968819599,0.17817371937639198,99.59910913140313,0.0,0.0
Water,0.0,0.0,0.0,0.0,0.0,100.0,0.0
Other,1.1111111111111112,0.0,0.0,0.0,0.0,0.0,98.88888888888889
