from_label,Crops,TreeCrops,Forest,Grassland,Urban,Water,Other
Crops,99.90002915816221,0.0,0.029158162202690883,0.06664722789186486,0.004165451743241554,0.0,0.0
TreeCrops,0.0,100.0,0.0,0.0,0.0,0.0,0.0
Forest,0.45188284518828453,0.0,99.02928870292888,0.5188284518828452,0.0,0.0,0.0
Grassland,1.9636363636363636,0.0,0.7563636363636363,97.11999999999999,0.16,0.0,0.0
Urban,0.2270663033605813,0.0,0.09082652134423251,0.13623978201634876,99.54586739327884,0.0,0.0
Water,0.0,0.0,0.0,0.0,0.0,100.0,0.0
Other,2.0408163265306123,0.0,0.0,0.0,0.0,0.0,97.95918367346938
