from_label,Crops,TreeCrops,Forest,Grassland,Urban,Water,Other
Crops,98.15742619353236,0.0,0.2153119953625109,1.5361682746056065,0.04968738354519482,0.0,0.04140615295432901
TreeCrops,0.0,100.0,0.0,0.0,0.0,0.0,0.0
Forest,0.050184008029441285,0.0,98.99631983941117,0.936768149882904,0.01672800267648043,0.0,0.0
Grassland,0.31217481789802287,0.0,0.4013676230117437,99.18239928645755,0.07432733759476735,0.0,0.029730935037906938
Urban,0.0,0.0,0.045372050816696916,0.3629764065335753,99.59165154264973,0.0,0.0
Water,0.0,0.0,0.0,0.0,0.0,100.0,0.0
Other,0.0,0.0,0.0,0.0,0.0,0.0,100.0
