from_label,Crops,TreeCrops,Forest,Grassland,Urban,Water,Other
Crops,98.96356275303644,0.0,0.1902834008097166,0.7773279352226721,0.044534412955465584,0.0,0.024291497975708502
TreeCrops,0.0,100.0,0.0,0.0,0.0,0.0,0.0
Forest,0.10975227343994984,0.0,99.15333960489181,0.6898714330511132,0.03135779241141424,0.0,0.01567889620570712
Grassland,0.10697093956141915,0.0,0.4457122481725798,99.37600285255839,0.035656979853806385,0.0,0.035656979853806385
Urban,0.04332755632582322,0.0,0.08665511265164644,0.30329289428076256,99.56672443674177,0.0,0.0
Water,0.0,0.0,0.0,0.0,0.0,100.0,0.0
Other,0.0,0.0,0.0,0.0,0.0,0.0,100.0
