from_label,Crops,TreeCrops,Forest,Grassland,Urban,Water,Other
Crops,99.90956773376742,0.0,0.02893832519442937,0.05787665038885874,0.003617290649303671,0.0,0.0
TreeCrops,0.0,0.0,0.0,0.0,0.0,0.0,0.0
Forest,0.09998000399920016,0.0,99.12017596480703,0.7598480303939212,0.01999600079984003,0.0,0.0
Grassland,0.9219698673262875,0.0,2.743422532044075,95.97481448167304,0.33730604902181244,0.0,0.022487069934787496
Urban,0.0,0.0,0.15060240963855423,0.15060240963855423,99.69879518072288,0.0,0.0
Water,0.0,0.0,0.0,0.0,0.0,100.0,0.0
Other,0.0,0.0,13.793103448275861,10.344827586206897,3.4482758620689653,0.0,72.41379310344827
