from_label,Crops,TreeCrops,Forest,Grassland,Urban,Water,Other
Crops,99.42167281139305,0.0,0.12650907250777127,0.4265163015976289,0.018072724643967322,0.0,0.00722908985758693
TreeCrops,0.0,0.0,0.0,0.0,0.0,0.0,0.0
Forest,0.058892815076560655,0.0,99.27365528072242,0.6085590891244602,0.03926187671770711,0.0,0.019630938358853555
Grassland,0.3927911275415897,0.0,2.333641404805915,96.85767097966729,0.30036968576709794,0.0,0.11552680221811461
Urban,0.0,0.0,0.09980039920159679,0.049900199600798396,99.8502994011976,0.0,0.0
Water,0.0,0.0,0.0,0.0,0.0,100.0,0.0
Other,0.0,0.0,0.0,4.545454545454546,0.0,0.0,95.45454545454545
