from_label,Crops,TreeCrops,Forest,Grassland,Urban,Water,Other
Crops,99.90523054492436,0.0,0.03280481137233461,0.05831966466192819,0.003644979041370512,0.0,0.0
TreeCrops,0.0,0.0,0.0,0.0,0.0,0.0,0.0
Forest,0.3135374400590188,0.0,99.50202877167096,0.14754703061600885,0.03688675765400221,0.0,0.0
Grassland,1.0021474588403723,0.0,1.026008112622286,97.75709854450012,0.19088523025530899,0.0,0.023860653781913623
Urban,0.0,0.0,0.09789525208027411,0.048947626040137054,99.85315712187959,0.0,0.0
Water,0.0,0.0,0.0,0.0,0.0,100.0,0.0
Other,0.0,0.0,0.0,0.0,0.0,0.0,100.0
