from_label,Crops,TreeCrops,Forest,Grassland,Urban,Water,Other
Crops,99.9014143252569,0.0,0.026542297046221516,0.06825162097599818,0.003791756720888788,0.0,0.0
TreeCrops,0.0,100.0,0.0,0.0,0.0,0.0,0.0
Forest,0.7697815968492661,0.0,98.47833870390261,0.6981740064446832,0.05370569280343716,0.0,0.0
Grassland,2.5958466453674123,0.0,1.018370607028754,96.1661341853035,0.17971246006389777,0.0,0.039936102236421724
Urban,0.0,0.0,0.0946073793755913,0.14191106906338694,99.76348155156101,0.0,0.0
Water,0.0,0.0,0.0,0.0,0.0,100.0,0.0
Other,0.0,0.0,0.0,0.0,0.0,0.0,100.0
