from_label,Crops,TreeCrops,Forest,Grassland,Urban,Water,Other
Crops,99.28597991818519,0.0,0.10040907400520639,0.598735589438453,0.01487541837114169,0.0,0.0
TreeCrops,0.0,100.0,0.0,0.0,0.0,0.0,0.0
Forest,0.177210703526493,0.0,99.41520467836257,0.3898635477582846,0.0177210703526493,0.0,0.0
Grassland,0.3146067415730337,0.0,0.6966292134831461,98.89887640449439,0.06741573033707865,0.0,0.02247191011235955
Urban,0.0,0.0,0.04764173415912339,0.09528346831824679,99.85707479752263,0.0,0.0
Water,0.0,0.0,0.0,0.0,0.0,100.0,0.0
Other,0.0,0.0,0.0,3.225806451612903,0.0,0.0,96.7741935483871
