from_label,Crops,TreeCrops,Forest,Grassland,Urban,Water,Other
Crops,99.90194876823139,0.0,0.028598275932508067,0.06536748784573274,0.004085467990358296,0.0,0.0
TreeCrops,0.0,100.0,0.0,0.0,0.0,0.0,0.0
Forest,0.5684509711037423,0.0,99.00521080056845,0.410547923574925,0.01579030475288173,0.0,0.0
Grassland,3.5968781812012214,0.0,1.1197828299966068,95.06277570410587,0.20359687818120123,0.0,0.0169664065151001
Urban,0.2178649237472767,0.0,0.08714596949891067,0.04357298474945533,99.65141612200435,0.0,0.0
Water,0.0,0.0,0.0,0.0,0.0,100.0,0.0
Other,0.9090909090909091,0.0,0.0,0.0,0.0,0.0,99.0909090909091
