from_label,Crops,TreeCrops,Forest,Grassland,Urban,Water,Other
Crops,96.76811534837995,0.0,0.36046368737967477,2.8017859337238358,0.05325031745381559,0.0,0.01638471306271249
TreeCrops,0.0,100.0,0.0,0.0,0.0,0.0,0.0
Forest,0.034614053305642094,0.0,98.97888542748355,0.9691934925579786,0.017307026652821047,0.0,0.0
Grassland,0.31329255557213187,0.0,0.3282112486946143,99.29882142324333,0.04475607936744741,0.0,0.01491869312248247
Urban,0.0,0.0,0.04604051565377532,0.46040515653775327,99.49355432780848,0.0,0.0
Water,0.0,0.0,0.0,0.0,0.0,100.0,0.0
Other,0.0,0.0,0.0,0.0,0.0,0.0,100.0
