from_label,Crops,TreeCrops,Forest,Grassland,Urban,Water,Other
Crops,96.55172413793103,3.4482758620689653,0.0,0.0,0.0,0.0,0.0
TreeCrops,0.0,100.0,0.0,0.0,0.0,0.0,0.0
Forest,0.0,0.0,99.82014388489209,0.0,0.1798561151079137,0.0,0.0
Grassland,0.0,3.2128514056224895,0.0,96.78714859437751,0.0,0.0,0.0
Urban,0.0,0.0,0.0,0.0,100.0,0.0,0.0
Water,0.0,0.0,0.0,0.0,0.0,100.0,0.0
Other,0.0,0.0,0.0,0.0,0.0,0.0,100.0
