from_label,Crops,TreeCrops,Forest,Grassland,Urban,Water,Other
Crops,99.34633847410888,0.0,0.006808974228032547,0.5889762707248153,0.01021346134204882,0.0,0.047662819596227826
TreeCrops,0.0,0.0,0.0,0.0,0.0,0.0,0.0
Forest,0.0,0.0,99.93861029045006,0.061389709549936694,0.0,0.0,0.0
Grassland,0.0019473248624701815,0.0,0.002434156078087727,99.98588189474708,0.0019473248624701815,0.0,0.007789299449880726
Urban,0.0,0.0,0.0,0.0,100.0,0.0,0.0
Water,0.0,0.0,0.0,0.0,0.0,100.0,0.0
Other,0.0,0.0,0.0,0.1322314049586777,0.0,0.0,99.86776859504131
