from_label,Crops,TreeCrops,Forest,Grassland,Urban,Water,Other
Crops,99.3015602433885,0.0,0.007102777185879679,0.6203092075668253,0.021308331557639035,0.0,0.049719440301157755
TreeCrops,0.0,0.0,0.0,0.0,0.0,0.0,0.0
Forest,0.0,0.0,99.8570269330345,0.14297306696549325,0.0,0.0,0.0
Grassland,0.0046540008894312805,0.0,0.0015513336298104271,99.98190110765222,0.003619778469557663,0.0,0.008273779358988945
Urban,0.0,0.0,0.0,0.0,100.0,0.0,0.0
Water,0.0,0.0,0.0,0.0,0.0,100.0,0.0
Other,0.0,0.0,0.0,0.1341441602575568,0.0,0.0,99.86585583974245
