from_label,Crops,TreeCrops,Forest,Grassland,Urban,Water,Other
Crops,99.97525506319475,0.0,0.0,0.024744936805238312,0.0,0.0,0.0
TreeCrops,0.0,0.0,0.0,0.0,0.0,0.0,0.0
Forest,0.012044806680852773,0.0,99.92773115991488,0.060224033404263855,0.0,0.0,0.0
Grassland,1.0770704996577685,0.0,0.002190280629705681,98.89555099247092,0.016427104722792605,0.0,0.008761122518822724
Urban,0.0,0.0,0.0,0.0,100.0,0.0,0.0
Water,0.0,0.0,0.0,0.0,0.0,100.0,0.0
Other,0.008149295085975063,0.0,0.0,0.07334365577377557,0.008149295085975063,0.0,99.91035775405427
