from_label,Crops,TreeCrops,Forest,Grassland,Urban,Water,Other
Crops,99.97779443195381,0.0,0.0,0.02220556804618758,0.0,0.0,0.0
TreeCrops,0.0,0.0,0.0,0.0,0.0,0.0,0.0
Forest,0.0,0.0,99.94610409608869,0.05389590391130274,0.0,0.0,0.0
Grassland,0.21845793805838604,0.0,0.003013212938736359,99.76597379509148,0.006528628033928778,0.0,0.006026425877472718
Urban,0.0,0.0,0.0,0.0,100.0,0.0,0.0
Water,0.0,0.0,0.0,0.0,0.0,100.0,0.0
Other,0.29963188083212056,0.0,0.0,0.11985275233284821,0.008560910880917729,0.0,99.57195445595411
