from_label,Crops,TreeCrops,Forest,Grassland,Urban,Water,Other
Crops,99.98265033484853,0.0,0.0,0.017349665151462575,0.0,0.0,0.0
TreeCrops,0.0,0.0,0.0,0.0,0.0,0.0,0.0
Forest,0.0,0.0,99.93128197297091,0.06871802702909063,0.0,0.0,0.0
Grassland,0.03498066346658375,0.0,0.002915055288881979,99.95530248557047,0.0019433701925879862,0.0,0.004858425481469965
Urban,0.0,0.0,0.0,0.0,100.0,0.0,0.0
Water,0.0,0.0,0.0,0.0,0.0,100.0,0.0
Other,0.04118616144975289,0.0,0.0,0.09060955518945635,0.0,0.0,99.8682042833608
