from_label,Crops,TreeCrops,Forest,Grassland,Urban,Water,Other
Crops,99.97430909824935,0.0,0.0,0.025690901750651446,0.0,0.0,0.0
TreeCrops,0.0,0.0,0.0,0.0,0.0,0.0,0.0
Forest,0.03213754870847226,0.0,99.95581087052585,0.012051580765677097,0.0,0.0,0.0
Grassland,5.606576434443245,0.0,0.00276785961416037,94.362977109801,0.017714301530626364,0.0,0.009964294610977332
Urban,0.0,0.0,0.0,0.0,100.0,0.0,0.0
Water,0.0,0.0,0.0,0.0,0.0,100.0,0.0
Other,0.024437927663734114,0.0,0.008145975887911373,0.024437927663734114,0.0,0.0,99.94297816878462
