from_label,Crops,TreeCrops,Forest,Grassland,Urban,Water,Other
Crops,99.98394949440907,0.0,0.0,0.016050505590926113,0.0,0.0,0.0
TreeCrops,0.0,0.0,0.0,0.0,0.0,0.0,0.0
Forest,0.0,0.0,99.94607710973308,0.05392289026691831,0.0,0.0,0.0
Grassland,0.22997220116249684,0.0,0.003032600454890068,99.75284306292646,0.007581501137225171,0.0,0.0065706343189284805
Urban,0.0,0.0,0.0,0.0,100.0,0.0,0.0
Water,0.0,0.0,0.0,0.0,0.0,100.0,0.0
Other,0.3284923928077455,0.0,0.0,0.12102351313969571,0.008644536652835409,0.0,99.54183955739973
