from_label,Crops,TreeCrops,Forest,Grassland,Urban,Water,Other
Crops,99.98007060699237,0.0,0.0,0.01992939300763011,0.0,0.0,0.0
TreeCrops,0.0,0.0,0.0,0.0,0.0,0.0,0.0
Forest,0.0,0.0,99.9769026446472,0.023097355352812102,0.0,0.0,0.0
Grassland,0.21501720137611008,0.0,0.003000240019201536,99.76948155852469,0.0065005200416033285,0.0,0.006000480038403072
Urban,0.0,0.0,0.0,0.0,100.0,0.0,0.0
Water,0.0,0.0,0.0,0.0,0.0,100.0,0.0
Other,0.29789769342071665,0.0,0.0,0.11915907736828667,0.008511362669163334,0.0,99.57443186654183
