from_label,Crops,TreeCrops,Forest,Grassland,Urban,Water,Other
Crops,99.3155484956083,0.0,0.007008035881143711,0.6073631096991217,0.021024107643431135,0.0,0.04905625116800598
TreeCrops,0.0,0.0,0.0,0.0,0.0,0.0,0.0
Forest,0.0,0.0,99.86888280436543,0.13111719563456864,0.0,0.0,0.0
Grassland,0.004148473880171332,0.0,0.001037118470042833,99.9828875452443,0.0036299146451499154,0.0,0.008296947760342665
Urban,0.0,0.0,0.0,0.0,100.0,0.0,0.0
Water,0.0,0.0,0.0,0.0,0.0,100.0,0.0
Other,0.0,0.0,0.0,0.12577486299523855,0.0,0.0,99.87422513700476
