from_label,Crops,TreeCrops,Forest,Grassland,Urban,Water,Other
Crops,99.97790055248619,0.0,0.0,0.018942383583267563,0.0015785319652722968,0.0,0.0015785319652722968
TreeCrops,0.0,0.0,0.0,0.0,0.0,0.0,0.0
Forest,0.02936857562408223,0.0,99.35808684707364,0.6083490664988462,0.0,0.0,0.004195510803440319
Grassland,0.0034964831207277345,0.0,0.0034964831207277345,99.97261088222096,0.01107219654897116,0.0,0.009323954988607292
Urban,0.0,0.0,0.0,0.0,100.0,0.0,0.0
Water,0.0,0.0,0.0,0.0,0.0,100.0,0.0
Other,0.0,0.0,0.0,0.022715226773680625,0.0,0.0,99.97728477322632
