from_label,Crops,TreeCrops,Forest,Grassland,Urban,Water,Other
Crops,99.97722762614268,0.0,0.0,0.02277237385731481,0.0,0.0,0.0
TreeCrops,0.0,0.0,0.0,0.0,0.0,0.0,0.0
Forest,0.0,0.0,99.9385513480298,0.06144865197019741,0.0,0.0,0.0
Grassland,0.3752473889444085,0.0,0.0029392745870319204,99.61054611721826,0.004408911880547881,0.0,0.0068583073697411475
Urban,0.0,0.0,0.0,0.0,100.0,0.0,0.0
Water,0.0,0.0,0.0,0.0,0.0,100.0,0.0
Other,0.5328005328005327,0.0,0.0,0.11655011655011654,0.008325008325008324,0.0,99.34232434232435
