from_label,Crops,TreeCrops,Forest,Grassland,Urban,Water,Other
Crops,99.97818356349674,0.0,0.0,0.0196347928529354,0.0,0.0,0.002181643650326156
TreeCrops,0.0,0.0,0.0,0.0,0.0,0.0,0.0
Forest,0.0,0.0,99.38453094986085,0.6154690501391666,0.0,0.0,0.0
Grassland,0.0026334639531454093,0.0,0.0031601567437744916,99.9799856739561,0.006847006278178064,0.0,0.007373699068807147
Urban,0.0,0.0,0.0,0.0,100.0,0.0,0.0
Water,0.0,0.0,0.0,0.0,0.0,100.0,0.0
Other,0.0,0.0,0.0,0.008819897689186805,0.0,0.0,99.99118010231082
