from_label,Crops,TreeCrops,Forest,Grassland,Urban,Water,Other
Crops,99.97673697270471,0.0,0.0,0.02326302729528536,0.0,0.0,0.0
TreeCrops,0.0,0.0,0.0,0.0,0.0,0.0,0.0
Forest,0.0,0.0,99.95614559661922,0.04385440338077583,0.0,0.0,0.0
Grassland,1.4815500465536675,0.0,0.00272243668973478,98.49231456122489,0.01524564546251477,0.0,0.00816731006920434
Urban,0.0,0.0,0.0,0.0,100.0,0.0,0.0
Water,0.0,0.0,0.0,0.0,0.0,100.0,0.0
Other,0.0,0.0,0.0,0.01656726308813784,0.0,0.0,99.98343273691187
