from_label,Crops,TreeCrops,Forest,Grassland,Urban,Water,Other
Crops,99.97899222712402,0.0,0.0,0.021007772875964108,0.0,0.0,0.0
TreeCrops,0.0,0.0,0.0,0.0,0.0,0.0,0.0
Forest,0.0,0.0,99.93461286972575,0.06538713027424131,0.0,0.0,0.0
Grassland,0.21713265913146937,0.0,0.00297441998810232,99.7689867142574,0.00446162998215348,0.0,0.00644457664088836
Urban,0.0,0.0,0.0,0.0,100.0,0.0,0.0
Water,0.0,0.0,0.0,0.0,0.0,100.0,0.0
Other,0.15202702702702703,0.0,0.0,0.1097972972972973,0.008445945945945946,0.0,99.72972972972973
