from_label,Crops,TreeCrops,Forest,Grassland,Urban,Water,Other
Crops,99.97623385882912,0.0,0.0,0.023766141170878555,0.0,0.0,0.0
TreeCrops,0.0,0.0,0.0,0.0,0.0,0.0,0.0
Forest,0.0,0.0,99.98458871123098,0.011558466576767483,0.0038528221922558272,0.0,0.0
Grassland,2.1753337217254742,0.0,0.0035461891131994224,97.8054155373743,0.008612173560627169,0.0,0.007092378226398845
Urban,0.0,0.0,0.0,0.0,100.0,0.0,0.0
Water,0.0,0.0,0.0,0.0,0.0,100.0,0.0
Other,3.1922276197085355,0.0,0.0,0.14746703678001388,0.01734906315058987,0.0,96.64295628036086
