from_label,Crops,TreeCrops,Forest,Grassland,Urban,Water,Other
Crops,99.97790055248619,0.0,0.0,0.018942383583267563,0.0015785319652722968,0.0,0.0015785319652722968
TreeCrops,0.0,0.0,0.0,0.0,0.0,0.0,0.0
Forest,0.029759374202873903,0.0,99.25176430575632,0.6462035541195477,0.0,0.0,0.07227276592126519
Grassland,0.003491863956980236,0.0,0.004655818609306981,99.96915520171335,0.011057569197104081,0.0,0.011639546523267454
Urban,0.0,0.0,0.0,0.0,100.0,0.0,0.0
Water,0.0,0.0,0.0,0.0,0.0,100.0,0.0
Other,0.0,0.0,0.0,0.05281822983475439,0.0,0.0,99.94718177016524
