from_label,Crops,TreeCrops,Forest,Grassland,Urban,Water,Other
Crops,95.30788158281621,0.0,0.004642597378480013,4.159767251118092,0.054163636082266826,0.0,0.47354493260496133
TreeCrops,0.0,0.0,0.0,0.0,0.0,0.0,0.0
Forest,0.004018000642880102,0.0,99.33702989392478,0.6589521054323368,0.0,0.0,0.0
Grassland,0.014077732546544503,0.0,0.0005865721894393543,99.97301767928579,0.0011731443788787087,0.0,0.011144871599347732
Urban,0.0,0.0,0.0,0.0,100.0,0.0,0.0
Water,0.0,0.0,0.0,0.0,0.0,100.0,0.0
Other,0.0,0.0,0.0,0.016277366322129082,0.0,0.0,99.98372263367787
