from_label,Crops,TreeCrops,Forest,Grassland,Urban,Water,Other
Crops,99.97565409335843,0.0,0.0,0.022722846198792442,0.0016230604427708887,0.0,0.0
TreeCrops,0.0,0.0,0.0,0.0,0.0,0.0,0.0
Forest,0.03639746026610588,0.0,99.92720507946778,0.03639746026610588,0.0,0.0,0.0
Grassland,1.481908938773155,0.0,0.0028853367187950834,98.48692942466386,0.01904322234404755,0.0,0.009233077500144267
Urban,0.0,0.0,0.0,0.0,100.0,0.0,0.0
Water,0.0,0.0,0.0,0.0,0.0,100.0,0.0
Other,0.023790642347343377,0.0,0.0,0.13481363996827914,0.0317208564631245,0.0,99.80967486122125
