from_label,Crops,TreeCrops,Forest,Grassland,Urban,Water,Other
Crops,99.97767109523278,0.0,0.0,0.02232890476722117,0.0,0.0,0.0
TreeCrops,0.0,0.0,0.0,0.0,0.0,0.0,0.0
Forest,0.0,0.0,99.905989267108,0.09401073289200518,0.0,0.0,0.0
Grassland,0.555718505792881,0.0,0.00209507447989776,99.42385451802812,0.011522909639437681,0.0,0.006808992059667721
Urban,0.0,0.0,0.0,0.0,100.0,0.0,0.0
Water,0.0,0.0,0.0,0.0,0.0,100.0,0.0
Other,0.008824567596187787,0.0,0.0,0.052947405577126724,0.0,0.0,99.93822802682668
