from_label,Crops,TreeCrops,Forest,Grassland,Urban,Water,Other
Crops,99.97883448567801,0.0,0.0,0.021165514321998025,0.0,0.0,0.0
TreeCrops,0.0,0.0,0.0,0.0,0.0,0.0,0.0
Forest,0.0,0.0,99.87287156175361,0.12712843824639802,0.0,0.0,0.0
Grassland,0.14138338201479086,0.0,0.003107327077248151,99.84256209475276,0.007250429846912353,0.0,0.005696766308288277
Urban,0.0,0.0,0.0,0.0,100.0,0.0,0.0
Water,0.0,0.0,0.0,0.0,0.0,100.0,0.0
Other,0.19722097714029585,0.0,0.0,0.10757507844016137,0.008964589870013447,0.0,99.68623935454953
