from_label,Crops,TreeCrops,Forest,Grassland,Urban,Water,Other
Crops,99.9794414939181,0.0,0.0,0.020558506081891383,0.0,0.0,0.0
TreeCrops,0.0,0.0,0.0,0.0,0.0,0.0,0.0
Forest,0.0,0.0,99.92707453749904,0.07292546250095955,0.0,0.0,0.0
Grassland,0.3881587267615499,0.0,0.0034049011119434204,99.5977352543461,0.0038913155565067662,0.0,0.006809802223886841
Urban,0.0,0.0,0.0,0.0,100.0,0.0,0.0
Water,0.0,0.0,0.0,0.0,0.0,100.0,0.0
Other,0.3549612019151395,0.0,0.0,0.13207858675912168,0.008254911672445105,0.0,99.5047052996533
