from_label,Crops,TreeCrops,Forest,Grassland,Urban,Water,Other
Crops,99.75247524752476,0.12376237623762376,0.12376237623762376,0.0,0.0,0.0,0.0
TreeCrops,0.0,99.82638888888889,0.1736111111111111,0.0,0.0,0.0,0.0
Forest,0.0,0.02442897276169537,99.91449859533407,0.06107243190423843,0.0,0.0,0.0
Grassland,0.015037593984962405,1.0225563909774436,1.0375939849624058,97.90977443609023,0.015037593984962405,0.0,0.0
Urban,0.0,0.0,0.0,0.0,100.0,0.0,0.0
Water,0.0,0.0,0.0,0.0,0.0,100.0,0.0
Other,0.0,0.0,0.0,0.0,0.0,0.0,100.0
