from_label,Crops,TreeCrops,Forest,Grassland,Urban,Water,Other
Crops,99.90079365079364,0.0,0.0,0.0992063492063492,0.0,0.0,0.0
TreeCrops,0.0,98.08342728297632,0.9019165727170236,1.0146561443066515,0.0,0.0,0.0
Forest,0.021130480718436345,0.03169572107765452,99.91547807712625,0.03169572107765452,0.0,0.0,0.0
Grassland,0.517464424320828,0.6283496581038625,1.1642949547218628,97.67141009055628,0.018480872297172428,0.0,0.0
Urban,0.0,0.0,0.0,0.0,100.0,0.0,0.0
Water,0.0,0.0,0.0,0.0,0.0,100.0,0.0
Other,0.0,0.0,0.0,0.0,0.0,0.0,100.0
