from_label,Crops,TreeCrops,Forest,Grassland,Urban,Water,Other
Crops,98.60627177700349,0.0,1.0452961672473868,0.34843205574912894,0.0,0.0,0.0
TreeCrops,0.0,95.95536959553695,1.394700139470014,2.6499302649930265,0.0,0.0,0.0
Forest,0.0,0.0,99.94049980166601,0.05950019833399445,0.0,0.0,0.0
Grassland,0.13747054202670855,0.0,0.9819324430479183,98.86095836606441,0.0,0.0,0.01963864886095837
Urban,0.0,0.0,0.0,0.0,100.0,0.0,0.0
Water,0.0,0.0,0.0,0.0,0.0,100.0,0.0
Other,0.0,0.0,1.0101010101010102,0.0,0.0,0.0,98.98989898989899
