from_label,Crops,TreeCrops,Forest,Grassland,Urban,Water,Other
Crops,97.86729857819904,0.0,1.5402843601895735,0.5924170616113744,0.0,0.0,0.0
TreeCrops,0.3663003663003663,47.069597069597066,4.212454212454213,48.35164835164835,0.0,0.0,0.0
Forest,0.0,0.0,99.94128584010177,0.05871415989822879,0.0,0.0,0.0
Grassland,0.13605442176870747,0.0,0.913508260447036,98.9310009718173,0.0,0.0,0.019436345966958212
Urban,0.0,0.0,0.0,0.0,100.0,0.0,0.0
Water,0.0,0.0,0.0,0.0,0.0,100.0,0.0
Other,0.0,0.0,0.0,0.0,0.0,0.0,100.0
