from_label,Crops,TreeCrops,Forest,Grassland,Urban,Water,Other
Crops,98.3267716535433,0.0,1.574803149606299,0.09842519685039369,0.0,0.0,0.0
TreeCrops,0.0,98.78587196467991,0.772626931567329,0.44150110375275936,0.0,0.0,0.0
Forest,0.0,0.010448229025180233,99.93731062584892,0.05224114512590116,0.0,0.0,0.0
Grassland,0.0,0.0,0.9666413949962092,98.99545109931766,0.018953752843062926,0.0,0.018953752843062926
Urban,0.0,0.0,0.0,0.0,100.0,0.0,0.0
Water,0.0,0.0,0.0,0.0,0.0,100.0,0.0
Other,0.0,0.0,0.0,0.0,0.0,0.0,100.0
