from_label,Crops,TreeCrops,Forest,Grassland,Urban,Water,Other
Crops,99.89701338825952,0.0,0.10298661174047373,0.0,0.0,0.0,0.0
TreeCrops,0.0,0.0,0.0,0.0,0.0,0.0,0.0
Forest,0.0,0.0,99.935583612471,0.06441638752898737,0.0,0.0,0.0
Grassland,0.012382367508667657,0.0,0.8543833580980683,99.10846953937593,0.024764735017335313,0.0,0.0
Urban,0.0,0.0,0.0,0.0,100.0,0.0,0.0
Water,0.0,0.0,0.0,0.0,0.0,100.0,0.0
Other,0.0,0.0,0.0,0.0,0.0,0.0,100.0
