from_label,Crops,TreeCrops,Forest,Grassland,Urban,Water,Other
Crops,99.62825278810409,0.24783147459727387,0.0,0.12391573729863693,0.0,0.0,0.0
TreeCrops,0.0,98.69174161896974,0.5723630417007358,0.5723630417007358,0.1635322976287817,0.0,0.0
Forest,0.0,0.0,99.9399110683812,0.06008893161879582,0.0,0.0,0.0
Grassland,0.01552072016141549,0.5432252056495421,0.8381188887164364,98.6031351854726,0.0,0.0,0.0
Urban,0.0,0.0,0.0,0.0,100.0,0.0,0.0
Water,0.0,0.0,0.0,0.0,0.0,100.0,0.0
Other,0.0,0.0,0.0,0.0,0.0,0.0,100.0
