from_label,Crops,TreeCrops,Forest,Grassland,Urban,Water,Other
Crops,97.46568109820485,0.0,1.9007391763463568,0.6335797254487857,0.0,0.0,0.0
TreeCrops,0.0,99.64285714285714,0.17857142857142858,0.0,0.17857142857142858,0.0,0.0
Forest,0.0,0.0,99.93900579444953,0.060994205550472705,0.0,0.0,0.0
Grassland,0.018456995201181246,0.0,0.9043927648578811,99.05869324473976,0.0,0.0,0.018456995201181246
Urban,0.0,0.0,0.0,0.0,100.0,0.0,0.0
Water,0.0,0.0,0.0,0.0,0.0,100.0,0.0
Other,0.0,0.0,0.0,0.0,0.0,0.0,100.0
