from_label,Crops,TreeCrops,Forest,Grassland,Urban,Water,Other
Crops,97.72727272727273,0.0,1.7316017316017316,0.5411255411255411,0.0,0.0,0.0
TreeCrops,0.0,99.6415770609319,0.17921146953405018,0.0,0.17921146953405018,0.0,0.0
Forest,0.0,0.10102030508132136,99.83836751186989,0.0606121830487928,0.0,0.0,0.0
Grassland,0.018590816136828406,3.84829894032348,1.0224948875255624,95.0920245398773,0.0,0.0,0.018590816136828406
Urban,0.0,0.0,0.0,0.0,100.0,0.0,0.0
Water,0.0,0.0,0.0,0.0,0.0,100.0,0.0
Other,0.0,0.0,0.0,0.0,0.0,0.0,100.0
