from_label,Crops,TreeCrops,Forest,Grassland,Urban,Water,Other
Crops,99.46380697050938,0.0,0.40214477211796246,0.13404825737265416,0.0,0.0,0.0
TreeCrops,0.0,100.0,0.0,0.0,0.0,0.0,0.0
Forest,0.0,0.15636497424576895,99.79764532744665,0.045989698307579104,0.0,0.0,0.0
Grassland,0.02153316106804479,1.03359173126615,1.4857881136950903,97.43755383290267,0.0,0.0,0.02153316106804479
Urban,0.0,0.0,0.0,0.0,100.0,0.0,0.0
Water,0.0,0.0,0.0,0.0,0.0,100.0,0.0
Other,0.0,0.0,0.0,0.0,0.0,0.0,100.0
