from_label,Crops,TreeCrops,Forest,Grassland,Urban,Water,Other
Crops,96.83143219264892,0.0,2.6615969581749046,0.5069708491761723,0.0,0.0,0.0
TreeCrops,0.5660377358490566,45.660377358490564,5.09433962264151,48.679245283018865,0.0,0.0,0.0
Forest,0.0,0.0,99.94298203934238,0.05701796065760715,0.0,0.0,0.0
Grassland,0.18337408312958436,0.0,0.9983700081499591,98.77750611246944,0.020374898125509373,0.0,0.020374898125509373
Urban,0.0,0.0,0.0,0.0,100.0,0.0,0.0
Water,0.0,0.0,0.0,0.0,0.0,100.0,0.0
Other,0.0,0.0,0.0,0.0,0.0,0.0,100.0
