from_label,Crops,TreeCrops,Forest,Grassland,Urban,Water,Other
Crops,99.88235294117646,0.0,0.0,0.1176470588235294,0.0,0.0,0.0
TreeCrops,0.0,94.06130268199234,0.19157088122605362,5.6513409961685825,0.09578544061302681,0.0,0.0
Forest,0.011037527593818985,0.033112582781456956,99.94481236203092,0.011037527593818985,0.0,0.0,0.0
Grassland,0.5153753650575503,0.0,1.271259233808624,98.21336540113383,0.0,0.0,0.0
Urban,0.0,0.0,0.0,0.0,100.0,0.0,0.0
Water,0.0,0.0,0.0,0.0,0.0,100.0,0.0
Other,0.0,0.0,0.0,0.0,0.0,0.0,100.0
