from_label,Crops,TreeCrops,Forest,Grassland,Urban,Water,Other
Crops,99.89528795811519,0.0,0.10471204188481677,0.0,0.0,0.0,0.0
TreeCrops,0.0,0.0,0.0,0.0,0.0,0.0,0.0
Forest,0.0,0.0,99.93660453911501,0.06339546088500064,0.0,0.0,0.0
Grassland,0.01255808112520407,0.0,0.8916237598894889,99.0707019967349,0.02511616225040814,0.0,0.0
Urban,0.0,0.0,0.0,0.0,100.0,0.0,0.0
Water,0.0,0.0,0.0,0.0,0.0,100.0,0.0
Other,0.0,0.0,0.0,0.0,0.0,0.0,100.0
