from_label,Crops,TreeCrops,Forest,Grassland,Urban,Water,Other
Crops,99.87699876998771,0.0,0.0,0.12300123001230012,0.0,0.0,0.0
TreeCrops,0.0,93.53711790393014,0.34934497816593885,6.026200873362445,0.08733624454148471,0.0,0.0
Forest,0.011263798152737103,0.0,99.94368100923631,0.04505519261094841,0.0,0.0,0.0
Grassland,0.26922429749284876,0.0,0.9086320040383644,98.82214369846879,0.0,0.0,0.0
Urban,0.0,0.0,0.0,0.0,100.0,0.0,0.0
Water,0.0,0.0,0.0,0.0,0.0,100.0,0.0
Other,0.0,0.0,0.0,0.0,0.0,0.0,100.0
