from_label,Crops,TreeCrops,Forest,Grassland,Urban,Water,Other
Crops,98.2741116751269,0.0,1.5228426395939088,0.20304568527918782,0.0,0.0,0.0
TreeCrops,0.17543859649122806,98.7719298245614,0.3508771929824561,0.5263157894736842,0.17543859649122806,0.0,0.0
Forest,0.0,0.0,99.93823347745521,0.06176652254478073,0.0,0.0,0.0
Grassland,0.0,0.0,0.9461426491994178,99.03566229985444,0.0,0.0,0.01819505094614265
Urban,0.0,0.0,0.0,0.0,100.0,0.0,0.0
Water,0.0,0.0,0.0,0.0,0.0,100.0,0.0
Other,0.0,0.0,0.0,0.0,0.0,0.0,100.0
