from_label,Crops,TreeCrops,Forest,Grassland,Urban,Water,Other
Crops,97.29381443298969,0.0,2.190721649484536,0.5154639175257731,0.0,0.0,0.0
TreeCrops,0.0,98.34710743801654,1.6528925619834711,0.0,0.0,0.0,0.0
Forest,0.0,0.0,99.94347088750708,0.05652911249293386,0.0,0.0,0.0
Grassland,0.1563721657544957,0.0,0.7427677873338546,99.06176700547303,0.019546520719311962,0.0,0.019546520719311962
Urban,0.0,0.0,0.0,0.0,100.0,0.0,0.0
Water,0.0,0.0,0.0,0.0,0.0,100.0,0.0
Other,0.0,0.0,0.0,0.0,0.0,0.0,100.0
