from_label,Crops,TreeCrops,Forest,Grassland,Urban,Water,Other
Crops,98.5985985985986,0.0,1.4014014014014013,0.0,0.0,0.0,0.0
TreeCrops,0.0,63.61607142857143,1.4508928571428572,34.82142857142857,0.11160714285714285,0.0,0.0
Forest,0.0,0.0,99.93775287892936,0.06224712107065049,0.0,0.0,0.0
Grassland,0.0,0.0,1.0319128606917638,98.948977641888,0.0,0.0,0.019109497420217846
Urban,0.0,0.0,0.0,0.0,100.0,0.0,0.0
Water,0.0,0.0,0.0,0.0,0.0,100.0,0.0
Other,0.0,0.0,0.0,0.0,0.0,0.0,100.0
