from_label,Crops,TreeCrops,Forest,Grassland,Urban,Water,Other
Crops,99.88023952095809,0.0,0.0,0.11976047904191617,0.0,0.0,0.0
TreeCrops,0.0,97.61194029850746,1.0945273631840797,1.2935323383084576,0.0,0.0,0.0
Forest,0.0,0.03333333333333333,99.92222222222222,0.044444444444444446,0.0,0.0,0.0
Grassland,0.269496378642412,1.010611419909045,0.943237325248442,97.7429678288698,0.0336870473303015,0.0,0.0
Urban,0.0,0.0,0.0,0.0,100.0,0.0,0.0
Water,0.0,0.0,0.0,0.0,0.0,100.0,0.0
Other,0.0,0.0,0.0,0.0,0.0,0.0,100.0
