from_label,Crops,TreeCrops,Forest,Grassland,Urban,Water,Other
Crops,98.82044560943643,0.0,1.0484927916120577,0.1310615989515072,0.0,0.0,0.0
TreeCrops,0.0,100.0,0.0,0.0,0.0,0.0,0.0
Forest,0.0,0.2718665041717446,99.67188525358583,0.05624824224242992,0.0,0.0,0.0
Grassland,0.15754233950374164,3.9582512800315084,1.1027963765261914,94.7617172115006,0.019692792437967704,0.0,0.0
Urban,0.0,0.0,0.0,0.0,100.0,0.0,0.0
Water,0.0,0.0,0.0,0.0,0.0,100.0,0.0
Other,0.0,0.0,0.0,0.9708737864077669,0.0,0.0,99.02912621359224
