from_label,Crops,TreeCrops,Forest,Grassland,Urban,Water,Other
Crops,99.88610478359908,0.0,0.0,0.11389521640091116,0.0,0.0,0.0
TreeCrops,0.0,97.78947368421052,0.21052631578947367,2.0,0.0,0.0,0.0
Forest,0.010869565217391304,0.0,99.94565217391305,0.043478260869565216,0.0,0.0,0.0
Grassland,0.6614447345517842,0.7658833768494343,1.166231505657093,97.40644038294168,0.0,0.0,0.0
Urban,0.0,0.0,0.0,0.0,100.0,0.0,0.0
Water,0.0,0.0,0.0,0.0,0.0,100.0,0.0
Other,0.0,0.0,0.0,0.0,0.0,0.0,100.0
