from_label,Crops,TreeCrops,Forest,Grassland,Urban,Water,Other
Crops,99.66187050359713,0.0,0.028776978417266185,0.2733812949640288,0.0,0.0,0.03597122302158273
TreeCrops,0.0,0.0,0.0,0.0,0.0,0.0,0.0
Forest,0.005103454309502632,0.0,99.92563538006152,0.0692611656289643,0.0,0.0,0.0
Grassland,0.004092308846548649,0.0,0.012958978014070721,99.94259400090259,0.00011367524573746248,0.0,0.04024103699106171
Urban,0.0,0.0,0.0,0.0,100.0,0.0,0.0
Water,0.0,0.0,0.0,0.0,0.0,100.0,0.0
Other,0.01751414604103314,0.0,0.0,0.41726009469186653,0.0,0.0,99.5652257592671
