from_label,Crops,TreeCrops,Forest,Grassland,Urban,Water,Other
Crops,99.78297161936561,0.0,0.0,0.0,0.0,0.0,0.21702838063439064
TreeCrops,0.0,0.0,0.0,0.0,0.0,0.0,0.0
Forest,0.0,0.0,99.99495211722626,0.004326756663205262,0.0,0.0,0.0007211261105342101
Grassland,0.004820671037408407,0.0,0.03492308351544757,95.60686892059819,0.0002142520461070403,0.0,4.3531730728028455
Urban,0.0,0.0,0.0,0.0,100.0,0.0,0.0
Water,0.0,0.0,0.0,0.0,0.0,100.0,0.0
Other,0.0,0.0,0.0,0.08537255036551464,0.0,0.0,99.91462744963448
