from_label,Crops,TreeCrops,Forest,Grassland,Urban,Water,Other
Crops,99.6598030438675,0.0,0.053715308863025966,0.21486123545210387,0.0,0.0,0.07162041181736795
TreeCrops,0.0,0.0,0.0,0.0,0.0,0.0,0.0
Forest,0.042612043509139164,0.0,99.90131947818936,0.0560684783014989,0.0,0.0,0.0
Grassland,0.016274434098643275,0.0,0.0254779071751174,99.92300509109194,0.0001122374765423674,0.0,0.035130330157761
Urban,0.0,0.0,0.0,0.0,100.0,0.0,0.0
Water,0.0,0.0,0.0,0.0,0.0,100.0,0.0
Other,0.014189166862658581,0.0,0.0,0.06919648497406103,0.0,0.0,99.91661434816328
