from_label,Crops,TreeCrops,Forest,Grassland,Urban,Water,Other
Crops,92.55736276503049,0.0,0.02904443799012489,7.377287249491722,0.0,0.0,0.03630554748765611
TreeCrops,0.0,0.0,0.0,0.0,0.0,0.0,0.0
Forest,0.0,0.0,99.95232350667833,0.04767649332167908,0.0,0.0,0.0
Grassland,0.00011777383889716576,0.0,0.0009421907111773261,99.95630590576916,0.0,0.0,0.04263412968077401
Urban,0.0,0.0,0.0,0.0,100.0,0.0,0.0
Water,0.0,0.0,0.0,0.0,0.0,100.0,0.0
Other,0.007649715867696342,0.0,0.0,13.69426635582107,0.00018213609208800815,0.0,86.29790179221915
