from_label,Crops,TreeCrops,Forest,Grassland,Urban,Water,Other
Crops,99.66319657072872,0.0,0.05103082261686059,0.22453561951418657,0.0,0.0,0.0612369871402327
TreeCrops,0.0,0.0,0.0,0.0,0.0,0.0,0.0
Forest,0.0029771873022961556,0.0,99.9486435190354,0.04837929366231253,0.0,0.0,0.0
Grassland,0.026366603499016584,0.0,0.02502022374587531,99.91248531604582,0.00011219831276177268,0.0,0.03601565839652903
Urban,0.0,0.0,0.0,0.0,100.0,0.0,0.0
Water,0.0,0.0,0.0,0.0,0.0,100.0,0.0
Other,0.002136171204412165,0.0,0.001165184293315726,0.0757369790655222,0.0,0.0,99.92096166543675
