from_label,Crops,TreeCrops,Forest,Grassland,Urban,Water,Other
Crops,99.65872785361604,0.0,0.06534998547778101,0.17426662794074935,0.0,0.0,0.10165553296543713
TreeCrops,0.0,0.0,0.0,0.0,0.0,0.0,0.0
Forest,0.007952056329475382,0.0,99.90096075298744,0.08819553383599968,0.0,0.0,0.0028916568470819565
Grassland,0.002943902177663319,0.0,0.027319412208715595,99.92546039686157,0.00011775608710653276,0.0,0.04415853266494978
Urban,0.0,0.0,0.0,0.0,100.0,0.0,0.0
Water,0.0,0.0,0.0,0.0,0.0,100.0,0.0
Other,0.00200358094558092,0.0,0.0,0.06538959631486821,0.0,0.0,99.93260682273956
