from_label,Crops,TreeCrops,Forest,Grassland,Urban,Water,Other
Crops,99.65767381204662,0.0,0.04075311761349743,0.21191621159018667,0.0,0.0,0.08965685874969435
TreeCrops,0.0,0.0,0.0,0.0,0.0,0.0,0.0
Forest,0.000734910451161526,0.0,99.92577404443269,0.07275613466499108,0.0,0.0,0.000734910451161526
Grassland,0.0497070552458414,0.0,0.02975660450091186,99.85741627009979,0.00033814323296490746,0.0,0.06278192692048448
Urban,0.0,0.0,0.0,0.0,100.0,0.0,0.0
Water,0.0,0.0,0.0,0.0,0.0,100.0,0.0
Other,0.010877482639731947,0.0,0.0,0.04856019035594619,0.0,0.0,99.94056232700433
