from_label,Crops,TreeCrops,Forest,Grassland,Urban,Water,Other
Crops,99.66490743067773,0.0,0.050263885398341285,0.14241434196196698,0.0,0.0,0.14241434196196698
TreeCrops,0.0,0.0,0.0,0.0,0.0,0.0,0.0
Forest,0.0,0.0,99.97488086352413,0.02511913647585692,0.0,0.0,0.0
Grassland,0.002790119405950097,0.0,0.029240451374357015,99.893082624364,0.00022320955247600774,0.0,0.0746635953032246
Urban,0.0,0.0,0.0,0.0,100.0,0.0,0.0
Water,0.0,0.0,0.0,0.0,0.0,100.0,0.0
Other,0.0013915837017716849,0.0,0.0,0.06480804096822418,0.0,0.0,99.93380037533001
