from_label,Crops,TreeCrops,Forest,Grassland,Urban,Water,Other
Crops,99.72109151213628,0.0,0.037690336197798886,0.16583747927031509,0.0,0.0,0.07538067239559777
TreeCrops,0.0,0.0,0.0,0.0,0.0,0.0,0.0
Forest,0.0,0.0,99.86744227040366,0.1325577295963335,0.0,0.0,0.0
Grassland,0.006223916133295915,0.0,0.029535311105276976,99.90313323254362,0.00011316211151447117,0.0,0.06099437810629996
Urban,0.0,0.0,0.0,0.0,100.0,0.0,0.0
Water,0.0,0.0,0.0,0.0,0.0,100.0,0.0
Other,0.003518999665695032,0.0,0.0,0.06334199398251057,0.00019549998142750176,0.0,99.93294350637036
