from_label,Crops,TreeCrops,Forest,Grassland,Urban,Water,Other
Crops,99.78990020259624,0.0,0.0,0.0525249493509417,0.0,0.0,0.1575748480528251
TreeCrops,0.0,0.0,0.0,0.0,0.0,0.0,0.0
Forest,0.0,0.0,99.94576586348492,0.04719074216246293,0.0,0.0,0.007043394352606407
Grassland,0.016196679793905745,0.0,0.03567800094461755,99.34930122086722,0.0003397904851868338,0.0,0.5984843079090766
Urban,0.0,0.0,0.0,0.0,100.0,0.0,0.0
Water,0.0,0.0,0.0,0.0,0.0,100.0,0.0
Other,0.0017575310204225104,0.0,0.0,0.07557383387816795,0.0,0.0,99.9226686351014
