from_label,Crops,TreeCrops,Forest,Grassland,Urban,Water,Other
Crops,99.66054313099042,0.0,0.05990415335463259,0.1996805111821086,0.0,0.0,0.07987220447284345
TreeCrops,0.0,0.0,0.0,0.0,0.0,0.0,0.0
Forest,0.0014845385311975773,0.0,99.96288653672006,0.03562892474874185,0.0,0.0,0.0
Grassland,0.012236576812023727,0.0,0.025932561867683314,99.92680506347304,0.00011226217258737365,0.0,0.03491353567467321
Urban,0.0,0.0,0.0,0.0,100.0,0.0,0.0
Water,0.0,0.0,0.0,0.0,0.0,100.0,0.0
Other,0.0017480480130520918,0.0,0.0,0.06526045915394477,0.0,0.0,99.932991492833
