from_label,Crops,TreeCrops,Forest,Grassland,Urban,Water,Other
Crops,99.65875483430652,0.0,0.05308258133009783,0.219913551224691,0.0,0.0,0.06824903313869721
TreeCrops,0.0,0.0,0.0,0.0,0.0,0.0,0.0
Forest,0.0021955182154827944,0.0,99.97804481784517,0.01902782453418422,0.0,0.0,0.0007318394051609315
Grassland,0.030341570803652396,0.0,0.027147721245373197,99.90657990042034,0.00011406605565282855,0.0,0.035816741474988166
Urban,0.0,0.0,0.0,0.0,100.0,0.0,0.0
Water,0.0,0.0,0.0,0.0,0.0,100.0,0.0
Other,0.000763594851843509,0.0,0.0,0.056124221610497904,0.0,0.0,99.94311218353766
