from_label,Crops,TreeCrops,Forest,Grassland,Urban,Water,Other
Crops,99.66296228821278,0.0,0.04554563672800146,0.218619056294407,0.0,0.0,0.07287301876480233
TreeCrops,0.0,0.0,0.0,0.0,0.0,0.0,0.0
Forest,0.015715974914310517,0.0,99.9326458217958,0.05163820328987741,0.0,0.0,0.0
Grassland,0.015596860430540671,0.0,0.025471131782249877,99.92392322754024,0.00011220762899669549,0.0,0.0348965726179723
Urban,0.0,0.0,0.0,0.0,100.0,0.0,0.0
Water,0.0,0.0,0.0,0.0,0.0,100.0,0.0
Other,0.013409071917322383,0.0,0.00019433437561336788,0.06762836271345202,0.00019433437561336788,0.0,99.918573896618
