from_label,Crops,TreeCrops,Forest,Grassland,Urban,Water,Other
Crops,99.65680905439942,0.0,0.02190580503833516,0.09492515516611902,0.0,0.0,0.22635998539613
TreeCrops,0.0,0.0,0.0,0.0,0.0,0.0,0.0
Forest,0.01242844505530658,0.0,99.91153871460635,0.07457067033183948,0.0,0.0,0.0014621700065066564
Grassland,0.0260568973403759,0.0,0.0328840320147102,99.62951415833946,0.00034135673371671484,0.0,0.3112035555717384
Urban,0.0,0.0,0.0,0.0,100.0,0.0,0.0
Water,0.0,0.0,0.0,0.0,0.0,100.0,0.0
Other,0.004990154042216703,0.0,0.0,0.07005408559265756,0.0,0.0,99.92495576036514
