from_label,Crops,TreeCrops,Forest,Grassland,Urban,Water,Other
Crops,99.65319171995232,0.0,0.021675517502980385,0.28178172753874503,0.0,0.0,0.04335103500596077
TreeCrops,0.0,0.0,0.0,0.0,0.0,0.0,0.0
Forest,0.0015021217469675919,0.0,99.99173833039168,0.006759547861354163,0.0,0.0,0.0
Grassland,0.07873424895030334,0.0,0.021839514289202208,99.86056310107662,0.00022399501835079186,0.0,0.0386391406655116
Urban,0.0,0.0,0.0,0.0,100.0,0.0,0.0
Water,0.0,0.0,0.0,0.0,0.0,100.0,0.0
Other,0.0015529819194080032,0.0,0.0003882454798520008,0.0955083880435922,0.0,0.0,99.90255038455714
