from_label,Crops,TreeCrops,Forest,Grassland,Urban,Water,Other
Crops,95.63732188170994,0.0,0.6148740972086668,2.449736482529768,0.009759906304899474,0.0,1.2883076322467304
TreeCrops,0.0,0.0,0.0,0.0,0.0,0.0,0.0
Forest,0.0037289500768163714,0.0,99.85382515698879,0.1424458929343854,0.0,0.0,0.0
Grassland,0.0021317201073938153,0.0,0.02109280948368617,99.93234593553902,0.00011219579512599026,0.0,0.044317339074766156
Urban,0.0,0.0,0.0,0.0,100.0,0.0,0.0
Water,0.0,0.0,0.0,0.0,0.0,100.0,0.0
Other,0.0013598992897440282,0.0,0.0,0.06566370856192592,0.0,0.0,99.93297639214833
