from_label,Crops,TreeCrops,Forest,Grassland,Urban,Water,Other
Crops,99.79874213836479,0.0,0.025157232704402514,0.08385744234800838,0.0,0.0,0.09224318658280922
TreeCrops,0.0,0.0,0.0,0.0,0.0,0.0,0.0
Forest,0.000722105080731348,0.0,99.90468212934346,0.08954103001068715,0.0,0.0,0.005054735565119436
Grassland,0.005020965200437999,0.0,0.03130091071762412,99.68549528616832,0.00010682904681782977,0.0,0.2780760088668109
Urban,0.0,0.0,0.0,0.0,100.0,0.0,0.0
Water,0.0,0.0,0.0,0.0,0.0,100.0,0.0
Other,0.001293543922283881,0.0,0.0,0.07459436618503715,0.0,0.0,99.92411208989267
