from_label,Crops,TreeCrops,Forest,Grassland,Urban,Water,Other
Crops,99.77415307402761,0.0,0.05018820577164366,0.1672940192388122,0.0,0.0,0.008364700961940611
TreeCrops,0.0,0.0,0.0,0.0,0.0,0.0,0.0
Forest,0.0007212509376262188,0.0,99.82617852403209,0.17310022503029254,0.0,0.0,0.0
Grassland,0.004070217681668275,0.0,0.02774174683031798,99.92577208280537,0.00010711099162284934,0.0,0.042308841691025494
Urban,0.0,0.0,0.0,0.0,100.0,0.0,0.0
Water,0.0,0.0,0.0,0.0,0.0,100.0,0.0
Other,0.002789035229805776,0.0,0.0,0.06479143380010341,0.0,0.0,99.9324195309701
