from_label,Crops,TreeCrops,Forest,Grassland,Urban,Water,Other
Crops,96.22614740724977,0.0,0.49655955167766197,1.539334610200752,0.007093707881109456,0.0,1.7308647229907073
TreeCrops,0.0,0.0,0.0,0.0,0.0,0.0,0.0
Forest,0.0036511274681621684,0.0,99.93500993106672,0.06060871597149199,0.0,0.0,0.0007302254936324337
Grassland,0.0028545655922081778,0.0,0.0214663332534055,99.9040865961018,0.0001141826236883271,0.0,0.07147832242889277
Urban,0.0,0.0,0.0,0.0,100.0,0.0,0.0
Water,0.0,0.0,0.0,0.0,0.0,100.0,0.0
Other,0.0021011814370170863,0.0,0.0,0.0699120369043867,0.0,0.0,99.92798678165859
