from_label,Crops,TreeCrops,Forest,Grassland,Urban,Water,Other
Crops,99.69739292364991,0.0,0.015518311607697082,0.06207324643078833,0.0,0.0,0.22501551831160768
TreeCrops,0.0,0.0,0.0,0.0,0.0,0.0,0.0
Forest,0.0014198595758879446,0.0,99.97231273827019,0.026267402153926978,0.0,0.0,0.0
Grassland,0.02891373244784559,0.0,0.03330141947300504,99.61770870483355,0.0004500191820676356,0.0,0.3196261240635382
Urban,0.0,0.0,0.0,0.0,100.0,0.0,0.0
Water,0.0,0.0,0.0,0.0,0.0,100.0,0.0
Other,0.003348414328849741,0.0,0.0,0.0718924252958915,0.0,0.0,99.92475916037526
