from_label,Crops,TreeCrops,Forest,Grassland,Urban,Water,Other
Crops,99.68150196965887,0.0,0.025144581342720643,0.2765903947699271,0.0,0.0,0.01676305422848043
TreeCrops,0.0,0.0,0.0,0.0,0.0,0.0,0.0
Forest,0.0,0.0,99.9612394754409,0.038760524559099035,0.0,0.0,0.0
Grassland,0.0006741209462860431,0.0,0.006067088516574387,99.95157564535845,0.0,0.0,0.04168314517868699
Urban,0.0,0.0,0.0,0.0,100.0,0.0,0.0
Water,0.0,0.0,0.0,0.0,0.0,100.0,0.0
Other,0.007465296195449313,0.0,0.0031432826086102367,1.2406143545858528,0.0003929103260762796,0.0,98.748384156284
