from_label,Crops,TreeCrops,Forest,Grassland,Urban,Water,Other
Crops,99.81521921720142,0.0,0.008399126490844953,0.15958340332605409,0.0,0.0,0.016798252981689906
TreeCrops,0.0,0.0,0.0,0.0,0.0,0.0,0.0
Forest,0.0,0.0,99.95231282784931,0.04768717215069146,0.0,0.0,0.0
Grassland,0.002416276035374281,0.0,0.002416276035374281,99.91543033876191,0.0,0.0,0.07973710916735129
Urban,0.0,0.0,0.0,0.0,100.0,0.0,0.0
Water,0.0,0.0,0.0,0.0,0.0,100.0,0.0
Other,0.00845594452900389,0.0,0.0,0.0036239762267159525,0.0,0.0,99.98792007924428
