from_label,Crops,TreeCrops,Forest,Grassland,Urban,Water,Other
Crops,99.79348540317281,0.0,0.018774054257016802,0.1314183797991176,0.009387027128508401,0.0,0.04693513564254201
TreeCrops,0.0,100.0,0.0,0.0,0.0,0.0,0.0
Forest,0.0,0.0,99.9530626613471,0.04693733865289838,0.0,0.0,0.0
Grassland,0.002428953121204761,0.0,0.009715812484819043,99.90769978139423,0.002428953121204761,0.0,0.07772649987855235
Urban,0.0,0.0,0.0,0.0,100.0,0.0,0.0
Water,0.0,0.0,0.0,0.0,0.0,100.0,0.0
Other,0.004799385678633135,0.0,0.0,0.28436360145901324,0.0,0.0,99.71083701286236
