from_label,Crops,TreeCrops,Forest,Grassland,Urban,Water,Other
Crops,99.91474123966238,0.0,0.0,0.034103504135049874,0.025577628101287407,0.0,0.025577628101287407
TreeCrops,0.0,100.0,0.0,0.0,0.0,0.0,0.0
Forest,0.0,0.0,99.95248277500593,0.047517224994060345,0.0,0.0,0.0
Grassland,0.004922107646494229,0.0,0.0024610538232471145,99.91140206236311,0.024610538232471144,0.0,0.05660423793468363
Urban,0.0,0.0,0.0,0.0,100.0,0.0,0.0
Water,0.0,0.0,0.0,0.0,0.0,100.0,0.0
Other,0.008419229520224192,0.0,0.0,0.004810988297270967,0.0,0.0,99.9867697821825
