from_label,Crops,TreeCrops,Forest,Grassland,Urban,Water,Other
Crops,99.81426762346982,0.0,0.0,0.04221190375685943,0.1266357112705783,0.0,0.016884761502743775
TreeCrops,0.0,100.0,0.0,0.0,0.0,0.0,0.0
Forest,0.0,0.0,99.97617345723135,0.02382654276864427,0.0,0.0,0.0
Grassland,0.0,0.0,0.00484566555216359,99.87401269564374,0.0896448127150264,0.0,0.03149682608906333
Urban,0.0,0.0,0.0,0.0,100.0,0.0,0.0
Water,0.0,0.0,0.0,0.0,0.0,100.0,0.0
Other,0.008444927011702255,0.0,0.0012064181445288937,0.0024128362890577875,0.0,0.0,99.9879358185547
