from_label,Crops,TreeCrops,Forest,Grassland,Urban,Water,Other
Crops,99.2355189650103,0.6468685680682152,0.0,0.04900519455062237,0.009801038910124474,0.0,0.058806233460746836
TreeCrops,0.0,100.0,0.0,0.0,0.0,0.0,0.0
Forest,0.0,0.2104770813844715,99.78952291861553,0.0,0.0,0.0,0.0
Grassland,0.06796662604293616,0.016405737320708727,0.016405737320708727,99.85937939439393,0.016405737320708727,0.0,0.02343676760101247
Urban,0.0,0.0,0.0,0.0,100.0,0.0,0.0
Water,0.0,0.0,0.0,0.0,0.0,100.0,0.0
Other,0.0012225835635865713,0.0,0.0,0.040345257598356846,0.0,0.0,99.95843215883806
