from_label,Crops,TreeCrops,Forest,Grassland,Urban,Water,Other
Crops,99.78021978021978,0.0,0.0,0.09298393913778528,0.1014370245139476,0.0,0.0253592561284869
TreeCrops,0.0,100.0,0.0,0.0,0.0,0.0,0.0
Forest,0.0,0.0,99.95236961181234,0.04763038818766373,0.0,0.0,0.0
Grassland,0.0,0.0,0.0,99.8981324278438,0.055784622847441186,0.0,0.04608294930875576
Urban,0.0,0.0,0.0,0.0,100.0,0.0,0.0
Water,0.0,0.0,0.0,0.0,0.0,100.0,0.0
Other,0.0036190361300440315,0.0,0.0,0.007238072260088063,0.0,0.0,99.98914289160987
