from_label,Crops,TreeCrops,Forest,Grassland,Urban,Water,Other
Crops,99.93117010816125,0.0,0.0,0.009832841691248772,0.009832841691248772,0.0,0.049164208456243856
TreeCrops,0.0,96.65871121718376,1.9093078758949882,1.431980906921241,0.0,0.0,0.0
Forest,0.0,0.0,100.0,0.0,0.0,0.0,0.0
Grassland,0.06566912144096815,0.0,0.0187626061259909,99.88273371171256,0.00938130306299545,0.0,0.023453257657488624
Urban,0.0,0.0,0.0,0.0,100.0,0.0,0.0
Water,0.0,0.0,0.0,0.0,0.0,100.0,0.0
Other,0.06483021822096095,0.0012232116645464332,0.0024464233290928663,0.03791956160093943,0.0036696349936392995,0.0,99.88991095019082
