from_label,Crops,TreeCrops,Forest,Grassland,Urban,Water,Other
Crops,99.82293423271501,0.0,0.0,0.008431703204047217,0.1433389544688027,0.0,0.02529510961214165
TreeCrops,0.0,100.0,0.0,0.0,0.0,0.0,0.0
Forest,0.0,0.0,99.9523241954708,0.04767580452920143,0.0,0.0,0.0
Grassland,0.0,0.0,0.00242001839213978,99.87415904360873,0.10164077246987077,0.0,0.021780165529258023
Urban,0.0,0.0,0.0,0.0,100.0,0.0,0.0
Water,0.0,0.0,0.0,0.0,0.0,100.0,0.0
Other,0.0072386835247562975,0.0,0.0036193417623781488,0.0012064472541260494,0.0,0.0,99.98793552745873
