from_label,Crops,TreeCrops,Forest,Grassland,Urban,Water,Other
Crops,99.92377403235369,0.00846955196070128,0.0,0.025408655882103837,0.04234775980350639,0.0,0.0
TreeCrops,0.0,100.0,0.0,0.0,0.0,0.0,0.0
Forest,0.0,0.0,99.97617345723135,0.02382654276864427,0.0,0.0,0.0
Grassland,0.007280316451088407,0.0,0.0024267721503628027,99.90050234183514,0.05338898730798165,0.0,0.03640158225544204
Urban,0.0,0.0,0.0,0.0,100.0,0.0,0.0
Water,0.0,0.0,0.0,0.0,0.0,100.0,0.0
Other,0.030153905533844744,0.0,0.0012061562213537898,0.012061562213537897,0.0,0.0,99.95657837603127
