from_label,Crops,TreeCrops,Forest,Grassland,Urban,Water,Other
Crops,99.73609802073516,0.0,0.009425070688030161,0.05655042412818096,0.0471253534401508,0.0,0.15080113100848258
TreeCrops,0.0,100.0,0.0,0.0,0.0,0.0,0.0
Forest,0.0,0.0,99.95317255911964,0.023413720440177945,0.0,0.0,0.023413720440177945
Grassland,0.004823693984853601,0.0,0.05064878684096281,99.8649365684241,0.0168829289469876,0.0,0.06270802180309681
Urban,0.0,0.0,0.0,0.0,100.0,0.0,0.0
Water,0.0,0.0,0.0,0.0,0.0,100.0,0.0
Other,0.006019599817004165,0.0,0.0,0.03130191904842166,0.004815679853603332,0.0,99.95786280128097
