from_label,Crops,TreeCrops,Forest,Grassland,Urban,Water,Other
Crops,99.39181086174405,0.0,0.017132088401576154,0.15418879561418536,0.06852835360630462,0.0,0.3683399006338873
TreeCrops,0.0,100.0,0.0,0.0,0.0,0.0,0.0
Forest,0.0,0.0,99.9056158565361,0.023596035865974516,0.0,0.0,0.07078810759792356
Grassland,0.014737669483199056,0.0,0.009825112988799371,98.85046178031047,0.027019060719198268,0.0,1.0979563764983298
Urban,0.0,0.0,0.0,0.0,100.0,0.0,0.0
Water,0.0,0.0,0.0,0.0,0.0,100.0,0.0
Other,0.004826196595118302,0.0,0.0,0.031370277868268966,0.0012065491487795756,0.0,99.96259697638783
