from_label,Crops,TreeCrops,Forest,Grassland,Urban,Water,Other
Crops,99.93437781970306,0.0,0.0,0.041013862685587724,0.0,0.0,0.024608317611352633
TreeCrops,0.0,0.0,0.0,0.0,0.0,0.0,0.0
Forest,0.0,0.0,99.95217599234816,0.04782400765184123,0.0,0.0,0.0
Grassland,0.014534531624718395,0.0,0.004844843874906132,99.91279281025169,0.0,0.0,0.06782781424868584
Urban,0.0,0.0,0.0,0.0,100.0,0.0,0.0
Water,0.0,0.0,0.0,0.0,0.0,100.0,0.0
Other,0.03147166339845547,0.0,0.0012104485922482873,0.004841794368993149,0.0,0.0,99.9624760936403
