from_label,Crops,TreeCrops,Forest,Grassland,Urban,Water,Other
Crops,99.89528795811519,0.0,0.0,0.07615421227986673,0.00951927653498334,0.0,0.01903855306996668
TreeCrops,0.0,100.0,0.0,0.0,0.0,0.0,0.0
Forest,0.0,0.0,99.95346672871102,0.04653327128897162,0.0,0.0,0.0
Grassland,0.016670238860708245,0.0,0.014288776166321356,99.88568979066943,0.004762925388773784,0.0,0.07858826891476745
Urban,0.0,0.0,0.0,0.0,100.0,0.0,0.0
Water,0.0,0.0,0.0,0.0,0.0,100.0,0.0
Other,0.010898390670977587,0.0,0.0024218645935505747,0.720504716581296,0.0012109322967752874,0.0,99.2649640958574
