from_label,Crops,TreeCrops,Forest,Grassland,Urban,Water,Other
Crops,99.68992248062015,0.0,0.01937984496124031,0.05813953488372093,0.05813953488372093,0.0,0.1744186046511628
TreeCrops,0.0,99.75550122249389,0.0,0.24449877750611246,0.0,0.0,0.0
Forest,0.0,0.0,99.9074074074074,0.0925925925925926,0.0,0.0,0.0
Grassland,0.0023483549773383743,0.0,0.007045064932015124,99.91076251086113,0.018786839818706994,0.0,0.061057229410797734
Urban,0.0,0.0,0.0,0.0,100.0,0.0,0.0
Water,0.0,0.0,0.0,0.0,0.0,100.0,0.0
Other,0.009805483716768603,0.0,0.003677056393788226,0.03677056393788226,0.0049027418583843015,0.0,99.94484415409318
