from_label,Crops,TreeCrops,Forest,Grassland,Urban,Water,Other
Crops,99.68489184125362,0.0,0.008516436722875149,0.13626298756600239,0.06813149378300119,0.0,0.1021972406745018
TreeCrops,0.0,100.0,0.0,0.0,0.0,0.0,0.0
Forest,0.0,0.0,99.92889310263095,0.0711068973690448,0.0,0.0,0.0
Grassland,0.002480466327669602,0.0,0.002480466327669602,99.91318367853155,0.022324196949026417,0.0,0.059531191864070444
Urban,0.0,0.0,0.0,0.0,100.0,0.0,0.0
Water,0.0,0.0,0.0,0.0,0.0,100.0,0.0
Other,0.008398421096833794,0.0,0.0023995488848096557,0.011997744424048279,0.0,0.0,99.97720428559431
