from_label,Crops,TreeCrops,Forest,Grassland,Urban,Water,Other
Crops,99.18133442488744,0.0,0.03274662300450266,0.4748260335652886,0.0,0.0,0.31109291854277527
TreeCrops,0.0,0.0,0.0,0.0,0.0,0.0,0.0
Forest,0.0,0.0,99.95218742529285,0.04781257470714798,0.0,0.0,0.0
Grassland,0.0024238898584448324,0.0,0.0024238898584448324,99.92001163467133,0.0,0.0,0.07514058561178981
Urban,0.0,0.0,0.0,0.0,100.0,0.0,0.0
Water,0.0,0.0,0.0,0.0,0.0,100.0,0.0
Other,0.00847314014573801,0.0,0.0012104485922482873,0.009683588737986299,0.0,0.0,99.98063282252403
