from_label,Crops,TreeCrops,Forest,Grassland,Urban,Water,Other
Crops,99.91390443392166,0.0,0.0,0.060266896254842876,0.0,0.0,0.02582866982350409
TreeCrops,0.0,100.0,0.0,0.0,0.0,0.0,0.0
Forest,0.0,0.0,99.95278564683665,0.047214353163361665,0.0,0.0,0.0
Grassland,0.02481759070829404,0.0,0.0,99.91065667345013,0.002481759070829404,0.0,0.0620439767707351
Urban,0.0,0.0,0.0,0.0,100.0,0.0,0.0
Water,0.0,0.0,0.0,0.0,0.0,100.0,0.0
Other,0.07077565317530769,0.0,0.00479834936781747,0.5338163671696936,0.0011995873419543676,0.0,99.38941004294523
