from_label,Crops,TreeCrops,Forest,Grassland,Urban,Water,Other
Crops,99.9148718821827,0.0,0.0,0.025538435345194517,0.034051247126926025,0.0,0.025538435345194517
TreeCrops,0.0,100.0,0.0,0.0,0.0,0.0,0.0
Forest,0.0,0.0,99.97623009270264,0.023769907297361538,0.0,0.0,0.0
Grassland,0.004904966278356836,0.0,0.002452483139178418,99.90925812385039,0.03188228080931944,0.0,0.05150214592274679
Urban,0.0,0.0,0.0,0.0,100.0,0.0,0.0
Water,0.0,0.0,0.0,0.0,0.0,100.0,0.0
Other,0.007223519780404999,0.0,0.001203919963400833,0.001203919963400833,0.0,0.0,99.99036864029279
