from_label,Crops,TreeCrops,Forest,Grassland,Urban,Water,Other
Crops,99.82113959628651,0.0,0.008517162081594414,0.04258581040797206,0.05962013457116089,0.0,0.06813729665275531
TreeCrops,0.0,100.0,0.0,0.0,0.0,0.0,0.0
Forest,0.0,0.0,99.97622444127437,0.02377555872563005,0.0,0.0,0.0
Grassland,0.002459419576979833,0.0,0.0073782587309394985,99.91392031480571,0.029513034923757994,0.0,0.04672897196261683
Urban,0.0,0.0,0.0,0.0,100.0,0.0,0.0
Water,0.0,0.0,0.0,0.0,0.0,100.0,0.0
Other,0.00962394437360152,0.0,0.0,0.00240598609340038,0.0,0.0,99.98797006953299
