from_label,Crops,TreeCrops,Forest,Grassland,Urban,Water,Other
Crops,99.91214369386958,0.009761811792268645,0.0,0.009761811792268645,0.009761811792268645,0.0,0.058570870753611864
TreeCrops,0.0,100.0,0.0,0.0,0.0,0.0,0.0
Forest,0.046565774155995346,0.0,99.953434225844,0.0,0.0,0.0,0.0
Grassland,0.056303664430159994,0.0,0.014075916107539999,99.8991226012293,0.007037958053769999,0.0,0.023459860179233332
Urban,0.0,0.0,0.0,0.0,100.0,0.0,0.0
Water,0.0,0.0,0.0,0.0,0.0,100.0,0.0
Other,0.004897339520305594,0.0,0.0,0.040403051042521156,0.0,0.0,99.95469960943717
