from_label,Crops,TreeCrops,Forest,Grassland,Urban,Water,Other
Crops,87.27272727272727,0.0,0.0,12.727272727272727,0.0,0.0,0.0
TreeCrops,0.0,0.0,0.0,0.0,0.0,0.0,0.0
Forest,0.0,0.0,94.73684210526315,5.263157894736842,0.0,0.0,0.0
Grassland,2.1739130434782608,0.0,0.4830917874396135,97.10144927536231,0.0,0.0,0.24154589371980675
Urban,0.0,0.0,0.0,0.0,100.0,0.0,0.0
Water,0.0,0.0,0.0,0.0,0.0,100.0,0.0
Other,0.0,0.0,0.0,50.0,0.0,0.0,50.0
