from_label,Crops,TreeCrops,Forest,Grassland,Urban,Water,Other
Crops,88.37209302325581,0.0,0.0,11.627906976744185,0.0,0.0,0.0
TreeCrops,0.0,0.0,0.0,0.0,0.0,0.0,0.0
Forest,0.0,0.0,94.73684210526315,5.263157894736842,0.0,0.0,0.0
Grassland,1.647058823529412,0.0,0.4705882352941176,97.88235294117648,0.0,0.0,0.0
Urban,0.0,0.0,0.0,0.0,100.0,0.0,0.0
Water,0.0,0.0,0.0,0.0,0.0,100.0,0.0
Other,0.0,0.0,0.0,33.33333333333333,0.0,0.0,66.66666666666666
