from_label,Crops,TreeCrops,Forest,Grassland,Urban,Water,Other
Crops,76.47058823529412,0.0,0.0,23.52941176470588,0.0,0.0,0.0
TreeCrops,0.0,0.0,0.0,0.0,0.0,0.0,0.0
Forest,0.0,0.0,94.73684210526315,5.263157894736842,0.0,0.0,0.0
Grassland,1.3761467889908259,0.0,0.45871559633027525,97.93577981651376,0.0,0.0,0.22935779816513763
Urban,0.0,0.0,0.0,0.0,100.0,0.0,0.0
Water,0.0,0.0,0.0,0.0,0.0,100.0,0.0
Other,0.0,0.0,0.0,0.0,0.0,0.0,100.0
