from_label,Crops,TreeCrops,Forest,Grassland,Urban,Water,Other
Crops,87.09677419354838,0.0,0.0,12.903225806451612,0.0,0.0,0.0
TreeCrops,0.0,0.0,0.0,0.0,0.0,0.0,0.0
Forest,0.0,0.0,94.73684210526315,5.263157894736842,0.0,0.0,0.0
Grassland,1.366742596810934,0.0,0.45558086560364464,98.17767653758543,0.0,0.0,0.0
Urban,0.0,0.0,0.0,0.0,100.0,0.0,0.0
Water,0.0,0.0,0.0,0.0,0.0,100.0,0.0
Other,0.0,0.0,0.0,0.0,0.0,0.0,100.0
