from_label,Crops,TreeCrops,Forest,Grassland,Urban,Water,Other
Crops,98.24561403508771,0.0,0.0,1.7543859649122806,0.0,0.0,0.0
TreeCrops,0.0,0.0,0.0,0.0,0.0,0.0,0.0
Forest,0.0,0.0,94.73684210526315,5.263157894736842,0.0,0.0,0.0
Grassland,2.4271844660194173,0.0,0.24271844660194172,97.0873786407767,0.0,0.0,0.24271844660194172
Urban,0.0,0.0,0.0,0.0,100.0,0.0,0.0
Water,0.0,0.0,0.0,0.0,0.0,100.0,0.0
Other,0.0,0.0,0.0,0.0,0.0,0.0,100.0
