from_label,Crops,TreeCrops,Forest,Grassland,Urban,Water,Other
Crops,90.0,0.0,0.0,10.0,0.0,0.0,0.0
TreeCrops,0.0,0.0,0.0,0.0,0.0,0.0,0.0
Forest,0.0,0.0,97.2972972972973,2.7027027027027026,0.0,0.0,0.0
Grassland,4.444444444444445,0.0,0.2777777777777778,95.0,0.0,0.0,0.2777777777777778
Urban,0.0,0.0,0.0,0.0,100.0,0.0,0.0
Water,0.0,0.0,0.0,0.0,0.0,100.0,0.0
Other,0.0,0.0,0.0,50.0,0.0,0.0,50.0
