from_label,Crops,TreeCrops,Forest,Grassland,Urban,Water,Other
Crops,82.35294117647058,0.0,0.0,17.647058823529413,0.0,0.0,0.0
TreeCrops,0.0,0.0,0.0,0.0,0.0,0.0,0.0
Forest,0.0,0.0,97.2972972972973,2.7027027027027026,0.0,0.0,0.0
Grassland,1.146788990825688,0.0,0.45871559633027525,98.39449541284404,0.0,0.0,0.0
Urban,0.0,0.0,0.0,0.0,100.0,0.0,0.0
Water,0.0,0.0,0.0,0.0,0.0,100.0,0.0
Other,0.0,0.0,0.0,50.0,0.0,0.0,50.0
