from_label,Crops,TreeCrops,Forest,Grassland,Urban,Water,Other
Crops,82.35294117647058,0.0,0.0,17.647058823529413,0.0,0.0,0.0
TreeCrops,0.0,0.0,0.0,0.0,0.0,0.0,0.0
Forest,0.0,0.0,94.73684210526315,5.263157894736842,0.0,0.0,0.0
Grassland,1.1494252873563218,0.0,0.45977011494252873,98.16091954022988,0.0,0.0,0.22988505747126436
Urban,0.0,0.0,0.0,0.0,100.0,0.0,0.0
Water,0.0,0.0,0.0,0.0,0.0,100.0,0.0
Other,0.0,0.0,0.0,50.0,0.0,0.0,50.0
