from_label,Crops,TreeCrops,Forest,Grassland,Urban,Water,Other
Crops,82.35294117647058,0.0,0.0,17.647058823529413,0.0,0.0,0.0
TreeCrops,0.0,0.0,0.0,0.0,0.0,0.0,0.0
Forest,0.0,0.0,94.87179487179486,5.128205128205128,0.0,0.0,0.0
Grassland,1.3793103448275863,0.0,0.22988505747126436,98.16091954022988,0.0,0.0,0.22988505747126436
Urban,0.0,0.0,0.0,0.0,100.0,0.0,0.0
Water,0.0,0.0,0.0,0.0,0.0,100.0,0.0
Other,0.0,0.0,0.0,0.0,0.0,0.0,100.0
