from_label,Crops,TreeCrops,Forest,Grassland,Urban,Water,Other
Crops,84.84848484848484,0.0,0.0,15.151515151515152,0.0,0.0,0.0
TreeCrops,0.0,0.0,0.0,0.0,0.0,0.0,0.0
Forest,0.0,0.0,94.5945945945946,5.405405405405405,0.0,0.0,0.0
Grassland,1.36986301369863,0.0,0.45662100456621,97.94520547945206,0.0,0.0,0.228310502283105
Urban,0.0,0.0,0.0,0.0,100.0,0.0,0.0
Water,0.0,0.0,0.0,0.0,0.0,100.0,0.0
Other,0.0,0.0,0.0,0.0,0.0,0.0,100.0
