from_label,Crops,TreeCrops,Forest,Grassland,Urban,Water,Other
Crops,81.81818181818183,0.0,0.0,18.181818181818183,0.0,0.0,0.0
TreeCrops,0.0,0.0,0.0,0.0,0.0,0.0,0.0
Forest,0.0,0.0,94.73684210526315,5.263157894736842,0.0,0.0,0.0
Grassland,1.3729977116704806,0.0,0.4576659038901602,97.94050343249427,0.0,0.0,0.2288329519450801
Urban,0.0,0.0,0.0,0.0,100.0,0.0,0.0
Water,0.0,0.0,0.0,0.0,0.0,100.0,0.0
Other,0.0,0.0,0.0,0.0,0.0,0.0,100.0
