from_label,Crops,TreeCrops,Forest,Grassland,Urban,Water,Other
Crops,82.85714285714286,0.0,0.0,17.142857142857142,0.0,0.0,0.0
TreeCrops,0.0,0.0,0.0,0.0,0.0,0.0,0.0
Forest,0.0,0.0,95.0,5.0,0.0,0.0,0.0
Grassland,1.1574074074074074,0.0,0.4629629629629629,98.37962962962963,0.0,0.0,0.0
Urban,0.0,0.0,0.0,0.0,100.0,0.0,0.0
Water,0.0,0.0,0.0,0.0,0.0,100.0,0.0
Other,0.0,0.0,0.0,33.33333333333333,0.0,0.0,66.66666666666666
