from_label,Crops,TreeCrops,Forest,Grassland,Urban,Water,Other
Crops,84.84848484848484,0.0,0.0,15.151515151515152,0.0,0.0,0.0
TreeCrops,0.0,0.0,0.0,0.0,0.0,0.0,0.0
Forest,0.0,0.0,94.73684210526315,5.263157894736842,0.0,0.0,0.0
Grassland,1.146788990825688,0.0,0.45871559633027525,98.39449541284404,0.0,0.0,0.0
Urban,0.0,0.0,0.0,0.0,100.0,0.0,0.0
Water,0.0,0.0,0.0,0.0,0.0,100.0,0.0
Other,0.0,0.0,0.0,50.0,0.0,0.0,50.0
