from_label,Crops,TreeCrops,Forest,Grassland,Urban,Water,Other
Crops,95.55555555555556,0.0,0.0,4.444444444444445,0.0,0.0,0.0
TreeCrops,0.0,0.0,0.0,0.0,0.0,0.0,0.0
Forest,0.0,0.0,94.73684210526315,5.263157894736842,0.0,0.0,0.0
Grassland,1.650943396226415,0.0,0.4716981132075472,97.64150943396226,0.0,0.0,0.2358490566037736
Urban,0.0,0.0,0.0,0.0,100.0,0.0,0.0
Water,0.0,0.0,0.0,0.0,0.0,100.0,0.0
Other,0.0,0.0,0.0,0.0,0.0,0.0,100.0
