from_label,Crops,TreeCrops,Forest,Grassland,Urban,Water,Other
Crops,99.94605439414237,0.0,0.0,0.03394330256211322,0.0,0.0,0.020002303295530998
TreeCrops,0.0,0.0,0.0,0.0,0.0,0.0,0.0
Forest,0.006138484203633983,0.0,99.68898346701587,0.18210836470780814,0.0,0.0,0.12276968407267964
Grassland,0.1214615600834638,0.0,0.001025857770975201,99.71255465257275,0.0,0.0,0.16495792957281233
Urban,0.0,0.0,0.0,0.0,100.0,0.0,0.0
Water,0.0,0.0,0.0,0.0,0.0,100.0,0.0
Other,0.011203863781700471,0.0,0.0,0.061104149394043336,0.0,0.0,99.92769198682426
