from_label,Crops,TreeCrops,Forest,Grassland,Urban,Water,Other
Crops,99.94565048603994,0.0,0.0,0.019669347909355362,0.0,0.0,0.03468016605070551
TreeCrops,0.0,0.0,0.0,0.0,0.0,0.0,0.0
Forest,0.5013285205795357,0.0,99.36080613626109,0.09775906151300948,0.0,0.0,0.04010628164636286
Grassland,0.26195991040322364,0.0,0.00019079381675398663,99.66496605778,0.0009539690837699332,0.0,0.07192926891625297
Urban,0.0,0.0,0.0,0.0,100.0,0.0,0.0
Water,0.0,0.0,0.0,0.0,0.0,100.0,0.0
Other,0.07273794502170815,0.0,0.0,0.124551275722103,0.0017210721736145142,0.0,99.80098970708258
