from_label,Crops,TreeCrops,Forest,Grassland,Urban,Water,Other
Crops,99.94589663073921,0.0,0.0,0.02121700755325469,0.0,0.0,0.03288636170754477
TreeCrops,0.0,0.0,0.0,0.0,0.0,0.0,0.0
Forest,0.48217831143046236,0.0,99.39491349153823,0.10872648198922188,0.0,0.0,0.014181715042072421
Grassland,0.3099982235618171,0.0,0.00019521298712960776,99.62031074003292,0.0005856389613888232,0.0,0.06891018445675154
Urban,0.0,0.0,0.0,0.0,100.0,0.0,0.0
Water,0.0,0.0,0.0,0.0,0.0,100.0,0.0
Other,0.016363919257024413,0.0,0.0,0.2508240082838988,0.0010730438857065188,0.0,99.73173902857337
