from_label,Crops,TreeCrops,Forest,Grassland,Urban,Water,Other
Crops,99.94207172573594,0.0,0.0,0.022118068355363632,0.0,0.0,0.03581020590868397
TreeCrops,0.0,0.0,0.0,0.0,0.0,0.0,0.0
Forest,0.5248953923097873,0.0,99.36121221124563,0.10151278813538339,0.0,0.0,0.012379608309193098
Grassland,0.33884376493072144,0.0,0.00019111323459149545,99.60095556617296,0.0005733397037744864,0.0,0.05943621595795509
Urban,0.0,0.0,0.0,0.0,100.0,0.0,0.0
Water,0.0,0.0,0.0,0.0,0.0,100.0,0.0
Other,0.15888821582075244,0.0,0.0,0.2583739054994281,0.0020763800931121053,0.0,99.58066149858671
