from_label,Crops,TreeCrops,Forest,Grassland,Urban,Water,Other
Crops,99.94678905184742,0.0,0.0,0.021616947686986597,0.0,0.0,0.031594000465595795
TreeCrops,0.0,0.0,0.0,0.0,0.0,0.0,0.0
Forest,0.4718193072197697,0.0,99.40438651811365,0.12145843552192091,0.0,0.0,0.0023357391446523256
Grassland,0.37913866660334494,0.0,0.0003957606123208194,99.55081170501587,0.0003957606123208194,0.0,0.06925810715614339
Urban,0.0,0.0,0.0,0.0,100.0,0.0,0.0
Water,0.0,0.0,0.0,0.0,0.0,100.0,0.0
Other,0.409400137879046,0.0,0.0,0.4673940772034387,0.0023833125749750414,0.0,99.12082247234254
