from_label,Crops,TreeCrops,Forest,Grassland,Urban,Water,Other
Crops,99.9491283999186,0.0,0.0,0.04748016007596826,0.0,0.0,0.003391440005426304
TreeCrops,0.0,0.0,0.0,0.0,0.0,0.0,0.0
Forest,0.038109756097560975,0.0,99.41714490674318,0.5268113342898135,0.0,0.0,0.01793400286944046
Grassland,0.022361128077502016,0.0,0.00041409496439818544,99.7707984372056,0.0020704748219909272,0.0,0.2043558649305045
Urban,0.0,0.0,0.0,0.0,100.0,0.0,0.0
Water,0.0,0.0,0.0,0.0,0.0,100.0,0.0
Other,0.05747330084291294,0.0,0.0,0.2002490797789914,0.0,0.0,99.7422776193781
