from_label,Crops,TreeCrops,Forest,Grassland,Urban,Water,Other
Crops,99.94595081524187,0.0,0.0,0.04898207368705522,0.0005630123412305197,0.0,0.004504098729844158
TreeCrops,0.0,0.0,0.0,0.0,0.0,0.0,0.0
Forest,0.09470124013528748,0.0,99.41826381059752,0.4554678692220969,0.0,0.0,0.03156708004509583
Grassland,0.027037625642401603,0.0,0.00041278817774658934,99.76821943819529,0.002063940888732947,0.0,0.20226620709582877
Urban,0.0,0.0,0.0,0.0,100.0,0.0,0.0
Water,0.0,0.0,0.0,0.0,0.0,100.0,0.0
Other,0.009003720960835546,0.0,0.0,0.10371593952962484,0.0,0.0,99.88728033950954
