from_label,Crops,TreeCrops,Forest,Grassland,Urban,Water,Other
Crops,99.94258034170805,0.0,0.0,0.04398101486191794,0.0,0.0,0.013438643430030482
TreeCrops,0.0,0.0,0.0,0.0,0.0,0.0,0.0
Forest,0.026466336855392007,0.0,99.78623343309107,0.14658278873755573,0.0,0.0,0.0407174413159877
Grassland,0.11012719896177481,0.0,0.0012281843750383808,99.70789681613671,0.0,0.0,0.1807478005264817
Urban,0.0,0.0,0.0,0.0,100.0,0.0,0.0
Water,0.0,0.0,0.0,0.0,0.0,100.0,0.0
Other,0.012411524790296944,0.0,0.0,0.05809283131013988,0.0,0.0,99.92949564389957
