from_label,Crops,TreeCrops,Forest,Grassland,Urban,Water,Other
Crops,99.94475265302364,0.0,0.0,0.035105085057894614,0.0,0.0,0.020142261918464122
TreeCrops,0.0,0.0,0.0,0.0,0.0,0.0,0.0
Forest,0.027845606820031704,0.0,99.64229105085036,0.1906353082294478,0.0,0.0,0.13922803410015852
Grassland,0.1155519162705827,0.0,0.001039135937685096,99.71340630838645,0.0,0.0,0.1700026394052817
Urban,0.0,0.0,0.0,0.0,100.0,0.0,0.0
Water,0.0,0.0,0.0,0.0,0.0,100.0,0.0
Other,0.003707072318084047,0.0,0.0,0.08396949855381074,0.0,0.0,99.91232342912811
