from_label,Crops,TreeCrops,Forest,Grassland,Urban,Water,Other
Crops,99.94562505956019,0.0,0.0,0.049329842873239126,0.0,0.0,0.005045097566581273
TreeCrops,0.0,0.0,0.0,0.0,0.0,0.0,0.0
Forest,0.06387589825481921,0.0,99.4068666590624,0.4927569293943196,0.0,0.0,0.036500513288468116
Grassland,0.010535315593482692,0.0,0.0004052044459031804,99.79192751702872,0.0014182155606611315,0.0,0.19571374737123617
Urban,0.0,0.0,0.0,0.0,100.0,0.0,0.0
Water,0.0,0.0,0.0,0.0,0.0,100.0,0.0
Other,0.021122015424308124,0.0,0.0,0.7533227897818323,0.001134653721140519,0.0,99.22442054107272
