from_label,Crops,TreeCrops,Forest,Grassland,Urban,Water,Other
Crops,99.9456577525254,0.0,0.0,0.03441675673391017,0.0,0.0,0.019925490740684833
TreeCrops,0.0,0.0,0.0,0.0,0.0,0.0,0.0
Forest,0.0061570035915854285,0.0,99.68804515135967,0.18265777321703436,0.0,0.0,0.12314007183170857
Grassland,0.12139262606552326,0.0,0.0010270103728047652,99.71284789976379,0.0,0.0,0.16473246379788434
Urban,0.0,0.0,0.0,0.0,100.0,0.0,0.0
Water,0.0,0.0,0.0,0.0,0.0,100.0,0.0
Other,0.007928491897425997,0.0,0.0,0.06161817072456074,0.0,0.0,99.93045333737801
