from_label,Crops,TreeCrops,Forest,Grassland,Urban,Water,Other
Crops,99.94384331706526,0.0,0.0,0.03647289716379804,0.0,0.0,0.019683785770938628
TreeCrops,0.0,0.0,0.0,0.0,0.0,0.0,0.0
Forest,0.01063739256233512,0.0,99.66173091651774,0.19147306612203216,0.0,0.0,0.13615862479788954
Grassland,0.11683042986542712,0.0,0.001245084510111124,99.71466813309954,0.0,0.0,0.16725635252492763
Urban,0.0,0.0,0.0,0.0,100.0,0.0,0.0
Water,0.0,0.0,0.0,0.0,0.0,100.0,0.0
Other,0.005258919904063507,0.0,0.0,0.07267654883812355,0.0,0.0,99.92206453125782
