from_label,Crops,TreeCrops,Forest,Grassland,Urban,Water,Other
Crops,99.94623379149007,0.0,0.0,0.03717876120367669,0.0,0.0,0.016587447306255755
TreeCrops,0.0,0.0,0.0,0.0,0.0,0.0,0.0
Forest,0.11839508879631659,0.0,99.45845209383907,0.25433019074764307,0.0,0.0,0.16882262661696998
Grassland,0.08403815831624141,0.0,0.0012480914601421993,99.72562789401206,0.0,0.0,0.18908585621154317
Urban,0.0,0.0,0.0,0.0,100.0,0.0,0.0
Water,0.0,0.0,0.0,0.0,0.0,100.0,0.0
Other,0.0018959159385344053,0.0,0.0,0.06049695403868875,0.0,0.0,99.93760713002277
