from_label,Crops,TreeCrops,Forest,Grassland,Urban,Water,Other
Crops,99.94513369462982,0.0,0.0,0.03639091682715994,0.0005598602588793838,0.0,0.01791552828414028
TreeCrops,0.0,0.0,0.0,0.0,0.0,0.0,0.0
Forest,0.16063519746655344,0.0,99.3964706152328,0.263900681552195,0.0,0.0,0.17899350574844528
Grassland,0.07298309424390712,0.0,0.0013958515292550539,99.74515739223028,0.0031905177811544093,0.0,0.17727314421539186
Urban,0.0,0.0,0.0,0.0,100.0,0.0,0.0
Water,0.0,0.0,0.0,0.0,0.0,100.0,0.0
Other,0.0015819600309009525,0.0,0.0,0.09280832181285588,0.0,0.0,99.90560971815624
