from_label,Crops,TreeCrops,Forest,Grassland,Urban,Water,Other
Crops,99.94606380537067,0.0,0.0,0.035001147578609136,0.0,0.0,0.018935047050722974
TreeCrops,0.0,0.0,0.0,0.0,0.0,0.0,0.0
Forest,0.06233341931046342,0.0,99.49703378901212,0.25793139025019346,0.0,0.0,0.18270140142722036
Grassland,0.06196534099651913,0.0,0.0014555617012605164,99.75089101169856,0.0,0.0,0.185688085603663
Urban,0.0,0.0,0.0,0.0,100.0,0.0,0.0
Water,0.0,0.0,0.0,0.0,0.0,100.0,0.0
Other,0.0030176419972996415,0.0,0.0,0.08613212443720977,0.0,0.0,99.9108502335655
