from_label,Crops,TreeCrops,Forest,Grassland,Urban,Water,Other
Crops,99.94325783639144,0.0,0.0,0.03583715596330275,0.0,0.0,0.02090500764525994
TreeCrops,0.0,0.0,0.0,0.0,0.0,0.0,0.0
Forest,0.004143188597944978,0.0,99.6913324494531,0.18230029830957906,0.0,0.0,0.12222406363937688
Grassland,0.12508551975403281,0.0,0.0016485735717170717,99.71356034191416,0.0,0.0,0.15970556476009132
Urban,0.0,0.0,0.0,0.0,100.0,0.0,0.0
Water,0.0,0.0,0.0,0.0,0.0,100.0,0.0
Other,0.027658107875236947,0.0,0.0,0.05996898156126142,0.0,0.0,99.91237291056349
