from_label,Crops,TreeCrops,Forest,Grassland,Urban,Water,Other
Crops,99.94443957072258,0.0,0.0,0.036845337310290376,0.0,0.0,0.01871509196713162
TreeCrops,0.0,0.0,0.0,0.0,0.0,0.0,0.0
Forest,0.002105307480157477,0.0,99.6631508031748,0.19789890313480282,0.0,0.0,0.136844986210236
Grassland,0.11492467774499146,0.0,0.0012424289485945023,99.71527669928044,0.0,0.0,0.16855619402598745
Urban,0.0,0.0,0.0,0.0,100.0,0.0,0.0
Water,0.0,0.0,0.0,0.0,0.0,100.0,0.0
Other,0.010171054729755939,0.0,0.0,0.07033542931763428,0.0,0.0,99.91949351595261
