from_label,Crops,TreeCrops,Forest,Grassland,Urban,Water,Other
Crops,99.94235078064176,0.0,0.0,0.03803659833946475,0.0,0.0,0.019612621018786514
TreeCrops,0.0,0.0,0.0,0.0,0.0,0.0,0.0
Forest,0.010388315223037127,0.0,99.6634185867736,0.195300326193098,0.0,0.0,0.13089277181026782
Grassland,0.1159427465640099,0.0,0.0014441267365624007,99.71447551379966,0.0,0.0,0.16813761289976523
Urban,0.0,0.0,0.0,0.0,100.0,0.0,0.0
Water,0.0,0.0,0.0,0.0,0.0,100.0,0.0
Other,0.010254624922013147,0.0,0.0,0.06282034931216457,0.0,0.0,99.92692502576583
