from_label,Crops,TreeCrops,Forest,Grassland,Urban,Water,Other
Crops,99.9461193456494,0.0,0.0,0.038414910972196584,0.0004988949476908647,0.0,0.01496684843072594
TreeCrops,0.0,0.0,0.0,0.0,0.0,0.0,0.0
Forest,0.005082979642666531,0.0,99.70010420108267,0.24906600249066002,0.0,0.0,0.04574681678399878
Grassland,0.08461055431295661,0.0,0.0009485488151676749,99.74977282255877,0.002086807393368885,0.0,0.16258126691973948
Urban,0.0,0.0,0.0,0.0,100.0,0.0,0.0
Water,0.0,0.0,0.0,0.0,0.0,100.0,0.0
Other,0.03957250725191328,0.0,0.0,0.10007366152620104,0.0010053061888476815,0.0,99.85934852503304
