from_label,Crops,TreeCrops,Forest,Grassland,Urban,Water,Other
Crops,99.2627535760387,0.0,0.001574191652586397,0.547293964549204,0.004722574957759191,0.0,0.18365569280174632
TreeCrops,0.0,0.0,0.0,0.0,0.0,0.0,0.0
Forest,0.024216593209667264,0.0,99.36794691722768,0.4576936116627113,0.0,0.0,0.15014287789993705
Grassland,0.01352766794599755,0.0,0.0009662619961426822,99.86878162092381,0.0017392715930568277,0.0,0.11498517754097916
Urban,0.0,0.0,0.0,0.0,100.0,0.0,0.0
Water,0.0,0.0,0.0,0.0,0.0,100.0,0.0
Other,0.002697849004988323,0.0,0.0,0.08417288895563567,0.0005395698009976645,0.0,99.91258969223837
