from_label,Crops,TreeCrops,Forest,Grassland,Urban,Water,Other
Crops,99.94473158999028,0.0,0.0,0.027634205004861575,0.0,0.0,0.027634205004861575
TreeCrops,0.0,0.0,0.0,0.0,0.0,0.0,0.0
Forest,0.005074081591231987,0.0,99.81987010351126,0.12431499898518368,0.0,0.0,0.05074081591231987
Grassland,0.22270954426115067,0.0,0.0003794029714840727,99.68130150395338,0.001138208914452218,0.0,0.09447133989953409
Urban,0.0,0.0,0.0,0.0,100.0,0.0,0.0
Water,0.0,0.0,0.0,0.0,0.0,100.0,0.0
Other,0.3607303401964593,0.0,0.0,0.14138081933551017,0.001637615667978882,0.0,99.49625122480005
