from_label,Crops,TreeCrops,Forest,Grassland,Urban,Water,Other
Crops,99.94691907113962,0.0,0.0,0.03631853027289185,0.0005587466195829515,0.0,0.016203651967905595
TreeCrops,0.0,0.0,0.0,0.0,0.0,0.0,0.0
Forest,0.15927610165970316,0.0,99.40675423005008,0.2631518201334226,0.0,0.0,0.17081784815678308
Grassland,0.07677826437249224,0.0,0.0015953925064413974,99.74074871770327,0.0027919368862724453,0.0,0.17808568853152099
Urban,0.0,0.0,0.0,0.0,100.0,0.0,0.0
Water,0.0,0.0,0.0,0.0,0.0,100.0,0.0
Other,0.03419016764608167,0.0,0.0,0.095978568302111,8.789246181511996e-05,0.0,99.86974337158999
