from_label,Crops,TreeCrops,Forest,Grassland,Urban,Water,Other
Crops,99.94445494265116,0.0,0.0,0.034930396889476786,0.0,0.0,0.02061466045936335
TreeCrops,0.0,0.0,0.0,0.0,0.0,0.0,0.0
Forest,0.03491848715654394,0.0,99.51114117980838,0.25752384277951157,0.0,0.0,0.19641649025555966
Grassland,0.0521998818743709,0.0,0.0027035795393100465,99.75979735631515,0.0,0.0,0.18529918227117317
Urban,0.0,0.0,0.0,0.0,100.0,0.0,0.0
Water,0.0,0.0,0.0,0.0,0.0,100.0,0.0
Other,0.002413239722615331,0.0,0.0,0.07463805713517419,0.0,0.0,99.92294870314221
