from_label,Crops,TreeCrops,Forest,Grassland,Urban,Water,Other
Crops,98.9437947944172,0.15088645794039984,0.07544322897019992,0.7355714824594493,0.0,0.0,0.09430403621274991
TreeCrops,0.0,100.0,0.0,0.0,0.0,0.0,0.0
Forest,0.05866823115283074,0.0,99.73599295981226,0.1760046934584922,0.0,0.0,0.02933411557641537
Grassland,0.03166962249809982,0.0,0.02533569799847986,99.9366607550038,0.0,0.0,0.006333924499619965
Urban,0.1201923076923077,0.0,0.0,0.0,99.8798076923077,0.0,0.0
Water,0.0,0.0,0.0,0.0,0.0,100.0,0.0
Other,0.03444712366517396,0.0,0.0,0.0,0.0,0.0,99.96555287633483
