from_label,Crops,TreeCrops,Forest,Grassland,Urban,Water,Other
Crops,99.80787704130644,0.0,0.024015369836695485,0.16810758885686838,0.0,0.0,0.0
TreeCrops,0.0,100.0,0.0,0.0,0.0,0.0,0.0
Forest,0.029806259314456036,0.0,99.76154992548435,0.20864381520119224,0.0,0.0,0.0
Grassland,0.037429819089207735,0.006238303181534623,0.031191515907673113,99.91266375545852,0.0,0.0,0.012476606363069246
Urban,0.0,0.0,0.0,0.0,100.0,0.0,0.0
Water,0.0,0.0,0.0,0.0,0.0,100.0,0.0
Other,0.0,0.07054673721340389,0.0,0.14109347442680778,0.0,0.0,99.7883597883598
