from_label,Crops,TreeCrops,Forest,Grassland,Urban,Water,Other
Crops,99.8338081671415,0.0,0.023741690408357077,0.14245014245014245,0.0,0.0,0.0
TreeCrops,0.0,100.0,0.0,0.0,0.0,0.0,0.0
Forest,0.09017132551848511,0.0,99.72948602344455,0.18034265103697023,0.0,0.0,0.0
Grassland,0.06343567622430854,0.006343567622430856,0.03171783811215427,99.87312864755138,0.006343567622430856,0.0,0.019030702867292564
Urban,0.0,0.0,0.0,0.0,100.0,0.0,0.0
Water,0.0,0.0,0.0,0.0,0.0,100.0,0.0
Other,0.03241491085899514,0.03241491085899514,0.0,0.1620745542949757,0.0,0.0,99.77309562398703
