from_label,Crops,TreeCrops,Forest,Grassland,Urban,Water,Other
Crops,99.57040572792363,0.0,0.07159904534606205,0.2863961813842482,0.0,0.0,0.07159904534606205
TreeCrops,0.0,100.0,0.0,0.0,0.0,0.0,0.0
Forest,0.08894159501927068,0.0,99.7331752149422,0.14823599169878449,0.0,0.0,0.029647198339756892
Grassland,0.01875,0.00625,0.01875,99.9375,0.0,0.0,0.01875
Urban,0.12077294685990338,0.0,0.0,0.0,99.8792270531401,0.0,0.0
Water,0.0,0.0,0.0,0.0,0.0,100.0,0.0
Other,0.035273368606701945,0.0,0.0,0.0,0.0,0.0,99.96472663139329
