from_label,Crops,TreeCrops,Forest,Grassland,Urban,Water,Other
Crops,99.73840665873959,0.0,0.0713436385255648,0.16646848989298454,0.0,0.0,0.023781212841854936
TreeCrops,0.0,100.0,0.0,0.0,0.0,0.0,0.0
Forest,0.058997050147492625,0.0,99.76401179941003,0.17699115044247787,0.0,0.0,0.0
Grassland,0.031367628607277286,0.0,0.02509410288582183,99.93726474278544,0.0,0.0,0.006273525721455457
Urban,0.0,0.0,0.0,0.0,100.0,0.0,0.0
Water,0.0,0.0,0.0,0.0,0.0,100.0,0.0
Other,0.0,0.0,0.0,0.06968641114982578,0.0,0.0,99.93031358885017
