from_label,Crops,TreeCrops,Forest,Grassland,Urban,Water,Other
Crops,99.61904761904762,0.023809523809523808,0.023809523809523808,0.2619047619047619,0.0,0.0,0.07142857142857142
TreeCrops,0.0,99.9003984063745,0.0,0.0,0.0,0.0,0.099601593625498
Forest,0.02957704821058858,0.0,99.76338361431529,0.1774622892635315,0.0,0.0,0.02957704821058858
Grassland,0.03127932436659368,0.01876759461995621,0.03753518923991242,99.82483578354707,0.0,0.0,0.08758210822646231
Urban,0.0,0.0,0.0,0.0,100.0,0.0,0.0
Water,0.0,0.0,0.0,0.0,0.0,100.0,0.0
Other,0.0,0.0,0.0,0.03522367030644593,0.0,0.0,99.96477632969355
