from_label,Crops,TreeCrops,Forest,Grassland,Urban,Water,Other
Crops,99.78525411596277,0.023860653781913623,0.023860653781913623,0.1670245764733954,0.0,0.0,0.0
TreeCrops,0.0,100.0,0.0,0.0,0.0,0.0,0.0
Forest,0.08865248226950355,0.0,99.7340425531915,0.1773049645390071,0.0,0.0,0.0
Grassland,0.07506568247216314,0.0,0.03127736769673464,99.8811460027524,0.0,0.0,0.012510947078693858
Urban,0.12062726176115801,0.0,0.0,0.0,99.87937273823884,0.0,0.0
Water,0.0,0.0,0.0,0.0,0.0,100.0,0.0
Other,0.07032348804500703,0.0,0.0,0.17580872011251758,0.0,0.0,99.75386779184248
