from_label,Crops,TreeCrops,Forest,Grassland,Urban,Water,Other
Crops,99.73815758152821,0.0,0.023803856224708403,0.238038562247084,0.0,0.0,0.0
TreeCrops,0.0,99.90029910269193,0.0,0.09970089730807577,0.0,0.0,0.0
Forest,0.029507229271171435,0.0,99.73443493655945,0.23605783416937148,0.0,0.0,0.0
Grassland,0.025086233929131386,0.0,0.03762935089369708,99.92474129821261,0.0,0.0,0.012543116964565693
Urban,0.0,0.0,0.0,0.0,100.0,0.0,0.0
Water,0.0,0.0,0.0,0.0,0.0,100.0,0.0
Other,0.03484320557491289,0.0,0.0,0.3832752613240418,0.0,0.0,99.58188153310104
