from_label,Crops,TreeCrops,Forest,Grassland,Urban,Water,Other
Crops,99.56937799043062,0.0,0.07177033492822966,0.31100478468899523,0.0,0.0,0.04784688995215311
TreeCrops,0.0,99.90118577075098,0.0,0.0,0.0,0.0,0.09881422924901186
Forest,0.05934718100890207,0.0,99.73293768545994,0.17804154302670622,0.0,0.0,0.029673590504451036
Grassland,0.018741800462297745,0.031236334103829578,0.01249453364153183,99.93128006497157,0.0,0.0,0.006247266820765915
Urban,0.0,0.0,0.0,0.0,100.0,0.0,0.0
Water,0.0,0.0,0.0,0.0,0.0,100.0,0.0
Other,0.0,0.0,0.0,0.03519887363604365,0.0,0.0,99.96480112636395
