from_label,Crops,TreeCrops,Forest,Grassland,Urban,Water,Other
Crops,99.78150036416606,0.0,0.048555474629764506,0.16994416120417577,0.0,0.0,0.0
TreeCrops,0.0,99.89888776541962,0.0,0.0,0.0,0.0,0.10111223458038424
Forest,0.030102347983142687,0.0,99.93979530403372,0.030102347983142687,0.0,0.0,0.0
Grassland,0.2408745599407078,0.0,0.024705083070841825,99.72206781545303,0.0,0.0,0.012352541535420912
Urban,0.5037783375314862,0.0,0.0,0.0,99.49622166246851,0.0,0.0
Water,0.0,0.0,0.0,0.0,0.0,100.0,0.0
Other,0.42523033309709424,0.0,0.0,0.28348688873139616,0.0,0.0,99.2912827781715
