from_label,Crops,TreeCrops,Forest,Grassland,Urban,Water,Other
Crops,98.01494628678188,0.0,0.023353573096683792,1.9617001401214387,0.0,0.0,0.0
TreeCrops,0.0,97.5562072336266,0.0,2.4437927663734116,0.0,0.0,0.0
Forest,0.0,0.0,99.73005398920216,0.2699460107978404,0.0,0.0,0.0
Grassland,0.04379379379379379,0.0,0.01876876876876877,99.92492492492492,0.0,0.0,0.012512512512512512
Urban,0.0,0.0,0.0,0.0,100.0,0.0,0.0
Water,0.0,0.0,0.0,0.0,0.0,100.0,0.0
Other,0.07107320540156362,0.0,0.0,1.0305614783226724,0.0,0.0,98.89836531627576
