from_label,Crops,TreeCrops,Forest,Grassland,Urban,Water,Other
Crops,99.85552612569228,0.0,0.024078979051288224,0.07223693715386469,0.0,0.0,0.04815795810257645
TreeCrops,0.0,100.0,0.0,0.0,0.0,0.0,0.0
Forest,0.029859659599880562,0.0,99.79098238280085,0.17915795759928338,0.0,0.0,0.0
Grassland,0.024920565696841316,0.031150707121051648,0.037380848545261976,99.8130957572737,0.0,0.0,0.09345212136315494
Urban,0.0,0.0,0.0,0.0,100.0,0.0,0.0
Water,0.0,0.0,0.0,0.0,0.0,100.0,0.0
Other,0.0,0.0,0.0,0.07079646017699115,0.0,0.0,99.929203539823
