from_label,Crops,TreeCrops,Forest,Grassland,Urban,Water,Other
Crops,99.02439024390245,0.0,0.12195121951219512,0.6829268292682927,0.0,0.0,0.17073170731707318
TreeCrops,0.0,99.8069498069498,0.0,0.09652509652509653,0.0,0.0,0.09652509652509653
Forest,0.0,0.0,99.79041916167665,0.20958083832335328,0.0,0.0,0.0
Grassland,0.024853982850751834,0.012426991425375917,0.012426991425375917,99.93165154716043,0.0,0.0,0.018640487138063874
Urban,0.0,0.0,0.0,0.0,100.0,0.0,0.0
Water,0.0,0.0,0.0,0.0,0.0,100.0,0.0
Other,0.0,0.0,0.0,0.03519887363604365,0.0,0.0,99.96480112636395
