from_label,Crops,TreeCrops,Forest,Grassland,Urban,Water,Other
Crops,99.64463397299218,0.0,0.02369106846718787,0.21321961620469082,0.02369106846718787,0.0,0.09476427386875148
TreeCrops,0.0,100.0,0.0,0.0,0.0,0.0,0.0
Forest,0.030012004801920768,0.0,99.81992797118848,0.15006002400960386,0.0,0.0,0.0
Grassland,0.05063291139240507,0.0,0.03164556962025317,99.85443037974684,0.006329113924050634,0.0,0.0569620253164557
Urban,0.0,0.0,0.0,0.0,100.0,0.0,0.0
Water,0.0,0.0,0.0,0.0,0.0,100.0,0.0
Other,0.0,0.0,0.0,0.06563833278634722,0.0,0.0,99.93436166721365
