from_label,Crops,TreeCrops,Forest,Grassland,Urban,Water,Other
Crops,99.86219568213137,0.0,0.022967386311437757,0.11483693155718878,0.0,0.0,0.0
TreeCrops,0.0,100.0,0.0,0.0,0.0,0.0,0.0
Forest,0.02946375957572186,0.0,99.7348261638185,0.2357100766057749,0.0,0.0,0.0
Grassland,0.06896551724137931,0.0,0.031347962382445145,99.8871473354232,0.0,0.0,0.012539184952978056
Urban,0.0,0.0,0.0,0.0,100.0,0.0,0.0
Water,0.0,0.0,0.0,0.0,0.0,100.0,0.0
Other,0.0346860908775581,0.0693721817551162,0.0,0.4856052722858134,0.0,0.0,99.41033645508152
