from_label,Crops,TreeCrops,Forest,Grassland,Urban,Water,Other
Crops,99.73784556720686,0.0,0.023832221163012392,0.23832221163012393,0.0,0.0,0.0
TreeCrops,0.0,100.0,0.0,0.0,0.0,0.0,0.0
Forest,0.029524653085326247,0.0,99.73427812223207,0.23619722468260998,0.0,0.0,0.0
Grassland,0.02505794650128422,0.0,0.03132243312660528,99.93109064712147,0.0,0.0,0.01252897325064211
Urban,0.0,0.0,0.0,0.0,100.0,0.0,0.0
Water,0.0,0.0,0.0,0.0,0.0,100.0,0.0
Other,0.03496503496503497,0.03496503496503497,0.0,0.5594405594405595,0.0,0.0,99.37062937062937
