from_label,Crops,TreeCrops,Forest,Grassland,Urban,Water,Other
Crops,99.80290711998029,0.0,0.04927322000492732,0.1231830500123183,0.0,0.0,0.02463661000246366
TreeCrops,0.0,100.0,0.0,0.0,0.0,0.0,0.0
Forest,0.02994908655286014,0.0,99.94010182689428,0.02994908655286014,0.0,0.0,0.0
Grassland,0.24187546514512526,0.0,0.018605805011163483,99.72711485983628,0.0,0.0,0.012403870007442322
Urban,0.24213075060532688,0.0,0.0,0.0,99.75786924939467,0.0,0.0
Water,0.0,0.0,0.0,0.0,0.0,100.0,0.0
Other,0.3147953830010493,0.0,0.03497726477789437,0.1049317943336831,0.0,0.0,99.54529555788737
