from_label,Crops,TreeCrops,Forest,Grassland,Urban,Water,Other
Crops,98.76367094626724,0.0,0.11887779362815026,0.8559201141226819,0.0,0.0,0.26153114598193056
TreeCrops,0.0,99.49899799599199,0.0,0.4008016032064128,0.0,0.0,0.1002004008016032
Forest,0.06007810153199159,0.0,99.72964854310604,0.15019525382997898,0.0,0.0,0.06007810153199159
Grassland,0.024815435200694833,0.0,0.006203858800173708,99.93796141199826,0.0,0.0,0.03101929400086854
Urban,0.125,0.0,0.0,0.0,99.75,0.0,0.125
Water,0.0,0.0,0.0,0.0,0.0,100.0,0.0
Other,0.0,0.0,0.0,0.0718132854578097,0.0,0.0,99.92818671454219
