from_label,Crops,TreeCrops,Forest,Grassland,Urban,Water,Other
Crops,99.84879984879986,0.0,0.0,0.1512001512001512,0.0,0.0,0.0
TreeCrops,0.0,100.0,0.0,0.0,0.0,0.0,0.0
Forest,0.029291154071470416,0.0,99.76567076742823,0.2050380785002929,0.0,0.0,0.0
Grassland,0.03808314820691844,0.0,0.031735956839098696,99.91748651221835,0.0,0.0,0.012694382735639479
Urban,0.0,0.0,0.0,0.0,100.0,0.0,0.0
Water,0.0,0.0,0.0,0.0,0.0,100.0,0.0
Other,0.06800408024481469,0.0,0.0,0.9520571234274057,0.0,0.0,98.97993879632779
