from_label,Crops,TreeCrops,Forest,Grassland,Urban,Water,Other
Crops,99.85372988785957,0.0,0.0,0.12189176011701609,0.0,0.0,0.024378352023403216
TreeCrops,0.0,99.32038834951456,0.0,0.6796116504854369,0.0,0.0,0.0
Forest,0.05982650314089141,0.0,99.91026024528867,0.029913251570445706,0.0,0.0,0.0
Grassland,0.4226490148548698,0.0,0.02486170675616881,99.54627385169992,0.0,0.0,0.006215426689042202
Urban,1.5776699029126213,0.12135922330097086,0.12135922330097086,0.0,98.17961165048543,0.0,0.0
Water,0.0,0.0,0.0,0.0,0.0,100.0,0.0
Other,0.0702000702000702,0.0,0.0,0.17550017550017552,0.0,0.0,99.75429975429975
