from_label,Crops,TreeCrops,Forest,Grassland,Urban,Water,Other
Crops,99.81140971239981,0.0,0.0,0.1885902876001886,0.0,0.0,0.0
TreeCrops,0.0,100.0,0.0,0.0,0.0,0.0,0.0
Forest,0.0,0.0,100.0,0.0,0.0,0.0,0.0
Grassland,0.06205398696866273,0.0,0.012410797393732546,99.91312441824387,0.0,0.0,0.012410797393732546
Urban,0.0,0.0,0.0,0.0,100.0,0.0,0.0
Water,0.0,0.0,0.0,0.0,0.0,100.0,0.0
Other,0.10799136069114472,0.0,0.0,1.8718502519798417,0.0,0.0,98.02015838732902
