from_label,Crops,TreeCrops,Forest,Grassland,Urban,Water,Other
Crops,99.69157769869513,0.0,0.02372479240806643,0.18979833926453143,0.02372479240806643,0.0,0.0711743772241993
TreeCrops,0.0,99.90521327014218,0.0,0.0,0.0,0.0,0.09478672985781991
Forest,0.0,0.0,99.75990396158463,0.18007202881152462,0.0,0.0,0.060024009603841535
Grassland,0.03799151522826569,0.012663838409421896,0.025327676818843792,99.79104666624454,0.018995757614132844,0.0,0.11397454568479706
Urban,0.0,0.0,0.0,0.0,100.0,0.0,0.0
Water,0.0,0.0,0.0,0.0,0.0,100.0,0.0
Other,0.0,0.032701111837802485,0.0,0.06540222367560497,0.0,0.0,99.90189666448659
