from_label,Crops,TreeCrops,Forest,Grassland,Urban,Water,Other
Crops,99.54944273179986,0.0,0.0,0.2608489447474508,0.0,0.0,0.1897083234526915
TreeCrops,0.0,97.15686274509804,0.0,2.843137254901961,0.0,0.0,0.0
Forest,0.0,0.0,99.78953698135899,0.15033072760072158,0.0,0.0,0.06013229104028864
Grassland,0.06833146974779475,0.0,0.04348366256677848,98.82594111069697,0.0,0.0,1.0622437569884458
Urban,0.0,0.0,0.0,0.0,100.0,0.0,0.0
Water,0.0,0.0,0.0,0.0,0.0,100.0,0.0
Other,0.0,0.0,0.0,0.03572704537334762,0.0,0.0,99.96427295462665
