from_label,Crops,TreeCrops,Forest,Grassland,Urban,Water,Other
Crops,99.93523316062176,0.0,0.06476683937823835,0.0,0.0,0.0,0.0
TreeCrops,0.0,0.0,0.0,0.0,0.0,0.0,0.0
Forest,0.0,0.0,99.85749910936943,0.14250089063056642,0.0,0.0,0.0
Grassland,0.0,0.0,0.34263338228095935,99.63289280469897,0.0,0.0,0.024473813020068527
Urban,0.0,0.0,0.0,0.0,100.0,0.0,0.0
Water,0.0,0.0,0.0,0.0,0.0,100.0,0.0
Other,0.0,0.0,0.0,0.45558086560364464,0.0,0.0,99.54441913439635
