from_label,Crops,TreeCrops,Forest,Grassland,Urban,Water,Other
Crops,99.88412514484357,0.0,0.057937427578215524,0.057937427578215524,0.0,0.0,0.0
TreeCrops,0.0,88.69084204056546,7.252612169637369,3.995082974800246,0.0,0.0,0.06146281499692685
Forest,0.17950842308754486,0.041425020712510356,99.47528307097487,0.27616680475006905,0.0,0.0,0.027616680475006903
Grassland,0.2317497103128621,0.0,0.3186558516801854,99.36268829663963,0.028968713789107762,0.0,0.057937427578215524
Urban,0.0,0.0,0.0,0.0,100.0,0.0,0.0
Water,0.0,0.0,0.0,0.0,0.0,100.0,0.0
Other,0.0,0.0,0.0,0.684931506849315,0.0,0.0,99.31506849315068
