from_label,Crops,TreeCrops,Forest,Grassland,Urban,Water,Other
Crops,100.0,0.0,0.0,0.0,0.0,0.0,0.0
TreeCrops,0.0,0.0,0.0,0.0,0.0,0.0,0.0
Forest,0.011870845204178538,0.0,99.81006647673314,0.17806267806267806,0.0,0.0,0.0
Grassland,0.0,0.0,0.39196472317491426,99.58353748162665,0.0,0.0,0.02449779519843214
Urban,0.0,0.0,0.0,0.0,100.0,0.0,0.0
Water,0.0,0.0,0.0,0.0,0.0,100.0,0.0
Other,0.0,0.0,0.0,0.45351473922902497,0.0,0.0,99.54648526077098
