from_label,Crops,TreeCrops,Forest,Grassland,Urban,Water,Other
Crops,100.0,0.0,0.0,0.0,0.0,0.0,0.0
TreeCrops,0.0,100.0,0.0,0.0,0.0,0.0,0.0
Forest,0.0,0.01345351809498184,99.89237185524014,0.09417462666487286,0.0,0.0,0.0
Grassland,0.11089548100914888,0.0,0.22179096201829776,99.58414194621568,0.02772387025228722,0.0,0.05544774050457444
Urban,0.0,0.0,0.0,0.0,100.0,0.0,0.0
Water,0.0,0.0,0.0,0.0,0.0,100.0,0.0
Other,0.0,0.0,0.0,0.0,0.0,0.0,100.0
