from_label,Crops,TreeCrops,Forest,Grassland,Urban,Water,Other
Crops,99.94802494802495,0.0,0.0,0.0,0.05197505197505198,0.0,0.0
TreeCrops,0.0,100.0,0.0,0.0,0.0,0.0,0.0
Forest,0.012202562538133009,0.0,99.7071384990848,0.2684563758389262,0.0,0.0,0.012202562538133009
Grassland,0.3868970853752902,0.0,0.3611039463502708,99.22620582924941,0.0,0.0,0.025793139025019347
Urban,0.0,0.0,0.0,0.0,100.0,0.0,0.0
Water,0.0,0.0,0.0,0.0,0.0,100.0,0.0
Other,0.0,0.0,0.0,0.22624434389140274,0.0,0.0,99.77375565610859
