from_label,Crops,TreeCrops,Forest,Grassland,Urban,Water,Other
Crops,99.93523316062176,0.0,0.06476683937823835,0.0,0.0,0.0,0.0
TreeCrops,0.0,0.0,0.0,0.0,0.0,0.0,0.0
Forest,0.011870845204178538,0.0,99.81006647673314,0.17806267806267806,0.0,0.0,0.0
Grassland,0.0,0.0,0.29397354238118567,99.68152866242038,0.0,0.0,0.02449779519843214
Urban,0.0,0.0,0.0,0.0,100.0,0.0,0.0
Water,0.0,0.0,0.0,0.0,0.0,100.0,0.0
Other,0.0,0.0,0.0,0.45454545454545453,0.0,0.0,99.54545454545455
