from_label,Crops,TreeCrops,Forest,Grassland,Urban,Water,Other
Crops,100.0,0.0,0.0,0.0,0.0,0.0,0.0
TreeCrops,0.0,99.84825493171472,0.15174506828528073,0.0,0.0,0.0,0.0
Forest,0.0,0.026910656620021525,99.79817007534983,0.17491926803013993,0.0,0.0,0.0
Grassland,0.0,0.0,0.16606698034874065,99.77857735953502,0.02767783005812344,0.0,0.02767783005812344
Urban,0.0,0.0,0.0,0.0,100.0,0.0,0.0
Water,0.0,0.0,0.0,0.0,0.0,100.0,0.0
Other,0.0,0.0,0.0,0.4694835680751174,0.0,0.0,99.53051643192488
