from_label,Crops,TreeCrops,Forest,Grassland,Urban,Water,Other
Crops,98.83109292811221,0.8182349503214494,0.17533606078316774,0.17533606078316774,0.0,0.0,0.0
TreeCrops,0.0,99.74259974259975,0.1287001287001287,0.0,0.0,0.0,0.1287001287001287
Forest,0.0,0.0684931506849315,99.86301369863013,0.0684931506849315,0.0,0.0,0.0
Grassland,0.028661507595299514,0.8311837202636859,0.20063055316709658,98.85353969618802,0.0,0.0,0.08598452278589853
Urban,0.0,0.0,0.0,0.0,100.0,0.0,0.0
Water,0.0,0.0,0.0,0.0,0.0,100.0,0.0
Other,0.0,0.0,0.0,0.23201856148491878,0.0,0.0,99.76798143851508
