from_label,Crops,TreeCrops,Forest,Grassland,Urban,Water,Other
Crops,100.0,0.0,0.0,0.0,0.0,0.0,0.0
TreeCrops,0.0,0.0,0.0,0.0,0.0,0.0,0.0
Forest,0.0,0.0,99.80988593155894,0.19011406844106463,0.0,0.0,0.0
Grassland,0.0,0.0,0.4155463211928624,99.5600097775605,0.0,0.0,0.024443901246638963
Urban,0.0,0.0,0.0,0.0,100.0,0.0,0.0
Water,0.0,0.0,0.0,0.0,0.0,100.0,0.0
Other,0.0,0.0,0.0,0.45871559633027525,0.0,0.0,99.54128440366972
