from_label,Crops,TreeCrops,Forest,Grassland,Urban,Water,Other
Crops,99.94780793319416,0.0,0.0,0.052192066805845504,0.0,0.0,0.0
TreeCrops,0.0,100.0,0.0,0.0,0.0,0.0,0.0
Forest,0.012163970319912419,0.0,99.68373677168228,0.27977131735798566,0.0,0.0,0.024327940639824838
Grassland,0.025913449080072558,0.0,0.33687483804094326,99.61129826379891,0.0,0.0,0.025913449080072558
Urban,0.0,0.0,0.0,0.0,100.0,0.0,0.0
Water,0.0,0.0,0.0,0.0,0.0,100.0,0.0
Other,0.0,0.0,0.0,0.4524886877828055,0.0,0.0,99.5475113122172
