from_label,Crops,TreeCrops,Forest,Grassland,Urban,Water,Other
Crops,99.88538681948424,0.0,0.05730659025787965,0.05730659025787965,0.0,0.0,0.0
TreeCrops,0.0,99.93084370677732,0.0,0.0,0.0,0.0,0.06915629322268327
Forest,0.2317971093536951,1.2680665394055086,98.28197436596673,0.19089173711480775,0.0,0.0,0.02727024815925825
Grassland,0.17050298380221654,1.847115657857346,0.312588803637397,97.61295822676897,0.02841716396703609,0.0,0.02841716396703609
Urban,0.0,0.0,0.0,0.0,100.0,0.0,0.0
Water,0.0,0.0,0.0,0.0,0.0,100.0,0.0
Other,0.0,0.0,0.0,0.6818181818181818,0.0,0.0,99.31818181818181
