from_label,Crops,TreeCrops,Forest,Grassland,Urban,Water,Other
Crops,100.0,0.0,0.0,0.0,0.0,0.0,0.0
TreeCrops,0.0,0.0,0.0,0.0,0.0,0.0,0.0
Forest,0.0,0.0,99.88109393579072,0.11890606420927466,0.0,0.0,0.0
Grassland,0.6100536847242557,0.0,0.3904343582235237,98.92630551488531,0.02440214738897023,0.0,0.04880429477794046
Urban,0.0,0.0,0.0,0.0,100.0,0.0,0.0
Water,0.0,0.0,0.0,0.0,0.0,100.0,0.0
Other,0.22988505747126436,0.0,0.22988505747126436,0.22988505747126436,0.0,0.0,99.3103448275862
