from_label,Crops,TreeCrops,Forest,Grassland,Urban,Water,Other
Crops,100.0,0.0,0.0,0.0,0.0,0.0,0.0
TreeCrops,0.0,100.0,0.0,0.0,0.0,0.0,0.0
Forest,0.012217470983506415,0.0,99.71899816737935,0.2565668906536347,0.0,0.0,0.012217470983506415
Grassland,0.05167958656330749,0.0,0.3359173126614987,99.56072351421189,0.0,0.0,0.05167958656330749
Urban,0.0,0.0,0.0,0.0,100.0,0.0,0.0
Water,0.0,0.0,0.0,0.0,0.0,100.0,0.0
Other,0.0,0.0,0.0,0.4514672686230248,0.0,0.0,99.54853273137697
