from_label,Crops,TreeCrops,Forest,Grassland,Urban,Water,Other
Crops,100.0,0.0,0.0,0.0,0.0,0.0,0.0
TreeCrops,0.0,97.20793534166054,1.836884643644379,0.9551800146950772,0.0,0.0,0.0
Forest,0.0,0.013502565487442613,99.94598973805023,0.040507696462327845,0.0,0.0,0.0
Grassland,0.055803571428571425,0.0,0.16741071428571427,99.74888392857143,0.0,0.0,0.027901785714285712
Urban,0.0,0.0,0.0,0.0,100.0,0.0,0.0
Water,0.0,0.0,0.0,0.0,0.0,100.0,0.0
Other,0.0,0.0,0.0,0.0,0.0,0.0,100.0
