from_label,Crops,TreeCrops,Forest,Grassland,Urban,Water,Other
Crops,100.0,0.0,0.0,0.0,0.0,0.0,0.0
TreeCrops,0.0,0.0,0.0,0.0,0.0,0.0,0.0
Forest,0.0,0.0,99.78632478632478,0.2136752136752137,0.0,0.0,0.0
Grassland,0.07342143906020558,0.0,0.24473813020068524,99.65736661771905,0.0,0.0,0.024473813020068527
Urban,0.0,0.0,0.0,0.0,100.0,0.0,0.0
Water,0.0,0.0,0.0,0.0,0.0,100.0,0.0
Other,0.2288329519450801,0.0,0.0,0.2288329519450801,0.0,0.0,99.54233409610984
