from_label,Crops,TreeCrops,Forest,Grassland,Urban,Water,Other
Crops,100.0,0.0,0.0,0.0,0.0,0.0,0.0
TreeCrops,0.0,100.0,0.0,0.0,0.0,0.0,0.0
Forest,0.0,0.0,99.68152866242038,0.29397354238118567,0.0,0.0,0.02449779519843214
Grassland,0.0,0.2574002574002574,0.33462033462033464,99.33075933075934,0.0,0.0,0.07722007722007722
Urban,0.0,0.0,0.0,0.0,100.0,0.0,0.0
Water,0.0,0.0,0.0,0.0,0.0,100.0,0.0
Other,0.0,0.0,0.0,0.22371364653243847,0.0,0.0,99.77628635346755
