from_label,Crops,TreeCrops,Forest,Grassland,Urban,Water,Other
Crops,100.0,0.0,0.0,0.0,0.0,0.0,0.0
TreeCrops,0.0,0.0,0.0,0.0,0.0,0.0,0.0
Forest,0.0,0.0,99.78596908442331,0.1902497027348395,0.0,0.0,0.023781212841854936
Grassland,0.0,0.0,0.34491254003449123,99.63045084996305,0.0,0.0,0.02463661000246366
Urban,0.0,0.0,0.0,0.0,100.0,0.0,0.0
Water,0.0,0.0,0.0,0.0,0.0,100.0,0.0
Other,0.0,0.0,0.0,0.46511627906976744,0.0,0.0,99.53488372093024
