from_label,Crops,TreeCrops,Forest,Grassland,Urban,Water,Other
Crops,100.0,0.0,0.0,0.0,0.0,0.0,0.0
TreeCrops,0.0,0.0,0.0,0.0,0.0,0.0,0.0
Forest,0.0,0.0,99.75050493049781,0.24949506950219794,0.0,0.0,0.0
Grassland,0.0,0.0,0.34221461745294546,99.63334148130042,0.0,0.0,0.024443901246638963
Urban,0.0,0.0,0.0,0.0,100.0,0.0,0.0
Water,0.0,0.0,0.0,0.0,0.0,100.0,0.0
Other,0.0,0.0,0.0,0.22988505747126436,0.0,0.0,99.77011494252874
