from_label,Crops,TreeCrops,Forest,Grassland,Urban,Water,Other
Crops,85.16634880271245,0.0,0.10595465140919687,14.17673235855054,0.19071837253655435,0.0,0.3602458147912693
TreeCrops,0.0,0.0,0.0,0.0,0.0,0.0,0.0
Forest,0.7423445716053201,0.0,92.11258892669348,7.098669965975874,0.0,0.0,0.046396535725332505
Grassland,1.4595550591082564,0.0,0.7986595922926557,97.60960625523597,0.04468025691147724,0.0,0.08749883645164294
Urban,0.6890611541774333,0.0,0.34453057708871665,1.4642549526270456,97.41602067183463,0.0,0.08613264427217916
Water,0.0,0.0,0.0,0.0,0.0,100.0,0.0
Other,1.2139605462822458,0.0,0.0,3.9453717754172986,0.0,0.0,94.84066767830045
