from_label,Crops,TreeCrops,Forest,Grassland,Urban,Water,Other
Crops,82.875157629256,0.0,0.0,16.973518284993695,0.12610340479192939,0.0,0.025220680958385876
TreeCrops,0.0,0.0,0.0,0.0,0.0,0.0,0.0
Forest,0.13879250520471895,0.0,92.6208651399491,7.194078186444599,0.046264168401572985,0.0,0.0
Grassland,1.2524902555218709,0.0,0.2511909917713296,98.46860112602859,0.025985275010827195,0.0,0.0017323516673884798
Urban,0.1531393568147014,0.0,0.0,0.0,99.8468606431853,0.0,0.0
Water,0.0,0.0,0.0,0.0,0.0,100.0,0.0
Other,1.8518518518518516,0.0,0.0,7.4074074074074066,0.0,0.0,90.74074074074075
