from_label,Crops,TreeCrops,Forest,Grassland,Urban,Water,Other
Crops,80.36437246963563,0.0,0.20242914979757085,19.35222672064777,0.08097165991902834,0.0,0.0
TreeCrops,0.0,0.0,0.0,0.0,0.0,0.0,0.0
Forest,0.7877892663712458,0.0,90.94042343673068,8.222550467749876,0.04923682914820286,0.0,0.0
Grassland,0.797334670311009,0.0,0.2733256780579321,98.91316653458621,0.01455580534036325,0.0,0.0016173117044848053
Urban,0.2785515320334262,0.0,0.2785515320334262,1.9498607242339834,97.49303621169916,0.0,0.0
Water,0.0,0.0,0.0,0.0,0.0,100.0,0.0
Other,3.4482758620689653,0.0,0.0,0.0,0.0,0.0,96.55172413793103
