from_label,Crops,TreeCrops,Forest,Grassland,Urban,Water,Other
Crops,83.46636259977195,0.0,0.22805017103762829,16.191562143671607,0.11402508551881414,0.0,0.0
TreeCrops,0.0,0.0,0.0,0.0,0.0,0.0,0.0
Forest,0.1276161306789178,0.0,95.20163348647269,4.645227156712608,0.025523226135783564,0.0,0.0
Grassland,1.1050663039782387,0.0,0.5389323359401563,98.32879972798368,0.02550153009180551,0.0,0.0017001020061203674
Urban,0.45662100456621,0.0,0.0,1.36986301369863,98.17351598173516,0.0,0.0
Water,0.0,0.0,0.0,0.0,0.0,100.0,0.0
Other,0.0,0.0,0.0,0.0,0.0,0.0,100.0
