from_label,Crops,TreeCrops,Forest,Grassland,Urban,Water,Other
Crops,80.20093538887927,0.0,1.8014896934003117,17.616490559501127,0.22518621167503897,0.0,0.15589814654425777
TreeCrops,0.0,0.0,0.0,0.0,0.0,0.0,0.0
Forest,1.5660377358490567,0.0,92.22641509433961,6.09433962264151,0.11320754716981132,0.0,0.0
Grassland,2.115784008307373,0.0,0.7955051179350244,96.9681797952826,0.05377540424269397,0.0,0.06675567423230974
Urban,0.9375,0.0,0.4166666666666667,1.1458333333333333,97.5,0.0,0.0
Water,0.0,0.0,0.0,0.0,0.0,100.0,0.0
Other,1.9762845849802373,0.0,0.0,4.3478260869565215,0.13175230566534915,0.0,93.54413702239789
