from_label,Crops,TreeCrops,Forest,Grassland,Urban,Water,Other
Crops,82.2504356484939,0.0,0.04978839930296241,17.550410754294248,0.12447099825740601,0.0,0.024894199651481205
TreeCrops,0.0,0.0,0.0,0.0,0.0,0.0,0.0
Forest,0.8435767654856591,0.0,92.02217401783562,7.134249216678717,0.0,0.0,0.0
Grassland,1.2398623527987687,0.0,0.2905116809905065,98.43677047847964,0.025938542945580935,0.0,0.0069169447854882495
Urban,0.0,0.0,0.0,0.1483679525222552,99.85163204747775,0.0,0.0
Water,0.0,0.0,0.0,0.0,0.0,100.0,0.0
Other,3.9215686274509802,0.0,0.0,0.0,0.0,0.0,96.07843137254902
