from_label,Crops,TreeCrops,Forest,Grassland,Urban,Water,Other
Crops,85.05325009181051,0.0,0.07344840249724569,14.799853103195005,0.07344840249724569,0.0,0.0
TreeCrops,0.0,0.0,0.0,0.0,0.0,0.0,0.0
Forest,0.675371454299865,0.0,95.31742458352093,4.007203962179198,0.0,0.0,0.0
Grassland,0.9547705943691346,0.0,0.36496350364963503,98.66071428571429,0.017922314911366005,0.0,0.0016293013555787278
Urban,0.5405405405405406,0.0,0.5405405405405406,1.0810810810810811,97.83783783783784,0.0,0.0
Water,0.0,0.0,0.0,0.0,0.0,100.0,0.0
Other,0.0,0.0,0.0,0.0,0.0,0.0,100.0
