from_label,Crops,TreeCrops,Forest,Grassland,Urban,Water,Other
Crops,84.00499843798814,0.0,0.09372071227741331,15.83880037488285,0.06248047485160887,0.0,0.0
TreeCrops,0.0,0.0,0.0,0.0,0.0,0.0,0.0
Forest,0.26873693639892504,0.0,95.19259480441923,4.508808599581965,0.029859659599880562,0.0,0.0
Grassland,1.0227310769642797,0.0,0.5825047705132068,98.37300391684242,0.02008637139700713,0.0,0.0016738642830839273
Urban,0.25316455696202533,0.0,0.0,1.5189873417721518,98.22784810126582,0.0,0.0
Water,0.0,0.0,0.0,0.0,0.0,100.0,0.0
Other,0.0,0.0,0.0,0.0,0.0,0.0,100.0
