from_label,Crops,TreeCrops,Forest,Grassland,Urban,Water,Other
Crops,83.21678321678321,0.0,0.09645526886906197,16.566192428261395,0.12056908608632746,0.0,0.0
TreeCrops,0.0,0.0,0.0,0.0,0.0,0.0,0.0
Forest,0.12294074256208506,0.0,92.32849766412589,7.49938529628719,0.04917629702483403,0.0,0.0
Grassland,1.2780769963458773,0.0,0.7723879950816549,97.92009421055367,0.027708986370642327,0.0,0.0017318116481651455
Urban,0.0,0.0,0.1402524544179523,0.1402524544179523,99.71949509116409,0.0,0.0
Water,0.0,0.0,0.0,0.0,0.0,100.0,0.0
Other,2.0,0.0,0.0,0.0,0.0,0.0,98.0
