from_label,Crops,TreeCrops,Forest,Grassland,Urban,Water,Other
Crops,76.11616818378847,0.0,1.2787169484178587,22.280017338534893,0.1950585175552666,0.0,0.13003901170351106
TreeCrops,0.0,0.0,0.0,0.0,0.0,0.0,0.0
Forest,0.7499506611407144,0.0,94.3556344977304,4.8549437537004145,0.03947108742845866,0.0,0.0
Grassland,3.8110719768807004,0.0,0.516571841416057,95.56398446672085,0.050573466991781814,0.0,0.05779824799060779
Urban,1.406926406926407,0.0,0.10822510822510822,1.406926406926407,97.07792207792207,0.0,0.0
Water,0.0,0.0,0.0,0.0,0.0,100.0,0.0
Other,2.8000000000000003,0.0,0.26666666666666666,3.4666666666666663,0.0,0.0,93.46666666666667
