from_label,Crops,TreeCrops,Forest,Grassland,Urban,Water,Other
Crops,83.11976343026122,0.0,0.0,16.70773780187284,0.1232134056185313,0.0,0.04928536224741252
TreeCrops,0.0,0.0,0.0,0.0,0.0,0.0,0.0
Forest,0.6018054162487462,0.0,91.87562688064193,7.497492477432297,0.025075225677031094,0.0,0.0
Grassland,1.2930067153486284,0.0,0.6957032126642153,97.98539541146616,0.025894660521000566,0.0,0.0
Urban,0.0,0.0,0.0,0.1443001443001443,99.85569985569985,0.0,0.0
Water,0.0,0.0,0.0,0.0,0.0,100.0,0.0
Other,1.8518518518518516,0.0,0.0,9.25925925925926,0.0,0.0,88.88888888888889
