from_label,Crops,TreeCrops,Forest,Grassland,Urban,Water,Other
Crops,83.46502216226634,0.0,2.563114280208133,13.624975910580073,0.1927153594141453,0.0,0.15417228753131623
TreeCrops,0.0,0.0,0.0,0.0,0.0,0.0,0.0
Forest,2.8286724525875924,0.0,91.38540662166506,5.753776920604308,0.03214400514304082,0.0,0.0
Grassland,1.2276597735566577,0.0,0.9506877514737531,97.71123795265275,0.054271544867596146,0.0,0.05614297744923739
Urban,0.6861063464837049,0.0,0.42881646655231564,1.8010291595197256,97.08404802744425,0.0,0.0
Water,0.0,0.0,0.0,0.0,0.0,100.0,0.0
Other,1.4124293785310735,0.0,0.0,5.649717514124294,0.14124293785310735,0.0,92.79661016949152
