from_label,Crops,TreeCrops,Forest,Grassland,Urban,Water,Other
Crops,79.23211169284468,0.0,0.02181500872600349,20.287958115183248,0.28359511343804533,0.0,0.17452006980802792
TreeCrops,0.0,0.0,0.0,0.0,0.0,0.0,0.0
Forest,0.29748624126134166,0.0,97.33749814071099,2.3501413059645992,0.014874312063067083,0.0,0.0
Grassland,1.3388278729791716,0.0,0.29088739301497324,98.2565403046859,0.054075220496373234,0.0,0.05966920882358426
Urban,0.5249343832020997,0.0,0.5249343832020997,1.2248468941382327,97.72528433945756,0.0,0.0
Water,0.0,0.0,0.0,0.0,0.0,100.0,0.0
Other,1.5600624024960998,0.0,0.0,4.05616224648986,0.0,0.0,94.38377535101404
