from_label,Crops,TreeCrops,Forest,Grassland,Urban,Water,Other
Crops,94.41050011314776,0.0,0.04525910839556461,5.385833899072188,0.04525910839556461,0.0,0.11314777098891153
TreeCrops,0.0,0.0,0.0,0.0,0.0,0.0,0.0
Forest,0.6685108344859382,0.0,90.87136929460581,8.275703088981096,0.0,0.0,0.18441678192715535
Grassland,1.8375597206909222,0.0,0.9502808841287341,96.01512049141597,0.040251308167515445,0.0,1.1567875955968567
Urban,0.0,0.0,0.12970168612191957,2.204928664072633,97.53566796368352,0.0,0.12970168612191957
Water,0.0,0.0,0.0,0.0,0.0,100.0,0.0
Other,0.0,0.0,0.0,0.0,0.0,0.0,100.0
