from_label,Crops,TreeCrops,Forest,Grassland,Urban,Water,Other
Crops,77.38683127572017,0.0,0.24691358024691357,21.83127572016461,0.24691358024691357,0.0,0.2880658436213992
TreeCrops,0.0,0.0,0.0,0.0,0.0,0.0,0.0
Forest,0.6889763779527559,0.0,94.7244094488189,4.566929133858268,0.01968503937007874,0.0,0.0
Grassland,1.4639721355489441,0.0,0.4317538640156738,98.00994122342355,0.038095929177853566,0.0,0.056236847833974306
Urban,0.6615214994487321,0.0,0.4410143329658214,0.8820286659316428,98.0154355016538,0.0,0.0
Water,0.0,0.0,0.0,0.0,0.0,100.0,0.0
Other,0.6675567423230975,0.0,0.13351134846461948,4.939919893190922,0.13351134846461948,0.0,94.12550066755674
