from_label,Crops,TreeCrops,Forest,Grassland,Urban,Water,Other
Crops,80.42773817239144,0.0,0.1512205659969756,19.07539425361849,0.17282350399654353,0.0,0.17282350399654353
TreeCrops,0.0,0.0,0.0,0.0,0.0,0.0,0.0
Forest,0.07942811755361398,0.0,97.51787132644957,2.3828435266084194,0.019857029388403495,0.0,0.0
Grassland,2.2855184356735694,0.0,0.28501334872645934,97.32484306227,0.04148928494119345,0.0,0.06313586838877264
Urban,1.0321100917431194,0.0,0.22935779816513763,0.6880733944954129,98.05045871559633,0.0,0.0
Water,0.0,0.0,0.0,0.0,0.0,100.0,0.0
Other,1.2048192771084338,0.0,0.0,4.28380187416332,0.0,0.0,94.51137884872824
