from_label,Crops,TreeCrops,Forest,Grassland,Urban,Water,Other
Crops,77.8040607135817,0.0,0.39424403705893946,21.44687561600631,0.1576976148235758,0.0,0.19712201852946973
TreeCrops,0.0,0.0,0.0,0.0,0.0,0.0,0.0
Forest,0.10324179227751394,0.0,97.89386743753872,1.9822424117282675,0.020648358455502787,0.0,0.0
Grassland,1.2069152984668914,0.0,0.4983509115291218,98.18237831176833,0.041680258055162914,0.0,0.07067522018049364
Urban,0.5889281507656066,0.0,0.0,0.5889281507656066,98.82214369846879,0.0,0.0
Water,0.0,0.0,0.0,0.0,0.0,100.0,0.0
Other,0.7761966364812419,0.0,0.0,8.796895213454075,0.129366106080207,0.0,90.29754204398448
