from_label,Crops,TreeCrops,Forest,Grassland,Urban,Water,Other
Crops,83.38368580060424,0.0,0.1510574018126888,16.37462235649547,0.09063444108761329,0.0,0.0
TreeCrops,0.0,0.0,0.0,0.0,0.0,0.0,0.0
Forest,0.08476970895733257,0.0,93.19016671376095,6.696807007629274,0.028256569652444195,0.0,0.0
Grassland,1.022983477470808,0.0,0.5384123565635831,98.41841370259448,0.020190463371134365,0.0,0.0
Urban,0.49627791563275436,0.0,0.49627791563275436,0.24813895781637718,98.75930521091811,0.0,0.0
Water,0.0,0.0,0.0,0.0,0.0,100.0,0.0
Other,0.0,0.0,0.0,0.0,0.0,0.0,100.0
