from_label,Crops,TreeCrops,Forest,Grassland,Urban,Water,Other
Crops,99.61802902979373,0.0,0.0,0.2546473134708429,0.0,0.0,0.12732365673542145
TreeCrops,0.0,0.0,0.0,0.0,0.0,0.0,0.0
Forest,0.0,0.0,98.86255924170617,1.1374407582938388,0.0,0.0,0.0
Grassland,0.003247122237916646,0.0,0.0006494244475833292,99.97499715876805,0.0003247122237916646,0.0,0.020781582322666536
Urban,0.0,0.0,0.0,0.0,100.0,0.0,0.0
Water,0.0,0.0,0.0,0.0,0.0,100.0,0.0
Other,0.0006894050847761433,0.0,0.0,0.060116123392479695,0.0,0.0,99.93919447152274
