from_label,Crops,TreeCrops,Forest,Grassland,Urban,Water,Other
Crops,99.63980189104007,0.0,0.0,0.22512381809995496,0.0,0.0,0.13507429085997297
TreeCrops,0.0,0.0,0.0,0.0,0.0,0.0,0.0
Forest,0.0,0.0,99.96300406955235,0.03699593044765076,0.0,0.0,0.0
Grassland,0.03443361812094723,0.0,0.0003409269120885865,99.9638617473186,0.0,0.0,0.001363707648354346
Urban,0.0,0.0,0.0,0.0,100.0,0.0,0.0
Water,0.0,0.0,0.0,0.0,0.0,100.0,0.0
Other,0.0,0.0,0.0,0.07111626902731297,0.0,0.0,99.92888373097269
