from_label,Crops,TreeCrops,Forest,Grassland,Urban,Water,Other
Crops,99.63768115942028,0.0,0.0,0.25362318840579706,0.0,0.0,0.10869565217391304
TreeCrops,0.0,0.0,0.0,0.0,0.0,0.0,0.0
Forest,0.0,0.0,100.0,0.0,0.0,0.0,0.0
Grassland,0.03994164458029117,0.0,0.00033848851339229804,99.95768893582596,0.0,0.0,0.0020309310803537884
Urban,0.0,0.0,0.0,0.0,100.0,0.0,0.0
Water,0.0,0.0,0.0,0.0,0.0,100.0,0.0
Other,0.0014897115105945574,0.0,0.0,0.07299586401913331,0.0,0.0,99.92551442447028
