from_label,Crops,TreeCrops,Forest,Grassland,Urban,Water,Other
Crops,99.64303926568078,0.0,0.0,0.22947475777664456,0.0,0.0,0.12748597654258031
TreeCrops,0.0,0.0,0.0,0.0,0.0,0.0,0.0
Forest,0.0,0.0,98.79086430810568,1.2091356918943126,0.0,0.0,0.0
Grassland,0.00293672339981205,0.0,0.0006526051999582332,99.99216873760051,0.0003263025999791166,0.0,0.0039156311997493995
Urban,0.0,0.0,0.0,0.0,100.0,0.0,0.0
Water,0.0,0.0,0.0,0.0,0.0,100.0,0.0
Other,0.0006880882294251297,0.0,0.0,0.06027652889764137,0.0,0.0,99.93903538287293
