from_label,Crops,TreeCrops,Forest,Grassland,Urban,Water,Other
Crops,99.63689179375453,0.0,0.0,0.2541757443718228,0.0,0.0,0.10893246187363835
TreeCrops,0.0,0.0,0.0,0.0,0.0,0.0,0.0
Forest,0.0,0.0,100.0,0.0,0.0,0.0,0.0
Grassland,0.0024484170983459196,0.0,0.0003497738711922742,99.98775791450826,0.0,0.0,0.009443894522191404
Urban,0.0,0.0,0.0,0.0,100.0,0.0,0.0
Water,0.0,0.0,0.0,0.0,0.0,100.0,0.0
Other,0.0005348251389208298,0.0,0.0,0.060435240698053776,0.0,0.0,99.93902993416303
