from_label,Crops,TreeCrops,Forest,Grassland,Urban,Water,Other
Crops,97.77777777777777,0.0,0.0,1.4666666666666666,0.0,0.0,0.7555555555555555
TreeCrops,0.0,0.0,0.0,0.0,0.0,0.0,0.0
Forest,0.0,0.0,99.96314043494287,0.036859565057132324,0.0,0.0,0.0
Grassland,0.0020613385645525347,0.0,0.0003435564274254225,99.9972515485806,0.0,0.0,0.0003435564274254225
Urban,0.0,0.0,0.0,0.0,100.0,0.0,0.0
Water,0.0,0.0,0.0,0.0,0.0,100.0,0.0
Other,0.0004036348665179496,0.0,0.0,0.06054522997769245,0.0,0.0,99.9390511351558
