from_label,Crops,TreeCrops,Forest,Grassland,Urban,Water,Other
Crops,99.6274217585693,0.0,0.0,0.24838549428713363,0.0,0.0,0.12419274714356682
TreeCrops,0.0,0.0,0.0,0.0,0.0,0.0,0.0
Forest,0.22710068130204392,0.0,99.20514761544284,0.5677517032551098,0.0,0.0,0.0
Grassland,0.04974775550814494,0.0,0.00033387755374593924,99.94824897916938,0.0,0.0,0.001669387768729696
Urban,0.0,0.0,0.0,0.0,100.0,0.0,0.0
Water,0.0,0.0,0.0,0.0,0.0,100.0,0.0
Other,0.014595493402700575,0.0,0.0,0.077069661425475,0.0,0.0,99.90833484517182
