from_label,Crops,TreeCrops,Forest,Grassland,Urban,Water,Other
Crops,99.64322120285422,0.0,0.0,0.254841997961264,0.0,0.0,0.10193679918450561
TreeCrops,0.0,0.0,0.0,0.0,0.0,0.0,0.0
Forest,0.0,0.0,98.88785912882298,1.1121408711770158,0.0,0.0,0.0
Grassland,0.0032561728897557546,0.0,0.00032561728897557545,99.98697530844098,0.00032561728897557545,0.0,0.009117284091316112
Urban,0.0,0.0,0.0,0.0,100.0,0.0,0.0
Water,0.0,0.0,0.0,0.0,0.0,100.0,0.0
Other,0.0006886331458414821,0.0,0.0,0.06018653694654554,0.0,0.0,99.93912482990761
