from_label,Crops,TreeCrops,Forest,Grassland,Urban,Water,Other
Crops,99.56756756756758,0.0,0.0,0.3243243243243243,0.0,0.0,0.10810810810810811
TreeCrops,0.0,0.0,0.0,0.0,0.0,0.0,0.0
Forest,0.30052592036063114,0.0,99.21111945905335,0.3756574004507889,0.0,0.0,0.11269722013523666
Grassland,0.06052216248027178,0.0,0.00033437658828879436,99.93446218869539,0.0,0.0,0.004681272236043122
Urban,0.0,0.0,0.0,0.0,100.0,0.0,0.0
Water,0.0,0.0,0.0,0.0,0.0,100.0,0.0
Other,0.020848776871756857,0.0,0.0,0.08462150612654254,0.0,0.0,99.8945297170017
