from_label,Crops,TreeCrops,Forest,Grassland,Urban,Water,Other
Crops,99.64322120285422,0.0,0.0,0.22935779816513763,0.0,0.0,0.127420998980632
TreeCrops,0.0,0.0,0.0,0.0,0.0,0.0,0.0
Forest,0.0,0.0,98.76373626373626,1.2362637362637363,0.0,0.0,0.0
Grassland,0.002932436659368158,0.0,0.00032582629548535085,99.90974611615056,0.00032582629548535085,0.0,0.08666979459910333
Urban,0.0,0.0,0.0,0.0,100.0,0.0,0.0
Water,0.0,0.0,0.0,0.0,0.0,100.0,0.0
Other,0.0006884700543065179,0.0,0.0,0.060309976757250965,0.0,0.0,99.93900155318845
