from_label,Crops,TreeCrops,Forest,Grassland,Urban,Water,Other
Crops,99.64285714285714,0.0,0.0,0.2295918367346939,0.0,0.0,0.12755102040816327
TreeCrops,0.0,0.0,0.0,0.0,0.0,0.0,0.0
Forest,0.0,0.0,98.92148403796376,1.0785159620362381,0.0,0.0,0.0
Grassland,0.002949813833971367,0.0,0.00032775709266348526,99.99606691488803,0.00032775709266348526,0.0,0.00032775709266348526
Urban,0.0,0.0,0.0,0.0,100.0,0.0,0.0
Water,0.0,0.0,0.0,0.0,0.0,100.0,0.0
Other,0.0006868782892884078,0.0,0.0,0.06030791379952221,0.0,0.0,99.9390052079112
