from_label,Crops,TreeCrops,Forest,Grassland,Urban,Water,Other
Crops,100.0,0.0,0.0,0.0,0.0,0.0,0.0
TreeCrops,0.0,0.0,0.0,0.0,0.0,0.0,0.0
Forest,0.0,0.0,100.0,0.0,0.0,0.0,0.0
Grassland,0.0,0.0,0.0,100.0,0.0,0.0,0.0
Urban,0.0,0.0,0.0,0.0,97.54098360655738,0.0,2.459016393442623
Water,0.0,0.0,0.0,0.0,0.0,100.0,0.0
Other,0.0,0.0,0.006439979392065946,0.0,0.0,0.0,99.99356002060793
