from_label,Crops,TreeCrops,Forest,Grassland,Urban,Water,Other
Crops,95.0,2.5,0.0,0.0,1.6666666666666667,0.0,0.8333333333333334
TreeCrops,0.0,100.0,0.0,0.0,0.0,0.0,0.0
Forest,0.0,0.0,100.0,0.0,0.0,0.0,0.0
Grassland,0.0,0.0,0.0,100.0,0.0,0.0,0.0
Urban,0.0,0.0,0.0,0.0,100.0,0.0,0.0
Water,0.0,0.0,0.0,0.0,0.0,100.0,0.0
Other,0.0,0.0,0.0,0.0,0.1313111417503775,0.0,99.86868885824963
