from_label,Crops,TreeCrops,Forest,Grassland,Urban,Water,Other
Crops,100.0,0.0,0.0,0.0,0.0,0.0,0.0
TreeCrops,0.0,0.0,0.0,0.0,0.0,0.0,0.0
Forest,0.0,0.0,100.0,0.0,0.0,0.0,0.0
Grassland,0.0,0.0,0.0,100.0,0.0,0.0,0.0
Urban,2.232142857142857,0.0,0.0,0.0,92.85714285714286,0.0,4.910714285714286
Water,0.0,0.0,0.0,0.0,0.0,100.0,0.0
Other,0.012865045670912132,0.0,0.0,0.0,0.0,0.0,99.9871349543291
