from_label,Crops,TreeCrops,Forest,Grassland,Urban,Water,Other
Crops,87.28813559322035,0.847457627118644,0.0,0.0,5.932203389830509,0.0,5.932203389830509
TreeCrops,0.0,100.0,0.0,0.0,0.0,0.0,0.0
Forest,0.0,20.588235294117645,79.41176470588235,0.0,0.0,0.0,0.0
Grassland,0.0,0.0,0.0,100.0,0.0,0.0,0.0
Urban,0.0,0.0,0.0,0.0,100.0,0.0,0.0
Water,0.0,0.0,0.0,0.0,0.0,100.0,0.0
Other,0.0,0.0,0.0,0.0,0.019858343814125903,0.0,99.98014165618588
