from_label,Crops,TreeCrops,Forest,Grassland,Urban,Water,Other
Crops,99.96156802459646,0.0,0.03843197540353574,0.0,0.0,0.0,0.0
TreeCrops,0.0,0.0,0.0,0.0,0.0,0.0,0.0
Forest,0.0,0.0,100.0,0.0,0.0,0.0,0.0
Grassland,10.932754880694143,0.0,0.1301518438177874,88.93709327548807,0.0,0.0,0.0
Urban,0.0,0.0,0.0,0.0,100.0,0.0,0.0
Water,0.0,0.0,0.0,0.0,0.0,100.0,0.0
Other,0.0,0.0,0.0,0.0,0.0,0.0,100.0
