from_label,Crops,TreeCrops,Forest,Grassland,Urban,Water,Other
Crops,93.87755102040816,0.0,0.163265306122449,5.877551020408163,0.0816326530612245,0.0,0.0
TreeCrops,0.0,0.0,0.0,0.0,0.0,0.0,0.0
Forest,0.03652300949598247,0.0,99.7808619430241,0.18261504747991236,0.0,0.0,0.0
Grassland,0.08391608391608392,0.0,0.0,99.91608391608392,0.0,0.0,0.0
Urban,0.0,0.0,0.0,0.0,100.0,0.0,0.0
Water,0.0,0.0,0.0,0.0,0.0,100.0,0.0
Other,0.0,0.0,0.0,0.0,0.0,0.0,100.0
