from_label,Crops,TreeCrops,Forest,Grassland,Urban,Water,Other
Crops,99.82363315696648,0.0,0.10582010582010583,0.07054673721340389,0.0,0.0,0.0
TreeCrops,0.0,0.0,0.0,0.0,0.0,0.0,0.0
Forest,0.0,0.0,100.0,0.0,0.0,0.0,0.0
Grassland,1.0096477451200359,0.0,0.06730984967466906,98.90060578864707,0.02243661655822302,0.0,0.0
Urban,0.0,0.0,0.0,0.0,100.0,0.0,0.0
Water,0.0,0.0,0.0,0.0,0.0,100.0,0.0
Other,0.0,0.0,0.0,0.0,0.0,0.0,100.0
