from_label,Crops,TreeCrops,Forest,Grassland,Urban,Water,Other
Crops,99.80628497632372,0.0,0.02152389151958674,0.15066724063710718,0.02152389151958674,0.0,0.0
TreeCrops,0.0,0.0,0.0,0.0,0.0,0.0,0.0
Forest,0.36643459142543056,0.0,99.34041773543423,0.29314767314034446,0.0,0.0,0.0
Grassland,0.0,0.0,0.03875968992248062,99.96124031007751,0.0,0.0,0.0
Urban,0.0,0.0,0.0,0.0,100.0,0.0,0.0
Water,0.0,0.0,0.0,0.0,0.0,100.0,0.0
Other,0.0,0.0,0.0,0.0,0.0,0.0,100.0
