from_label,Crops,TreeCrops,Forest,Grassland,Urban,Water,Other
Crops,99.85559566787003,0.0,0.10830324909747292,0.036101083032490974,0.0,0.0,0.0
TreeCrops,0.0,0.0,0.0,0.0,0.0,0.0,0.0
Forest,0.1105379513633014,0.0,99.8894620486367,0.0,0.0,0.0,0.0
Grassland,1.4579191517561298,0.0,0.06626905235255136,98.43163242765628,0.04417936823503424,0.0,0.0
Urban,0.0,0.0,0.0,0.0,100.0,0.0,0.0
Water,0.0,0.0,0.0,0.0,0.0,100.0,0.0
Other,0.0,0.0,0.0,0.0,0.0,0.0,100.0
