from_label,Crops,TreeCrops,Forest,Grassland,Urban,Water,Other
Crops,99.85538684020246,0.0,0.10845986984815618,0.036153289949385395,0.0,0.0,0.0
TreeCrops,0.0,0.0,0.0,0.0,0.0,0.0,0.0
Forest,0.0,0.0,99.55882352941177,0.4411764705882353,0.0,0.0,0.0
Grassland,0.17675651789659744,0.0,0.06628369421122404,99.7348652231551,0.02209456473707468,0.0,0.0
Urban,0.0,0.0,0.0,0.0,100.0,0.0,0.0
Water,0.0,0.0,0.0,0.0,0.0,100.0,0.0
Other,0.0,0.0,0.0,0.0,0.0,0.0,100.0
