from_label,Crops,TreeCrops,Forest,Grassland,Urban,Water,Other
Crops,99.80624327233585,0.0,0.04305705059203445,0.12917115177610333,0.021528525296017224,0.0,0.0
TreeCrops,0.0,0.0,0.0,0.0,0.0,0.0,0.0
Forest,0.36443148688046645,0.0,99.34402332361516,0.2915451895043732,0.0,0.0,0.0
Grassland,0.0,0.0,0.038955979742890535,99.9610440202571,0.0,0.0,0.0
Urban,0.0,0.0,0.0,0.0,100.0,0.0,0.0
Water,0.0,0.0,0.0,0.0,0.0,100.0,0.0
Other,0.0,0.0,0.0,0.0,0.0,0.0,100.0
