from_label,Crops,TreeCrops,Forest,Grassland,Urban,Water,Other
Crops,99.85800496982606,0.0,0.10649627263045794,0.03549875754348598,0.0,0.0,0.0
TreeCrops,0.0,0.0,0.0,0.0,0.0,0.0,0.0
Forest,0.03644314868804665,0.0,99.89067055393586,0.0728862973760933,0.0,0.0,0.0
Grassland,0.7430758838099527,0.0,0.09006980409817608,99.14433686106733,0.02251745102454402,0.0,0.0
Urban,0.0,0.0,0.0,0.0,100.0,0.0,0.0
Water,0.0,0.0,0.0,0.0,0.0,100.0,0.0
Other,0.0,0.0,0.0,0.0,0.0,0.0,100.0
