from_label,Crops,TreeCrops,Forest,Grassland,Urban,Water,Other
Crops,99.86214502343535,0.0,0.11028398125172319,0.027570995312930797,0.0,0.0,0.0
TreeCrops,0.0,0.0,0.0,0.0,0.0,0.0,0.0
Forest,0.07358351729212656,0.0,99.8896247240618,0.03679175864606328,0.0,0.0,0.0
Grassland,1.7042330951072018,0.0,0.08246289169873557,98.15832875206158,0.054975261132490384,0.0,0.0
Urban,0.0,0.0,0.0,0.0,100.0,0.0,0.0
Water,0.0,0.0,0.0,0.0,0.0,100.0,0.0
Other,0.0,0.0,0.0,0.0,0.0,0.0,100.0
