from_label,Crops,TreeCrops,Forest,Grassland,Urban,Water,Other
Crops,96.61332340900633,0.0,0.22329735764793449,3.088946780796427,0.07443245254931151,0.0,0.0
TreeCrops,0.0,0.0,0.0,0.0,0.0,0.0,0.0
Forest,0.07194244604316546,0.0,99.74820143884891,0.1798561151079137,0.0,0.0,0.0
Grassland,0.08835873647006848,0.0,0.02208968411751712,99.88955157941241,0.0,0.0,0.0
Urban,0.0,0.0,0.0,0.0,100.0,0.0,0.0
Water,0.0,0.0,0.0,0.0,0.0,100.0,0.0
Other,0.0,0.0,0.0,0.0,0.0,0.0,100.0
