from_label,Crops,TreeCrops,Forest,Grassland,Urban,Water,Other
Crops,97.56441934345217,0.0,0.24708789269325804,2.1178962230850686,0.0705965407695023,0.0,0.0
TreeCrops,0.0,0.0,0.0,0.0,0.0,0.0,0.0
Forest,0.0,0.0,99.88709070380128,0.11290929619872037,0.0,0.0,0.0
Grassland,0.0,0.0,0.0,100.0,0.0,0.0,0.0
Urban,0.0,0.0,0.0,0.0,100.0,0.0,0.0
Water,0.0,0.0,0.0,0.0,0.0,100.0,0.0
Other,0.0,0.0,0.0,0.0,0.0,0.0,100.0
