from_label,Crops,TreeCrops,Forest,Grassland,Urban,Water,Other
Crops,97.99456862335492,0.0,0.14622937121370377,1.7965322749112178,0.06266973052015876,0.0,0.0
TreeCrops,0.0,0.0,0.0,0.0,0.0,0.0,0.0
Forest,0.0,0.0,100.0,0.0,0.0,0.0,0.0
Grassland,0.040983606557377046,0.0,0.0,99.95901639344262,0.0,0.0,0.0
Urban,0.0,0.0,0.0,0.0,100.0,0.0,0.0
Water,0.0,0.0,0.0,0.0,0.0,100.0,0.0
Other,0.0,0.0,0.0,0.0,0.0,0.0,100.0
