from_label,Crops,TreeCrops,Forest,Grassland,Urban,Water,Other
Crops,99.67686342093926,0.0,0.15079707022834984,0.15079707022834984,0.021542438604049977,0.0,0.0
TreeCrops,0.0,0.0,0.0,0.0,0.0,0.0,0.0
Forest,0.3904724716907458,0.0,97.6962124170246,1.9133151112846545,0.0,0.0,0.0
Grassland,0.0,0.0,0.0727802037845706,99.92721979621543,0.0,0.0,0.0
Urban,0.0,0.0,0.0,0.0,100.0,0.0,0.0
Water,0.0,0.0,0.0,0.0,0.0,100.0,0.0
Other,0.0,0.0,0.0,0.0,0.0,0.0,100.0
