from_label,Crops,TreeCrops,Forest,Grassland,Urban,Water,Other
Crops,99.84555984555985,0.0,0.15444015444015444,0.0,0.0,0.0,0.0
TreeCrops,0.0,0.0,0.0,0.0,0.0,0.0,0.0
Forest,0.0,0.0,99.96388587937884,0.03611412062116288,0.0,0.0,0.0
Grassland,0.8412424503882657,0.0,0.04314063848144953,99.09404659188957,0.021570319240724764,0.0,0.0
Urban,0.0,0.0,0.0,0.0,100.0,0.0,0.0
Water,0.0,0.0,0.0,0.0,0.0,100.0,0.0
Other,0.0,0.0,0.0,0.0,0.0,0.0,100.0
