from_label,Crops,TreeCrops,Forest,Grassland,Urban,Water,Other
Crops,98.99829497016198,0.0,0.0639386189258312,0.9164535379369139,0.021312872975277068,0.0,0.0
TreeCrops,0.0,0.0,0.0,0.0,0.0,0.0,0.0
Forest,0.0,0.0,100.0,0.0,0.0,0.0,0.0
Grassland,0.0,0.0,0.039603960396039604,99.96039603960396,0.0,0.0,0.0
Urban,0.0,0.0,0.0,0.0,100.0,0.0,0.0
Water,0.0,0.0,0.0,0.0,0.0,100.0,0.0
Other,0.0,0.0,0.0,0.0,0.0,0.0,100.0
