from_label,Crops,TreeCrops,Forest,Grassland,Urban,Water,Other
Crops,89.85278654048369,0.0,0.15772870662460567,9.91062039957939,0.07886435331230283,0.0,0.0
TreeCrops,0.0,0.0,0.0,0.0,0.0,0.0,0.0
Forest,0.03676470588235294,0.0,99.77941176470588,0.1838235294117647,0.0,0.0,0.0
Grassland,0.11580775911986102,0.0,0.0,99.88419224088014,0.0,0.0,0.0
Urban,0.0,0.0,0.0,0.0,100.0,0.0,0.0
Water,0.0,0.0,0.0,0.0,0.0,100.0,0.0
Other,0.0,0.0,0.0,0.0,0.0,0.0,100.0
