from_label,Crops,TreeCrops,Forest,Grassland,Urban,Water,Other
Crops,99.91489361702128,0.0,0.0851063829787234,0.0,0.0,0.0,0.0
TreeCrops,0.0,0.0,0.0,0.0,0.0,0.0,0.0
Forest,0.0,0.0,99.77116704805492,0.2288329519450801,0.0,0.0,0.0
Grassland,0.33537186821858356,0.0,0.05918327086210298,99.58571710396528,0.019727756954034326,0.0,0.0
Urban,0.0,0.0,0.0,0.0,100.0,0.0,0.0
Water,0.0,0.0,0.0,0.0,0.0,100.0,0.0
Other,0.0,0.0,0.0,0.0,0.0,0.0,100.0
