from_label,Crops,TreeCrops,Forest,Grassland,Urban,Water,Other
Crops,99.68336211859527,0.0,0.05757052389176742,0.2590673575129534,0.0,0.0,0.0
TreeCrops,0.0,0.0,0.0,0.0,0.0,0.0,0.0
Forest,1.113505747126437,0.0,98.16810344827587,0.7183908045977011,0.0,0.0,0.0
Grassland,4.84994640943194,0.0,0.08038585209003216,95.01607717041801,0.05359056806002144,0.0,0.0
Urban,0.0,0.0,0.0,0.0,100.0,0.0,0.0
Water,0.0,0.0,0.0,0.0,0.0,100.0,0.0
Other,0.0,0.0,0.0,0.0,0.0,0.0,100.0
