from_label,Crops,TreeCrops,Forest,Grassland,Urban,Water,Other
Crops,99.9213217938631,0.0,0.07867820613690008,0.0,0.0,0.0,0.0
TreeCrops,0.0,0.0,0.0,0.0,0.0,0.0,0.0
Forest,0.0,0.0,99.96193376475067,0.03806623524933384,0.0,0.0,0.0
Grassland,1.1104256631708822,0.0,0.08225375282747274,98.78675714579478,0.020563438206868186,0.0,0.0
Urban,0.0,0.0,0.0,0.0,100.0,0.0,0.0
Water,0.0,0.0,0.0,0.0,0.0,100.0,0.0
Other,0.0,0.0,0.0,0.0,0.0,0.0,100.0
