from_label,Crops,TreeCrops,Forest,Grassland,Urban,Water,Other
Crops,93.6108422071636,0.0,1.1616650532429817,5.162955792191029,0.06453694740238787,0.0,0.0
TreeCrops,0.0,0.0,0.0,0.0,0.0,0.0,0.0
Forest,0.03749531308586427,0.0,99.85001874765655,0.11248593925759282,0.0,0.0,0.0
Grassland,0.023523876734885908,0.0,0.0,99.97647612326512,0.0,0.0,0.0
Urban,0.0,0.0,0.0,0.0,100.0,0.0,0.0
Water,0.0,0.0,0.0,0.0,0.0,100.0,0.0
Other,0.0,0.0,0.0,0.0,0.0,0.0,100.0
