from_label,Crops,TreeCrops,Forest,Grassland,Urban,Water,Other
Crops,99.88434849653045,0.0,0.07710100231303006,0.03855050115651503,0.0,0.0,0.0
TreeCrops,0.0,0.0,0.0,0.0,0.0,0.0,0.0
Forest,0.07598784194528875,0.0,99.88601823708207,0.037993920972644375,0.0,0.0,0.0
Grassland,1.0822060353798129,0.0,0.062434963579604576,98.83454734651404,0.02081165452653486,0.0,0.0
Urban,0.0,0.0,0.0,0.0,100.0,0.0,0.0
Water,0.0,0.0,0.0,0.0,0.0,100.0,0.0
Other,0.0,0.0,0.0,0.0,0.0,0.0,100.0
