from_label,Crops,TreeCrops,Forest,Grassland,Urban,Water,Other
Crops,97.77687954729184,0.0,0.9700889248181084,1.2530315278900566,0.0,0.0,0.0
TreeCrops,0.0,0.0,0.0,0.0,0.0,0.0,0.0
Forest,0.01641901321730564,0.0,99.80297184139233,0.1559806255644036,0.00820950660865282,0.0,0.01641901321730564
Grassland,0.08314279775514445,0.0,0.9561421741841613,98.89835792974434,0.0,0.0,0.06235709831635835
Urban,0.0,0.0,0.2079002079002079,0.0,99.7920997920998,0.0,0.0
Water,0.0,0.0,0.0,0.0,0.0,100.0,0.0
Other,0.0,0.0,0.0,1.2048192771084338,0.0,0.0,98.79518072289156
