from_label,Crops,TreeCrops,Forest,Grassland,Urban,Water,Other
Crops,99.56678700361012,0.0,0.1444043321299639,0.2888086642599278,0.0,0.0,0.0
TreeCrops,0.0,0.0,0.0,0.0,0.0,0.0,0.0
Forest,0.017752529735487306,0.0,99.82247470264512,0.15089650275164213,0.008876264867743653,0.0,0.0
Grassland,0.1109672646569262,0.0,0.3329017939707786,99.50064730904383,0.0,0.0,0.0554836323284631
Urban,0.0,0.0,0.0,0.0,100.0,0.0,0.0
Water,0.0,0.0,0.0,0.0,0.0,100.0,0.0
Other,0.0,0.0,0.0,0.7936507936507936,0.0,0.0,99.20634920634922
