from_label,Crops,TreeCrops,Forest,Grassland,Urban,Water,Other
Crops,99.55719557195572,0.0,0.18450184501845018,0.25830258302583026,0.0,0.0,0.0
TreeCrops,0.0,0.0,0.0,0.0,0.0,0.0,0.0
Forest,0.026581605528973953,0.0,99.77848662059189,0.18607123870281764,0.0,0.0,0.00886053517632465
Grassland,0.12867647058823528,0.0,0.7904411764705882,99.00735294117648,0.0,0.0,0.07352941176470588
Urban,0.0,0.0,0.20161290322580644,0.20161290322580644,99.59677419354838,0.0,0.0
Water,0.0,0.0,0.0,0.0,0.0,100.0,0.0
Other,0.0,0.0,0.0,0.7575757575757576,0.0,0.0,99.24242424242425
