from_label,Crops,TreeCrops,Forest,Grassland,Urban,Water,Other
Crops,99.60088691796008,0.0,0.17738359201773835,0.22172949002217296,0.0,0.0,0.0
TreeCrops,0.0,0.0,0.0,0.0,0.0,0.0,0.0
Forest,0.047709923664122134,0.0,99.63422391857506,0.29421119592875317,0.0,0.0,0.023854961832061067
Grassland,0.1697792869269949,0.0,0.4244482173174873,99.3421052631579,0.0,0.0,0.0636672325976231
Urban,0.0,0.0,0.20202020202020202,0.0,99.79797979797979,0.0,0.0
Water,0.0,0.0,0.0,0.0,0.0,100.0,0.0
Other,0.0,0.0,0.0,0.0,0.0,0.0,100.0
