from_label,Crops,TreeCrops,Forest,Grassland,Urban,Water,Other
Crops,99.59379615952733,0.0,0.14771048744460857,0.258493353028065,0.0,0.0,0.0
TreeCrops,0.0,0.0,0.0,0.0,0.0,0.0,0.0
Forest,0.02652519893899204,0.0,99.82316534040672,0.14146772767462423,0.0,0.0,0.008841732979664015
Grassland,0.0923020121838656,0.0,0.7384160974709248,99.07697987816134,0.0,0.0,0.0923020121838656
Urban,0.0,0.0,0.0,0.20242914979757085,99.79757085020243,0.0,0.0
Water,0.0,0.0,0.0,0.0,0.0,100.0,0.0
Other,0.0,0.0,0.0,0.7490636704119851,0.0,0.0,99.25093632958801
