from_label,Crops,TreeCrops,Forest,Grassland,Urban,Water,Other
Crops,99.29078014184397,0.0,0.3546099290780142,0.28368794326241137,0.07092198581560284,0.0,0.0
TreeCrops,0.0,0.0,0.0,0.0,0.0,0.0,0.0
Forest,0.017898693395382137,0.0,99.83891175944156,0.1431895471630571,0.0,0.0,0.0
Grassland,0.10995052226498077,0.0,0.5680776983690673,99.28532160527762,0.0,0.0,0.03665017408832692
Urban,0.0,0.0,0.0,0.0,100.0,0.0,0.0
Water,0.0,0.0,0.0,0.0,0.0,100.0,0.0
Other,0.0,0.0,0.0,0.8163265306122449,0.0,0.0,99.18367346938776
