from_label,Crops,TreeCrops,Forest,Grassland,Urban,Water,Other
Crops,99.63058736608792,0.0,0.1477650535648319,0.2216475803472479,0.0,0.0,0.0
TreeCrops,0.0,0.0,0.0,0.0,0.0,0.0,0.0
Forest,0.017577781683951483,0.0,99.78906661979258,0.19335559852346634,0.0,0.0,0.0
Grassland,0.11225444340505146,0.0,0.78578110383536,99.02712815715621,0.0,0.0,0.07483629560336763
Urban,0.0,0.0,0.0,0.2044989775051125,99.79550102249489,0.0,0.0
Water,0.0,0.0,0.0,0.0,0.0,100.0,0.0
Other,0.0,0.0,0.0,0.36101083032490977,0.0,0.0,99.63898916967509
