from_label,Crops,TreeCrops,Forest,Grassland,Urban,Water,Other
Crops,99.60431654676259,0.0,0.07194244604316546,0.3237410071942446,0.0,0.0,0.0
TreeCrops,0.0,0.0,0.0,0.0,0.0,0.0,0.0
Forest,0.017769880053309643,0.0,99.8223011994669,0.15992892047978674,0.0,0.0,0.0
Grassland,0.11092623405435387,0.0,0.4067295248659641,99.4268811240525,0.0,0.0,0.055463117027176934
Urban,0.0,0.0,0.199203187250996,0.0,99.800796812749,0.0,0.0
Water,0.0,0.0,0.0,0.0,0.0,100.0,0.0
Other,0.0,0.0,0.0,0.8,0.0,0.0,99.2
