from_label,Crops,TreeCrops,Forest,Grassland,Urban,Water,Other
Crops,98.81889763779527,0.0,0.3499562554680665,0.7874015748031495,0.043744531933508315,0.0,0.0
TreeCrops,0.0,0.0,0.0,0.0,0.0,0.0,0.0
Forest,0.023784983746927772,0.0,99.64322524379608,0.30127646079441844,0.007928327915642592,0.0,0.023784983746927772
Grassland,0.06447453255963895,0.0,0.3653556845046207,99.4842037395229,0.0,0.0,0.08596604341285193
Urban,0.0,0.0,0.20202020202020202,0.0,99.79797979797979,0.0,0.0
Water,0.0,0.0,0.0,0.0,0.0,100.0,0.0
Other,0.0,0.0,0.0,0.6711409395973155,0.0,0.0,99.32885906040269
