from_label,Crops,TreeCrops,Forest,Grassland,Urban,Water,Other
Crops,99.6467991169978,0.0,0.17660044150110377,0.17660044150110377,0.0,0.0,0.0
TreeCrops,0.0,0.0,0.0,0.0,0.0,0.0,0.0
Forest,0.04753604816986214,0.0,99.80985580732055,0.1346854698146094,0.007922674694977025,0.0,0.0
Grassland,0.299017513882956,0.0,0.7902605724049552,98.88936351986331,0.021358393848782572,0.0,0.0
Urban,0.0,0.0,0.0,0.2066115702479339,99.79338842975206,0.0,0.0
Water,0.0,0.0,0.0,0.0,0.0,100.0,0.0
Other,0.0,0.0,0.0,0.6993006993006993,0.0,0.0,99.3006993006993
