from_label,Crops,TreeCrops,Forest,Grassland,Urban,Water,Other
Crops,99.55604883462819,0.0,0.1849796522382538,0.25897151313355526,0.0,0.0,0.0
TreeCrops,0.0,0.0,0.0,0.0,0.0,0.0,0.0
Forest,0.0087527352297593,0.0,99.83369803063458,0.1575492341356674,0.0,0.0,0.0
Grassland,0.13215027373985275,0.0,0.7929016424391165,98.9805550311497,0.0,0.0,0.09439305267132339
Urban,0.0,0.0,0.205761316872428,0.205761316872428,99.58847736625515,0.0,0.0
Water,0.0,0.0,0.0,0.0,0.0,100.0,0.0
Other,0.0,0.0,0.0,0.3508771929824561,0.0,0.0,99.64912280701755
