from_label,Crops,TreeCrops,Forest,Grassland,Urban,Water,Other
Crops,99.30458970792768,0.0,0.34770514603616137,0.34770514603616137,0.0,0.0,0.0
TreeCrops,0.0,0.0,0.0,0.0,0.0,0.0,0.0
Forest,0.01822821728034998,0.0,99.82683193583668,0.15493984688297485,0.0,0.0,0.0
Grassland,0.08944543828264759,0.0,0.9838998211091234,98.89087656529517,0.0,0.0,0.03577817531305903
Urban,0.0,0.0,0.0,0.0,100.0,0.0,0.0
Water,0.0,0.0,0.0,0.0,0.0,100.0,0.0
Other,0.0,0.0,2.3529411764705883,0.7843137254901961,0.0,0.0,96.86274509803921
