from_label,Crops,TreeCrops,Forest,Grassland,Urban,Water,Other
Crops,99.29353585305546,0.0,0.4238784881667256,0.282585658777817,0.0,0.0,0.0
TreeCrops,0.0,0.0,0.0,0.0,0.0,0.0,0.0
Forest,0.017954933117874137,0.0,99.81147320226232,0.17057186461980428,0.0,0.0,0.0
Grassland,0.1459587666484218,0.0,0.60207991242474,99.21547162926473,0.0,0.0,0.03648969166210545
Urban,0.0,0.0,0.0,0.0,100.0,0.0,0.0
Water,0.0,0.0,0.0,0.0,0.0,100.0,0.0
Other,0.0,0.0,0.0,0.8163265306122449,0.0,0.0,99.18367346938776
