from_label,Crops,TreeCrops,Forest,Grassland,Urban,Water,Other
Crops,99.59379615952733,0.0,0.1846381093057607,0.22156573116691286,0.0,0.0,0.0
TreeCrops,0.0,0.0,0.0,0.0,0.0,0.0,0.0
Forest,0.02642938948110299,0.0,99.79737468064488,0.1761959298740199,0.0,0.0,0.0
Grassland,0.1303052866716307,0.0,0.8190618019359642,98.97617274758005,0.0,0.0,0.07446016381236038
Urban,0.0,0.0,0.20366598778004072,0.20366598778004072,99.59266802443992,0.0,0.0
Water,0.0,0.0,0.0,0.0,0.0,100.0,0.0
Other,0.0,0.0,0.0,0.36496350364963503,0.0,0.0,99.63503649635037
