from_label,Crops,TreeCrops,Forest,Grassland,Urban,Water,Other
Crops,99.25744245179001,0.0,0.19576517180081454,0.5152899349699601,0.00450034877703022,0.0,0.02700209266218132
TreeCrops,0.0,0.0,0.0,0.0,0.0,0.0,0.0
Forest,0.030570962350073252,0.0,99.76178470896046,0.1953365386524161,0.00436728033572475,0.0,0.007940509701317728
Grassland,0.3693375340599455,0.0,0.5705040871934605,98.91540361035422,0.025544959128065394,0.0,0.11920980926430517
Urban,0.0,0.0,0.09286967289237437,0.11350737797956867,99.79362294912806,0.0,0.0
Water,0.0,0.0,0.0,0.0,0.0,100.0,0.0
Other,0.10093363613424174,0.0,0.6308352258390109,5.1728488518798885,0.025233409033560434,0.0,94.0701488771133
