from_label,Crops,TreeCrops,Forest,Grassland,Urban,Water,Other
Crops,99.5111111111111,0.0,0.17777777777777778,0.3111111111111111,0.0,0.0,0.0
TreeCrops,0.0,0.0,0.0,0.0,0.0,0.0,0.0
Forest,0.03964478274659055,0.0,99.76213130352045,0.19029495718363465,0.00792895654931811,0.0,0.0
Grassland,0.42562247286656735,0.0,0.6809959565865078,98.78697595233028,0.0638433709299851,0.0,0.04256224728665674
Urban,0.0,0.0,0.0,0.2079002079002079,99.7920997920998,0.0,0.0
Water,0.0,0.0,0.0,0.0,0.0,100.0,0.0
Other,0.6493506493506493,0.0,2.5974025974025974,5.194805194805195,0.0,0.0,91.55844155844156
