from_label,Crops,TreeCrops,Forest,Grassland,Urban,Water,Other
Crops,99.21121822962313,0.0,0.13146362839614373,0.6134969325153374,0.0,0.0,0.04382120946538125
TreeCrops,0.0,0.0,0.0,0.0,0.0,0.0,0.0
Forest,0.007912018355882585,0.0,99.8180235778147,0.15824036711765171,0.0,0.0,0.01582403671176517
Grassland,0.1077121930202499,0.0,0.5601034037052994,99.1813873330461,0.043084877208099955,0.0,0.1077121930202499
Urban,0.0,0.0,0.0,0.0,100.0,0.0,0.0
Water,0.0,0.0,0.0,0.0,0.0,100.0,0.0
Other,0.0,0.0,0.0,1.3793103448275863,0.0,0.0,98.62068965517241
