from_label,Crops,TreeCrops,Forest,Grassland,Urban,Water,Other
Crops,99.45984875765215,0.0,0.25207057976233344,0.28808066258552395,0.0,0.0,0.0
TreeCrops,0.0,0.0,0.0,0.0,0.0,0.0,0.0
Forest,0.017761989342806393,0.0,99.82238010657194,0.15985790408525755,0.0,0.0,0.0
Grassland,0.1109672646569262,0.0,0.3513963380802663,99.48215276493434,0.0,0.0,0.0554836323284631
Urban,0.0,0.0,0.0,0.0,100.0,0.0,0.0
Water,0.0,0.0,0.0,0.0,0.0,100.0,0.0
Other,0.0,0.0,0.0,0.796812749003984,0.0,0.0,99.20318725099602
