from_label,Crops,TreeCrops,Forest,Grassland,Urban,Water,Other
Crops,97.23884031293143,0.0,0.5062126092959043,2.1629084215370455,0.04601932811780948,0.0,0.04601932811780948
TreeCrops,0.0,0.0,0.0,0.0,0.0,0.0,0.0
Forest,0.0,0.0,99.80131924024478,0.1986807597552253,0.0,0.0,0.0
Grassland,0.10711225364181663,0.0,0.5141388174807198,99.293059125964,0.021422450728363327,0.0,0.06426735218508997
Urban,0.0,0.0,0.20920502092050208,0.20920502092050208,99.581589958159,0.0,0.0
Water,0.0,0.0,0.0,0.0,0.0,100.0,0.0
Other,0.0,0.0,1.3605442176870748,3.741496598639456,0.0,0.0,94.89795918367348
