from_label,Crops,TreeCrops,Forest,Grassland,Urban,Water,Other
Crops,98.79796578825705,0.0,0.09246417013407304,1.1095700416088765,0.0,0.0,0.0
TreeCrops,0.0,0.0,0.0,0.0,0.0,0.0,0.0
Forest,0.008030193527664016,0.0,99.80727535533606,0.17666425760860838,0.008030193527664016,0.0,0.0
Grassland,0.41614648356221395,0.0,1.1652101539741988,98.33541406575115,0.020807324178110695,0.0,0.062421972534332085
Urban,0.0,0.0,0.21008403361344538,0.21008403361344538,99.57983193277312,0.0,0.0
Water,0.0,0.0,0.0,0.0,0.0,100.0,0.0
Other,1.342281879194631,0.0,3.3557046979865772,10.738255033557047,0.0,0.0,84.56375838926175
