from_label,Crops,TreeCrops,Forest,Grassland,Urban,Water,Other
Crops,99.11699779249447,0.0,0.26490066225165565,0.5739514348785872,0.0,0.0,0.04415011037527594
TreeCrops,0.0,0.0,0.0,0.0,0.0,0.0,0.0
Forest,0.023820867079561697,0.0,99.66650786088613,0.29379069398126095,0.0,0.0,0.01588057805304113
Grassland,0.14938113529662825,0.0,0.36278275714895436,99.44515578318395,0.0,0.0,0.04268032437046522
Urban,0.0,0.0,0.20161290322580644,0.0,99.79838709677419,0.0,0.0
Water,0.0,0.0,0.0,0.0,0.0,100.0,0.0
Other,0.0,0.0,0.0,1.2903225806451613,0.0,0.0,98.70967741935483
