from_label,Crops,TreeCrops,Forest,Grassland,Urban,Water,Other
Crops,99.0555757355612,0.0,0.5811841627315656,0.3632401017072285,0.0,0.0,0.0
TreeCrops,0.0,0.0,0.0,0.0,0.0,0.0,0.0
Forest,0.03546728143287817,0.0,99.81379677247739,0.15073594608973223,0.0,0.0,0.0
Grassland,0.11088523378303455,0.0,0.29569395675475885,99.53797819257069,0.0,0.0,0.05544261689151728
Urban,0.0,0.0,0.0,0.0,100.0,0.0,0.0
Water,0.0,0.0,0.0,0.0,0.0,100.0,0.0
Other,0.0,0.0,0.0,0.39370078740157477,0.0,0.0,99.60629921259843
