from_label,Crops,TreeCrops,Forest,Grassland,Urban,Water,Other
Crops,99.60840521102608,0.0076783291955670446,0.11261549486831667,0.24826597732333444,0.023034987586701135,0.0,0.0
TreeCrops,0.0,98.95281189398837,0.03878474466709761,0.9437621202327084,0.05171299288946348,0.0,0.01292824822236587
Forest,0.11573387584668858,0.0005931268461073086,99.04951422911303,0.8257808514929003,0.006301972739890153,0.0,0.0020759439613755796
Grassland,0.03446930569286629,0.00011083378036291414,0.15716230055461225,99.80581921680417,0.0018841742661695401,0.0,0.0005541689018145706
Urban,0.0,0.0,0.0,0.0,100.0,0.0,0.0
Water,0.0,0.0,0.0,0.0,0.0,100.0,0.0
Other,0.0,0.0,0.0,0.23266635644485809,0.0,0.0,99.76733364355515
