from_label,Crops,TreeCrops,Forest,Grassland,Urban,Water,Other
Crops,99.39516129032258,0.004480286738351254,0.1388888888888889,0.4525089605734767,0.004480286738351254,0.0,0.004480286738351254
TreeCrops,0.0,100.0,0.0,0.0,0.0,0.0,0.0
Forest,0.010664789352927018,0.019697807657318756,99.51746198993314,0.4509515847702146,0.00017483261234306588,0.0,0.0010489956740583953
Grassland,0.005568928969209212,0.023533215966658284,0.1931160852225775,99.77634462688177,0.0008982143498724535,0.0,0.0005389286099234721
Urban,0.0,0.0,0.0,0.0,100.0,0.0,0.0
Water,0.0,0.0,0.0,0.0,0.0,100.0,0.0
Other,0.0,0.0,0.0,0.18148820326678766,0.0,0.0,99.8185117967332
