from_label,Crops,TreeCrops,Forest,Grassland,Urban,Water,Other
Crops,99.1272239006378,0.3147029204431017,0.12168512923799935,0.43219201074185964,0.004196038939241356,0.0,0.0
TreeCrops,0.018061952497064934,99.93678316626027,0.018061952497064934,0.018061952497064934,0.009030976248532467,0.0,0.0
Forest,0.009988466733132365,0.01091906922379687,99.49232532125949,0.4854642992966506,0.0001861204981329012,0.0,0.0011167229887974073
Grassland,0.0026007245312576494,0.1320250159103148,0.2031624810300093,99.66083492436482,0.0007649189797816616,0.0,0.0006119351838253292
Urban,0.0,0.0,0.0,0.0,100.0,0.0,0.0
Water,0.0,0.0,0.0,0.0,0.0,100.0,0.0
Other,0.0,0.0,0.0,0.07097232079488999,0.0,0.0,99.9290276792051
