from_label,Crops,TreeCrops,Forest,Grassland,Urban,Water,Other
Crops,99.52169312169312,0.004232804232804233,0.08042328042328042,0.38095238095238093,0.012698412698412698,0.0,0.0
TreeCrops,0.060204695966285374,99.42805538832029,0.060204695966285374,0.391330523780855,0.060204695966285374,0.0,0.0
Forest,0.006865136134262646,0.0008321377132439571,99.40925156840623,0.5776422626101803,0.0041606885662197855,0.0,0.0012482065698659357
Grassland,0.00542166715060066,0.0002409629844711405,0.18554149804277817,99.80614527899296,0.002048185368004694,0.0,0.0006024074611778511
Urban,0.0,0.0,0.0,0.0,100.0,0.0,0.0
Water,0.0,0.0,0.0,0.0,0.0,100.0,0.0
Other,0.0,0.0,0.0,0.2074688796680498,0.0,0.0,99.79253112033194
