from_label,Crops,TreeCrops,Forest,Grassland,Urban,Water,Other
Crops,99.66168178475117,0.004903162539838196,0.06619269428781564,0.2549644520715862,0.009806325079676392,0.0,0.002451581269919098
TreeCrops,0.0,99.0086094442995,0.013044612575006522,0.9653013305504826,0.013044612575006522,0.0,0.0
Forest,0.06056396264773682,0.0015701768093857693,99.04032288816826,0.8882714521668066,0.0070284104801077284,0.0,0.002243109727693956
Grassland,0.01798614408875504,0.002632118647134884,0.15386926924709343,99.82288034936988,0.0019740889853511632,0.0,0.000658029661783721
Urban,0.0,0.0,0.0,0.0,100.0,0.0,0.0
Water,0.0,0.0,0.0,0.0,0.0,100.0,0.0
Other,0.0,0.0,0.0,0.2295684113865932,0.0,0.0,99.7704315886134
