from_label,Crops,TreeCrops,Forest,Grassland,Urban,Water,Other
Crops,99.3571963192885,0.05283317923656056,0.1320829480914014,0.4534847884471448,0.004402764936380046,0.0,0.0
TreeCrops,0.0,99.97262898590394,0.0,0.02737101409607226,0.0,0.0,0.0
Forest,0.01339674063792092,0.028445942676114024,99.49983534402476,0.45678754421809653,0.00047213182864919547,0.0,0.0010622966144606897
Grassland,0.007287390385502951,0.11434262533443916,0.19433041028007872,99.68247799034594,0.0008675464744646371,0.0,0.0006940371795717096
Urban,0.0,0.0,0.0,0.0,100.0,0.0,0.0
Water,0.0,0.0,0.0,0.0,0.0,100.0,0.0
Other,0.0,0.0,0.0,0.17211703958691912,0.0,0.0,99.82788296041308
