from_label,Crops,TreeCrops,Forest,Grassland,Urban,Water,Other
Crops,99.42392051160087,0.08984725965858043,0.10041752550076634,0.3593890386343217,0.023783098144918344,0.0,0.0026425664605464827
TreeCrops,0.0,99.60463531015678,0.0,0.36809815950920244,0.027266530334015,0.0,0.0
Forest,0.04731231082365703,0.012101453924078687,99.05112937183247,0.8812920270372724,0.0059049263123516485,0.0,0.002259910070159273
Grassland,0.0140715287581195,0.017589410947649375,0.1651135027666441,99.80084247604437,0.0018156811300799353,0.0,0.0005674003531499798
Urban,0.0,0.0,0.0,0.0,100.0,0.0,0.0
Water,0.0,0.0,0.0,0.0,0.0,100.0,0.0
Other,0.0,0.0,0.0,0.2398081534772182,0.0,0.0,99.76019184652279
