from_label,Crops,TreeCrops,Forest,Grassland,Urban,Water,Other
Crops,99.36349439212532,0.12777435994510436,0.03549287776252898,0.45430883536037103,0.014197151105011595,0.0,0.004732383701670531
TreeCrops,0.02442897276169537,99.03505557591303,0.02442897276169537,0.8794430194210334,0.03664345914254306,0.0,0.0
Forest,0.01574903793920415,0.02632447887422529,99.00103928433937,0.9472247456188002,0.007151737035194154,0.0,0.0025107161932064583
Grassland,0.004932542124982039,0.09983036344257128,0.14508107598044997,99.7476897473895,0.0018228960027107536,0.0,0.000643375059780266
Urban,0.0,0.0,0.0,0.0,100.0,0.0,0.0
Water,0.0,0.0,0.0,0.0,0.0,100.0,0.0
Other,0.0,0.0,0.0,0.2676181980374665,0.0,0.0,99.73238180196253
