from_label,Crops,TreeCrops,Forest,Grassland,Urban,Water,Other
Crops,99.39622641509433,0.0,0.31865828092243187,0.27672955974842767,0.008385744234800839,0.0,0.0
TreeCrops,0.0,99.81894990947495,0.12070006035003018,0.030175015087507546,0.030175015087507546,0.0,0.0
Forest,0.03312030372648931,0.000350108918884665,99.58855199852674,0.3724458679095067,0.004691459513054511,0.0,0.0008402614053231959
Grassland,0.09116548372832448,0.0002371013881100767,0.14332778911254138,99.76266151050181,0.002252463187045729,0.0,0.000355652082165115
Urban,0.0,0.0,0.0,0.0,100.0,0.0,0.0
Water,0.0,0.0,0.0,0.0,0.0,100.0,0.0
Other,0.10167768174885612,0.0,0.0,0.1525165226232842,0.0,0.0,99.74580579562786
