from_label,Crops,TreeCrops,Forest,Grassland,Urban,Water,Other
Crops,99.29923514079391,0.20937486647011067,0.07264025979575268,0.41874973294022133,0.0,0.0,0.0
TreeCrops,0.0,99.95318626016736,0.03511030487448066,0.0,0.00585171747908011,0.0,0.00585171747908011
Forest,0.00742168206025894,0.025592007104341175,99.43793554397091,0.5271313663316674,0.0007677602131302351,0.0,0.0011516403196953527
Grassland,0.0005741483943940151,0.1301881484288429,0.20497097679866338,99.66240074409633,0.0012918338873865339,0.0,0.0005741483943940151
Urban,0.0,0.0,0.0,0.0,100.0,0.0,0.0
Water,0.0,0.0,0.0,0.0,0.0,100.0,0.0
Other,0.0,0.0,0.0,0.0,0.0,0.0,100.0
