from_label,Crops,TreeCrops,Forest,Grassland,Urban,Water,Other
Crops,99.41532946398088,0.01707067258449983,0.12376237623762376,0.4395698190508706,0.004267668146124957,0.0,0.0
TreeCrops,0.0,98.59328052444687,1.3794045342802512,0.027314941272876262,0.0,0.0,0.0
Forest,0.014757603341024626,0.0001814459427175159,99.51118463031902,0.47242475285550556,0.00030240990452919315,0.0,0.0011491576372109338
Grassland,0.007461754453126394,0.000486636159986504,0.19854755327449364,99.79188193557911,0.000973272319973008,0.0,0.0006488482133153386
Urban,0.0,0.0,0.0,0.0,100.0,0.0,0.0
Water,0.0,0.0,0.0,0.0,0.0,100.0,0.0
Other,0.0,0.0,0.0,0.15625,0.0,0.0,99.84375
