from_label,Crops,TreeCrops,Forest,Grassland,Urban,Water,Other
Crops,99.45774966109354,0.0,0.12200632625395391,0.4157252598282874,0.0,0.0,0.004518752824220515
TreeCrops,0.7746273019584917,86.83133586670564,9.06167787196726,3.317743349897691,0.014615609470914937,0.0,0.0
Forest,0.009889921129324889,0.0005205221647013099,99.54211400245107,0.44608749514902263,0.00034701477646754,0.0,0.0010410443294026198
Grassland,0.004788592835160059,0.0003683532950123122,0.19080700681637774,99.8027468105209,0.0007367065900246244,0.0,0.0005525299425184683
Urban,0.0,0.0,0.0,0.0,100.0,0.0,0.0
Water,0.0,0.0,0.0,0.0,0.0,100.0,0.0
Other,0.0,0.0,0.0,0.18832391713747645,0.0,0.0,99.81167608286252
