from_label,Crops,TreeCrops,Forest,Grassland,Urban,Water,Other
Crops,98.87303423747696,0.0,0.3085229463941381,0.8141577752067533,0.004285040922140807,0.0,0.0
TreeCrops,0.12806556957162069,61.676378305692516,6.236793238137927,31.939553051162196,0.012806556957162069,0.0,0.006403278478581034
Forest,0.006829129219722259,0.0035803201734466218,99.43417680814457,0.5536898846009767,0.0004641155780393769,0.0,0.0012597422832497374
Grassland,0.003321879492842014,0.0018602525159915279,0.20529215265763645,99.78779833799724,0.0010630014377094445,0.0,0.0006643758985684028
Urban,0.0,0.0,0.0,0.0,100.0,0.0,0.0
Water,0.0,0.0,0.0,0.0,0.0,100.0,0.0
Other,0.0,0.0,0.0,0.2321532211259431,0.0,0.0,99.76784677887406
