from_label,Crops,TreeCrops,Forest,Grassland,Urban,Water,Other
Crops,99.36753338018272,0.15226048254860622,0.0995549308971656,0.37479503396579994,0.005856172405715624,0.0,0.0
TreeCrops,0.0,99.73254086181278,0.0,0.19316493313521546,0.07429420505200594,0.0,0.0
Forest,0.09937535491198182,0.019789031714074305,99.06195687711872,0.8120672941797302,0.004803859147981805,0.0,0.002007582927514784
Grassland,0.030251013872581802,0.03256909922680263,0.16806118818101,99.76656880482996,0.0018544682833766622,0.0,0.0006954256062662484
Urban,0.0,0.0,0.0,0.0,100.0,0.0,0.0
Water,0.0,0.0,0.0,0.0,0.0,100.0,0.0
Other,0.0,0.0,0.0,0.24630541871921183,0.0,0.0,99.75369458128078
