from_label,Crops,TreeCrops,Forest,Grassland,Urban,Water,Other
Crops,99.42854591722845,0.0,0.12500558060627706,0.43751953212196976,0.004464485021652752,0.0,0.004464485021652752
TreeCrops,0.0,99.96903065964695,0.01548467017652524,0.01548467017652524,0.0,0.0,0.0
Forest,0.014220896759215639,0.022589572629865173,99.51221738893801,0.4495676086596483,0.0003511332533139664,0.0,0.0010533997599418991
Grassland,0.007101566605593194,0.02183731731219907,0.19138722002073658,99.77825358274035,0.0008876958256991492,0.0,0.0005326174954194895
Urban,0.0,0.0,0.0,0.0,100.0,0.0,0.0
Water,0.0,0.0,0.0,0.0,0.0,100.0,0.0
Other,0.0,0.0,0.0,0.17825311942959002,0.0,0.0,99.8217468805704
