from_label,Crops,TreeCrops,Forest,Grassland,Urban,Water,Other
Crops,99.38150486265143,0.0,0.16208838082238528,0.45214127282033784,0.004265483705852244,0.0,0.0
TreeCrops,0.0,99.45250479058309,0.5338078291814947,0.013687380235422939,0.0,0.0,0.0
Forest,0.006685784396102007,0.0009637166697083973,99.50928751824286,0.48173787027048515,0.00024092916742709934,0.0,0.001084181253421947
Grassland,0.003608592386526172,0.006561077066411221,0.19945674281890116,99.78889734538822,0.0008201346333014027,0.0,0.0006561077066411222
Urban,0.0,0.0,0.0,0.0,100.0,0.0,0.0
Water,0.0,0.0,0.0,0.0,0.0,100.0,0.0
Other,0.0,0.0,0.0,0.23790642347343377,0.0,0.0,99.76209357652657
