from_label,Crops,TreeCrops,Forest,Grassland,Urban,Water,Other
Crops,99.06227660737564,0.46675917749463863,0.126151129052605,0.3406080484420336,0.004205037635086834,0.0,0.0
TreeCrops,0.0,99.62256452106499,0.3774354789350199,0.0,0.0,0.0,0.0
Forest,0.0147027481165965,0.008030912836796406,99.48978992985306,0.48624088414172706,6.17762525907416e-05,0.0,0.0011737487992240904
Grassland,0.005554441238640397,0.1644731766775184,0.20150278493512105,99.62692669680465,0.000925740206440066,0.0,0.0006171601376267107
Urban,0.0,0.0,0.0,0.0,100.0,0.0,0.0
Water,0.0,0.0,0.0,0.0,0.0,100.0,0.0
Other,0.0,0.0,0.0,0.0,0.0,0.0,100.0
