from_label,Crops,TreeCrops,Forest,Grassland,Urban,Water,Other
Crops,99.3946159460736,0.004293503928556095,0.14597913357090722,0.4508179124983899,0.004293503928556095,0.0,0.0
TreeCrops,0.0135189941868325,98.66161957550358,0.3920508314181425,0.8922536163309449,0.0405569825604975,0.0,0.0
Forest,0.014876792563523304,0.0002999353339420021,99.51824386662236,0.4648397805433148,0.0005998706678840042,0.0,0.001139754268979608
Grassland,0.007463094995248496,0.00033169311089993315,0.19586478198641055,99.79534535057473,0.00033169311089993315,0.0,0.0006633862217998663
Urban,0.0,0.0,0.0,0.0,100.0,0.0,0.0
Water,0.0,0.0,0.0,0.0,0.0,100.0,0.0
Other,0.0,0.0,0.0,0.24174053182917005,0.0,0.0,99.75825946817083
