from_label,Crops,TreeCrops,Forest,Grassland,Urban,Water,Other
Crops,99.40556955482329,0.07107320540156362,0.14860761129417846,0.36505782774439494,0.009691800736576855,0.0,0.0
TreeCrops,0.033653037186606095,99.68029614672724,0.0,0.28605081608615174,0.0,0.0,0.0
Forest,0.20130739589577523,0.030007672577893732,99.07424196850332,0.6869765989929653,0.005830874766320582,0.0,0.001635489263724066
Grassland,0.06407153563569953,0.0423246275549694,0.16111418997444155,99.7301512696219,0.0017537829097363012,0.0,0.0005845943032454337
Urban,0.0,0.0,0.0,0.0,100.0,0.0,0.0
Water,0.0,0.0,0.0,0.0,0.0,100.0,0.0
Other,0.04982561036372695,0.0,0.0,0.1993024414549078,0.0,0.0,99.75087194818137
