from_label,Crops,TreeCrops,Forest,Grassland,Urban,Water,Other
Crops,99.524113023157,0.0,0.07648183556405354,0.38665816868493735,0.012746972594008922,0.0,0.0
TreeCrops,0.0,99.2189846800841,0.21027335536197056,0.5707419645539201,0.0,0.0,0.0
Forest,0.007554612984044658,0.00041206979912970863,99.41177036174234,0.5748373697859435,0.004052019691442135,0.0,0.0013735659970990285
Grassland,0.004655231132225715,0.0003675182472809775,0.19012943992669235,99.80252019512768,0.001715085153977895,0.0,0.0006125304121349626
Urban,0.0,0.0,0.0,0.0,100.0,0.0,0.0
Water,0.0,0.0,0.0,0.0,0.0,100.0,0.0
Other,0.0,0.0,0.0,0.211864406779661,0.0,0.0,99.78813559322035
