from_label,Crops,TreeCrops,Forest,Grassland,Urban,Water,Other
Crops,99.51758976926227,0.0,0.13198015746598096,0.3504300732717426,0.0,0.0,0.0
TreeCrops,0.5258060052580601,94.6450809464508,3.8051750380517504,1.02393801023938,0.0,0.0,0.0
Forest,0.011004700332215194,5.761623210583871e-05,99.54385229041807,0.4437026034470639,0.00028808116052919354,0.0,0.0010947084100109356
Grassland,0.006341284184650735,0.00018650835837208046,0.1909845589730104,99.80118208997536,0.0007460334334883218,0.0,0.0005595250751162414
Urban,0.0,0.0,0.0,0.0,100.0,0.0,0.0
Water,0.0,0.0,0.0,0.0,0.0,100.0,0.0
Other,0.0,0.0,0.0,0.19193857965451055,0.0,0.0,99.80806142034548
