from_label,Crops,TreeCrops,Forest,Grassland,Urban,Water,Other
Crops,99.49695079110812,0.0056206615518646546,0.08149959250203749,0.3990669701823905,0.016861984655593965,0.0,0.0
TreeCrops,0.0,99.76779128534353,0.0,0.2322087146564677,0.0,0.0,0.0
Forest,0.14843328057794267,0.0007230067246855463,99.07303307828066,0.7697852597727012,0.006073256487358589,0.0,0.001952118156650975
Grassland,0.04402463086378848,0.0021783020479478675,0.16222617883401225,99.7893925862063,0.0017197121431167376,0.0,0.00045858990483113
Urban,0.0,0.0,0.0,0.0,100.0,0.0,0.0
Water,0.0,0.0,0.0,0.0,0.0,100.0,0.0
Other,0.04856726566294317,0.0,0.0,0.19426906265177268,0.0,0.0,99.75716367168529
