from_label,Crops,TreeCrops,Forest,Grassland,Urban,Water,Other
Crops,99.45799457994579,0.0,0.40650406504065045,0.13550135501355012,0.0,0.0,0.0
TreeCrops,0.0,0.0,0.0,0.0,0.0,0.0,0.0
Forest,0.0,0.0,99.92698826597132,0.06883963494132986,0.0041720990873533245,0.0,0.0
Grassland,0.0020050393321882328,0.0,0.27402204206572517,99.71261102905302,0.006683464440627444,0.0,0.004678425108439211
Urban,0.0,0.0,0.0,0.0,100.0,0.0,0.0
Water,0.0,0.0,0.0,0.0,0.0,100.0,0.0
Other,0.0,0.0,0.10357327809425168,0.33661315380631796,0.0,0.0,99.55981356809943
