from_label,Crops,TreeCrops,Forest,Grassland,Urban,Water,Other
Crops,92.52232142857143,0.0,2.7901785714285716,4.575892857142857,0.11160714285714285,0.0,0.0
TreeCrops,0.0,0.0,0.0,0.0,0.0,0.0,0.0
Forest,0.0,0.0,99.75272060626085,0.2430159559160529,0.004263437823088648,0.0,0.0
Grassland,0.0013046569730653568,0.0,0.33268752813166597,99.65100425970502,0.011089584271055532,0.0,0.00391397091919607
Urban,0.0,0.0,0.0,0.0,100.0,0.0,0.0
Water,0.0,0.0,0.0,0.0,0.0,100.0,0.0
Other,0.0,0.0,0.28048176868503544,1.5344002639828411,0.0,0.0,98.18511796733212
