from_label,Crops,TreeCrops,Forest,Grassland,Urban,Water,Other
Crops,97.80893952673094,0.0,0.6134969325153374,1.5775635407537247,0.0,0.0,0.0
TreeCrops,0.0,0.0,0.0,0.0,0.0,0.0,0.0
Forest,0.0011221833198671336,0.0,99.74863093634976,0.2491246970105036,0.0011221833198671336,0.0,0.0
Grassland,0.0025120263260358967,0.0,0.3227953828956127,99.66778451838175,0.0025120263260358967,0.0,0.004396046070562819
Urban,0.0,0.0,0.0,0.0,100.0,0.0,0.0
Water,0.0,0.0,0.0,0.0,0.0,100.0,0.0
Other,0.0,0.0,0.0,0.27270820222362074,0.0,0.0,99.72729179777637
