from_label,Crops,TreeCrops,Forest,Grassland,Urban,Water,Other
Crops,98.28674481514878,0.0,0.9017132551848512,0.8115419296663661,0.0,0.0,0.0
TreeCrops,0.0,0.0,0.0,0.0,0.0,0.0,0.0
Forest,0.0011000737049382309,0.0,99.76018393232347,0.2101140776432021,0.0022001474098764617,0.0,0.026401768918517542
Grassland,0.0031899554682216637,0.0,0.3802426918120223,99.5208686886731,0.006379910936443327,0.0,0.08931875311020658
Urban,0.0,0.0,0.0,0.0,100.0,0.0,0.0
Water,0.0,0.0,0.0,0.0,0.0,100.0,0.0
Other,0.0,0.0,0.0,0.07347538574577515,0.0,0.0,99.92652461425422
