from_label,Crops,TreeCrops,Forest,Grassland,Urban,Water,Other
Crops,99.45255474452554,0.0,0.45620437956204374,0.09124087591240876,0.0,0.0,0.0
TreeCrops,0.0,0.0,0.0,0.0,0.0,0.0,0.0
Forest,0.010953982320272535,0.0,99.90579575204566,0.07886867270596225,0.004381592928109014,0.0,0.0
Grassland,0.011524056467876692,0.0,0.25224879157463426,99.7291846730049,0.0038413521559588974,0.0,0.003201126796632415
Urban,0.0,0.0,0.0,0.0,100.0,0.0,0.0
Water,0.0,0.0,0.0,0.0,0.0,100.0,0.0
Other,0.0,0.0,0.017844396859386154,0.4104211277658815,0.0,0.0,99.57173447537473
