from_label,Crops,TreeCrops,Forest,Grassland,Urban,Water,Other
Crops,96.02446483180428,0.0,0.37638202775817453,3.4580098800282286,0.047047753469771816,0.0,0.09409550693954363
TreeCrops,0.0,0.0,0.0,0.0,0.0,0.0,0.0
Forest,0.0010327591192630231,0.0,99.77279299376214,0.1600776634857686,0.0020655182385260463,0.0,0.06403106539430743
Grassland,0.01312268985980593,0.0,0.16257554659648457,98.94435250461116,0.017496919813074573,0.0,0.8624523391194676
Urban,0.0,0.0,0.0,0.0,100.0,0.0,0.0
Water,0.0,0.0,0.0,0.0,0.0,100.0,0.0
Other,0.0,0.0,0.0,0.05790760519881612,0.0,0.0,99.94209239480118
