from_label,Crops,TreeCrops,Forest,Grassland,Urban,Water,Other
Crops,99.3006993006993,0.0,0.4662004662004662,0.2331002331002331,0.0,0.0,0.0
TreeCrops,0.0,0.0,0.0,0.0,0.0,0.0,0.0
Forest,0.0012045435382261893,0.0,99.80847757742204,0.18429516134860693,0.006022717691130946,0.0,0.0
Grassland,0.003022864950485472,0.0,0.3125642358801978,99.66990314740698,0.0108823138217477,0.0,0.0036274379405825665
Urban,0.0,0.0,0.0,0.0,100.0,0.0,0.0
Water,0.0,0.0,0.0,0.0,0.0,100.0,0.0
Other,0.0,0.0,0.3924808923776079,0.9502168973352614,0.0,0.0,98.65730221028713
