from_label,Crops,TreeCrops,Forest,Grassland,Urban,Water,Other
Crops,99.45397815912636,0.0,0.39001560062402496,0.15600624024961,0.0,0.0,0.0
TreeCrops,0.0,0.0,0.0,0.0,0.0,0.0,0.0
Forest,0.0023747328425552127,0.0,99.84445499881264,0.14842080265970078,0.0047494656851104254,0.0,0.0
Grassland,0.003045363738244896,0.0,0.29661842810505284,99.68937289869902,0.00791794571943673,0.0,0.003045363738244896
Urban,0.0,0.0,0.0,0.0,100.0,0.0,0.0
Water,0.0,0.0,0.0,0.0,0.0,100.0,0.0
Other,0.0,0.0,0.12510425354462051,0.5838198498748958,0.0,0.0,99.29107589658048
