from_label,Crops,TreeCrops,Forest,Grassland,Urban,Water,Other
Crops,99.45872801082544,0.0,0.40595399188092013,0.13531799729364005,0.0,0.0,0.0
TreeCrops,0.0,0.0,0.0,0.0,0.0,0.0,0.0
Forest,0.0,0.0,99.9246128556022,0.070151926036835,0.0052352183609578355,0.0,0.0
Grassland,0.002000520135235161,0.0,0.2740712585272171,99.71192510052613,0.007335240495862257,0.0,0.00466788031554871
Urban,0.0,0.0,0.0,0.0,100.0,0.0,0.0
Water,0.0,0.0,0.0,0.0,0.0,100.0,0.0
Other,0.0,0.0,0.33466340584373794,0.33466340584373794,0.0,0.0,99.33067318831252
