from_label,Crops,TreeCrops,Forest,Grassland,Urban,Water,Other
Crops,99.3906567366283,0.09027307605506657,0.09027307605506657,0.4287971112615662,0.0,0.0,0.0
TreeCrops,0.0,100.0,0.0,0.0,0.0,0.0,0.0
Forest,0.03199834847233691,0.005161023947151114,99.74607762180017,0.21263418662262595,0.004128819157720892,0.0,0.0
Grassland,0.0709985652373275,0.0,0.1212892156137678,99.7810877571849,0.009614389042554764,0.0,0.017010072921443048
Urban,0.0,0.0,0.0,0.0,100.0,0.0,0.0
Water,0.0,0.0,0.0,0.0,0.0,100.0,0.0
Other,0.0,0.0,0.12797393985224825,0.25013088243848525,0.0,0.0,99.62189517770926
