from_label,Crops,TreeCrops,Forest,Grassland,Urban,Water,Other
Crops,98.24349767190161,0.03382225278751733,0.405867033450208,1.196180340251863,0.05298819603377716,0.0,0.06764450557503467
TreeCrops,0.0,74.64788732394366,7.042253521126761,16.431924882629108,1.8779342723004695,0.0,0.0
Forest,0.017804328877434484,0.001290168759234383,99.78438699695675,0.15208509333854905,0.004283360280658151,0.0,0.04015005178737399
Grassland,0.24079736335920252,0.0006636583280455741,0.15806129179618758,99.04093997615992,0.012830727675547767,0.0,0.5467069826810986
Urban,0.0,0.0,0.0,0.0,100.0,0.0,0.0
Water,0.0,0.0,0.0,0.0,0.0,100.0,0.0
Other,0.0,0.0,0.03345260780998919,0.11887623132478302,0.0,0.0,99.84767116086523
