from_label,Crops,TreeCrops,Forest,Grassland,Urban,Water,Other
Crops,99.46332737030411,0.0,0.26833631484794274,0.26833631484794274,0.0,0.0,0.0
TreeCrops,0.0,0.0,0.0,0.0,0.0,0.0,0.0
Forest,0.005458217346214726,0.0,99.78167130615141,0.1932208940560013,0.003274930407728836,0.0,0.016374652038644178
Grassland,0.009623527600277158,0.0,0.3849411040110863,99.55410988785383,0.005132548053481151,0.0,0.04619293248133036
Urban,0.0,0.0,0.0,0.0,100.0,0.0,0.0
Water,0.0,0.0,0.0,0.0,0.0,100.0,0.0
Other,0.0,0.0,0.0,0.07162041181736795,0.0,0.0,99.92837958818264
