from_label,Crops,TreeCrops,Forest,Grassland,Urban,Water,Other
Crops,98.20666097352691,0.0,0.4269854824935952,1.3663535439795047,0.0,0.0,0.0
TreeCrops,0.0,0.0,0.0,0.0,0.0,0.0,0.0
Forest,0.0,0.0,99.74653465346535,0.25346534653465347,0.0,0.0,0.0
Grassland,0.003126876125675405,0.0,0.32832199319591754,99.6629227536522,0.001250750450270162,0.0,0.004377626575945567
Urban,0.0,0.0,0.0,0.0,100.0,0.0,0.0
Water,0.0,0.0,0.0,0.0,0.0,100.0,0.0
Other,0.0,0.0,0.27032647119983366,2.4537325847369518,0.0,0.0,97.27594094406321
