from_label,Crops,TreeCrops,Forest,Grassland,Urban,Water,Other
Crops,95.93639575971731,0.0,3.180212014134275,0.7950530035335688,0.08833922261484099,0.0,0.0
TreeCrops,0.0,0.0,0.0,0.0,0.0,0.0,0.0
Forest,0.002173724023997913,0.0,99.84783931832014,0.14563950960786018,0.004347448047995826,0.0,0.0
Grassland,0.002574715011232194,0.0,0.3321382364489531,99.65498818849488,0.0045057512696563395,0.0,0.005793108775272437
Urban,0.0,0.0,0.0,0.0,100.0,0.0,0.0
Water,0.0,0.0,0.0,0.0,0.0,100.0,0.0
Other,0.0,0.0,0.035285815102328866,0.017642907551164433,0.0,0.0,99.94707127734651
