from_label,Crops,TreeCrops,Forest,Grassland,Urban,Water,Other
Crops,99.37440758293839,0.43601895734597157,0.05687203791469195,0.1137440758293839,0.0,0.0,0.01895734597156398
TreeCrops,0.0,100.0,0.0,0.0,0.0,0.0,0.0
Forest,0.009285721655334648,0.016507949609483815,99.82253954169805,0.11658739411697946,0.003095240551778216,0.0,0.031984152368374895
Grassland,0.42022244383711815,0.00913527051819822,0.18042159273441483,99.08190531292108,0.01674799595003007,0.0,0.2915673840391598
Urban,0.0,0.0,0.0,0.0,100.0,0.0,0.0
Water,0.0,0.0,0.0,0.0,0.0,100.0,0.0
Other,0.0,0.0,0.0,0.04504053648283455,0.0,0.0,99.95495946351717
