from_label,Crops,TreeCrops,Forest,Grassland,Urban,Water,Other
Crops,99.68997588701343,0.0,0.05167068549776094,0.2583534274888047,0.0,0.0,0.0
TreeCrops,0.0,96.66666666666667,0.0,3.3333333333333335,0.0,0.0,0.0
Forest,0.03607987052480749,0.0,99.75981114764913,0.1422577752120981,0.0020617068871318566,0.0,0.05978949972682383
Grassland,0.23339469893624396,0.0,0.2603544826417507,99.0695023223928,0.015405590688860986,0.0,0.42134290534034796
Urban,0.0,0.0,0.0,0.0,100.0,0.0,0.0
Water,0.0,0.0,0.0,0.0,0.0,100.0,0.0
Other,0.0,0.0,0.0,0.052843966179861646,0.0,0.0,99.94715603382014
