from_label,Crops,TreeCrops,Forest,Grassland,Urban,Water,Other
Crops,88.51174934725849,0.0,2.610966057441253,8.790252393385552,0.08703220191470844,0.0,0.0
TreeCrops,0.0,0.0,0.0,0.0,0.0,0.0,0.0
Forest,0.0,0.0,99.7467648131854,0.2510891259093933,0.0021460609052084897,0.0,0.0
Grassland,0.00260533703291192,0.0,0.326969797630446,99.65349017462272,0.01107268238987566,0.0,0.00586200832405182
Urban,0.0,0.0,0.0,0.0,100.0,0.0,0.0
Water,0.0,0.0,0.0,0.0,0.0,100.0,0.0
Other,0.0,0.0,0.22425116130065673,2.0182604517059106,0.0,0.0,97.75748838699343
