from_label,Crops,TreeCrops,Forest,Grassland,Urban,Water,Other
Crops,99.13657770800629,0.0,0.15698587127158556,0.7064364207221351,0.0,0.0,0.0
TreeCrops,0.0,0.0,0.0,0.0,0.0,0.0,0.0
Forest,0.0,0.0,99.7514748919961,0.24736377572351,0.0011613322803920656,0.0,0.0
Grassland,0.003701030737060271,0.0,0.37010307370602713,99.60645706495926,0.014804122948241084,0.0,0.0049347076494136955
Urban,0.0,0.0,0.0,0.0,100.0,0.0,0.0
Water,0.0,0.0,0.0,0.0,0.0,100.0,0.0
Other,0.0,0.0,0.06148800983808157,0.5124000819840131,0.0,0.0,99.4261119081779
