from_label,Crops,TreeCrops,Forest,Grassland,Urban,Water,Other
Crops,99.46148442987591,0.0,0.07024116132053383,0.3277920861624912,0.0,0.0,0.14048232264106766
TreeCrops,0.0,100.0,0.0,0.0,0.0,0.0,0.0
Forest,0.014454597078106446,0.0,99.77905115894895,0.1517732693201177,0.003097413659594239,0.0,0.05162356099323731
Grassland,0.12439733539435427,0.0,0.17371462220750064,99.40230392698098,0.016193735968495823,0.0,0.2833903794486769
Urban,0.0,0.0,0.0,0.0,100.0,0.0,0.0
Water,0.0,0.0,0.0,0.0,0.0,100.0,0.0
Other,0.0,0.0,0.0,0.05966587112171838,0.0,0.0,99.94033412887828
