from_label,Crops,TreeCrops,Forest,Grassland,Urban,Water,Other
Crops,98.26839826839827,0.0,1.0389610389610389,0.6926406926406926,0.0,0.0,0.0
TreeCrops,0.0,0.0,0.0,0.0,0.0,0.0,0.0
Forest,0.0011274719823212392,0.0,99.7722506595711,0.21421967664103547,0.0,0.0,0.012402191805533633
Grassland,0.0031304195388265933,0.0,0.3806590159213138,99.56737601973417,0.0018782517232959562,0.0,0.0469562930823989
Urban,0.0,0.0,0.0,0.0,100.0,0.0,0.0
Water,0.0,0.0,0.0,0.0,0.0,100.0,0.0
Other,0.0,0.0,0.0,0.08537886872998933,0.0,0.0,99.91462113127001
