from_label,Crops,TreeCrops,Forest,Grassland,Urban,Water,Other
Crops,99.46524064171123,0.0,0.21876519202722414,0.267379679144385,0.024307243558580455,0.0,0.024307243558580455
TreeCrops,0.0,0.0,0.0,0.0,0.0,0.0,0.0
Forest,0.04646456302659838,0.0,99.78626301007765,0.156946968445399,0.010325458450355197,0.0,0.0
Grassland,0.04638487852959935,0.0,0.11668696005102336,99.81880906824375,0.010871455905374847,0.0,0.007247637270249899
Urban,0.0,0.0,0.0,0.0,100.0,0.0,0.0
Water,0.0,0.0,0.0,0.0,0.0,100.0,0.0
Other,0.0,0.0,0.12749966447456718,0.4093410280499261,0.0,0.0,99.46315930747551
