from_label,Crops,TreeCrops,Forest,Grassland,Urban,Water,Other
Crops,99.45482866043614,0.0,0.3115264797507788,0.23364485981308408,0.0,0.0,0.0
TreeCrops,0.0,0.0,0.0,0.0,0.0,0.0,0.0
Forest,0.002398024028200763,0.0,99.78537684947602,0.20143401836886404,0.007194072084602288,0.0,0.003597036042301144
Grassland,0.0030291647986817076,0.0,0.35865311216391416,99.60560274321165,0.01272249215446317,0.0,0.01999248767129927
Urban,0.0,0.0,0.0,0.0,100.0,0.0,0.0
Water,0.0,0.0,0.0,0.0,0.0,100.0,0.0
Other,0.0,0.0,0.0,0.06273525721455457,0.0,0.0,99.93726474278544
