from_label,Crops,TreeCrops,Forest,Grassland,Urban,Water,Other
Crops,71.7939027462837,0.0,0.6424792139077854,27.47543461829176,0.06298815822625346,0.0,0.02519526329050139
TreeCrops,0.0,0.0,0.0,0.0,0.0,0.0,0.0
Forest,0.0020284387107243557,0.0,99.25150611574271,0.7444370068358385,0.0020284387107243557,0.0,0.0
Grassland,0.0005786311515724302,0.0,0.0028931557578621508,99.9951780737369,0.00019287705052414337,0.0,0.0011572623031448604
Urban,0.0,0.0,0.0,0.0,100.0,0.0,0.0
Water,0.0,0.0,0.0,0.0,0.0,100.0,0.0
Other,0.0,0.0,0.01725327812284334,0.01725327812284334,0.0,0.0,99.96549344375431
