from_label,Crops,TreeCrops,Forest,Grassland,Urban,Water,Other
Crops,99.92489673300788,0.0,0.0,0.07510326699211416,0.0,0.0,0.0
TreeCrops,0.0,0.0,0.0,0.0,0.0,0.0,0.0
Forest,0.0023051566353933747,0.0,99.1286507918213,0.8690440515433023,0.0,0.0,0.0
Grassland,0.00018887667486391436,0.0,0.010954847142107033,99.98734526278412,0.0007555066994556574,0.0,0.0007555066994556574
Urban,0.0,0.0,0.0,0.0,100.0,0.0,0.0
Water,0.0,0.0,0.0,0.0,0.0,100.0,0.0
Other,0.0,0.0,0.0,0.0,0.0,0.0,100.0
