from_label,Crops,TreeCrops,Forest,Grassland,Urban,Water,Other
Crops,99.92314589470988,0.0,0.01280901754835404,0.0640450877417702,0.0,0.0,0.0
TreeCrops,0.0,0.0,0.0,0.0,0.0,0.0,0.0
Forest,0.0,0.0,99.36417606351213,0.6358239364878632,0.0,0.0,0.0
Grassland,0.0023476750191726795,0.0,0.014477329284898189,99.98219679777127,0.0001956395849310566,0.0,0.0007825583397242264
Urban,0.0,0.0,0.0,0.0,100.0,0.0,0.0
Water,0.0,0.0,0.0,0.0,0.0,100.0,0.0
Other,0.0,0.0,0.0,0.017467248908296942,0.0,0.0,99.9825327510917
