from_label,Crops,TreeCrops,Forest,Grassland,Urban,Water,Other
Crops,99.92303745510517,0.0,0.012827090815802975,0.06413545407901487,0.0,0.0,0.0
TreeCrops,0.0,0.0,0.0,0.0,0.0,0.0,0.0
Forest,0.0,0.0,99.3254025823299,0.6727839837516322,0.0018134339184680112,0.0,0.0
Grassland,0.0009748146877278629,0.0,0.013842368565735653,99.98401303912127,0.0003899258750911452,0.0,0.0007798517501822904
Urban,0.0,0.0,0.0,0.0,100.0,0.0,0.0
Water,0.0,0.0,0.0,0.0,0.0,100.0,0.0
Other,0.0,0.0,0.0,0.017412502176562775,0.0,0.0,99.98258749782345
