from_label,Crops,TreeCrops,Forest,Grassland,Urban,Water,Other
Crops,99.91022188021034,0.0,0.012825445684237527,0.07695267410542517,0.0,0.0,0.0
TreeCrops,0.0,0.0,0.0,0.0,0.0,0.0,0.0
Forest,0.0,0.0,99.31427307415804,0.6857269258419509,0.0,0.0,0.0
Grassland,0.00038926106571894576,0.0,0.013818767833022574,99.98442955737124,0.0005838915985784186,0.0,0.0007785221314378915
Urban,0.0,0.0,0.0,0.0,100.0,0.0,0.0
Water,0.0,0.0,0.0,0.0,0.0,100.0,0.0
Other,0.0,0.0,0.0,0.017382235355466714,0.0,0.0,99.98261776464453
