from_label,Crops,TreeCrops,Forest,Grassland,Urban,Water,Other
Crops,99.91019884541372,0.0,0.01282873636946761,0.07697241821680564,0.0,0.0,0.0
TreeCrops,0.0,0.0,0.0,0.0,0.0,0.0,0.0
Forest,0.0,0.0,99.32325608298306,0.6767439170169283,0.0,0.0,0.0
Grassland,0.003681293025112231,0.0,0.013175153984612196,99.9819810394034,0.0005812567934387734,0.0,0.0005812567934387734
Urban,0.0,0.0,0.0,0.0,100.0,0.0,0.0
Water,0.0,0.0,0.0,0.0,0.0,100.0,0.0
Other,0.0,0.0,0.0,0.01731301939058172,0.0,0.0,99.98268698060942
