from_label,Crops,TreeCrops,Forest,Grassland,Urban,Water,Other
Crops,99.92299794661191,0.0,0.012833675564681726,0.06416837782340862,0.0,0.0,0.0
TreeCrops,0.0,0.0,0.0,0.0,0.0,0.0,0.0
Forest,0.0018536024764129085,0.0,99.30675267382158,0.6895401212256019,0.0018536024764129085,0.0,0.0
Grassland,0.0005835520032367685,0.0,0.014005248077682443,99.9840495785782,0.0005835520032367685,0.0,0.0007780693376490246
Urban,0.0,0.0,0.0,0.0,100.0,0.0,0.0
Water,0.0,0.0,0.0,0.0,0.0,100.0,0.0
Other,0.0,0.0,0.0,0.017373175816539264,0.0,0.0,99.98262682418346
