from_label,Crops,TreeCrops,Forest,Grassland,Urban,Water,Other
Crops,99.89868287740629,0.0,0.0,0.10131712259371835,0.0,0.0,0.0
TreeCrops,0.0,0.0,0.0,0.0,0.0,0.0,0.0
Forest,0.0,0.0,99.40071745093901,0.5908419497784343,0.00844059928254906,0.0,0.0
Grassland,0.015068255382132863,0.0,0.01239793164352704,99.97158012592485,0.0005722122297012479,0.0,0.000381474819800832
Urban,0.0,0.0,0.0,0.0,100.0,0.0,0.0
Water,0.0,0.0,0.0,0.0,0.0,100.0,0.0
Other,0.0,0.0,0.0,0.017167381974248927,0.0,0.0,99.98283261802575
