from_label,Crops,TreeCrops,Forest,Grassland,Urban,Water,Other
Crops,99.70700263697627,0.0,0.0,0.2929973630237328,0.0,0.0,0.0
TreeCrops,0.0,0.0,0.0,0.0,0.0,0.0,0.0
Forest,0.05064183015170531,0.0,99.55303080344365,0.39632736640465027,0.0,0.0,0.0
Grassland,0.04062933703933642,0.0,0.011581259623362249,99.94684011976162,0.0007594268605483442,0.0,0.00018985671513708604
Urban,0.0,0.0,0.0,0.0,100.0,0.0,0.0
Water,0.0,0.0,0.0,0.0,0.0,100.0,0.0
Other,0.0,0.0,0.0,0.017123287671232876,0.0,0.0,99.98287671232877
