from_label,Crops,TreeCrops,Forest,Grassland,Urban,Water,Other
Crops,99.91033687716153,0.0,0.01280901754835404,0.07685410529012425,0.0,0.0,0.0
TreeCrops,0.0,0.0,0.0,0.0,0.0,0.0,0.0
Forest,0.0,0.0,99.33085899860818,0.6691410013918133,0.0,0.0,0.0
Grassland,0.00039060669031139165,0.0,0.014647750886677188,99.98378982235208,0.00039060669031139165,0.0,0.0007812133806227833
Urban,0.0,0.0,0.0,0.0,100.0,0.0,0.0
Water,0.0,0.0,0.0,0.0,0.0,100.0,0.0
Other,0.0,0.0,0.0,0.017439832577607256,0.0,0.0,99.98256016742239
