from_label,Crops,TreeCrops,Forest,Grassland,Urban,Water,Other
Crops,99.91616013414378,0.0,0.020959966464053657,0.06287989939216097,0.0,0.0,0.0
TreeCrops,0.0,0.0,0.0,0.0,0.0,0.0,0.0
Forest,0.0,0.0,99.86445411977327,0.1334921547687505,0.002053725457980777,0.0,0.0
Grassland,0.2736462743701253,0.0,0.012255676388864952,99.71275758463598,0.0011489696614560892,0.0,0.00019149494357601488
Urban,0.0,0.0,0.0,0.0,100.0,0.0,0.0
Water,0.0,0.0,0.0,0.0,0.0,100.0,0.0
Other,0.05159071367153912,0.0,0.034393809114359415,0.08598452278589853,0.0,0.0,99.8280309544282
