from_label,Crops,TreeCrops,Forest,Grassland,Urban,Water,Other
Crops,100.0,0.0,0.0,0.0,0.0,0.0,0.0
TreeCrops,0.0,100.0,0.0,0.0,0.0,0.0,0.0
Forest,0.002356989652815424,0.0,99.09962995262451,0.8815141301529686,0.011784948264077121,0.0,0.004713979305630848
Grassland,0.00018854903971974072,0.0,0.01055874622430548,99.98774431241822,0.0007541961588789629,0.0,0.0007541961588789629
Urban,0.0,0.0,0.0,0.0,100.0,0.0,0.0
Water,0.0,0.0,0.0,0.0,0.0,100.0,0.0
Other,0.0,0.0,0.0,0.017047391749062394,0.0,0.0,99.98295260825094
