from_label,Crops,TreeCrops,Forest,Grassland,Urban,Water,Other
Crops,81.92307692307692,0.0,0.8241758241758242,17.142857142857142,0.08241758241758242,0.0,0.027472527472527472
TreeCrops,0.0,0.0,0.0,0.0,0.0,0.0,0.0
Forest,0.0022087244616234127,0.0,99.17172832689121,0.8260629486471562,0.0,0.0,0.0
Grassland,0.00018988880111806526,0.0,0.005886552834660023,99.99278422555751,0.00018988880111806526,0.0,0.0009494440055903263
Urban,0.0,0.0,0.0,0.0,100.0,0.0,0.0
Water,0.0,0.0,0.0,0.0,0.0,100.0,0.0
Other,0.0,0.0,0.0,0.017123287671232876,0.0,0.0,99.98287671232877
