from_label,Crops,TreeCrops,Forest,Grassland,Urban,Water,Other
Crops,99.92315573770492,0.0,0.012807377049180328,0.06403688524590163,0.0,0.0,0.0
TreeCrops,0.0,0.0,0.0,0.0,0.0,0.0,0.0
Forest,0.003549560741858195,0.0,99.33090780015974,0.6655426390984116,0.0,0.0,0.0
Grassland,0.000586253527292056,0.0,0.014265502497440026,99.98417115476312,0.0001954178424306853,0.0,0.0007816713697227412
Urban,0.0,0.0,0.0,0.0,100.0,0.0,0.0
Water,0.0,0.0,0.0,0.0,0.0,100.0,0.0
Other,0.0,0.0,0.0,0.017448961786773687,0.0,0.0,99.98255103821323
