from_label,Crops,TreeCrops,Forest,Grassland,Urban,Water,Other
Crops,99.87244897959184,0.0,0.0,0.12755102040816327,0.0,0.0,0.0
TreeCrops,0.0,0.0,0.0,0.0,0.0,0.0,0.0
Forest,0.054446460980036304,0.0,99.7595281306715,0.18602540834845735,0.0,0.0,0.0
Grassland,0.17584805516593885,0.0,0.010978672981296506,99.81241612199199,0.000567862395584302,0.0,0.00018928746519476734
Urban,0.0,0.0,0.0,0.0,100.0,0.0,0.0
Water,0.0,0.0,0.0,0.0,0.0,100.0,0.0
Other,0.2052334530528476,0.0,0.0,0.06841115101761587,0.0,0.0,99.72635539592953
