from_label,Crops,TreeCrops,Forest,Grassland,Urban,Water,Other
Crops,99.87571464081532,0.0,0.0,0.12428535918468804,0.0,0.0,0.0
TreeCrops,0.0,0.0,0.0,0.0,0.0,0.0,0.0
Forest,0.09115770282588878,0.0,99.76468592991456,0.1420364206821988,0.002119946577346251,0.0,0.0
Grassland,0.26067042067667523,0.0,0.012013340528625122,99.72598142318041,0.0011441276693928686,0.0,0.00019068794489881144
Urban,0.0,0.0,0.0,0.0,100.0,0.0,0.0
Water,0.0,0.0,0.0,0.0,0.0,100.0,0.0
Other,0.051493305870236865,0.0,0.0,0.08582217645039478,0.0,0.0,99.86268451767937
