from_label,Crops,TreeCrops,Forest,Grassland,Urban,Water,Other
Crops,64.94996338784476,0.0,0.9763241396143519,33.63436660971443,0.0976324139614352,0.0,0.3417134488650232
TreeCrops,0.0,0.0,0.0,0.0,0.0,0.0,0.0
Forest,0.0,0.0,99.1256359011628,0.872093023255814,0.002271075581395349,0.0,0.0
Grassland,0.00037922168541285864,0.0,0.0036026060114221574,99.99469089640421,0.00018961084270642932,0.0,0.0011376650562385758
Urban,0.0,0.0,0.0,0.0,100.0,0.0,0.0
Water,0.0,0.0,0.0,0.0,0.0,100.0,0.0
Other,0.0,0.0,0.0,0.017146776406035662,0.0,0.0,99.98285322359396
