from_label,Crops,TreeCrops,Forest,Grassland,Urban,Water,Other
Crops,99.91129134456976,0.0,0.012672665061462427,0.07603599036877455,0.0,0.0,0.0
TreeCrops,0.0,0.0,0.0,0.0,0.0,0.0,0.0
Forest,0.0,0.0,99.37025674148232,0.6196512191183594,0.010092039399321816,0.0,0.0
Grassland,0.010419138800294051,0.0,0.012734502978137174,99.97568867613265,0.0007717880592810409,0.0,0.00038589402964052047
Urban,0.0,0.0,0.0,0.0,100.0,0.0,0.0
Water,0.0,0.0,0.0,0.0,0.0,100.0,0.0
Other,0.0,0.0,0.0,0.01725625539257981,0.0,0.0,99.98274374460742
