from_label,Crops,TreeCrops,Forest,Grassland,Urban,Water,Other
Crops,99.91006038802517,0.0,0.012848515996402417,0.07709109597841449,0.0,0.0,0.0
TreeCrops,0.0,0.0,0.0,0.0,0.0,0.0,0.0
Forest,0.003769886149438287,0.0,99.29691623312976,0.6974289376460832,0.0018849430747191435,0.0,0.0
Grassland,0.0003883661049598235,0.0,0.013592813673593822,99.9844653558016,0.000776732209919647,0.0,0.000776732209919647
Urban,0.0,0.0,0.0,0.0,100.0,0.0,0.0
Water,0.0,0.0,0.0,0.0,0.0,100.0,0.0
Other,0.0,0.0,0.0,0.017346053772766695,0.0,0.0,99.98265394622723
