from_label,Crops,TreeCrops,Forest,Grassland,Urban,Water,Other
Crops,96.56177156177156,0.0,0.024975024975024976,2.1228771228771226,0.0,0.0,1.2903762903762903
TreeCrops,0.0,100.0,0.0,0.0,0.0,0.0,0.0
Forest,0.0,0.0,99.85298441634814,0.058806233460746836,0.0,0.0,0.08820935019112026
Grassland,0.0021211831959867212,0.0,0.0010605915979933606,99.94272805370836,0.0,0.0,0.05409017149766139
Urban,0.0,0.0,0.0,0.0,100.0,0.0,0.0
Water,0.0,0.0,0.0,0.0,0.0,100.0,0.0
Other,0.0,0.0,0.0,0.024506751409138206,0.0,0.0,99.97549324859087
