from_label,Crops,TreeCrops,Forest,Grassland,Urban,Water,Other
Crops,99.8090111988888,0.0,0.0,0.19098880111120756,0.0,0.0,0.0
TreeCrops,0.0,100.0,0.0,0.0,0.0,0.0,0.0
Forest,0.05885815185403178,0.0,99.88228369629194,0.05885815185403178,0.0,0.0,0.0
Grassland,0.13871689529266076,0.0,0.0010629647148862893,99.84959049284359,0.0005314823574431446,0.0,0.010098164791419749
Urban,0.0,0.0,0.0,0.0,100.0,0.0,0.0
Water,0.0,0.0,0.0,0.0,0.0,100.0,0.0
Other,0.22534873016190685,0.0,0.001200792523065223,0.12208057317829768,0.002001320871775372,0.0,99.64936858326496
