from_label,Crops,TreeCrops,Forest,Grassland,Urban,Water,Other
Crops,96.78479794740218,0.0,0.016035920461834507,1.419178960872354,0.024053880692751765,0.0,1.7559332905708787
TreeCrops,0.0,86.76470588235294,13.23529411764706,0.0,0.0,0.0,0.0
Forest,0.0,0.0,99.90977443609023,0.06015037593984962,0.0,0.0,0.03007518796992481
Grassland,0.004230632955573066,0.0,0.0015864873583398996,99.99259639232775,0.0,0.0,0.0015864873583398996
Urban,0.0,0.0,0.0,0.0,100.0,0.0,0.0
Water,0.0,0.0,0.0,0.0,0.0,100.0,0.0
Other,0.0,0.0,0.0,0.023801551538427404,0.0,0.0,99.97619844846157
