from_label,Crops,TreeCrops,Forest,Grassland,Urban,Water,Other
Crops,97.61942802364595,0.0,0.015976993129892952,1.2142514778718645,0.007988496564946476,0.0,1.1423550087873462
TreeCrops,0.0,100.0,0.0,0.0,0.0,0.0,0.0
Forest,0.0,0.0,99.84857662023016,0.09085402786190189,0.0,0.0,0.06056935190793458
Grassland,0.0016039607136555866,0.0,0.0016039607136555866,99.9914455428605,0.0,0.0,0.005346535712185289
Urban,0.0,0.0,0.0,0.0,100.0,0.0,0.0
Water,0.0,0.0,0.0,0.0,0.0,100.0,0.0
Other,0.0,0.0,0.0,0.02360103844569161,0.00040001760077443407,0.0,99.97599894395354
