from_label,Crops,TreeCrops,Forest,Grassland,Urban,Water,Other
Crops,99.98371070206873,0.0,0.0,0.01628929793125916,0.0,0.0,0.0
TreeCrops,0.0,0.0,0.0,0.0,0.0,0.0,0.0
Forest,0.0,0.0,99.88217967599411,0.11782032400589101,0.0,0.0,0.0
Grassland,0.02203329714856891,0.0,0.00214958996571404,99.97366752292001,0.0,0.0,0.00214958996571404
Urban,0.0,0.0,0.0,0.0,100.0,0.0,0.0
Water,0.0,0.0,0.0,0.0,0.0,100.0,0.0
Other,0.0035746201966041107,0.0,0.0,0.03773210207526561,0.0007943600436898023,0.0,99.95789891768445
