from_label,Crops,TreeCrops,Forest,Grassland,Urban,Water,Other
Crops,99.97230684021046,0.0,0.009231053263177328,0.018462106526354657,0.0,0.0,0.0
TreeCrops,0.0,0.0,0.0,0.0,0.0,0.0,0.0
Forest,0.029437739181630854,0.0,99.88224904327348,0.08831321754489255,0.0,0.0,0.0
Grassland,0.016759112091429065,0.0,0.001081233038156714,99.98161903835133,0.0,0.0,0.000540616519078357
Urban,0.0,0.0,0.0,0.0,100.0,0.0,0.0
Water,0.0,0.0,0.0,0.0,0.0,100.0,0.0
Other,0.003538389560964486,0.0,0.0,0.035777050005307585,0.0003931543956627207,0.0,99.96029140603807
