from_label,Crops,TreeCrops,Forest,Grassland,Urban,Water,Other
Crops,99.98186434530287,0.0,0.0,0.018135654697134566,0.0,0.0,0.0
TreeCrops,0.0,0.0,0.0,0.0,0.0,0.0,0.0
Forest,0.0,0.0,99.88221436984688,0.11778563015312131,0.0,0.0,0.0
Grassland,0.001618044431500089,0.0,0.002157392575333452,99.99622456299316,0.0,0.0,0.0
Urban,0.0,0.0,0.0,0.0,100.0,0.0,0.0
Water,0.0,0.0,0.0,0.0,0.0,100.0,0.0
Other,0.0,0.0,0.0,0.02561919626669189,0.0003941414810260291,0.0,99.97398666225227
