from_label,Crops,TreeCrops,Forest,Grassland,Urban,Water,Other
Crops,99.85956216439487,0.0,0.0,0.14043783560512185,0.0,0.0,0.0
TreeCrops,0.0,100.0,0.0,0.0,0.0,0.0,0.0
Forest,0.0,2.623906705539359,97.25947521865889,0.11661807580174927,0.0,0.0,0.0
Grassland,0.0015828461684570415,0.0,0.002110461557942722,99.96570499968344,0.003165692336914083,0.0,0.027436000253255387
Urban,0.0,0.0,0.0,0.0,100.0,0.0,0.0
Water,0.0,0.0,0.0,0.0,0.0,100.0,0.0
Other,0.0,0.0,0.0,0.025830928500797126,0.0004036082578249551,0.0,99.97376546324138
