from_label,Crops,TreeCrops,Forest,Grassland,Urban,Water,Other
Crops,99.9410551134689,0.0,0.0,0.05894488653109342,0.0,0.0,0.0
TreeCrops,0.0,0.0,0.0,0.0,0.0,0.0,0.0
Forest,0.0,0.0,99.88224904327348,0.11775095672652341,0.0,0.0,0.0
Grassland,0.036883156330342906,0.0,0.0021695974311966414,99.95986244752287,0.0,0.0,0.0010847987155983207
Urban,0.0,0.0,0.0,0.0,100.0,0.0,0.0
Water,0.0,0.0,0.0,0.0,0.0,100.0,0.0
Other,0.010171029777645642,0.0,0.0,0.04850798817030998,0.0003911934529863708,0.0,99.94092978859905
