from_label,Crops,TreeCrops,Forest,Grassland,Urban,Water,Other
Crops,99.97398091934086,0.0,0.0,0.026019080659150044,0.0,0.0,0.0
TreeCrops,0.0,100.0,0.0,0.0,0.0,0.0,0.0
Forest,0.08743806470416789,0.0,99.85426989215972,0.05829204313611192,0.0,0.0,0.0
Grassland,0.11344389276122435,0.0,0.0010552920256858079,99.8596461605838,0.0015829380385287118,0.0,0.02427171659077358
Urban,0.0,0.0,0.0,0.0,100.0,0.0,0.0
Water,0.0,0.0,0.0,0.0,0.0,100.0,0.0
Other,0.1429313406154503,0.0,0.0008052469893828185,0.10951359055606331,0.001610493978765637,0.0,99.74513932786033
