from_label,Crops,TreeCrops,Forest,Grassland,Urban,Water,Other
Crops,99.173688947067,0.04908778532275219,0.00818129755379203,0.5645095312116502,0.0,0.0,0.2045324388448008
TreeCrops,0.0,100.0,0.0,0.0,0.0,0.0,0.0
Forest,0.0,0.0,99.87886129618413,0.12113870381586916,0.0,0.0,0.0
Grassland,0.0010681763559163618,0.0,0.0016022645338745428,99.99305685368654,0.0,0.0,0.004272705423665447
Urban,0.0,0.0,0.0,0.0,100.0,0.0,0.0
Water,0.0,0.0,0.0,0.0,0.0,100.0,0.0
Other,0.0,0.0,0.0,0.02319220741830745,0.00039986564514323187,0.0,99.97640792693655
