from_label,Crops,TreeCrops,Forest,Grassland,Urban,Water,Other
Crops,99.58713775307662,0.3811036125446606,0.0,0.031758634378721715,0.0,0.0,0.0
TreeCrops,0.0,100.0,0.0,0.0,0.0,0.0,0.0
Forest,0.0302571860816944,0.0,99.87897125567322,0.0907715582450832,0.0,0.0,0.0
Grassland,0.047141005174796705,0.0,0.0016070797218680696,99.94750206241898,0.0,0.0,0.0037498526843588284
Urban,0.0,0.0,0.0,0.0,100.0,0.0,0.0
Water,0.0,0.0,0.0,0.0,0.0,100.0,0.0
Other,0.01997299650872021,0.0,0.0003994599301744042,0.07390008708226478,0.0011983797905232125,0.0,99.90452907668832
