from_label,Crops,TreeCrops,Forest,Grassland,Urban,Water,Other
Crops,99.94197853205686,0.0,0.0,0.05802146794313896,0.0,0.0,0.0
TreeCrops,0.0,0.0,0.0,0.0,0.0,0.0,0.0
Forest,0.0,0.0,99.88224904327348,0.11775095672652341,0.0,0.0,0.0
Grassland,0.0319810932113354,0.0,0.002168209709243078,99.96368248737018,0.0,0.0,0.002168209709243078
Urban,0.0,0.0,0.0,0.0,100.0,0.0,0.0
Water,0.0,0.0,0.0,0.0,0.0,100.0,0.0
Other,0.007832509614405552,0.0,0.0,0.045428555763552196,0.00039162548072027754,0.0,99.94634730914133
