from_label,Crops,TreeCrops,Forest,Grassland,Urban,Water,Other
Crops,99.98347107438018,0.0,0.0,0.01652892561983471,0.0,0.0,0.0
TreeCrops,0.0,100.0,0.0,0.0,0.0,0.0,0.0
Forest,0.0,0.0,99.88338192419826,0.11661807580174927,0.0,0.0,0.0
Grassland,0.003693249267945234,0.0,0.0021104281531115626,99.96148468620572,0.0031656422296673435,0.0,0.029545994143561873
Urban,0.0,0.0,0.0,0.0,100.0,0.0,0.0
Water,0.0,0.0,0.0,0.0,0.0,100.0,0.0
Other,0.0,0.0,0.0,0.025829990233034943,0.000403593597391171,0.0,99.97376641616957
