from_label,Crops,TreeCrops,Forest,Grassland,Urban,Water,Other
Crops,99.78807947019868,0.0,0.0,0.2119205298013245,0.0,0.0,0.0
TreeCrops,0.0,85.949177877429,14.050822122571002,0.0,0.0,0.0,0.0
Forest,0.09085402786190189,0.0,99.84857662023016,0.06056935190793458,0.0,0.0,0.0
Grassland,0.10316460071577088,0.0,0.0015953288770480033,99.86492882174328,0.0005317762923493345,0.0,0.02977947237156273
Urban,0.0,0.0,0.0,0.0,100.0,0.0,0.0
Water,0.0,0.0,0.0,0.0,0.0,100.0,0.0
Other,0.11393391832737011,0.0,0.0011993044034460012,0.10274041056187412,0.0015990725379280016,0.0,99.78052729416939
