from_label,Crops,TreeCrops,Forest,Grassland,Urban,Water,Other
Crops,99.98182313914387,0.0,0.0,0.018176860856130145,0.0,0.0,0.0
TreeCrops,0.0,0.0,0.0,0.0,0.0,0.0,0.0
Forest,0.0,0.0,99.88221436984688,0.11778563015312131,0.0,0.0,0.0
Grassland,0.0010801644010218355,0.0,0.002160328802043671,99.99567934239592,0.0,0.0,0.0010801644010218355
Urban,0.0,0.0,0.0,0.0,100.0,0.0,0.0
Water,0.0,0.0,0.0,0.0,0.0,100.0,0.0
Other,0.0003937054374657968,0.0,0.0,0.0248034425603452,0.0003937054374657968,0.0,99.97440914656472
