from_label,Crops,TreeCrops,Forest,Grassland,Urban,Water,Other
Crops,99.93097100782329,0.0,0.0,0.06902899217671422,0.0,0.0,0.0
TreeCrops,0.0,0.0,0.0,0.0,0.0,0.0,0.0
Forest,0.0,0.0,99.88217967599411,0.11782032400589101,0.0,0.0,0.0
Grassland,0.015549847986830886,0.0,0.002144806618873226,99.98069674043015,0.0,0.0,0.0016086049641549193
Urban,0.0,0.0,0.0,0.0,100.0,0.0,0.0
Water,0.0,0.0,0.0,0.0,0.0,100.0,0.0
Other,0.0035916099990422373,0.0,0.0,0.048287201098234526,0.0007981355553427193,0.0,99.94732305334738
