from_label,Crops,TreeCrops,Forest,Grassland,Urban,Water,Other
Crops,99.94391475042063,0.0,0.0,0.056085249579360626,0.0,0.0,0.0
TreeCrops,0.0,0.0,0.0,0.0,0.0,0.0,0.0
Forest,0.0,0.0,99.88224904327348,0.11775095672652341,0.0,0.0,0.0
Grassland,0.024344326149052194,0.0,0.002163940102137973,99.9718687786722,0.0005409850255344933,0.0,0.0010819700510689865
Urban,0.0,0.0,0.0,0.0,100.0,0.0,0.0
Water,0.0,0.0,0.0,0.0,0.0,100.0,0.0
Other,0.006283948047459518,0.0,0.0,0.0416311558144193,0.0003927467529662199,0.0,99.95169214938515
