from_label,Crops,TreeCrops,Forest,Grassland,Urban,Water,Other
Crops,99.98166315210415,0.0,0.0,0.018336847895846706,0.0,0.0,0.0
TreeCrops,0.0,0.0,0.0,0.0,0.0,0.0,0.0
Forest,0.029446407538280327,0.0,99.88221436984688,0.08833922261484099,0.0,0.0,0.0
Grassland,0.03673769287288758,0.0,0.0021610407572286816,99.96002074599127,0.0005402601893071704,0.0,0.0005402601893071704
Urban,0.0,0.0,0.0,0.0,100.0,0.0,0.0
Water,0.0,0.0,0.0,0.0,0.0,100.0,0.0
Other,0.011410314924691922,0.0,0.0,0.05114968759344654,0.0003934591353342042,0.0,99.93704653834654
