from_label,Crops,TreeCrops,Forest,Grassland,Urban,Water,Other
Crops,99.98185117967331,0.0,0.0,0.018148820326678763,0.0,0.0,0.0
TreeCrops,0.0,0.0,0.0,0.0,0.0,0.0,0.0
Forest,0.0,0.0,99.88221436984688,0.11778563015312131,0.0,0.0,0.0
Grassland,0.004316251766965567,0.0,0.0021581258834827833,99.99244655940781,0.0,0.0,0.0010790629417413917
Urban,0.0,0.0,0.0,0.0,100.0,0.0,0.0
Water,0.0,0.0,0.0,0.0,0.0,100.0,0.0
Other,0.000788059325105994,0.0,0.0,0.027976106041262785,0.000394029662552997,0.0,99.97084180497107
