from_label,Crops,TreeCrops,Forest,Grassland,Urban,Water,Other
Crops,99.5732644653508,0.2090635184160364,0.1801635614585255,0.03627866937219455,0.001229785402447273,0.0,0.0
TreeCrops,0.0,98.27758362456316,1.6375436844732902,0.07988017973040439,0.004992511233150274,0.0,0.0
Forest,0.06374091639175758,0.22710339747526875,99.62072044120534,0.08843524492763717,0.0,0.0,0.0
Grassland,0.05944116433707576,0.027059037496728517,0.06520784445932938,99.84651759059233,0.0008871815572697874,0.0,0.0008871815572697874
Urban,0.0,0.0,0.0,0.0,100.0,0.0,0.0
Water,0.0,0.0,0.0,0.0,0.0,100.0,0.0
Other,0.0,0.0,0.0,0.0,0.0,0.0,100.0
