from_label,Crops,TreeCrops,Forest,Grassland,Urban,Water,Other
Crops,99.63646859665957,0.0,0.24027397474002823,0.12091709767761162,0.002340330922792483,0.0,0.0
TreeCrops,0.0,100.0,0.0,0.0,0.0,0.0,0.0
Forest,0.05669675956212657,0.0,99.90226747390165,0.04083752611817508,0.0001982404180493936,0.0,0.0
Grassland,0.09216442132764853,0.0,0.24123035495323655,99.66460164934242,0.0020035743766880112,0.0,0.0
Urban,0.0,0.0,0.0,0.0,100.0,0.0,0.0
Water,0.0,0.0,0.0,0.0,0.0,100.0,0.0
Other,0.2570694087403599,0.0,0.2570694087403599,0.5141388174807198,0.0,0.0,98.97172236503856
