from_label,Crops,TreeCrops,Forest,Grassland,Urban,Water,Other
Crops,99.63263908346565,0.0,0.24127517823230907,0.12375081722237789,0.002334921079667507,0.0,0.0
TreeCrops,0.0,100.0,0.0,0.0,0.0,0.0,0.0
Forest,0.0767593317981467,0.0,99.8822891690209,0.04095149918097002,0.0,0.0,0.0
Grassland,0.09347225243954521,0.0,0.2381125051369449,99.66640075422438,0.0020144881991281294,0.0,0.0
Urban,0.0,0.0,0.0,0.0,100.0,0.0,0.0
Water,0.0,0.0,0.0,0.0,0.0,100.0,0.0
Other,0.0,0.0,0.5291005291005291,0.5291005291005291,0.0,0.0,98.94179894179894
