from_label,Crops,TreeCrops,Forest,Grassland,Urban,Water,Other
Crops,99.6446092094994,0.0006968446872561044,0.13449102464042814,0.21880923179841677,0.0013936893745122088,0.0,0.0
TreeCrops,0.0,100.0,0.0,0.0,0.0,0.0,0.0
Forest,0.07423585062728315,0.0001958729568002194,99.9038263782111,0.02154602524802413,0.0001958729568002194,0.0,0.0
Grassland,0.034211576671213585,0.002193049786616256,0.2298316176373836,99.7320093160755,0.0017544398292930047,0.0,0.0
Urban,0.0,0.0,0.0,0.0,100.0,0.0,0.0
Water,0.0,0.0,0.0,0.0,0.0,100.0,0.0
Other,0.31545741324921134,0.0,0.31545741324921134,1.5772870662460567,0.0,0.0,97.79179810725552
