from_label,Crops,TreeCrops,Forest,Grassland,Urban,Water,Other
Crops,99.4511505442139,0.20211010365096144,0.1730606392118324,0.17182449178889075,0.00185422113441249,0.0,0.0
TreeCrops,0.0,99.9531286618233,0.0,0.04687133817670495,0.0,0.0,0.0
Forest,0.01585859017133377,3.1074704125469914,96.37488893903998,0.501782058241689,0.0,0.0,0.0
Grassland,0.36117200091074275,0.07232368868670003,0.29152696736058714,99.27051291781439,0.004464425227574076,0.0,0.0
Urban,0.0,0.0,0.0,0.0,100.0,0.0,0.0
Water,0.0,0.0,0.0,0.0,0.0,100.0,0.0
Other,8.0,0.0,1.3333333333333335,12.0,0.0,0.0,78.66666666666666
