from_label,Crops,TreeCrops,Forest,Grassland,Urban,Water,Other
Crops,99.60719734234426,0.0,0.15041989249611473,0.23810542224503473,0.001425780971527154,0.0,0.002851561943054308
TreeCrops,0.0,86.48648648648648,13.513513513513514,0.0,0.0,0.0,0.0
Forest,0.051757695267221245,0.0,99.70854316847621,0.23930554161574533,0.00039359464081537064,0.0,0.0
Grassland,0.01798176135633857,0.0,0.11516890011559702,99.86428051547716,0.0008562743503018368,0.0,0.0017125487006036735
Urban,0.0,0.0,0.0,0.0,100.0,0.0,0.0
Water,0.0,0.0,0.0,0.0,0.0,100.0,0.0
Other,0.0,0.0,0.0,0.0,0.0,0.0,100.0
