from_label,Crops,TreeCrops,Forest,Grassland,Urban,Water,Other
Crops,99.63178174134609,0.0,0.24004101671741968,0.1258467466285501,0.0023304953079361134,0.0,0.0
TreeCrops,0.0,96.15384615384616,3.8461538461538463,0.0,0.0,0.0,0.0
Forest,0.07863514674938504,0.0,99.88224485562152,0.03892242188348958,0.00019757574560146993,0.0,0.0
Grassland,0.09664805147014223,0.0,0.2373740845731108,99.66395593819377,0.0020219257629736868,0.0,0.0
Urban,0.0,0.0,0.0,0.0,100.0,0.0,0.0
Water,0.0,0.0,0.0,0.0,0.0,100.0,0.0
Other,0.0,0.0,0.0,0.2688172043010753,0.0,0.0,99.73118279569893
