from_label,Crops,TreeCrops,Forest,Grassland,Urban,Water,Other
Crops,99.63899686609484,0.002842544361457941,0.19400365266950448,0.16273566469346712,0.0014212721807289705,0.0,0.0
TreeCrops,0.0,100.0,0.0,0.0,0.0,0.0,0.0
Forest,0.021876964738668816,0.00019708977242043977,99.93358074669432,0.04434519879459895,0.0,0.0,0.0
Grassland,0.12997562956945571,0.0008551028261148402,0.20650733250673395,99.66095172944547,0.0017102056522296804,0.0,0.0
Urban,0.0,0.0,0.0,0.0,100.0,0.0,0.0
Water,0.0,0.0,0.0,0.0,0.0,100.0,0.0
Other,0.6622516556291391,0.0,0.33112582781456956,1.6556291390728477,0.0,0.0,97.35099337748345
