from_label,Crops,TreeCrops,Forest,Grassland,Urban,Water,Other
Crops,99.63271417208628,0.0,0.24173801837208939,0.12320840936383912,0.0023394001777944135,0.0,0.0
TreeCrops,0.0,100.0,0.0,0.0,0.0,0.0,0.0
Forest,0.06219595290538292,0.0,99.8868984423281,0.05070752848336951,0.00019807628313816216,0.0,0.0
Grassland,0.1079974305444034,0.0,0.24048498474385738,99.64951019752691,0.002007387184840212,0.0,0.0
Urban,0.0,0.0,0.0,0.0,100.0,0.0,0.0
Water,0.0,0.0,0.0,0.0,0.0,100.0,0.0
Other,0.2597402597402597,0.0,0.2597402597402597,0.5194805194805194,0.0,0.0,98.96103896103897
