from_label,Crops,TreeCrops,Forest,Grassland,Urban,Water,Other
Crops,99.63225841637386,0.0,0.24152519263581895,0.12387905041643618,0.002337340573895022,0.0,0.0
TreeCrops,0.0,100.0,0.0,0.0,0.0,0.0,0.0
Forest,0.07363493304565565,0.0,99.87569156464335,0.05027761557418423,0.0003958867368046002,0.0,0.0
Grassland,0.09331397336529605,0.0,0.24092702605953592,99.66374792356298,0.0020110770121831044,0.0,0.0
Urban,0.0,0.0,0.0,0.0,100.0,0.0,0.0
Water,0.0,0.0,0.0,0.0,0.0,100.0,0.0
Other,0.26246719160104987,0.0,0.0,0.5249343832020997,0.0,0.0,99.21259842519686
