from_label,Crops,TreeCrops,Forest,Grassland,Urban,Water,Other
Crops,99.63203737318305,0.0,0.32152757257236125,0.045027931388689546,0.0014071228558965483,0.0,0.0
TreeCrops,0.0,100.0,0.0,0.0,0.0,0.0,0.0
Forest,0.04640875249323617,0.0,99.92396863953236,0.029622607974406065,0.0,0.0,0.0
Grassland,0.7094810127124268,0.0,1.7525080175207985,97.52859118565111,0.008991612110416996,0.0,0.00042817200525795227
Urban,0.0,0.0,0.0,0.0,100.0,0.0,0.0
Water,0.0,0.0,0.0,0.0,0.0,100.0,0.0
Other,0.31545741324921134,0.0,0.0,0.0,0.0,0.0,99.6845425867508
