from_label,Crops,TreeCrops,Forest,Grassland,Urban,Water,Other
Crops,99.7241218287835,0.0,0.18494282747476237,0.08909205974697855,0.0006144279982550245,0.0,0.001228855996510049
TreeCrops,0.0,25.03531933550933,74.36059823646904,0.5943391630535392,0.009743264968090807,0.0,0.0
Forest,0.16463517860165905,0.0,99.68998645674624,0.1441086846114779,0.0012696800406297613,0.0,0.0
Grassland,0.0791989841292315,0.0,0.06636786379544539,99.85266334237411,0.0008849048506059386,0.0,0.0008849048506059386
Urban,0.0,0.0,0.0,0.0,100.0,0.0,0.0
Water,0.0,0.0,0.0,0.0,0.0,100.0,0.0
Other,0.0,0.0,0.0,0.0,0.0,0.0,100.0
