from_label,Crops,TreeCrops,Forest,Grassland,Urban,Water,Other
Crops,99.63181201088926,0.0,0.13789279901058363,0.22887361485261817,0.00142157524753179,0.0,0.0
TreeCrops,0.0,84.375,6.25,9.375,0.0,0.0,0.0
Forest,0.09088936711681336,0.0005863830136568604,99.34813754981813,0.557454784983122,0.002931915068284302,0.0,0.0
Grassland,0.030908536850811894,0.0,0.20939445387662706,99.75839101475773,0.0013059945148230377,0.0,0.0
Urban,0.0,0.0,0.0,0.0,100.0,0.0,0.0
Water,0.0,0.0,0.0,0.0,0.0,100.0,0.0
Other,0.0,0.0,0.32573289902280134,0.6514657980456027,0.0,0.0,99.0228013029316
