from_label,Crops,TreeCrops,Forest,Grassland,Urban,Water,Other
Crops,99.6167285930881,0.0,0.3559413575225961,0.02602861846600337,0.0013014309233001686,0.0,0.0
TreeCrops,0.0,75.29691211401425,4.513064133016627,20.19002375296912,0.0,0.0,0.0
Forest,0.14964820603178816,0.0,99.7865903943552,0.06014087849933422,0.0036205211136722945,0.0,0.0
Grassland,1.1917354512034404,0.0,0.3273045709925782,98.47575778594715,0.005202191856835681,0.0,0.0
Urban,0.0,0.0,0.0,0.0,100.0,0.0,0.0
Water,0.0,0.0,0.0,0.0,0.0,100.0,0.0
Other,24.2603550295858,0.0,6.508875739644971,1.7751479289940828,0.0,0.0,67.45562130177515
