from_label,Crops,TreeCrops,Forest,Grassland,Urban,Water,Other
Crops,98.99099490072692,0.001549931028069251,0.20614082673321038,0.7989894449696989,0.0023248965421038765,0.0,0.0
TreeCrops,0.0,100.0,0.0,0.0,0.0,0.0,0.0
Forest,0.07024840948869476,0.0,99.90296194282494,0.02659120585165282,0.00019844183471382702,0.0,0.0
Grassland,0.038522346973989395,0.0,0.2941341701243148,99.66573838511111,0.0016050977905828912,0.0,0.0
Urban,0.0,0.0,0.0,0.0,100.0,0.0,0.0
Water,0.0,0.0,0.0,0.0,0.0,100.0,0.0
Other,0.24509803921568626,0.0,0.49019607843137253,3.9215686274509802,0.0,0.0,95.34313725490196
