from_label,Crops,TreeCrops,Forest,Grassland,Urban,Water,Other
Crops,97.54909040672666,2.1049062148737496,0.25494985776812124,0.08916965468737245,0.001883865944099418,0.0,0.0
TreeCrops,0.0,91.11747851002865,0.5730659025787965,8.30945558739255,0.0,0.0,0.0
Forest,0.1054409540699204,3.1722664181607483,96.62930374827529,0.09178384001895928,0.0010041995625706705,0.0,0.00020083991251413413
Grassland,0.14522451888809693,0.015146115466856735,0.07439415538132574,99.76345331432644,0.0013364219529579473,0.0,0.0004454739843193158
Urban,0.0,0.0,0.0,0.0,100.0,0.0,0.0
Water,0.0,0.0,0.0,0.0,0.0,100.0,0.0
Other,0.0,0.0,0.0,0.0,0.0,0.0,100.0
