from_label,Crops,TreeCrops,Forest,Grassland,Urban,Water,Other
Crops,99.68796978233682,0.0,0.21917912050430144,0.09095617680870147,0.0018949203501812807,0.0,0.0
TreeCrops,0.021088148460565163,22.738296077604385,76.83994095318431,0.4006748207507381,0.0,0.0,0.0
Forest,0.5450062628826767,0.0,99.26429364895762,0.18694861101558738,0.003543061747229638,0.0,0.00020841539689586106
Grassland,0.11340893929286192,0.0,0.07649544140538136,99.80876139648655,0.00133422281521014,0.0,0.0
Urban,0.0,0.0,0.0,0.0,100.0,0.0,0.0
Water,0.0,0.0,0.0,0.0,0.0,100.0,0.0
Other,0.0,0.0,0.0,0.0,0.0,0.0,100.0
