from_label,Crops,TreeCrops,Forest,Grassland,Urban,Water,Other
Crops,99.60432982082085,0.011617259146883158,0.35125124714693784,0.0314349365150956,0.001366736370221548,0.0,0.0
TreeCrops,0.0,68.59903381642512,0.7246376811594203,30.676328502415455,0.0,0.0,0.0
Forest,0.13773412287492334,0.012265374445796094,99.78746720017693,0.058914011682266475,0.003619290820070978,0.0,0.0
Grassland,1.3301261159728677,0.00042052675180931636,0.34609351673906735,98.31789299276274,0.005466847773521112,0.0,0.0
Urban,0.0,0.0,0.0,0.0,100.0,0.0,0.0
Water,0.0,0.0,0.0,0.0,0.0,100.0,0.0
Other,16.43835616438356,0.0,3.767123287671233,1.0273972602739725,0.0,0.0,78.76712328767124
