from_label,Crops,TreeCrops,Forest,Grassland,Urban,Water,Other
Crops,99.62578912788871,0.0,0.14711343445596595,0.22281258034107465,0.001428285771417145,0.0,0.00285657154283429
TreeCrops,0.0,87.5,9.375,3.125,0.0,0.0,0.0
Forest,0.08616932963416486,0.0003943676413462923,99.6511818212292,0.2583108050818214,0.003943676413462922,0.0,0.0
Grassland,0.025979225137668597,0.0,0.11626767971448407,99.85519776152775,0.0008517778733661836,0.0,0.0017035557467323672
Urban,0.0,0.0,0.0,0.0,100.0,0.0,0.0
Water,0.0,0.0,0.0,0.0,0.0,100.0,0.0
Other,0.0,0.0,0.0,0.0,0.0,0.0,100.0
