from_label,Crops,TreeCrops,Forest,Grassland,Urban,Water,Other
Crops,99.63532568567776,0.0,0.23321147508509069,0.1296619784256875,0.0018008608114678817,0.0,0.0
TreeCrops,0.0,100.0,0.0,0.0,0.0,0.0,0.0
Forest,0.09253602796110282,0.0,99.8631989023865,0.04406477521957277,0.00020029443281623988,0.0,0.0
Grassland,0.08571060714745535,0.0,0.25014254446467654,99.66230756497268,0.0018392834151814454,0.0,0.0
Urban,0.0,0.0,0.0,0.0,100.0,0.0,0.0
Water,0.0,0.0,0.0,0.0,0.0,100.0,0.0
Other,0.20491803278688525,0.0,0.20491803278688525,0.4098360655737705,0.0,0.0,99.18032786885246
