from_label,Crops,TreeCrops,Forest,Grassland,Urban,Water,Other
Crops,99.64071941829403,0.0,0.13928372451822116,0.21571120412565534,0.0014285510206997042,0.0,0.0028571020413994085
TreeCrops,0.0,100.0,0.0,0.0,0.0,0.0,0.0
Forest,0.09370292614074416,0.0005930564945616719,99.63863090931375,0.26667773705456516,0.000197685498187224,0.0,0.000197685498187224
Grassland,0.019060850706945773,0.0,0.11436510424167465,99.86403259829045,0.0008471489203087011,0.0,0.0016942978406174023
Urban,0.0,0.0,0.0,0.0,100.0,0.0,0.0
Water,0.0,0.0,0.0,0.0,0.0,100.0,0.0
Other,0.0,0.0,0.0,0.0,0.0,0.0,100.0
