from_label,Crops,TreeCrops,Forest,Grassland,Urban,Water,Other
Crops,99.6412136338819,0.0,0.23824549212584467,0.11912274606292234,0.0014181279293205042,0.0,0.0
TreeCrops,0.0,100.0,0.0,0.0,0.0,0.0,0.0
Forest,0.06237308945520944,0.0,99.88036959498811,0.05725731555667491,0.0,0.0,0.0
Grassland,0.0940624677868261,0.000429508985327973,0.2138954746933306,99.68903549462254,0.002577053911967838,0.0,0.0
Urban,0.0,0.0,0.0,0.0,100.0,0.0,0.0
Water,0.0,0.0,0.0,0.0,0.0,100.0,0.0
Other,0.0,0.0,0.29940119760479045,0.5988023952095809,0.0,0.0,99.10179640718563
