from_label,Crops,TreeCrops,Forest,Grassland,Urban,Water,Other
Crops,99.63656633221851,0.0,0.24228911185432922,0.11891490152359718,0.002229654403567447,0.0,0.0
TreeCrops,0.0,100.0,0.0,0.0,0.0,0.0,0.0
Forest,0.13524856838997196,0.0,99.71534894327226,0.1486161594517715,0.000786328885988209,0.0,0.0
Grassland,0.08874934589220303,0.0,0.22229199372056516,99.68686551543693,0.0020931449502878076,0.0,0.0
Urban,0.0,0.0,0.0,0.0,100.0,0.0,0.0
Water,0.0,0.0,0.0,0.0,0.0,100.0,0.0
Other,0.0,0.0,0.5847953216374269,0.5847953216374269,0.0,0.0,98.83040935672514
