from_label,Crops,TreeCrops,Forest,Grassland,Urban,Water,Other
Crops,95.35088824492881,0.0,1.0898324303893159,3.51518205871236,0.04409726596950989,0.0,0.0
TreeCrops,0.0,95.55555555555556,0.0,4.444444444444445,0.0,0.0,0.0
Forest,0.5749059661784043,0.0,98.29057215375676,1.119231827772851,0.015290052291978839,0.0,0.0
Grassland,3.922266514806378,0.0,3.2033029612756265,92.7747722095672,0.09253986332574032,0.0,0.0071184510250569474
Urban,1.601423487544484,0.0,1.2455516014234875,2.8469750889679712,94.30604982206405,0.0,0.0
Water,0.0,0.0,0.0,0.0,0.0,100.0,0.0
Other,0.0,0.0,0.0,2.5316455696202533,0.0,0.0,97.46835443037975
