from_label,Crops,TreeCrops,Forest,Grassland,Urban,Water,Other
Crops,94.40922477911447,0.0,2.2862277242549793,3.269605151500025,0.03494234513053462,0.0,0.0
TreeCrops,0.0,95.91836734693877,0.0,4.081632653061225,0.0,0.0,0.0
Forest,1.0058487049296228,0.0,98.28395141075904,0.700559161899865,0.009640722411466032,0.0,0.0
Grassland,5.138912561786262,0.01704448610874382,1.5084370206238282,93.26742798704619,0.059655701380603374,0.0,0.00852224305437191
Urban,0.303951367781155,0.0,0.0,0.911854103343465,98.78419452887537,0.0,0.0
Water,0.0,0.0,0.0,0.0,0.0,100.0,0.0
Other,0.0,0.0,0.0,0.0,0.0,0.0,100.0
