from_label,Crops,TreeCrops,Forest,Grassland,Urban,Water,Other
Crops,95.28531663187195,0.0,1.2874043145441894,3.37508698677801,0.03479471120389701,0.0,0.017397355601948505
TreeCrops,0.0,97.43589743589743,0.0,2.564102564102564,0.0,0.0,0.0
Forest,0.4669540229885058,0.0,98.29681513409962,1.221264367816092,0.01496647509578544,0.0,0.0
Grassland,3.111412276243718,0.0,3.0944717375345867,93.66423852278503,0.09034953978203172,0.0,0.039527923654638884
Urban,1.2797074954296161,0.0,1.2797074954296161,3.1078610603290677,94.3327239488117,0.0,0.0
Water,0.0,0.0,0.0,0.0,0.0,100.0,0.0
Other,0.0,0.0,0.9090909090909091,3.6363636363636362,0.0,0.0,95.45454545454545
