from_label,Crops,TreeCrops,Forest,Grassland,Urban,Water,Other
Crops,95.13285122288129,0.0,1.413829527910945,3.3883155927520927,0.04062728528479727,0.0,0.02437637117087836
TreeCrops,0.0,100.0,0.0,0.0,0.0,0.0,0.0
Forest,0.4107434164530413,0.0,98.29293870892566,1.281752505243533,0.014565369377767421,0.0,0.0
Grassland,2.689348927387579,0.0,3.3710676089811744,93.83326036650197,0.07505159797360686,0.0,0.03127149915566952
Urban,1.394422310756972,0.0,1.394422310756972,2.788844621513944,94.42231075697211,0.0,0.0
Water,0.0,0.0,0.0,0.0,0.0,100.0,0.0
Other,0.0,0.0,1.3605442176870748,1.3605442176870748,0.0,0.0,97.27891156462584
