from_label,Crops,TreeCrops,Forest,Grassland,Urban,Water,Other
Crops,95.3705533596838,0.0,1.576086956521739,3.018774703557312,0.024703557312252964,0.0,0.009881422924901186
TreeCrops,0.0,96.07843137254902,1.9607843137254901,1.9607843137254901,0.0,0.0,0.0
Forest,1.023312334111477,0.0,98.30194109558377,0.6651530171724601,0.009593553132295098,0.0,0.0
Grassland,5.172413793103448,0.017503938386136883,1.654122177489935,93.094696306669,0.05251181515841065,0.0,0.008751969193068442
Urban,0.36101083032490977,0.0,0.0,1.444043321299639,98.19494584837545,0.0,0.0
Water,0.0,0.0,0.0,0.0,0.0,100.0,0.0
Other,4.545454545454546,0.0,0.0,0.0,0.0,0.0,95.45454545454545
