from_label,Crops,TreeCrops,Forest,Grassland,Urban,Water,Other
Crops,95.27126700540894,0.0,1.2456974266513687,3.4256679232912637,0.03278151122766759,0.0,0.024586133420750698
TreeCrops,0.0,100.0,0.0,0.0,0.0,0.0,0.0
Forest,0.513975513975514,0.0,98.31658581658583,1.157888657888658,0.011550011550011549,0.0,0.0
Grassland,3.7126203750633553,0.0,2.965027876330461,93.1702990369995,0.08236188545362393,0.0,0.0696908261530664
Urban,1.4492753623188406,0.0,1.2422360248447204,3.1055900621118013,94.20289855072464,0.0,0.0
Water,0.0,0.0,0.0,0.0,0.0,100.0,0.0
Other,0.0,0.0,0.5780346820809248,4.046242774566474,0.0,0.0,95.37572254335261
