from_label,Crops,TreeCrops,Forest,Grassland,Urban,Water,Other
Crops,95.07506752936742,0.0,1.1935423079339154,3.6874175513537284,0.04397261134493373,0.0,0.0
TreeCrops,0.0,93.75,0.0,6.25,0.0,0.0,0.0
Forest,0.5884336020104814,0.0,98.29599436084465,1.1002482454258482,0.015323791719022956,0.0,0.0
Grassland,3.832207607536438,0.0,3.0714539637397795,93.01813011020263,0.06398862424457874,0.0,0.014219694276573054
Urban,1.232394366197183,0.0,1.056338028169014,2.464788732394366,95.24647887323944,0.0,0.0
Water,0.0,0.0,0.0,0.0,0.0,100.0,0.0
Other,1.25,0.0,0.0,2.5,0.0,0.0,96.25
