from_label,Crops,TreeCrops,Forest,Grassland,Urban,Water,Other
Crops,95.04196006559275,0.0,1.9291984180572972,2.995080544033954,0.024114980225716214,0.0,0.009645992090286486
TreeCrops,0.0,100.0,0.0,0.0,0.0,0.0,0.0
Forest,1.0405418670855011,0.0,98.26903569909362,0.683878145348647,0.006544288472235857,0.0,0.0
Grassland,5.314422419685578,0.008544087491455913,2.0078605604921393,92.62645249487355,0.03417634996582365,0.0,0.008544087491455913
Urban,1.6597510373443984,0.0,0.0,2.0746887966804977,96.2655601659751,0.0,0.0
Water,0.0,0.0,0.0,0.0,0.0,100.0,0.0
Other,4.081632653061225,0.0,2.0408163265306123,2.0408163265306123,0.0,0.0,91.83673469387756
