from_label,Crops,TreeCrops,Forest,Grassland,Urban,Water,Other
Crops,95.34329543762101,0.0,1.6382862532889837,2.988631286302934,0.029787022787072435,0.0,0.0
TreeCrops,0.0,96.0,0.0,4.0,0.0,0.0,0.0
Forest,1.0147571945324754,0.0,98.29059829059828,0.6850411344793367,0.009603380389897243,0.0,0.0
Grassland,5.151777970511708,0.008673026886383347,1.4917606244579358,93.2870771899393,0.05203816131830009,0.0,0.008673026886383347
Urban,0.6622516556291391,0.0,0.0,1.3245033112582782,98.01324503311258,0.0,0.0
Water,0.0,0.0,0.0,0.0,0.0,100.0,0.0
Other,4.444444444444445,0.0,0.0,0.0,0.0,0.0,95.55555555555556
