from_label,Crops,TreeCrops,Forest,Grassland,Urban,Water,Other
Crops,93.43026386645127,0.0,1.607815985845065,4.908069851527041,0.053850296176628974,0.0,0.0
TreeCrops,0.0,89.58333333333334,2.083333333333333,8.333333333333332,0.0,0.0,0.0
Forest,0.42042223700925535,0.0,98.30621257032243,1.2582420906176275,0.015123102050692639,0.0,0.0
Grassland,2.6819691935971006,0.0,2.500755058894594,94.70854726668681,0.08456659619450317,0.0,0.024161884627000908
Urban,1.0810810810810811,0.0,1.0810810810810811,2.7027027027027026,95.13513513513514,0.0,0.0
Water,0.0,0.0,0.0,0.0,0.0,100.0,0.0
Other,0.0,0.0,0.0,2.2222222222222223,0.0,0.0,97.77777777777777
