from_label,Crops,TreeCrops,Forest,Grassland,Urban,Water,Other
Crops,93.73343592374113,0.0,1.5901513208515003,4.599469949559716,0.05129520389843549,0.0,0.025647601949217745
TreeCrops,0.0,97.5,0.0,2.5,0.0,0.0,0.0
Forest,0.37261854678766754,0.0,98.29917663321113,1.3131798785984734,0.015024941402728531,0.0,0.0
Grassland,2.27929920054431,0.0,2.8462890514259795,94.76668367636219,0.0793785791234337,0.0,0.02834949254408346
Urban,0.9041591320072333,0.0,1.2658227848101267,3.4358047016274864,94.39421338155516,0.0,0.0
Water,0.0,0.0,0.0,0.0,0.0,100.0,0.0
Other,0.9615384615384616,0.0,0.9615384615384616,0.0,0.0,0.0,98.07692307692307
