from_label,Crops,TreeCrops,Forest,Grassland,Urban,Water,Other
Crops,95.18836432999524,0.0,1.7691940867906535,3.0138292799237005,0.019074868860276584,0.0,0.009537434430138292
TreeCrops,0.0,100.0,0.0,0.0,0.0,0.0,0.0
Forest,1.0291822980644734,0.0,98.28358952226021,0.6805882938813452,0.006639885793964344,0.0,0.0
Grassland,5.396106075864384,0.0,2.1399798590130916,92.42195367573011,0.033568311513930846,0.0,0.008392077878482711
Urban,1.7241379310344827,0.0,0.43103448275862066,1.7241379310344827,96.12068965517241,0.0,0.0
Water,0.0,0.0,0.0,0.0,0.0,100.0,0.0
Other,3.9215686274509802,0.0,0.0,1.9607843137254901,0.0,0.0,94.11764705882352
