from_label,Crops,TreeCrops,Forest,Grassland,Urban,Water,Other
Crops,93.70541334452372,0.0,1.4855224506924045,4.750314729332774,0.05035669324381032,0.0,0.00839278220730172
TreeCrops,0.0,100.0,0.0,0.0,0.0,0.0,0.0
Forest,0.35543239254194403,0.0,98.31922648272538,1.3102804301334376,0.015060694599234916,0.0,0.0
Grassland,2.337276415795188,0.0,2.5944339676552945,94.9482827590148,0.08571918395336876,0.0,0.03428767358134751
Urban,0.8960573476702508,0.0,1.0752688172043012,3.584229390681003,94.44444444444444,0.0,0.0
Water,0.0,0.0,0.0,0.0,0.0,100.0,0.0
Other,0.0,0.0,0.0,1.0204081632653061,0.0,0.0,98.9795918367347
