from_label,Crops,TreeCrops,Forest,Grassland,Urban,Water,Other
Crops,94.73618560558813,0.0,1.297243357864538,3.897966820506424,0.04989397530248223,0.0,0.018710240738430833
TreeCrops,0.0,95.74468085106383,2.127659574468085,0.0,2.127659574468085,0.0,0.0
Forest,0.6109917101627265,0.0,98.28369665336199,1.0899600859686827,0.015351550506601168,0.0,0.0
Grassland,3.774928774928775,0.021367521367521368,2.905982905982906,93.18376068376068,0.08547008547008547,0.0,0.028490028490028487
Urban,0.0,0.0,0.1834862385321101,0.3669724770642202,99.44954128440368,0.0,0.0
Water,0.0,0.0,0.0,0.0,0.0,100.0,0.0
Other,0.0,0.0,0.0,0.0,0.0,0.0,100.0
