from_label,Crops,TreeCrops,Forest,Grassland,Urban,Water,Other
Crops,95.35668221053676,0.0,1.6221847405496579,2.991368191288818,0.024804048020636967,0.0,0.004960809604127394
TreeCrops,0.0,96.0,0.0,4.0,0.0,0.0,0.0
Forest,1.0208,0.0,98.304,0.6656,0.009600000000000001,0.0,0.0
Grassland,5.203266157053509,0.017373175816539264,1.6678248783877692,93.0507296733843,0.052119527449617786,0.0,0.008686587908269632
Urban,0.3401360544217687,0.0,0.0,1.7006802721088436,97.95918367346938,0.0,0.0
Water,0.0,0.0,0.0,0.0,0.0,100.0,0.0
Other,4.444444444444445,0.0,0.0,0.0,0.0,0.0,95.55555555555556
