from_label,Crops,TreeCrops,Forest,Grassland,Urban,Water,Other
Crops,95.32801562754355,0.0,1.294155949861631,3.312713657821911,0.03255738238645613,0.0,0.03255738238645613
TreeCrops,0.0,97.22222222222221,0.0,2.7777777777777777,0.0,0.0,0.0
Forest,0.43523676880222845,0.0,98.31708449396471,1.2360724233983287,0.01160631383472609,0.0,0.0
Grassland,3.00453514739229,0.0,3.4832451499118164,93.37994457042076,0.07558578987150416,0.0,0.05668934240362812
Urban,1.2096774193548387,0.0,1.411290322580645,2.620967741935484,94.75806451612904,0.0,0.0
Water,0.0,0.0,0.0,0.0,0.0,100.0,0.0
Other,0.0,0.0,0.0,1.3245033112582782,0.0,0.0,98.67549668874173
