from_label,Crops,TreeCrops,Forest,Grassland,Urban,Water,Other
Crops,94.20818144997975,0.0,1.4256784123126773,4.301336573511543,0.04050222762251924,0.0,0.024301336573511544
TreeCrops,0.0,100.0,0.0,0.0,0.0,0.0,0.0
Forest,0.41614888882466844,0.0,98.28338583359825,1.2889055862208478,0.011559691356240789,0.0,0.0
Grassland,2.698736761515886,0.0,2.807196631364042,94.35370677555187,0.07655990812811024,0.0,0.06379992344009187
Urban,1.0204081632653061,0.0,1.2244897959183674,3.4693877551020407,94.28571428571428,0.0,0.0
Water,0.0,0.0,0.0,0.0,0.0,100.0,0.0
Other,0.0,0.0,0.6172839506172839,0.6172839506172839,0.0,0.0,98.76543209876543
