from_label,Crops,TreeCrops,Forest,Grassland,Urban,Water,Other
Crops,99.8623381602105,0.0,0.008712774670221479,0.09584052137243627,0.005227664802132887,0.0,0.027880878944708733
TreeCrops,0.0,100.0,0.0,0.0,0.0,0.0,0.0
Forest,0.08101539292465569,0.0,99.89197947610046,0.027005130974885227,0.0,0.0,0.0
Grassland,0.6524909802717433,0.0,0.08188122105370896,99.26306901051663,0.0,0.0,0.002558788157928405
Urban,0.11098779134295228,0.0,0.0,0.0,99.88901220865705,0.0,0.0
Water,0.0,0.0,0.0,0.0,0.0,100.0,0.0
Other,0.08707106338326896,0.0,0.0,0.011162956844008842,0.004465182737603536,0.0,99.89730079703511
