from_label,Crops,TreeCrops,Forest,Grassland,Urban,Water,Other
Crops,99.873217666163,0.0,0.0017367442991368383,0.1233088452387155,0.0017367442991368383,0.0,0.0
TreeCrops,0.0,100.0,0.0,0.0,0.0,0.0,0.0
Forest,0.0,0.0,99.77966635190431,0.22033364809568773,0.0,0.0,0.0
Grassland,0.03671718951944542,0.0,0.0029373751615556338,99.95887674773823,0.0014686875807778169,0.0,0.0
Urban,0.0,0.0,0.0,0.0,100.0,0.0,0.0
Water,0.0,0.0,0.0,0.0,0.0,100.0,0.0
Other,1.7317579146748443,0.0,0.0,9.773608730946153,0.0,0.0,88.494633354379
