from_label,Crops,TreeCrops,Forest,Grassland,Urban,Water,Other
Crops,99.85559566787003,0.012327199084265212,0.00880514220304658,0.09861759267412169,0.00880514220304658,0.0,0.015849255965483845
TreeCrops,0.0,98.68421052631578,0.0,1.3157894736842104,0.0,0.0,0.0
Forest,0.02087246921310791,0.08348987685243164,99.79127530786891,0.10436234606553955,0.0,0.0,0.0
Grassland,0.07778738115816768,0.0012347203358439314,0.012347203358439314,99.89998765279664,0.008643042350907518,0.0,0.0
Urban,0.0,0.0,0.0,0.0,100.0,0.0,0.0
Water,0.0,0.0,0.0,0.0,0.0,100.0,0.0
Other,0.6462984723854289,0.0,0.0,0.668331374853114,0.11016451233842538,0.0,98.57520564042304
