from_label,Crops,TreeCrops,Forest,Grassland,Urban,Water,Other
Crops,99.88168724279835,0.0017146776406035667,0.0205761316872428,0.07544581618655694,0.0,0.0,0.0205761316872428
TreeCrops,0.0,99.90458015267176,0.0,0.09541984732824427,0.0,0.0,0.0
Forest,0.0946073793755913,0.0,99.78713339640491,0.11825922421948912,0.0,0.0,0.0
Grassland,0.06343204686508874,0.006218828124028308,0.03482543749455853,99.89552368751633,0.0,0.0,0.0
Urban,1.196888090963495,0.059844404548174746,0.0,1.2567324955116697,97.36684619988031,0.0,0.11968880909634949
Water,0.0,0.0,0.0,0.0,0.0,100.0,0.0
Other,0.033078038726749956,0.0,0.0,0.035622503244192256,0.0,0.0,99.93129945802906
