from_label,Crops,TreeCrops,Forest,Grassland,Urban,Water,Other
Crops,99.8592155823506,0.0,0.011594010865244468,0.04140718166158738,0.0033125745329269907,0.0,0.08447065058963826
TreeCrops,0.0,100.0,0.0,0.0,0.0,0.0,0.0
Forest,0.0,0.0,100.0,0.0,0.0,0.0,0.0
Grassland,0.11400145092755726,0.0,0.08142960780539804,99.80456894126705,0.0,0.0,0.0
Urban,0.16863406408094433,0.0,0.0,0.0,99.83136593591905,0.0,0.0
Water,0.0,0.0,0.0,0.0,0.0,100.0,0.0
Other,0.024248302618816685,0.0,0.0,0.08020592404685518,0.0,0.0,99.89554577333433
