from_label,Crops,TreeCrops,Forest,Grassland,Urban,Water,Other
Crops,97.15524006563459,0.0035670970963829637,0.1266319469215952,1.7781979025469075,0.053506456445744456,0.0,0.8828565313547835
TreeCrops,0.0,98.36065573770492,0.0,1.639344262295082,0.0,0.0,0.0
Forest,0.022070183182520416,0.0,99.80136835135731,0.15449128227764292,0.0,0.0,0.022070183182520416
Grassland,0.07061709429240433,0.004955585564379251,0.004955585564379251,99.91575504540555,0.0012388963910948127,0.0,0.0024777927821896255
Urban,0.07727975270479134,0.0,0.0,0.0,99.9227202472952,0.0,0.0
Water,0.0,0.0,0.0,0.0,0.0,100.0,0.0
Other,0.028370135703815785,0.0,0.0,0.07092533925953945,0.002364177975317982,0.0,99.89834034706134
