from_label,Crops,TreeCrops,Forest,Grassland,Urban,Water,Other
Crops,99.86520315809744,0.0,0.019256691700365876,0.042014600073525546,0.005251825009190693,0.0,0.06827372511947902
TreeCrops,0.0,100.0,0.0,0.0,0.0,0.0,0.0
Forest,0.0,0.0,99.96752192270218,0.03247807729782397,0.0,0.0,0.0
Grassland,0.0998135834544307,0.0,0.017614161786076006,99.881104407944,0.0014678468155063338,0.0,0.0
Urban,0.15600624024961,0.0,0.0,0.0,99.84399375975039,0.0,0.0
Water,0.0,0.0,0.0,0.0,0.0,100.0,0.0
Other,0.44656413554114643,0.0,0.0,0.10538913598771055,0.0017862565421645858,0.0,99.44626047192898
