from_label,Crops,TreeCrops,Forest,Grassland,Urban,Water,Other
Crops,99.88012508686587,0.0,0.01563585823488534,0.05038220986796386,0.006949270326615705,0.0,0.04690757470465601
TreeCrops,0.0,100.0,0.0,0.0,0.0,0.0,0.0
Forest,0.05215123859191656,0.0,99.92177314211213,0.02607561929595828,0.0,0.0,0.0
Grassland,0.12345361487616059,0.0,0.07587253414264036,99.79681592551633,0.0038579254648800185,0.0,0.0
Urban,0.0,0.0,0.0,0.0,100.0,0.0,0.0
Water,0.0,0.0,0.0,0.0,0.0,100.0,0.0
Other,0.024525651601970972,0.0,0.0,0.04682169851285367,0.00445920938217654,0.0,99.92419344050299
