from_label,Crops,TreeCrops,Forest,Grassland,Urban,Water,Other
Crops,98.97169548243167,0.0017428890128276633,0.08714445064138315,0.8505298382598996,0.033114891243725596,0.0,0.055772448410485224
TreeCrops,0.0,97.91666666666666,0.0,2.083333333333333,0.0,0.0,0.0
Forest,0.024061597690086624,0.0,99.8075072184793,0.16843118383060635,0.0,0.0,0.0
Grassland,0.053557665930793044,0.0,0.013062845348973912,99.92292921244106,0.005225138139589565,0.0,0.005225138139589565
Urban,0.0,0.0,0.0,0.0,100.0,0.0,0.0
Water,0.0,0.0,0.0,0.0,0.0,100.0,0.0
Other,0.06109401933189326,0.0,0.0021819292618533307,0.4756605790840261,0.017455434094826645,0.0,99.44360803822741
