from_label,Crops,TreeCrops,Forest,Grassland,Urban,Water,Other
Crops,99.56000345095333,0.0,0.055215253213700285,0.2847036493831421,0.05176429988784401,0.0,0.048313346561987755
TreeCrops,0.0,99.03846153846155,0.0,0.9615384615384616,0.0,0.0,0.0
Forest,0.0,0.0,99.81427981840693,0.18572018159306647,0.0,0.0,0.0
Grassland,0.05587285820710206,0.0012416190712689348,0.02110752421157189,99.90687856965484,0.014899428855227216,0.0,0.0
Urban,0.0,0.0,0.0,0.0,100.0,0.0,0.0
Water,0.0,0.0,0.0,0.0,0.0,100.0,0.0
Other,0.08266533066132264,0.0,0.0,0.22795591182364733,0.05260521042084168,0.0,99.6367735470942
