from_label,Crops,TreeCrops,Forest,Grassland,Urban,Water,Other
Crops,99.85456163164739,0.0,0.01026623776606666,0.061597426596399975,0.003422079255355554,0.0,0.07015262473478885
TreeCrops,0.0,100.0,0.0,0.0,0.0,0.0,0.0
Forest,0.0365764447695684,0.0,99.96342355523043,0.0,0.0,0.0,0.0
Grassland,0.4342647998605705,0.0,0.03340498460465927,99.53087782489979,0.0014523906349851855,0.0,0.0
Urban,0.17331022530329288,0.0,0.0,0.0,99.8266897746967,0.0,0.0
Water,0.0,0.0,0.0,0.0,0.0,100.0,0.0
Other,1.2695725772323319,0.0,0.0,0.10487773464093175,0.02023956282544297,0.0,98.60531012530129
