from_label,Crops,TreeCrops,Forest,Grassland,Urban,Water,Other
Crops,99.33288398057414,0.0,0.09678367121204265,0.290351013636128,0.04147871623373257,0.0,0.23850261834396225
TreeCrops,0.0,100.0,0.0,0.0,0.0,0.0,0.0
Forest,0.0,0.0,99.92038216560509,0.07961783439490447,0.0,0.0,0.0
Grassland,0.059242469123082675,0.0,0.018030316689633855,99.91113629631538,0.006439398817726378,0.0,0.005151519054181102
Urban,0.0,0.0,0.0,0.0,100.0,0.0,0.0
Water,0.0,0.0,0.0,0.0,0.0,100.0,0.0
Other,0.08712552777963943,0.0,0.0,0.029041842593213144,0.004467975783571253,0.0,99.87936465384357
