from_label,Crops,TreeCrops,Forest,Grassland,Urban,Water,Other
Crops,99.88343989441026,0.0034282383996983154,0.027425907197586523,0.06685064879411715,0.0,0.0,0.018855311198340732
TreeCrops,0.0,99.62049335863378,0.0,0.3795066413662239,0.0,0.0,0.0
Forest,0.046959380136182206,0.0,99.88260154965954,0.0704390702042733,0.0,0.0,0.0
Grassland,0.05472500684062585,0.002487500310937539,0.032337504042188006,99.91044998880625,0.0,0.0,0.0
Urban,1.1063306699446833,0.4917025199754148,0.6760909649661955,1.5365703749231714,96.18930547019053,0.0,0.0
Water,0.0,0.0,0.0,0.0,0.0,100.0,0.0
Other,0.025453064548971695,0.0,0.0,0.03817959682345755,0.0,0.0,99.93636733862758
