from_label,Crops,TreeCrops,Forest,Grassland,Urban,Water,Other
Crops,99.85740691840506,0.0,0.00704163365900889,0.09682246281137223,0.003520816829504445,0.0,0.035208168295044445
TreeCrops,0.0,100.0,0.0,0.0,0.0,0.0,0.0
Forest,0.0,0.0,99.97072599531616,0.02927400468384075,0.0,0.0,0.0
Grassland,0.11562475911508519,0.0,0.0860762095634523,99.7944448726843,0.003854158637169506,0.0,0.0
Urban,0.0,0.0,0.0,0.0,100.0,0.0,0.0
Water,0.0,0.0,0.0,0.0,0.0,100.0,0.0
Other,0.06505052257253133,0.0,0.0,0.013010104514506265,0.002168350752417711,0.0,99.91977102216055
