from_label,Crops,TreeCrops,Forest,Grassland,Urban,Water,Other
Crops,99.85428698356286,0.0,0.0035539760106619283,0.07996446023989337,0.0035539760106619283,0.0,0.05864060417592181
TreeCrops,0.0,100.0,0.0,0.0,0.0,0.0,0.0
Forest,0.0,0.0,100.0,0.0,0.0,0.0,0.0
Grassland,0.3104992365824555,0.0,0.0372085862020298,99.64844301312566,0.0038491640898651504,0.0,0.0
Urban,0.0,0.0,0.0,0.0,100.0,0.0,0.0
Water,0.0,0.0,0.0,0.0,0.0,100.0,0.0
Other,2.5077094397807094,0.0,0.0,0.11992461881103307,0.03212266575295528,0.0,97.3402432756553
