from_label,Crops,TreeCrops,Forest,Grassland,Urban,Water,Other
Crops,99.28719081901775,0.0,0.08553710171787013,0.5381709316415995,0.040986527906479435,0.0,0.048114619716301946
TreeCrops,0.0,98.11320754716981,0.0,1.8867924528301887,0.0,0.0,0.0
Forest,0.046200046200046196,0.0,99.7920997920998,0.1617001617001617,0.0,0.0,0.0
Grassland,0.06194788943540693,0.0,0.017345409041913944,99.91327295479043,0.006194788943540694,0.0,0.001238957788708139
Urban,0.0,0.0,0.0,0.0,100.0,0.0,0.0
Water,0.0,0.0,0.0,0.0,0.0,100.0,0.0
Other,0.04460198596211178,0.0023474729453743046,0.0,0.2112725650836874,0.01643231061762013,0.0,99.7253456653912
