from_label,Crops,TreeCrops,Forest,Grassland,Urban,Water,Other
Crops,95.69747841928728,0.0,0.12429128428651695,2.313861032128446,0.04426812864999234,0.0,1.8201011356477619
TreeCrops,0.0,100.0,0.0,0.0,0.0,0.0,0.0
Forest,0.0,0.0,99.93825254708243,0.06174745291756715,0.0,0.0,0.0
Grassland,0.035248501938667604,0.0,0.001305500071802504,99.95952949777413,0.0,0.0,0.003916500215407512
Urban,0.14144271570014144,0.0,0.0,0.0,99.85855728429985,0.0,0.0
Water,0.0,0.0,0.0,0.0,0.0,100.0,0.0
Other,0.08976464148877943,0.0,0.0,0.021893814997263273,0.0,0.0,99.88834154351396
