from_label,Crops,TreeCrops,Forest,Grassland,Urban,Water,Other
Crops,99.84375,0.020833333333333336,0.024305555555555556,0.078125,0.012152777777777778,0.0,0.020833333333333336
TreeCrops,0.0,100.0,0.0,0.0,0.0,0.0,0.0
Forest,0.05128205128205128,0.0,99.84615384615385,0.10256410256410256,0.0,0.0,0.0
Grassland,0.10559526109072179,0.0051509883458888675,0.06696284849655527,99.81327667246153,0.0051509883458888675,0.0,0.003863241259416651
Urban,0.0,0.0,0.0,0.0,100.0,0.0,0.0
Water,0.0,0.0,0.0,0.0,0.0,100.0,0.0
Other,0.03344929087503345,0.0,0.0,0.03344929087503345,0.00668985817500669,0.0,99.92641156007492
