from_label,Crops,TreeCrops,Forest,Grassland,Urban,Water,Other
Crops,99.20767454254752,0.0,0.08171966601527803,0.16343933203055605,0.03908331852904601,0.0,0.5080831408775982
TreeCrops,0.0,98.24561403508771,0.0,1.7543859649122806,0.0,0.0,0.0
Forest,0.02256317689530686,0.0,99.95487364620939,0.02256317689530686,0.0,0.0,0.0
Grassland,0.05575171901133618,0.0,0.034689958495942516,99.89221334324475,0.012389270891408042,0.0,0.004955708356563216
Urban,0.0,0.0,0.0,0.0,100.0,0.0,0.0
Water,0.0,0.0,0.0,0.0,0.0,100.0,0.0
Other,0.03787161522438932,0.0,0.0,0.02130278356371899,0.004733951903048665,0.0,99.93609164930885
