from_label,Crops,TreeCrops,Forest,Grassland,Urban,Water,Other
Crops,99.34795922043301,0.0,0.052235311070283515,0.5547750279188732,0.018012176231132247,0.0,0.027018264346698368
TreeCrops,0.0,98.63013698630137,0.0,1.36986301369863,0.0,0.0,0.0
Forest,0.06454388984509467,0.0,99.72030981067125,0.21514629948364886,0.0,0.0,0.0
Grassland,0.046997711953497,0.0,0.009894255148104632,99.93816090532435,0.003710345680539237,0.0,0.001236781893513079
Urban,0.0,0.0,0.0,0.0,100.0,0.0,0.0
Water,0.0,0.0,0.0,0.0,0.0,100.0,0.0
Other,0.09877472307800851,0.0,0.0,0.9101385197902214,0.03057312857176454,0.0,98.96051362856001
