from_label,Crops,TreeCrops,Forest,Grassland,Urban,Water,Other
Crops,99.87452273827235,0.00358506462078979,0.010755193862369368,0.1003818093821141,0.005377596931184684,0.0,0.005377596931184684
TreeCrops,0.0,100.0,0.0,0.0,0.0,0.0,0.0
Forest,0.022820629849383843,0.0,99.95435874030123,0.022820629849383843,0.0,0.0,0.0
Grassland,0.44420862998655036,0.002467825722147502,0.055526078748318795,99.47558703404366,0.02221043149932752,0.0,0.0
Urban,0.0,0.0,0.0,0.0,100.0,0.0,0.0
Water,0.0,0.0,0.0,0.0,0.0,100.0,0.0
Other,0.4987061867795813,0.0,0.002352387673488591,0.09409550693954363,0.028228652081863093,0.0,99.37661726652553
