from_label,Crops,TreeCrops,Forest,Grassland,Urban,Water,Other
Crops,99.83901549028727,0.005366150323757736,0.019675884520445032,0.10195685615139699,0.00894358387292956,0.0,0.025042034844202768
TreeCrops,0.0,100.0,0.0,0.0,0.0,0.0,0.0
Forest,0.06660746003552398,0.022202486678507993,99.86678507992896,0.04440497335701599,0.0,0.0,0.0
Grassland,0.1226294731887379,0.001238681547360989,0.027250994041941756,99.835255354201,0.01238681547360989,0.0,0.001238681547360989
Urban,0.0,0.0,0.0,0.0,100.0,0.0,0.0
Water,0.0,0.0,0.0,0.0,0.0,100.0,0.0
Other,0.35284985062689656,0.0,0.0,0.14113994025075863,0.04234198207522759,0.0,99.46366822704712
