from_label,Crops,TreeCrops,Forest,Grassland,Urban,Water,Other
Crops,99.31192660550458,0.0,0.0,0.0,0.45871559633027525,0.0,0.22935779816513763
TreeCrops,0.0,0.0,0.0,0.0,0.0,0.0,0.0
Forest,0.0,0.0,100.0,0.0,0.0,0.0,0.0
Grassland,0.0,0.0,0.0,100.0,0.0,0.0,0.0
Urban,0.0,0.0,0.0,0.0,100.0,0.0,0.0
Water,0.0,0.0,0.0,0.0,0.0,100.0,0.0
Other,0.0,0.0,0.0,0.0,0.02326122354035822,0.0,99.97673877645964
