from_label,Crops,TreeCrops,Forest,Grassland,Urban,Water,Other
Crops,99.54940957116222,0.0,0.2641392169049099,0.18645121193287756,0.0,0.0,0.0
TreeCrops,0.2222222222222222,81.55555555555556,2.4444444444444446,15.333333333333332,0.2222222222222222,0.0,0.2222222222222222
Forest,0.03287774176882251,0.0,99.6571321215537,0.2865060354140247,0.01878728101075572,0.0,0.00469682025268893
Grassland,0.013797544037161385,0.0,0.14717380306305478,99.81603274617117,0.013797544037161385,0.0,0.009198362691440923
Urban,0.0,0.0,0.0,0.0,100.0,0.0,0.0
Water,0.0,0.0,0.0,0.0,0.0,100.0,0.0
Other,0.0,0.0,0.0,0.0,0.0,0.0,100.0
