from_label,Crops,TreeCrops,Forest,Grassland,Urban,Water,Other
Crops,99.81321107148922,0.016980811682798438,0.06792324673119375,0.10188487009679062,0.0,0.0,0.0
TreeCrops,0.0,100.0,0.0,0.0,0.0,0.0,0.0
Forest,0.008530421616088376,0.0,99.64172229212429,0.3390842592395129,0.002132605404022094,0.0,0.008530421616088376
Grassland,0.010686044026501388,0.005343022013250694,0.16029066039752085,99.80765120752298,0.010686044026501388,0.0,0.005343022013250694
Urban,0.0,0.0,0.0,0.0,100.0,0.0,0.0
Water,0.0,0.0,0.0,0.0,0.0,100.0,0.0
Other,0.0,0.0,0.0,0.33003300330033003,0.0,0.0,99.66996699669967
