from_label,Crops,TreeCrops,Forest,Grassland,Urban,Water,Other
Crops,99.77747346799042,0.0,0.08558712769599452,0.13693940431359122,0.0,0.0,0.0
TreeCrops,0.0,83.33333333333334,0.0,16.666666666666664,0.0,0.0,0.0
Forest,0.05070565368038536,0.0,99.56900194371673,0.3802924026028902,0.0,0.0,0.0
Grassland,0.021818578519609447,0.0,0.2836415207549228,99.67817596683575,0.016363933889707083,0.0,0.0
Urban,0.0,0.0,0.0,0.0,100.0,0.0,0.0
Water,0.0,0.0,0.0,0.0,0.0,100.0,0.0
Other,0.0,0.0,0.0,0.0,0.0,0.0,100.0
