from_label,Crops,TreeCrops,Forest,Grassland,Urban,Water,Other
Crops,99.76654994163748,0.0,0.10005002501250625,0.13340003335000833,0.0,0.0,0.0
TreeCrops,0.0,92.85714285714286,7.142857142857142,0.0,0.0,0.0,0.0
Forest,0.01967901342546027,0.0,99.62609874491626,0.35422224165828486,0.0,0.0,0.0
Grassland,0.055780933062880324,0.0,0.21805273833671399,99.71095334685597,0.015212981744421906,0.0,0.0
Urban,0.0,0.0,0.0,0.0,100.0,0.0,0.0
Water,0.0,0.0,0.0,0.0,0.0,100.0,0.0
Other,0.0,0.0,0.0,0.0,0.0,0.0,100.0
