from_label,Crops,TreeCrops,Forest,Grassland,Urban,Water,Other
Crops,99.52242879072148,0.0,0.20467337540508274,0.2558417192563534,0.017056114617090227,0.0,0.0
TreeCrops,0.0,100.0,0.0,0.0,0.0,0.0,0.0
Forest,0.01880091915604763,0.0,99.74723208690203,0.2297890119072488,0.0,0.0,0.004177982034677251
Grassland,0.0056151384131618845,0.0,0.15722387556853276,99.82593070919198,0.011230276826323769,0.0,0.0
Urban,0.0,0.0,0.0,0.0,100.0,0.0,0.0
Water,0.0,0.0,0.0,0.0,0.0,100.0,0.0
Other,0.0,0.0,0.0,0.0,0.0,0.0,100.0
