from_label,Crops,TreeCrops,Forest,Grassland,Urban,Water,Other
Crops,99.71370831929943,0.0,0.1684068710003368,0.11788480970023577,0.0,0.0,0.0
TreeCrops,0.0,100.0,0.0,0.0,0.0,0.0,0.0
Forest,0.028969313220353014,0.0,99.79100709748174,0.17381587932211806,0.004138473317193287,0.0,0.0020692366585966437
Grassland,0.011550678602367888,0.0,0.17326017903551832,99.80363846375975,0.011550678602367888,0.0,0.0
Urban,0.0,0.0,0.0,0.0,100.0,0.0,0.0
Water,0.0,0.0,0.0,0.0,0.0,100.0,0.0
Other,0.0,0.0,0.0,0.0,0.0,0.0,100.0
