from_label,Crops,TreeCrops,Forest,Grassland,Urban,Water,Other
Crops,99.85177865612648,0.0,0.04940711462450593,0.09881422924901186,0.0,0.0,0.0
TreeCrops,0.0,100.0,0.0,0.0,0.0,0.0,0.0
Forest,0.02651523521223236,0.004419205868705393,99.56470822193252,0.39993813111783816,0.0,0.0,0.004419205868705393
Grassland,0.014926858393870038,0.0,0.19404915912031048,99.78107274355658,0.009951238929246691,0.0,0.0
Urban,0.0,0.0,0.0,0.0,100.0,0.0,0.0
Water,0.0,0.0,0.0,0.0,0.0,100.0,0.0
Other,0.0,0.0,0.0,0.0,0.0,0.0,100.0
