from_label,Crops,TreeCrops,Forest,Grassland,Urban,Water,Other
Crops,99.45252352437981,0.0,0.13686911890504705,0.3763900769888794,0.01710863986313088,0.0,0.01710863986313088
TreeCrops,0.0,100.0,0.0,0.0,0.0,0.0,0.0
Forest,0.016740254033354957,0.0,99.65054719705371,0.32015735838791354,0.004185063508338739,0.0,0.008370127016677479
Grassland,0.0055856560353013465,0.0,0.1787409931296431,99.79891638272915,0.011171312070602693,0.0,0.0055856560353013465
Urban,0.0,0.0,0.0,0.0,100.0,0.0,0.0
Water,0.0,0.0,0.0,0.0,0.0,100.0,0.0
Other,0.0,0.0,0.0,0.33557046979865773,0.0,0.0,99.66442953020133
