from_label,Crops,TreeCrops,Forest,Grassland,Urban,Water,Other
Crops,99.72172204943526,0.0,0.1800622033065968,0.09821574725814373,0.0,0.0,0.0
TreeCrops,0.0,84.375,6.25,9.375,0.0,0.0,0.0
Forest,0.024721878862793575,0.006742330598943701,99.59770760759636,0.3595909652769974,0.002247443532981234,0.0,0.008989774131924935
Grassland,0.014448779078167894,0.0,0.11559023262534315,99.8506959495256,0.014448779078167894,0.0,0.004816259692722632
Urban,0.0,0.0,0.0,0.0,100.0,0.0,0.0
Water,0.0,0.0,0.0,0.0,0.0,100.0,0.0
Other,0.0,0.0,0.0,0.0,0.0,0.0,100.0
