from_label,Crops,TreeCrops,Forest,Grassland,Urban,Water,Other
Crops,99.70641004730061,0.032621105855488504,0.14679497634969826,0.11417387049420975,0.0,0.0,0.0
TreeCrops,0.0,99.73821989528795,0.2617801047120419,0.0,0.0,0.0,0.0
Forest,0.08601450623023991,0.02092244746140971,99.61874651292543,0.2533940859215176,0.01627301469220755,0.0,0.004649432769202157
Grassland,0.17478496849270964,0.3081734970792512,0.16558575962467229,99.32845775263327,0.018398417736074698,0.0,0.0045996044340186745
Urban,0.0,0.0,0.0,0.0,100.0,0.0,0.0
Water,0.0,0.0,0.0,0.0,0.0,100.0,0.0
Other,0.0,0.0,0.0,0.0,0.0,0.0,100.0
