from_label,Crops,TreeCrops,Forest,Grassland,Urban,Water,Other
Crops,99.79612640163099,0.0,0.06795786612300374,0.13591573224600748,0.0,0.0,0.0
TreeCrops,0.0,75.0,25.0,0.0,0.0,0.0,0.0
Forest,0.004311459860308701,0.0,99.62490299215314,0.3707855479865482,0.0,0.0,0.0
Grassland,0.14058106841611998,0.005206706237634072,0.28116213683223995,99.55222326356346,0.02082682495053629,0.0,0.0
Urban,0.0,0.0,0.0,0.0,100.0,0.0,0.0
Water,0.0,0.0,0.0,0.0,0.0,100.0,0.0
Other,0.0,0.0,0.0,0.0,0.0,0.0,100.0
