from_label,Crops,TreeCrops,Forest,Grassland,Urban,Water,Other
Crops,99.81289334920905,0.0,0.05102908657935023,0.1360775642116006,0.0,0.0,0.0
TreeCrops,0.0,100.0,0.0,0.0,0.0,0.0,0.0
Forest,0.029763170202814743,0.002125940728772482,99.56630809133041,0.4018027977379991,0.0,0.0,0.0
Grassland,0.037666810159276795,0.005380972879896685,0.290572535514421,99.65023676280673,0.016142918639690057,0.0,0.0
Urban,0.0,0.0,0.0,0.0,100.0,0.0,0.0
Water,0.0,0.0,0.0,0.0,0.0,100.0,0.0
Other,0.0,0.0,0.0,0.0,0.0,0.0,100.0
