from_label,Crops,TreeCrops,Forest,Grassland,Urban,Water,Other
Crops,99.62288899819643,0.2295458271847844,0.06558452205279554,0.08198065256599442,0.0,0.0,0.0
TreeCrops,0.0,100.0,0.0,0.0,0.0,0.0,0.0
Forest,0.09724326646916484,0.04749089757796422,99.54092132341302,0.30529862728691287,0.0022614713132363914,0.0,0.0067844139397091755
Grassland,0.057126535275635534,0.004760544606302961,0.1332952489764829,99.78577549271637,0.014281633818908884,0.0,0.004760544606302961
Urban,0.0,0.0,0.0,0.0,100.0,0.0,0.0
Water,0.0,0.0,0.0,0.0,0.0,100.0,0.0
Other,0.0,0.0,0.0,0.0,0.0,0.0,100.0
