from_label,Crops,TreeCrops,Forest,Grassland,Urban,Water,Other
Crops,99.72222222222223,0.0,0.09803921568627451,0.17973856209150327,0.0,0.0,0.0
TreeCrops,0.0,83.87096774193549,6.989247311827956,9.13978494623656,0.0,0.0,0.0
Forest,0.05471207769115032,0.00683900971139379,99.46655724251129,0.4650526603747777,0.00683900971139379,0.0,0.0
Grassland,0.2642257242615835,0.0,0.25950740775691233,99.43380201943947,0.037746532037369065,0.0,0.004718316504671133
Urban,0.0,0.0,0.0,0.0,100.0,0.0,0.0
Water,0.0,0.0,0.0,0.0,0.0,100.0,0.0
Other,0.0,0.0,0.5763688760806917,1.440922190201729,0.0,0.0,97.98270893371757
