from_label,Crops,TreeCrops,Forest,Grassland,Urban,Water,Other
Crops,99.78730366492147,0.016361256544502618,0.06544502617801047,0.13089005235602094,0.0,0.0,0.0
TreeCrops,0.0,100.0,0.0,0.0,0.0,0.0,0.0
Forest,0.02224941595283124,0.0,99.60841027923017,0.36044053843586604,0.0,0.0,0.008899766381132495
Grassland,0.014741290354282344,0.0,0.14741290354282346,99.81819075229718,0.014741290354282344,0.0,0.004913763451427448
Urban,0.0,0.0,0.0,0.0,100.0,0.0,0.0
Water,0.0,0.0,0.0,0.0,0.0,100.0,0.0
Other,0.0,0.0,0.0,0.0,0.0,0.0,100.0
