from_label,Crops,TreeCrops,Forest,Grassland,Urban,Water,Other
Crops,99.27053599746274,0.0,0.1744370440849984,0.507453219156359,0.03171582619727244,0.0,0.01585791309863622
TreeCrops,0.0,99.4413407821229,0.27932960893854747,0.27932960893854747,0.0,0.0,0.0
Forest,0.03795066413662239,0.0,99.60863377609108,0.3273244781783681,0.016603415559772294,0.0,0.009487666034155597
Grassland,0.013443871835088507,0.0,0.1299574277391889,99.83419224736724,0.013443871835088507,0.0,0.008962581223392337
Urban,0.0,0.0,0.0,0.0,100.0,0.0,0.0
Water,0.0,0.0,0.0,0.0,0.0,100.0,0.0
Other,0.0,0.0,0.0,0.24630541871921183,0.0,0.0,99.75369458128078
