from_label,Crops,TreeCrops,Forest,Grassland,Urban,Water,Other
Crops,98.96802571476907,0.0,0.2537641684994079,0.7274572830316359,0.03383522246658772,0.0,0.01691761123329386
TreeCrops,0.0,100.0,0.0,0.0,0.0,0.0,0.0
Forest,0.014579992085147155,0.0,99.73339443044303,0.2478598654475016,0.0,0.0,0.004165712024327758
Grassland,0.011344299489506523,0.0,0.1928530913216109,99.78445830969937,0.011344299489506523,0.0,0.0
Urban,0.0,0.0,0.0,0.0,100.0,0.0,0.0
Water,0.0,0.0,0.0,0.0,0.0,100.0,0.0
Other,0.0,0.0,0.0,0.0,0.0,0.0,100.0
