from_label,Crops,TreeCrops,Forest,Grassland,Urban,Water,Other
Crops,98.8908824009134,0.9297015168814223,0.09786331756646549,0.08155276463872126,0.0,0.0,0.0
TreeCrops,0.0,100.0,0.0,0.0,0.0,0.0,0.0
Forest,0.10443152924082819,0.03859426080639303,99.51643661460226,0.3291863421721758,0.004540501271340356,0.0,0.006810751907010535
Grassland,0.05213023079474906,0.08056490213733947,0.11847779726079334,99.72987062224539,0.014217335671295201,0.0,0.0047391118904317325
Urban,0.0,0.0,0.0,0.0,100.0,0.0,0.0
Water,0.0,0.0,0.0,0.0,0.0,100.0,0.0
Other,0.0,0.0,0.0,0.0,0.0,0.0,100.0
