from_label,Crops,TreeCrops,Forest,Grassland,Urban,Water,Other
Crops,99.06976744186046,0.06415396952686447,0.40096230954290296,0.4330392943063352,0.01603849238171612,0.0,0.01603849238171612
TreeCrops,0.0,98.27089337175792,0.5763688760806917,0.8645533141210375,0.2881844380403458,0.0,0.0
Forest,0.026309495336044007,0.038268356852427646,99.58622339153312,0.32049748863908156,0.019134178426213823,0.0,0.009567089213106911
Grassland,0.008814844197628808,0.1190003966679889,0.1278152408656177,99.7223324077747,0.013222266296443212,0.0,0.008814844197628808
Urban,0.0,0.0,0.0,0.0,100.0,0.0,0.0
Water,0.0,0.0,0.0,0.0,0.0,100.0,0.0
Other,0.0,0.0,0.0,0.0,0.0,0.0,100.0
