from_label,Crops,TreeCrops,Forest,Grassland,Urban,Water,Other
Crops,99.81219054123271,0.0,0.05122076148198737,0.13658869728529965,0.0,0.0,0.0
TreeCrops,0.0,100.0,0.0,0.0,0.0,0.0,0.0
Forest,0.059340892232701066,0.0,99.56977853131292,0.3708805764543817,0.0,0.0,0.0
Grassland,0.027081189405838705,0.00541623788116774,0.28706060770189024,99.6641932513676,0.01624871364350322,0.0,0.0
Urban,0.0,0.0,0.0,0.0,100.0,0.0,0.0
Water,0.0,0.0,0.0,0.0,0.0,100.0,0.0
Other,0.0,0.0,0.0,0.0,0.0,0.0,100.0
