from_label,Crops,TreeCrops,Forest,Grassland,Urban,Water,Other
Crops,99.76969896364534,0.0,0.1151505181773318,0.1151505181773318,0.0,0.0,0.0
TreeCrops,0.0,99.72602739726028,0.0,0.0,0.273972602739726,0.0,0.0
Forest,0.03220389667149725,0.00460055666735675,99.64805741494722,0.29903618337818877,0.011501391668391876,0.0,0.00460055666735675
Grassland,0.0747104968248039,0.0,0.16342921180425848,99.73384385506164,0.018677624206200973,0.0,0.009338812103100487
Urban,0.0,0.0,0.0,0.0,100.0,0.0,0.0
Water,0.0,0.0,0.0,0.0,0.0,100.0,0.0
Other,0.0,0.0,0.0,0.0,0.0,0.0,100.0
