from_label,Crops,TreeCrops,Forest,Grassland,Urban,Water,Other
Crops,99.13708889612504,0.0,0.19537609899055683,0.6186909801367633,0.0325626831650928,0.0,0.0162813415825464
TreeCrops,0.0,96.66666666666667,0.0,3.3333333333333335,0.0,0.0,0.0
Forest,0.040309938639315625,0.006718323106552604,99.56106955703856,0.3784655350024634,0.00895776414207014,0.0,0.00447888207103507
Grassland,0.009715812484819043,0.0,0.12144765606023804,99.85426281272771,0.009715812484819043,0.0,0.004857906242409522
Urban,0.0,0.0,0.0,0.0,100.0,0.0,0.0
Water,0.0,0.0,0.0,0.0,0.0,100.0,0.0
Other,0.0,0.0,0.0,0.0,0.0,0.0,100.0
