from_label,Crops,TreeCrops,Forest,Grassland,Urban,Water,Other
Crops,99.78537229651643,0.04952947003467063,0.04952947003467063,0.11556876341423147,0.0,0.0,0.0
TreeCrops,0.0,100.0,0.0,0.0,0.0,0.0,0.0
Forest,0.026445115366815788,0.011018798069506579,99.65180598100359,0.30852634594618417,0.0022037596139013156,0.0,0.0
Grassland,0.0799720097965712,0.014994751836857098,0.1749387714299995,99.720097965712,0.0099965012245714,0.0,0.0
Urban,0.0,0.0,0.0,0.0,100.0,0.0,0.0
Water,0.0,0.0,0.0,0.0,0.0,100.0,0.0
Other,0.0,0.0,0.0,0.0,0.0,0.0,100.0
