from_label,Crops,TreeCrops,Forest,Grassland,Urban,Water,Other
Crops,100.0,0.0,0.0,0.0,0.0,0.0,0.0
TreeCrops,0.0,99.27745664739885,0.2890173410404624,0.4335260115606936,0.0,0.0,0.0
Forest,0.0,0.02433682161109759,99.76880019469458,0.20686298369432954,0.0,0.0,0.0
Grassland,0.01271294177472667,0.0,0.3178235443681668,99.63132468853293,0.0,0.0,0.03813882532418002
Urban,0.0,0.0,0.0,0.0,100.0,0.0,0.0
Water,0.0,0.0,0.0,0.0,0.0,100.0,0.0
Other,0.0,0.0,0.0,0.7079646017699115,0.0,0.0,99.29203539823008
