from_label,Crops,TreeCrops,Forest,Grassland,Urban,Water,Other
Crops,99.00990099009901,0.0,0.0,0.9900990099009901,0.0,0.0,0.0
TreeCrops,0.0,100.0,0.0,0.0,0.0,0.0,0.0
Forest,0.0,0.1418104467029071,99.59820373434177,0.25998581895532974,0.0,0.0,0.0
Grassland,0.0,0.24770869457517958,0.19816695566014364,99.51696804557841,0.012385434728758977,0.0,0.024770869457517955
Urban,0.0,0.0,0.0,0.0,100.0,0.0,0.0
Water,0.0,0.0,0.0,0.0,0.0,100.0,0.0
Other,0.0,0.0,0.0,0.44776119402985076,0.0,0.0,99.55223880597015
