from_label,Crops,TreeCrops,Forest,Grassland,Urban,Water,Other
Crops,99.19354838709677,0.0,0.0,0.8064516129032258,0.0,0.0,0.0
TreeCrops,0.0,91.43686502177069,0.43541364296081275,7.982583454281568,0.14513788098693758,0.0,0.0
Forest,0.0,0.0,99.74517655624318,0.25482344375682564,0.0,0.0,0.0
Grassland,0.0,0.025513458349279247,0.33167495854063017,99.60454139558618,0.0,0.0,0.03827018752391887
Urban,0.0,0.0,0.0,0.0,100.0,0.0,0.0
Water,0.0,0.0,0.0,0.0,0.0,100.0,0.0
Other,0.0,0.0,0.0,0.5328596802841918,0.0,0.0,99.46714031971581
