from_label,Crops,TreeCrops,Forest,Grassland,Urban,Water,Other
Crops,91.57894736842105,0.0,2.1052631578947367,6.315789473684211,0.0,0.0,0.0
TreeCrops,1.2048192771084338,62.65060240963856,2.4096385542168677,33.734939759036145,0.0,0.0,0.0
Forest,0.0,0.0,99.75250441956393,0.24749558043606362,0.0,0.0,0.0
Grassland,0.012304663467454166,0.0,0.2337886058816291,99.68007874984619,0.024609326934908332,0.0,0.049218653869816664
Urban,0.0,0.0,0.0,0.0,100.0,0.0,0.0
Water,0.0,0.0,0.0,0.0,0.0,100.0,0.0
Other,0.0,0.0,0.16025641025641024,0.8012820512820512,0.0,0.0,99.03846153846155
