from_label,Crops,TreeCrops,Forest,Grassland,Urban,Water,Other
Crops,93.75,0.0,0.78125,4.6875,0.0,0.0,0.78125
TreeCrops,0.0,99.33554817275747,0.33222591362126247,0.33222591362126247,0.0,0.0,0.0
Forest,0.0,0.04763606049779683,99.70227462188876,0.2500893176134334,0.0,0.0,0.0
Grassland,0.0,1.2666165036368198,0.3135189365437672,98.33207925758715,0.012540757461750688,0.0,0.07524454477050413
Urban,0.0,0.0,0.0,0.0,100.0,0.0,0.0
Water,0.0,0.0,0.0,0.0,0.0,100.0,0.0
Other,0.0,0.0,0.0,0.15873015873015872,0.0,0.0,99.84126984126985
