from_label,Crops,TreeCrops,Forest,Grassland,Urban,Water,Other
Crops,100.0,0.0,0.0,0.0,0.0,0.0,0.0
TreeCrops,0.0,98.71794871794873,0.641025641025641,0.641025641025641,0.0,0.0,0.0
Forest,0.0,0.0,99.74717071996147,0.2528292800385264,0.0,0.0,0.0
Grassland,0.012540757461750688,0.0,0.3135189365437672,99.61123651868573,0.025081514923501375,0.0,0.037622272385252065
Urban,0.0,0.0,0.0,0.0,100.0,0.0,0.0
Water,0.0,0.0,0.0,0.0,0.0,100.0,0.0
Other,0.0,0.0,0.0,0.7142857142857143,0.0,0.0,99.28571428571429
