from_label,Crops,TreeCrops,Forest,Grassland,Urban,Water,Other
Crops,99.26470588235294,0.0,0.0,0.7352941176470588,0.0,0.0,0.0
TreeCrops,0.0,98.09885931558935,0.19011406844106463,1.3307984790874523,0.0,0.0,0.38022813688212925
Forest,0.03590234561991383,0.0,99.73671613212063,0.2273815222594543,0.0,0.0,0.0
Grassland,0.11473737888832228,0.08924018357980622,0.2677205507394187,99.49005609382968,0.012748597654258032,0.0,0.025497195308516064
Urban,0.0,0.0,0.0,0.0,100.0,0.0,0.0
Water,0.0,0.0,0.0,0.0,0.0,100.0,0.0
Other,0.0,0.17452006980802792,0.0,0.0,0.0,0.0,99.82547993019197
