from_label,Crops,TreeCrops,Forest,Grassland,Urban,Water,Other
Crops,99.13793103448276,0.0,0.0,0.8620689655172413,0.0,0.0,0.0
TreeCrops,0.0,99.71139971139971,0.0,0.2886002886002886,0.0,0.0,0.0
Forest,0.0,0.0,99.76834918312608,0.2316508168739332,0.0,0.0,0.0
Grassland,0.012690355329949238,0.0,0.3553299492385787,99.59390862944163,0.0,0.0,0.03807106598984771
Urban,0.0,0.0,0.0,0.0,100.0,0.0,0.0
Water,0.0,0.0,0.0,0.0,0.0,100.0,0.0
Other,0.0,0.0,0.0,0.35398230088495575,0.0,0.0,99.64601769911503
