from_label,Crops,TreeCrops,Forest,Grassland,Urban,Water,Other
Crops,100.0,0.0,0.0,0.0,0.0,0.0,0.0
TreeCrops,0.0,98.37209302325581,0.46511627906976744,1.1627906976744187,0.0,0.0,0.0
Forest,0.0,0.04790419161676647,99.72455089820359,0.22754491017964074,0.0,0.0,0.0
Grassland,0.012575452716297788,0.22635814889336017,0.30181086519114686,99.42152917505031,0.0,0.0,0.03772635814889336
Urban,0.0,0.0,0.0,0.0,100.0,0.0,0.0
Water,0.0,0.0,0.0,0.0,0.0,100.0,0.0
Other,0.0,0.0,0.0,0.0,0.0,0.0,100.0
