from_label,Crops,TreeCrops,Forest,Grassland,Urban,Water,Other
Crops,98.9010989010989,0.0,0.0,1.098901098901099,0.0,0.0,0.0
TreeCrops,0.0,52.58620689655172,12.931034482758621,34.48275862068966,0.0,0.0,0.0
Forest,0.0,0.0,99.7521831484541,0.2478168515459051,0.0,0.0,0.0
Grassland,0.024657872025644186,0.0,0.25890765626926393,99.6671187276538,0.024657872025644186,0.0,0.024657872025644186
Urban,0.0,0.0,0.0,0.0,100.0,0.0,0.0
Water,0.0,0.0,0.0,0.0,0.0,100.0,0.0
Other,0.0,0.0,0.0,0.9708737864077669,0.0,0.0,99.02912621359224
