from_label,Crops,TreeCrops,Forest,Grassland,Urban,Water,Other
Crops,99.0,0.0,0.0,1.0,0.0,0.0,0.0
TreeCrops,0.0,100.0,0.0,0.0,0.0,0.0,0.0
Forest,0.0,0.0,99.74050483604624,0.25949516395376265,0.0,0.0,0.0
Grassland,0.012350253180190195,0.0,0.2346548104236137,99.67889341731505,0.02470050636038039,0.0,0.04940101272076078
Urban,0.0,0.0,0.0,0.0,100.0,0.0,0.0
Water,0.0,0.0,0.0,0.0,0.0,100.0,0.0
Other,0.0,0.0,0.0,0.5970149253731344,0.0,0.0,99.40298507462687
