from_label,Crops,TreeCrops,Forest,Grassland,Urban,Water,Other
Crops,99.25925925925925,0.0,0.0,0.7407407407407408,0.0,0.0,0.0
TreeCrops,0.0,98.85321100917432,0.9174311926605505,0.22935779816513763,0.0,0.0,0.0
Forest,0.0,0.011993283761093787,99.74814104101704,0.23986567522187577,0.0,0.0,0.0
Grassland,0.01255808112520407,0.02511616225040814,0.2888358658796936,99.63581564736909,0.0,0.0,0.037674243375612204
Urban,0.0,0.0,0.0,0.0,100.0,0.0,0.0
Water,0.0,0.0,0.0,0.0,0.0,100.0,0.0
Other,0.0,0.0,0.0,0.1773049645390071,0.0,0.0,99.822695035461
