from_label,Crops,TreeCrops,Forest,Grassland,Urban,Water,Other
Crops,100.0,0.0,0.0,0.0,0.0,0.0,0.0
TreeCrops,0.0,99.56647398843931,0.0,0.4335260115606936,0.0,0.0,0.0
Forest,0.0,0.0,99.76919339164237,0.23080660835762876,0.0,0.0,0.0
Grassland,0.012745347947998982,0.0,0.3568697425439714,99.59214886566403,0.0,0.0,0.038236043843996946
Urban,0.0,0.0,0.0,0.0,100.0,0.0,0.0
Water,0.0,0.0,0.0,0.0,0.0,100.0,0.0
Other,0.0,0.0,0.0,0.5328596802841918,0.0,0.0,99.46714031971581
