from_label,Crops,TreeCrops,Forest,Grassland,Urban,Water,Other
Crops,100.0,0.0,0.0,0.0,0.0,0.0,0.0
TreeCrops,0.0,92.24683544303798,0.7911392405063291,6.962025316455696,0.0,0.0,0.0
Forest,0.0,0.0,99.75754636925687,0.2424536307431204,0.0,0.0,0.0
Grassland,0.012677484787018255,0.0,0.3042596348884381,99.63235294117648,0.012677484787018255,0.0,0.03803245436105476
Urban,0.0,0.0,0.0,0.0,100.0,0.0,0.0
Water,0.0,0.0,0.0,0.0,0.0,100.0,0.0
Other,0.0,0.0,0.0,0.5328596802841918,0.0,0.0,99.46714031971581
