from_label,Crops,TreeCrops,Forest,Grassland,Urban,Water,Other
Crops,98.91304347826086,0.0,0.0,1.0869565217391304,0.0,0.0,0.0
TreeCrops,0.0,78.68852459016394,3.278688524590164,18.0327868852459,0.0,0.0,0.0
Forest,0.0,0.0,99.75262103899163,0.23559901048415596,0.0,0.0,0.011779950524207798
Grassland,0.03680078508341511,0.0,0.24533856722276742,99.60745829244357,0.02453385672227674,0.0,0.08586849852796859
Urban,0.0,0.0,0.0,0.0,100.0,0.0,0.0
Water,0.0,0.0,0.0,0.0,0.0,100.0,0.0
Other,0.0,0.0,0.0,0.6514657980456027,0.0,0.0,99.3485342019544
