from_label,Crops,TreeCrops,Forest,Grassland,Urban,Water,Other
Crops,97.87234042553192,1.0638297872340425,0.0,1.0638297872340425,0.0,0.0,0.0
TreeCrops,0.0,100.0,0.0,0.0,0.0,0.0,0.0
Forest,0.0,0.20023557126030625,99.55241460541814,0.24734982332155478,0.0,0.0,0.0
Grassland,0.024521824423737126,0.6253065228052967,0.2697400686611084,98.9455615497793,0.024521824423737126,0.0,0.11034820990681705
Urban,0.0,0.0,0.0,0.0,100.0,0.0,0.0
Water,0.0,0.0,0.0,0.0,0.0,100.0,0.0
Other,0.0,0.0,0.0,0.48543689320388345,0.0,0.0,99.51456310679612
