from_label,Crops,TreeCrops,Forest,Grassland,Urban,Water,Other
Crops,90.09009009009009,0.0,2.7027027027027026,7.207207207207207,0.0,0.0,0.0
TreeCrops,0.0,100.0,0.0,0.0,0.0,0.0,0.0
Forest,0.0,0.0,99.76300509539044,0.23699490460955092,0.0,0.0,0.0
Grassland,0.012330456226880395,0.0,0.2959309494451295,99.63008631319359,0.012330456226880395,0.0,0.04932182490752158
Urban,0.0,0.0,0.0,0.0,100.0,0.0,0.0
Water,0.0,0.0,0.0,0.0,0.0,100.0,0.0
Other,0.0,0.0,0.0,0.7776049766718507,0.0,0.0,99.22239502332815
