from_label,Crops,TreeCrops,Forest,Grassland,Urban,Water,Other
Crops,99.13793103448276,0.0,0.0,0.8620689655172413,0.0,0.0,0.0
TreeCrops,0.0,99.85486211901306,0.14513788098693758,0.0,0.0,0.0,0.0
Forest,0.024313153415998056,0.0,99.75686846584001,0.2188183807439825,0.0,0.0,0.0
Grassland,0.07632616715430607,0.05088411143620405,0.3053046686172243,99.52932196921512,0.0,0.0,0.038163083577153034
Urban,0.0,0.0,0.0,0.0,100.0,0.0,0.0
Water,0.0,0.0,0.0,0.0,0.0,100.0,0.0
Other,0.0,0.0,0.1773049645390071,0.5319148936170213,0.0,0.0,99.29078014184397
