from_label,Crops,TreeCrops,Forest,Grassland,Urban,Water,Other
Crops,99.0,0.0,0.0,1.0,0.0,0.0,0.0
TreeCrops,0.0,100.0,0.0,0.0,0.0,0.0,0.0
Forest,0.0,0.0,99.77480146971672,0.22519853028327602,0.0,0.0,0.0
Grassland,0.01234567901234568,0.0,0.20987654320987653,99.72839506172839,0.01234567901234568,0.0,0.037037037037037035
Urban,0.0,0.0,0.0,0.0,100.0,0.0,0.0
Water,0.0,0.0,0.0,0.0,0.0,100.0,0.0
Other,0.0,0.0,0.0,0.5997001499250375,0.0,0.0,99.40029985007496
