from_label,Crops,TreeCrops,Forest,Grassland,Urban,Water,Other
Crops,95.1923076923077,0.0,1.9230769230769231,2.8846153846153846,0.0,0.0,0.0
TreeCrops,0.0,80.64516129032258,3.225806451612903,16.129032258064516,0.0,0.0,0.0
Forest,0.0,0.0,99.74050483604624,0.24769992922859166,0.0,0.0,0.01179523472517103
Grassland,0.012363996043521265,0.0,0.22255192878338279,99.6414441147379,0.012363996043521265,0.0,0.11127596439169139
Urban,0.0,0.0,0.0,0.0,100.0,0.0,0.0
Water,0.0,0.0,0.0,0.0,0.0,100.0,0.0
Other,0.0,0.0,0.0,0.6024096385542169,0.0,0.0,99.3975903614458
