from_label,Crops,TreeCrops,Forest,Grassland,Urban,Water,Other
Crops,92.5,0.0,1.6666666666666667,5.833333333333333,0.0,0.0,0.0
TreeCrops,0.0,93.84615384615384,0.7692307692307693,5.384615384615385,0.0,0.0,0.0
Forest,0.0,0.0,99.75100782546833,0.2489921745316576,0.0,0.0,0.0
Grassland,0.0,0.0,0.28388052332757346,99.64206368797828,0.024685262898049863,0.0,0.049370525796099726
Urban,0.0,0.0,0.0,0.0,100.0,0.0,0.0
Water,0.0,0.0,0.0,0.0,0.0,100.0,0.0
Other,0.0,0.0,0.0,0.31201248049922,0.0,0.0,99.68798751950078
