from_label,Crops,TreeCrops,Forest,Grassland,Urban,Water,Other
Crops,100.0,0.0,0.0,0.0,0.0,0.0,0.0
TreeCrops,0.0,98.61751152073732,0.6912442396313364,0.4608294930875576,0.0,0.0,0.2304147465437788
Forest,0.0,0.023969319271332692,99.74832214765101,0.22770853307766062,0.0,0.0,0.0
Grassland,0.012567550584391103,0.0,0.30162121402538644,99.66067613422143,0.0,0.0,0.025135101168782207
Urban,0.0,0.0,0.0,0.0,100.0,0.0,0.0
Water,0.0,0.0,0.0,0.0,0.0,100.0,0.0
Other,0.0,0.0,0.0,0.17667844522968199,0.0,0.0,99.82332155477032
