from_label,Crops,TreeCrops,Forest,Grassland,Urban,Water,Other
Crops,98.83248730964466,0.15228426395939085,0.10152284263959391,0.9137055837563453,0.0,0.0,0.0
TreeCrops,0.0,85.72428271518544,3.4289713086074176,10.706787963610918,0.13995801259622112,0.0,0.0
Forest,0.0,0.02891350142502257,99.72089620052988,0.24487965492621155,0.0005900714576535218,0.0,0.0047205716612281744
Grassland,0.020970437850406764,0.11225352025805975,0.22759092843529696,99.55345302930311,0.014802662012051835,0.0,0.07092942214108171
Urban,0.0,0.0,0.0,0.0,100.0,0.0,0.0
Water,0.0,0.0,0.0,0.0,0.0,100.0,0.0
Other,0.0,0.0,0.0,0.6100857209050893,0.0,0.0,99.38991427909491
