from_label,Crops,TreeCrops,Forest,Grassland,Urban,Water,Other
Crops,38.46153846153847,0.0,15.384615384615385,0.0,46.15384615384615,0.0,0.0
TreeCrops,0.0,0.0,0.0,0.0,0.0,0.0,0.0
Forest,0.0,0.0,99.0909090909091,0.0,0.9090909090909091,0.0,0.0
Grassland,0.0,0.0,0.0,100.0,0.0,0.0,0.0
Urban,0.0,0.0,0.0,0.0,100.0,0.0,0.0
Water,0.0,0.0,0.0,0.0,0.0,100.0,0.0
Other,0.0,0.0,0.0,0.0,1.3157894736842104,0.0,98.68421052631578
