from_label,Crops,TreeCrops,Forest,Grassland,Urban,Water,Other
Crops,99.3724905832195,0.04387598824454654,0.05546587193178525,0.4975371497164618,0.02152406970487189,0.0,0.009106337182830415
TreeCrops,0.0,99.77924944812362,0.0,0.18395879323031641,0.03679175864606328,0.0,0.0
Forest,0.040525975425738305,0.17417546885104548,99.46540202629876,0.30523819788747575,0.013796076740676871,0.0,0.0008622547962923045
Grassland,0.6070718090226529,0.196367836745171,0.49412821664634543,98.46884425335301,0.18353333761149973,0.0,0.050054546621318106
Urban,0.04962634283045306,0.008757589911256422,0.05254553946753853,0.4086875291919664,99.47746380196169,0.0,0.002919196637085474
Water,0.0,0.0,0.0,0.0,0.0,100.0,0.0
Other,0.14814814814814814,0.0,0.0,4.7407407407407405,0.0,0.0,95.11111111111111
