from_label,Crops,TreeCrops,Forest,Grassland,Urban,Water,Other
Crops,99.55195574217164,0.0,0.051347031396225165,0.36025739769932175,0.03147076117833155,0.0,0.004969067554473403
TreeCrops,0.0,99.82091690544412,0.03581661891117478,0.10744985673352436,0.03581661891117478,0.0,0.0
Forest,0.06570018240445379,0.0,99.63259766418562,0.27663234696612116,0.025069806443804733,0.0,0.0
Grassland,0.8417915769901813,0.0,0.5055843510818486,98.31004928492288,0.30309590820523924,0.0,0.03947887879984208
Urban,0.094186902133922,0.0,0.05592347314201619,0.376747608535688,99.47314201618838,0.0,0.0
Water,0.0,0.0,0.0,0.0,0.0,100.0,0.0
Other,1.129032258064516,0.0,0.16129032258064516,4.67741935483871,0.4838709677419355,0.0,93.54838709677419
