from_label,Crops,TreeCrops,Forest,Grassland,Urban,Water,Other
Crops,99.34361438313701,0.0,0.06199628022318661,0.5688158710477371,0.025573465592064477,0.0,0.0
TreeCrops,0.0,100.0,0.0,0.0,0.0,0.0,0.0
Forest,0.053623201577794544,0.0,99.60373362901834,0.32537468076017706,0.016359620820344097,0.0,0.0009088678233524499
Grassland,0.5834636073806915,0.0,0.37543544356774455,98.87369366929677,0.14894324154654784,0.0,0.018464038208249732
Urban,0.00942003956416617,0.0,0.0628002637611078,0.034540145068609286,99.89323955160611,0.0,0.0
Water,0.0,0.0,0.0,0.0,0.0,100.0,0.0
Other,0.0,0.0,0.0,4.444444444444445,0.0,0.0,95.55555555555556
