from_label,Crops,TreeCrops,Forest,Grassland,Urban,Water,Other
Crops,99.30203142382543,0.0,0.10667641993934683,0.5288102531279051,0.05943400539477896,0.0,0.0030478977125527667
TreeCrops,0.0,100.0,0.0,0.0,0.0,0.0,0.0
Forest,0.05429031515988038,0.0,99.63008971704625,0.28433402346445824,0.03128594432942259,0.0,0.0
Grassland,0.5804755617409509,0.0,0.5650120734158846,98.54524259834184,0.2985642745839727,0.0,0.010705491917353602
Urban,0.03549749742643144,0.0,0.08164424408079231,0.26978098044087895,99.6130772780519,0.0,0.0
Water,0.0,0.0,0.0,0.0,0.0,100.0,0.0
Other,1.1111111111111112,0.0,1.1111111111111112,6.111111111111111,0.5555555555555556,0.0,91.11111111111111
