from_label,Crops,TreeCrops,Forest,Grassland,Urban,Water,Other
Crops,99.26077685328427,0.0,0.06689802232721495,0.6045908767822051,0.053518417861771965,0.0,0.014215829744533177
TreeCrops,0.0,97.69510715729884,0.2426202992317024,1.5770319450060657,0.4043671653861707,0.0,0.08087343307723413
Forest,0.04198368633902255,0.0008568099252861744,99.63756940160395,0.28960175474672695,0.029988347385016108,0.0,0.0
Grassland,0.5730401897314275,0.0,0.40510223703608744,98.81930645471444,0.13588872508172553,0.0,0.06666239343631819
Urban,0.060669093430403886,0.0,0.046224071185069625,0.3929046050730918,99.50020223031143,0.0,0.0
Water,0.0,0.0,0.0,0.0,0.0,100.0,0.0
Other,0.0,0.0,0.0,1.4814814814814816,0.10582010582010583,0.0,98.4126984126984
