from_label,Crops,TreeCrops,Forest,Grassland,Urban,Water,Other
Crops,97.25443490252617,2.293455776343008,0.04231179088572682,0.38707453143609355,0.018805240393656365,0.0,0.003917758415345076
TreeCrops,0.0,100.0,0.0,0.0,0.0,0.0,0.0
Forest,0.05278677782227238,0.35221522443481745,99.25552440933416,0.32400160180567183,0.015471986603079836,0.0,0.0
Grassland,0.5786896030798471,0.3313759411320387,0.40203698740284105,98.5014985014985,0.1632513827635779,0.0,0.023147584123193878
Urban,0.06460544531610521,0.003076449776957391,0.049223196431318256,0.06152899553914783,99.82156591293648,0.0,0.0
Water,0.0,0.0,0.0,0.0,0.0,100.0,0.0
Other,0.0,0.0,0.0,1.6260162601626018,0.0,0.0,98.3739837398374
