from_label,Crops,TreeCrops,Forest,Grassland,Urban,Water,Other
Crops,99.54249883882954,0.0,0.04722093203282242,0.3909273881405791,0.01935284099705837,0.0,0.0
TreeCrops,0.0,100.0,0.0,0.0,0.0,0.0,0.0
Forest,0.057222787385554426,0.0,99.60943176863827,0.3188126725766604,0.01362447318703677,0.0,0.0009082982124691178
Grassland,0.5807243707796195,0.0,0.4002455494168201,98.84960098219767,0.1534683855125844,0.0,0.01596071209330878
Urban,0.0,0.0,0.0635970490969219,0.05405749173238362,99.8823454591707,0.0,0.0
Water,0.0,0.0,0.0,0.0,0.0,100.0,0.0
Other,0.0,0.0,0.0,5.660377358490567,0.0,0.0,94.33962264150944
