from_label,Crops,TreeCrops,Forest,Grassland,Urban,Water,Other
Crops,98.7109246393206,0.0,0.09961420599880126,1.0974446423596749,0.07344437221945517,0.0,0.018572140101471422
TreeCrops,0.0,98.45451352300667,0.5619950825430278,0.7376185458377239,0.24587284861257463,0.0,0.0
Forest,0.03203324531405567,0.0,99.63031903380806,0.3134063460456257,0.022509848058525603,0.0,0.0017315267737327388
Grassland,0.5746209098164405,0.0,0.42605439253483945,98.70096384062865,0.2566148934864019,0.0,0.041745963533673026
Urban,0.04781543243081705,0.0,0.04183850337696492,0.4422927499850577,99.46805331420717,0.0,0.0
Water,0.0,0.0,0.0,0.0,0.0,100.0,0.0
Other,0.16181229773462785,0.0,0.0,4.53074433656958,0.16181229773462785,0.0,95.14563106796116
