from_label,Crops,TreeCrops,Forest,Grassland,Urban,Water,Other
Crops,99.56853085582979,0.0,0.05207386222743879,0.3446793737911425,0.02810335421798284,0.0,0.006612553933643021
TreeCrops,0.0,99.39002511661285,0.03588087549336204,0.5382131324004306,0.03588087549336204,0.0,0.0
Forest,0.050979849998271876,0.0,99.63968478899527,0.28600559914284723,0.02332976186361594,0.0,0.0
Grassland,0.6170705790477653,0.0,0.5056906197590608,98.59942901767997,0.24836450691964,0.0,0.029445276593565568
Urban,0.076235156135464,0.0,0.06450667057616186,0.38410790206714557,99.47515027122122,0.0,0.0
Water,0.0,0.0,0.0,0.0,0.0,100.0,0.0
Other,0.3241491085899514,0.0,0.1620745542949757,5.024311183144246,0.1620745542949757,0.0,94.32739059967585
