from_label,Crops,TreeCrops,Forest,Grassland,Urban,Water,Other
Crops,99.56220784592213,0.0,0.04838344661823119,0.37302076586313726,0.016387941596497663,0.0,0.0
TreeCrops,0.0,100.0,0.0,0.0,0.0,0.0,0.0
Forest,0.07188876351326758,0.0,99.63236632329924,0.28300513231172425,0.012739780875768936,0.0,0.0
Grassland,0.9079414775121922,0.0,0.46842073574568005,98.4574628213619,0.15654163405382623,0.0,0.009633331326389306
Urban,0.006430454633142563,0.0,0.05787409169828307,0.1061025014468523,99.82959295222173,0.0,0.0
Water,0.0,0.0,0.0,0.0,0.0,100.0,0.0
Other,0.0,0.0,0.0,5.298013245033113,0.0,0.0,94.70198675496688
