from_label,Crops,TreeCrops,Forest,Grassland,Urban,Water,Other
Crops,99.21575461833392,0.0,0.06722103271423592,0.6672309913857492,0.03485535029627048,0.0,0.014938007269830206
TreeCrops,0.0,99.47467166979362,0.225140712945591,0.2626641651031895,0.0375234521575985,0.0,0.0
Forest,0.04115438036936057,0.0,99.64247132054118,0.2992266406022258,0.016290275562871888,0.0,0.0008573829243616784
Grassland,0.5915029317971402,0.0,0.4333401913383396,98.70126530192367,0.20831190206768851,0.0,0.0655796728731612
Urban,0.05601580235266369,0.0,0.050119402105014886,0.4156962174592411,99.47816857808309,0.0,0.0
Water,0.0,0.0,0.0,0.0,0.0,100.0,0.0
Other,0.9411764705882352,0.0,0.0,4.117647058823529,0.1176470588235294,0.0,94.82352941176471
