from_label,Crops,TreeCrops,Forest,Grassland,Urban,Water,Other
Crops,99.56078961339833,0.0,0.14720787682803224,0.2646524124394678,0.025741268079218754,0.0,0.0016088292549511721
TreeCrops,0.0,98.92159720198192,0.6703584960652871,0.3206062372486156,0.08743806470416789,0.0,0.0
Forest,0.046419453321668955,0.0,99.63667850957847,0.29726303761761086,0.019638999482244558,0.0,0.0
Grassland,0.5763688760806917,0.0012584473276870997,1.740432654191259,97.35851905918477,0.2969935693341555,0.0,0.026427393881429093
Urban,0.06095888323325916,0.0,0.1767807613764516,0.2042122588314182,99.55804809655888,0.0,0.0
Water,0.0,0.0,0.0,0.0,0.0,100.0,0.0
Other,0.0,0.0,0.0,0.6779661016949152,0.0,0.0,99.32203389830508
