from_label,Crops,TreeCrops,Forest,Grassland,Urban,Water,Other
Crops,99.38595599220908,0.0,0.057102181616226405,0.5287818461995761,0.025031093311222535,0.0,0.003128886663902817
TreeCrops,0.0,100.0,0.0,0.0,0.0,0.0,0.0
Forest,0.05368028386861978,0.0,99.6051314712037,0.32481120917114004,0.015467200436720955,0.0,0.0009098353198071149
Grassland,0.5868072076028743,0.0,0.37453183520599254,98.86786468054997,0.15005672876331294,0.0,0.02073954787785626
Urban,0.08645177226133136,0.0,0.061751265900950966,0.018525379770285292,99.83018401877239,0.0,0.0030875632950475487
Water,0.0,0.0,0.0,0.0,0.0,100.0,0.0
Other,0.0,0.0,0.0,0.8888888888888888,0.0,0.0,99.11111111111111
