from_label,Crops,TreeCrops,Forest,Grassland,Urban,Water,Other
Crops,99.55849889624724,0.0,0.05792744978316346,0.358523945955255,0.02348410126344465,0.0,0.0015656067508963097
TreeCrops,0.0,100.0,0.0,0.0,0.0,0.0,0.0
Forest,0.09749430523917996,0.0,99.63189066059226,0.25148063781321184,0.019134396355353075,0.0,0.0
Grassland,0.9777385622473678,0.0,0.4530983581146339,98.37242300308823,0.18600879964706024,0.0,0.010731276902715012
Urban,0.01622217896307832,0.0,0.061644280059697625,0.10057750957108559,99.82155603140613,0.0,0.0
Water,0.0,0.0,0.0,0.0,0.0,100.0,0.0
Other,0.0,0.0,0.0,4.72972972972973,0.0,0.0,95.27027027027027
