from_label,Crops,TreeCrops,Forest,Grassland,Urban,Water,Other
Crops,99.57401936579936,0.0016737942404740185,0.03347588480948037,0.35400748186025494,0.030128296328532336,0.0,0.006695176961896074
TreeCrops,0.0,99.07407407407408,0.24154589371980675,0.44283413848631237,0.24154589371980675,0.0,0.0
Forest,0.04883439997943814,0.005140463155730331,99.63331362822457,0.2852957051430334,0.027415803497228435,0.0,0.0
Grassland,0.6703097469421108,0.0038303414110977757,0.4532570669799034,98.43977426521285,0.37026633640611833,0.0,0.06256224304793034
Urban,0.06687601767852988,0.0029076529425447776,0.04652244708071644,0.2965806001395674,99.58711328215864,0.0,0.0
Water,0.0,0.0,0.0,0.0,0.0,100.0,0.0
Other,0.0,0.0,0.21598272138228944,3.8876889848812093,0.0,0.0,95.8963282937365
