from_label,Crops,TreeCrops,Forest,Grassland,Urban,Water,Other
Crops,99.54534618397302,0.0,0.034907877260497905,0.3899465313489766,0.026393760855498417,0.0,0.0034056465619997957
TreeCrops,0.0,99.78594363182305,0.07135212272565108,0.10702818408847663,0.03567606136282554,0.0,0.0
Forest,0.1453626712121343,0.0017305079906206465,99.63486281397904,0.19641265693544338,0.021631349882758083,0.0,0.0
Grassland,2.8268851980643435,0.0024317292026359945,0.5009362157430148,96.25513702794058,0.38056562021253315,0.0,0.03404420883690392
Urban,0.214196465758315,0.0,0.0386743618730291,0.2766704349378235,99.47045873743083,0.0,0.0
Water,0.0,0.0,0.0,0.0,0.0,100.0,0.0
Other,0.6191950464396285,0.0,0.7739938080495357,5.572755417956656,0.30959752321981426,0.0,92.72445820433437
