from_label,Crops,TreeCrops,Forest,Grassland,Urban,Water,Other
Crops,99.39189105026054,8.304095995349707e-05,0.056467852768378,0.5118229566733791,0.028690651663933236,0.0,0.011044447673815109
TreeCrops,0.0,98.396454926113,0.5219971083613422,0.9181891582327206,0.15584805753234315,0.0,0.007510749760594851
Forest,0.05194249922408209,0.0007726983355648574,99.63829132358502,0.28993358657805823,0.018630615424174896,0.0,0.0004292768530915875
Grassland,0.6993240982399787,0.0009652062452704893,0.4680606818731693,98.5662182961922,0.21208798562743553,0.0,0.05334373182194905
Urban,0.0811762971052474,0.00014600053436195575,0.05475020038573341,0.4104075020914577,99.45264399667703,0.0,0.0008760032061717346
Water,0.0,0.0,0.0,0.0,0.0,100.0,0.0
Other,0.2731742851939537,0.0,0.072846476051721,3.7151702786377707,0.06677593638074425,0.0,95.87203302373581
