from_label,Crops,TreeCrops,Forest,Grassland,Urban,Water,Other
Crops,99.5035051414088,0.0,0.16442883038965622,0.30800327253477067,0.021656480100101065,0.0,0.002406275566677896
TreeCrops,0.0,94.64882943143813,3.5674470457079153,1.7558528428093645,0.027870680044593088,0.0,0.0
Forest,0.04750680626358969,0.0,99.62999506660088,0.3060534634288951,0.0164446637066272,0.0,0.0
Grassland,0.5897755916109928,0.009788806499767514,1.6653207057729487,97.4989599393094,0.21290654136994347,0.0,0.02324841543694785
Urban,0.0551774875850653,0.003065415976948072,0.18085954263993623,0.2268407822941573,99.5340567715039,0.0,0.0
Water,0.0,0.0,0.0,0.0,0.0,100.0,0.0
Other,0.7518796992481203,0.0,2.2556390977443606,2.631578947368421,0.0,0.0,94.3609022556391
