from_label,Crops,TreeCrops,Forest,Grassland,Urban,Water,Other
Crops,99.39568612867237,0.0,0.06585471674724186,0.4904239494235775,0.04648568240981778,0.0,0.0015495227469939261
TreeCrops,0.0,100.0,0.0,0.0,0.0,0.0,0.0
Forest,0.04933759707629054,0.0,99.6336226587483,0.2905436272270443,0.025582457743261764,0.0,0.0009136592051164914
Grassland,0.5810554448593894,0.0,0.4486177561953396,98.65295359908367,0.30902127354944936,0.0,0.008351926312147281
Urban,0.016745369905221207,0.0,0.056934257677752106,0.12056666331759268,99.80575370909943,0.0,0.0
Water,0.0,0.0,0.0,0.0,0.0,100.0,0.0
Other,0.7194244604316548,0.0,0.0,6.474820143884892,0.0,0.0,92.80575539568345
