from_label,Crops,TreeCrops,Forest,Grassland,Urban,Water,Other
Crops,99.24243674594399,0.0,0.07262044265460726,0.6453316608625328,0.025582201389691202,0.0,0.014028949149185496
TreeCrops,0.0,99.66863033873344,0.036818851251840944,0.1840942562592047,0.11045655375552282,0.0,0.0
Forest,0.0404043877445755,0.00171933564870534,99.6312025033527,0.31205942024001926,0.01289501736529005,0.0,0.00171933564870534
Grassland,0.5991596202728641,0.0038906468848887276,0.47854956684131345,98.70441458733205,0.1698915806401411,0.0,0.044093998028738916
Urban,0.0729139323942019,0.0,0.06416426050689766,0.5249803132382536,99.33210837926912,0.0,0.00583311459153615
Water,0.0,0.0,0.0,0.0,0.0,100.0,0.0
Other,0.13869625520110956,0.0,0.0,4.438280166435506,0.0,0.0,95.42302357836338
