from_label,Crops,TreeCrops,Forest,Grassland,Urban,Water,Other
Crops,98.89274046734332,0.0,0.09227162772138955,0.9260413809155673,0.06650207403343392,0.0,0.02244444998628395
TreeCrops,0.0,96.46601941747572,0.1941747572815534,2.7572815533980584,0.5825242718446602,0.0,0.0
Forest,0.038552482779891026,0.0,99.63932010554814,0.29556903464583123,0.025701655186594015,0.0,0.0008567218395531339
Grassland,0.5931886468851147,0.0,0.37138767457155014,98.78654235495893,0.20116832372625634,0.0,0.04771299985815054
Urban,0.055409740449110526,0.0,0.040828229804607756,0.4257801108194809,99.4779819189268,0.0,0.0
Water,0.0,0.0,0.0,0.0,0.0,100.0,0.0
Other,0.0,0.0,0.0,4.439511653718091,0.0,0.0,95.56048834628191
