from_label,Crops,TreeCrops,Forest,Grassland,Urban,Water,Other
Crops,99.56448604356805,0.0,0.03830524282193058,0.3688961428285924,0.02081806675104923,0.0,0.007494504030377722
TreeCrops,0.0,99.2832893247831,0.15088645794039984,0.37721614485099964,0.18860807242549982,0.0,0.0
Forest,0.07286255550412316,0.0,99.64083046169144,0.26744843902689913,0.01885854377753776,0.0,0.0
Grassland,1.0512971547109893,0.0,0.48147104771173205,98.15222680359567,0.2663456859681922,0.0,0.04865930801341972
Urban,0.10598522094974534,0.0,0.04710454264433126,0.36800423940883803,99.47890599699709,0.0,0.0
Water,0.0,0.0,0.0,0.0,0.0,100.0,0.0
Other,0.0,0.0,0.1141552511415525,3.0821917808219177,0.228310502283105,0.0,96.57534246575342
