from_label,Crops,TreeCrops,Forest,Grassland,Urban,Water,Other
Crops,99.47407270714153,0.0,0.04110117599691322,0.4395309433139291,0.03439077991578453,0.0,0.010904393631834118
TreeCrops,0.0,96.97972693421598,0.33098882912701694,2.3169218038891186,0.3723624327678941,0.0,0.0
Forest,0.03941494511897316,0.0008568466330211555,99.64440864729622,0.2896141619611506,0.025705398990634665,0.0,0.0
Grassland,0.5604207623764904,0.0012765848801286797,0.4289325197232364,98.6072458957796,0.322975974672556,0.0,0.07914826256797815
Urban,0.060593819430418104,0.0,0.046166719566032834,0.41550047609429547,99.47773898490925,0.0,0.0
Water,0.0,0.0,0.0,0.0,0.0,100.0,0.0
Other,0.0999000999000999,0.0,0.0999000999000999,2.4975024975024978,0.0,0.0,97.30269730269731
