from_label,Crops,TreeCrops,Forest,Grassland,Urban,Water,Other
Crops,99.55734879348167,0.0,0.053274835474772804,0.3635224067690379,0.025853964274522093,0.0,0.0
TreeCrops,0.0,100.0,0.0,0.0,0.0,0.0,0.0
Forest,0.06199967176644358,0.0,99.63164900891701,0.28538084210142417,0.020970477215120627,0.0,0.0
Grassland,0.7099271078186955,0.0,0.4641831089583779,98.58845596789895,0.22556212455777952,0.0,0.011871690766198923
Urban,0.006529546196539341,0.0,0.0555011426705844,0.11426705843943846,99.82370225269344,0.0,0.0
Water,0.0,0.0,0.0,0.0,0.0,100.0,0.0
Other,1.9867549668874174,0.0,0.0,6.622516556291391,0.0,0.0,91.3907284768212
