from_label,Crops,TreeCrops,Forest,Grassland,Urban,Water,Other
Crops,99.30862509613219,0.0,0.06913749038678153,0.595048512767131,0.02718890071390285,0.0,0.0
TreeCrops,0.0,100.0,0.0,0.0,0.0,0.0,0.0
Forest,0.051820066184224876,0.0,99.60271282592095,0.3300120004363795,0.014545983490308738,0.0,0.0009091239681442961
Grassland,0.5796033646466507,0.0,0.3659360225947074,98.88745625345368,0.14858476085221342,0.0,0.01841959845275373
Urban,0.0,0.0,0.08128810379865561,0.03751758636861029,99.87806784430202,0.0,0.003126465530717524
Water,0.0,0.0,0.0,0.0,0.0,100.0,0.0
Other,0.0,0.0,0.0,4.787234042553192,0.0,0.0,95.2127659574468
