from_label,Crops,TreeCrops,Forest,Grassland,Urban,Water,Other
Crops,99.42125868498832,0.0,0.058028875168283735,0.49672717144050876,0.023211550067313496,0.0,0.0007737183355771164
TreeCrops,0.0,100.0,0.0,0.0,0.0,0.0,0.0
Forest,0.05361150739202733,0.0,99.60563738630272,0.3253037228194201,0.014538713869024361,0.0,0.0009086696168140226
Grassland,0.593939842026789,0.0,0.38815570588887655,98.84415856468645,0.1527978016832403,0.0,0.020948085714637785
Urban,0.003153479865031062,0.0,0.06306959730062124,0.040995238245403805,99.89278168458895,0.0,0.0
Water,0.0,0.0,0.0,0.0,0.0,100.0,0.0
Other,0.0,0.0,0.0,6.395348837209303,0.0,0.0,93.6046511627907
