from_label,Crops,TreeCrops,Forest,Grassland,Urban,Water,Other
Crops,99.9401466407302,0.0,0.0,0.044890019452341764,0.0,0.0,0.014963339817447255
TreeCrops,0.0,83.33333333333334,16.666666666666664,0.0,0.0,0.0,0.0
Forest,0.0029117167481947357,0.0,99.31574656417423,0.6813417190775681,0.0,0.0,0.0
Grassland,0.00032015879876418703,0.0,0.00592293777713746,99.96814419952297,0.00032015879876418703,0.0,0.025292545102370778
Urban,0.0,0.0,0.0,0.0,100.0,0.0,0.0
Water,0.0,0.0,0.0,0.0,0.0,100.0,0.0
Other,0.0006277779172839816,0.0,0.0,0.0784722396604977,0.0006277779172839816,0.0,99.92027220450494
