from_label,Crops,TreeCrops,Forest,Grassland,Urban,Water,Other
Crops,99.93871046825203,0.0,0.0,0.049031625398381955,0.0,0.0,0.012257906349595489
TreeCrops,0.0,100.0,0.0,0.0,0.0,0.0,0.0
Forest,0.007203054094936254,0.0,99.10321976518044,0.8895771807246272,0.0,0.0,0.0
Grassland,0.00047676789508563545,0.0,0.004608756319161143,99.96853331892434,0.0003178452633904236,0.0,0.026063311598014737
Urban,0.0,0.0,0.0,0.0,100.0,0.0,0.0
Water,0.0,0.0,0.0,0.0,0.0,100.0,0.0
Other,0.0006259349903918979,0.0,0.0,0.07761593880859534,0.0006259349903918979,0.0,99.92113219121062
