from_label,Crops,TreeCrops,Forest,Grassland,Urban,Water,Other
Crops,99.9401734968591,0.0,0.0,0.04486987735566856,0.0,0.0,0.014956625785222853
TreeCrops,0.0,100.0,0.0,0.0,0.0,0.0,0.0
Forest,0.0029622607974406066,0.0,99.31571775579123,0.6813199834113395,0.0,0.0,0.0
Grassland,0.00031990633142615845,0.0,0.00591826713138393,99.96848922635454,0.00031990633142615845,0.0,0.024952693851240354
Urban,0.0,0.0,0.0,0.0,100.0,0.0,0.0
Water,0.0,0.0,0.0,0.0,0.0,100.0,0.0
Other,0.0006274549173641874,0.0,0.013804008182012124,0.08094168433998017,0.0006274549173641874,0.0,99.90399939764329
