from_label,Crops,TreeCrops,Forest,Grassland,Urban,Water,Other
Crops,99.9401466407302,0.0,0.0,0.044890019452341764,0.0,0.0,0.014963339817447255
TreeCrops,0.0,100.0,0.0,0.0,0.0,0.0,0.0
Forest,0.002928343436118188,0.0,99.3235526662567,0.6735189903071832,0.0,0.0,0.0
Grassland,0.0003200752817062573,0.0,0.005601317429859503,99.96879266003364,0.000480112922559386,0.0,0.02480583433223494
Urban,0.0,0.0,0.0,0.0,100.0,0.0,0.0
Water,0.0,0.0,0.0,0.0,0.0,100.0,0.0
Other,0.0006276518289774296,0.0,0.0,0.08033943410911099,0.0006276518289774296,0.0,99.91840526223294
