from_label,Crops,TreeCrops,Forest,Grassland,Urban,Water,Other
Crops,99.93871798014462,0.0,0.0,0.04902561588429955,0.0,0.0,0.012256403971074888
TreeCrops,0.0,100.0,0.0,0.0,0.0,0.0,0.0
Forest,0.007260582298700355,0.0,98.98351847818195,0.8894213315907935,0.0036302911493501775,0.0,0.11616931677920568
Grassland,0.00047663382130044775,0.0,0.0044485823321375115,99.9687010457346,0.00031775588086696517,0.0,0.02605598223109114
Urban,0.0,0.0,0.0,0.0,100.0,0.0,0.0
Water,0.0,0.0,0.0,0.0,0.0,100.0,0.0
Other,0.0006257822277847309,0.0,0.0,0.07759699624530662,0.0006257822277847309,0.0,99.92115143929912
