from_label,Crops,TreeCrops,Forest,Grassland,Urban,Water,Other
Crops,99.94013768332835,0.0,0.0,0.044896737503741395,0.0,0.0,0.014965579167913799
TreeCrops,0.0,100.0,0.0,0.0,0.0,0.0,0.0
Forest,0.0028616397195593076,0.0,99.33609958506224,0.6581771354986408,0.0,0.0,0.0028616397195593076
Grassland,0.00032040088558804775,0.0,0.005927416383378884,99.96828031232678,0.00032040088558804775,0.0,0.02515146951866175
Urban,0.0,0.0,0.0,0.0,100.0,0.0,0.0
Water,0.0,0.0,0.0,0.0,0.0,100.0,0.0
Other,0.0006283143582397145,0.0,0.0,0.07476940863052603,0.0,0.0,99.92460227701123
