from_label,Crops,TreeCrops,Forest,Grassland,Urban,Water,Other
Crops,99.9508659869795,0.0,0.0,0.04913401302051345,0.0,0.0,0.0
TreeCrops,0.0,100.0,0.0,0.0,0.0,0.0,0.0
Forest,0.006785181164337088,0.0,99.2230967566834,0.766725471570091,0.0,0.0,0.003392590582168544
Grassland,0.00047778613018716477,0.0,0.004777861301871647,99.96862537745105,0.00031852408679144316,0.0,0.025800451030106898
Urban,0.0,0.0,0.0,0.0,100.0,0.0,0.0
Water,0.0,0.0,0.0,0.0,0.0,100.0,0.0
Other,0.000627218786457092,0.0,0.0,0.0777751295206794,0.0,0.0,99.92159765169286
