from_label,Crops,TreeCrops,Forest,Grassland,Urban,Water,Other
Crops,99.92688276870582,0.0,0.012186205215695833,0.06093102607847916,0.0,0.0,0.0
TreeCrops,0.0,100.0,0.0,0.0,0.0,0.0,0.0
Forest,0.0064743776504483505,0.0,99.2230746819462,0.7542649962772329,0.0032371888252241752,0.0,0.012948755300896701
Grassland,0.00047872391353607824,0.0,0.004946813773206141,99.96840422170662,0.0003191492756907188,0.0,0.025851091330948223
Urban,0.0,0.0,0.0,0.0,100.0,0.0,0.0
Water,0.0,0.0,0.0,0.0,0.0,100.0,0.0
Other,0.0006281446491498063,0.0,0.0,0.07788993649457597,0.0,0.0,99.92148191885627
