from_label,Crops,TreeCrops,Forest,Grassland,Urban,Water,Other
Crops,99.93899463152758,0.0,0.0,0.04880429477794046,0.0,0.0,0.012201073694485115
TreeCrops,0.0,100.0,0.0,0.0,0.0,0.0,0.0
Forest,0.006188501763723002,0.0,99.26975679188068,0.7209604554737298,0.003094250881861501,0.0,0.0
Grassland,0.00047963317654657714,0.0,0.0052759649420123485,99.96850408807344,0.00031975545103105145,0.0,0.025420558356968593
Urban,0.0,0.0,0.0,0.0,100.0,0.0,0.0
Water,0.0,0.0,0.0,0.0,0.0,100.0,0.0
Other,0.0006289664194828638,0.0,0.0031448320974143194,0.07862080243535798,0.0,0.0,99.91760539904774
