from_label,Crops,TreeCrops,Forest,Grassland,Urban,Water,Other
Crops,99.9401734968591,0.0,0.0,0.04486987735566856,0.0,0.0,0.014956625785222853
TreeCrops,0.0,100.0,0.0,0.0,0.0,0.0,0.0
Forest,0.0029774310724706723,0.0,99.29137140475198,0.7056511641755493,0.0,0.0,0.0
Grassland,0.00047973288472978246,0.0,0.005436972693604201,99.96817771864626,0.0003198219231531883,0.0,0.02558575385225506
Urban,0.0,0.0,0.0,0.0,100.0,0.0,0.0
Water,0.0,0.0,0.0,0.0,0.0,100.0,0.0
Other,0.0006274391697724906,0.0,0.0,0.08219453124019627,0.0006274391697724906,0.0,99.91655059042026
