from_label,Crops,TreeCrops,Forest,Grassland,Urban,Water,Other
Crops,99.95073284887302,0.0,0.0,0.04926715112698608,0.0,0.0,0.0
TreeCrops,0.0,100.0,0.0,0.0,0.0,0.0,0.0
Forest,0.006688739507039899,0.0,99.20069562890873,0.792615631584228,0.0,0.0,0.0
Grassland,0.0019121311976952446,0.0,0.004780327994238111,99.96717508110623,0.0003186885329492074,0.0,0.0258137711688858
Urban,0.0,0.0,0.0,0.0,100.0,0.0,0.0
Water,0.0,0.0,0.0,0.0,0.0,100.0,0.0
Other,0.0006275139778738572,0.0,0.0,0.07592919132273672,0.0,0.0,99.92344329469938
