from_label,Crops,TreeCrops,Forest,Grassland,Urban,Water,Other
Crops,99.93822393822394,0.0,0.0,0.04633204633204633,0.0,0.0,0.015444015444015444
TreeCrops,0.0,100.0,0.0,0.0,0.0,0.0,0.0
Forest,0.03615889250477814,0.0,99.39821271759905,0.5656283898961724,0.0,0.0,0.0
Grassland,0.004022823893642972,0.0001609129557457189,0.009976603256234572,99.96218545539975,0.0001609129557457189,0.0,0.02349329153887496
Urban,0.0,0.0,0.0,0.0,100.0,0.0,0.0
Water,0.0,0.0,0.0,0.0,0.0,100.0,0.0
Other,0.0037885963250615644,0.0,0.0,0.07387762833870051,0.0,0.0,99.92233377533624
