from_label,Crops,TreeCrops,Forest,Grassland,Urban,Water,Other
Crops,99.9393019726859,0.0,0.0,0.045523520485584223,0.0,0.0,0.015174506828528073
TreeCrops,0.0,100.0,0.0,0.0,0.0,0.0,0.0
Forest,0.00271370420624152,0.0,99.37042062415196,0.6268656716417911,0.0,0.0,0.0
Grassland,0.0003211133642565503,0.0,0.007064494013644107,99.96114528292496,0.0003211133642565503,0.0,0.03114799633288538
Urban,0.0,0.0,0.0,0.0,100.0,0.0,0.0
Water,0.0,0.0,0.0,0.0,0.0,100.0,0.0
Other,0.0006300204756654592,0.0,0.0,0.07623247755552055,0.0,0.0,99.92313750196882
