from_label,Crops,TreeCrops,Forest,Grassland,Urban,Water,Other
Crops,99.9387029545176,0.0,0.0,0.0490376363859262,0.0,0.0,0.01225940909648155
TreeCrops,0.0,100.0,0.0,0.0,0.0,0.0,0.0
Forest,0.007147962830593281,0.0,99.13152251608291,0.8577555396711937,0.0035739814152966403,0.0,0.0
Grassland,0.0004769005280878515,0.0,0.004610038438182564,99.96931939935968,0.00031793368539190096,0.0,0.025275727988656124
Urban,0.0,0.0,0.0,0.0,100.0,0.0,0.0
Water,0.0,0.0,0.0,0.0,0.0,100.0,0.0
Other,0.0006260682289155872,0.0,0.0,0.07763246038553281,0.0006260682289155872,0.0,99.92111540315663
