from_label,Crops,TreeCrops,Forest,Grassland,Urban,Water,Other
Crops,99.93861264579496,0.0,0.0,0.04604051565377532,0.0,0.0,0.01534683855125844
TreeCrops,0.0,100.0,0.0,0.0,0.0,0.0,0.0
Forest,0.02881919882627263,0.0,99.39217689748226,0.5790039036914774,0.0,0.0,0.0
Grassland,0.0033769767374545318,0.0,0.006593145058839799,99.96606942420938,0.0001608084160692634,0.0,0.023799645578250983
Urban,0.0,0.0,0.0,0.0,100.0,0.0,0.0
Water,0.0,0.0,0.0,0.0,0.0,100.0,0.0
Other,0.003155191236140823,0.0,0.0,0.07383147492569525,0.0,0.0,99.92301333383816
