from_label,Crops,TreeCrops,Forest,Grassland,Urban,Water,Other
Crops,99.93901695328698,0.0,0.0,0.060983046713013786,0.0,0.0,0.0
TreeCrops,0.0,100.0,0.0,0.0,0.0,0.0,0.0
Forest,0.006388347653879325,0.0,99.23020410770754,0.7506308493308206,0.0031941738269396624,0.0,0.009582521480818985
Grassland,0.0006386368934146957,0.0,0.005109095147317565,99.96886645144603,0.00031931844670734784,0.0,0.025066498066526808
Urban,0.0,0.0,0.0,0.0,100.0,0.0,0.0
Water,0.0,0.0,0.0,0.0,0.0,100.0,0.0
Other,0.0,0.0,0.0,0.0779246895580916,0.0,0.0,99.9220753104419
