from_label,Crops,TreeCrops,Forest,Grassland,Urban,Water,Other
Crops,72.01512695840087,27.512155591572125,0.28363047001620745,0.17558076715289034,0.01350621285791464,0.0,0.0
TreeCrops,0.0,99.40476190476191,0.5952380952380952,0.0,0.0,0.0,0.0
Forest,0.1625542486466592,2.06106519038783,97.55708567835728,0.205493106779739,0.013801775828489932,0.0,0.0
Grassland,0.35213189932849265,5.055413004312934,0.26478135065785885,94.31129551782497,0.016378227875743844,0.0,0.0
Urban,0.0,0.0,0.0,0.0,100.0,0.0,0.0
Water,0.0,0.0,0.0,0.0,0.0,100.0,0.0
Other,0.0,0.0,0.0,0.3472222222222222,0.0,0.0,99.65277777777779
