from_label,Crops,TreeCrops,Forest,Grassland,Urban,Water,Other
Crops,98.84377520838935,0.5243344985211078,0.30922290938424307,0.30922290938424307,0.013444474321054048,0.0,0.0
TreeCrops,0.0,95.27220630372493,4.441260744985674,0.0,0.28653295128939826,0.0,0.0
Forest,0.10248990173027069,0.05425935973955508,99.49056490022306,0.3345993850605896,0.016579248809308493,0.0,0.0015072044372098632
Grassland,0.10039320672634484,0.05019660336317242,0.20357511363953262,99.63468027552358,0.008366100560528738,0.0,0.0027887001868429125
Urban,0.0,0.0,0.0,0.0,100.0,0.0,0.0
Water,0.0,0.0,0.0,0.0,0.0,100.0,0.0
Other,0.0,0.0,0.0,0.0,0.0,0.0,100.0
