from_label,Crops,TreeCrops,Forest,Grassland,Urban,Water,Other
Crops,97.51501346034375,0.010354110581901015,0.8386829571339821,1.5738248084489543,0.051770552909505066,0.0,0.010354110581901015
TreeCrops,0.0,98.4375,1.5625,0.0,0.0,0.0,0.0
Forest,0.11600591630173138,0.018850961399031353,99.41707027058379,0.4306719642701778,0.013050665583944781,0.0,0.004350221861314927
Grassland,0.040783034257748776,0.0,0.20705232777010915,99.74275316852804,0.006274312962730582,0.0,0.003137156481365291
Urban,0.0,0.0,0.0,0.0,100.0,0.0,0.0
Water,0.0,0.0,0.0,0.0,0.0,100.0,0.0
Other,0.0,0.0,0.0,0.4329004329004329,0.0,0.0,99.56709956709958
