from_label,Crops,TreeCrops,Forest,Grassland,Urban,Water,Other
Crops,99.48523435383365,0.0,0.0406393931183961,0.46057978867515575,0.0135464643727987,0.0,0.0
TreeCrops,0.0,96.81697612732096,2.3872679045092835,0.7957559681697612,0.0,0.0,0.0
Forest,0.05654761904761905,0.01636904761904762,99.39583333333334,0.5238095238095238,0.007440476190476191,0.0,0.0
Grassland,0.11851684632315593,0.0,0.4938201930131498,99.35380100457137,0.03104012641796941,0.0,0.002821829674360856
Urban,0.0,0.0,0.0,0.0,100.0,0.0,0.0
Water,0.0,0.0,0.0,0.0,0.0,100.0,0.0
Other,0.0,0.0,0.0,0.3558718861209964,0.0,0.0,99.644128113879
