from_label,Crops,TreeCrops,Forest,Grassland,Urban,Water,Other
Crops,99.37180083759888,0.0,0.3140995812005584,0.3024662633783155,0.011633317822242905,0.0,0.0
TreeCrops,0.0,0.0,0.0,0.0,0.0,0.0,0.0
Forest,0.06350784183786172,0.0,99.59962447537,0.33410647227744644,0.0,0.0,0.00276121051468964
Grassland,0.030290791599353797,0.003365643511039311,0.19184168012924072,99.76440495422725,0.006731287022078622,0.0,0.003365643511039311
Urban,0.0,0.0,0.0,0.0,100.0,0.0,0.0
Water,0.0,0.0,0.0,0.0,0.0,100.0,0.0
Other,0.0,0.0,0.0,0.0,0.0,0.0,100.0
