from_label,Crops,TreeCrops,Forest,Grassland,Urban,Water,Other
Crops,97.16489246143819,0.021724961981316532,0.7929611123180534,1.9443840973278295,0.054312404953291336,0.0,0.021724961981316532
TreeCrops,0.0,97.84172661870504,2.158273381294964,0.0,0.0,0.0,0.0
Forest,0.07498786960932789,0.03675875961241564,99.38245283851141,0.48815632765287964,0.011762803075973004,0.0,0.005881401537986502
Grassland,0.054337982249592465,0.0,0.29282134878947047,99.63170923141944,0.01509388395822013,0.0,0.006037553583288052
Urban,0.0,0.0,0.0,0.0,100.0,0.0,0.0
Water,0.0,0.0,0.0,0.0,0.0,100.0,0.0
Other,0.0,0.0,0.0,0.4032258064516129,0.0,0.0,99.59677419354838
