from_label,Crops,TreeCrops,Forest,Grassland,Urban,Water,Other
Crops,99.39687950701456,0.0,0.3408941916874263,0.2491149862331192,0.013111315064901008,0.0,0.0
TreeCrops,0.0,0.0,0.0,0.0,0.0,0.0,0.0
Forest,0.04895215918712955,0.0,99.69834885690094,0.25005292125317524,0.0,0.0,0.0026460626587637595
Grassland,0.04711169094730738,0.0,0.18844676378922953,99.76081756903675,0.0036239762267159525,0.0,0.0
Urban,0.0,0.0,0.0,0.0,100.0,0.0,0.0
Water,0.0,0.0,0.0,0.0,0.0,100.0,0.0
Other,0.0,0.0,0.0,0.0,0.0,0.0,100.0
