from_label,Crops,TreeCrops,Forest,Grassland,Urban,Water,Other
Crops,99.21052631578947,0.011441647597254006,0.3661327231121282,0.40045766590389015,0.011441647597254006,0.0,0.0
TreeCrops,0.0,100.0,0.0,0.0,0.0,0.0,0.0
Forest,0.1052197528757696,0.0014218885523752647,99.46110423864978,0.4265665657125795,0.005687554209501059,0.0,0.0
Grassland,0.29760020262141457,0.0,0.4147407079085671,99.25916545304881,0.025327676818843792,0.0,0.003165959602355474
Urban,0.0,0.0,0.0,0.0,100.0,0.0,0.0
Water,0.0,0.0,0.0,0.0,0.0,100.0,0.0
Other,0.4608294930875576,0.0,0.4608294930875576,0.4608294930875576,0.0,0.0,98.61751152073732
