from_label,Crops,TreeCrops,Forest,Grassland,Urban,Water,Other
Crops,99.36781609195403,0.0,0.3218390804597701,0.2988505747126437,0.011494252873563218,0.0,0.0
TreeCrops,0.0,100.0,0.0,0.0,0.0,0.0,0.0
Forest,0.07446330223670901,0.0,99.56586489828032,0.34281218388220747,0.014049679667303586,0.0,0.002809935933460717
Grassland,0.032436991144701416,0.0,0.19786564598267864,99.75996626552921,0.006487398228940284,0.0,0.003243699114470142
Urban,0.0,0.0,0.0,0.0,100.0,0.0,0.0
Water,0.0,0.0,0.0,0.0,0.0,100.0,0.0
Other,0.0,0.0,0.0,0.0,0.0,0.0,100.0
