from_label,Crops,TreeCrops,Forest,Grassland,Urban,Water,Other
Crops,97.14388359978444,2.7124124303933894,0.017962996227770794,0.12574097359439554,0.0,0.0,0.0
TreeCrops,0.0,99.47072975140337,0.32076984763432237,0.12830793905372895,0.08019246190858059,0.0,0.0
Forest,0.08785691873235017,0.2447442736115469,99.38186382177597,0.27298399748980234,0.01255098839033574,0.0,0.0
Grassland,0.1008703671681365,0.8184909793071647,0.19021269237420024,98.88177992967894,0.008646031471554558,0.0,0.0
Urban,0.0,0.0,0.0,0.0,100.0,0.0,0.0
Water,0.0,0.0,0.0,0.0,0.0,100.0,0.0
Other,0.0,0.0,0.0,0.0,0.0,0.0,100.0
