from_label,Crops,TreeCrops,Forest,Grassland,Urban,Water,Other
Crops,99.37187390950332,0.0,0.31406304524834244,0.30243108060951496,0.0116319646388275,0.0,0.0
TreeCrops,0.0,100.0,0.0,0.0,0.0,0.0,0.0
Forest,0.06507351923130175,0.0,99.60125162683798,0.3309057680059812,0.0,0.0,0.0027690859247362443
Grassland,0.030090270812437314,0.006686726847208291,0.18722835172183216,99.76596456034771,0.006686726847208291,0.0,0.0033433634236041455
Urban,0.0,0.0,0.0,0.0,100.0,0.0,0.0
Water,0.0,0.0,0.0,0.0,0.0,100.0,0.0
Other,0.0,0.0,0.0,0.0,0.0,0.0,100.0
