from_label,Crops,TreeCrops,Forest,Grassland,Urban,Water,Other
Crops,99.29603556872915,0.0,0.5928121526491293,0.11115227862171174,0.0,0.0,0.0
TreeCrops,0.0,95.05164544799423,2.906557770838338,1.9937545039634879,0.048042277203939464,0.0,0.0
Forest,0.0609270281670338,0.017184546406086455,99.47665245036009,0.42492696567777416,0.017184546406086455,0.0,0.00312446298292481
Grassland,0.02457606291472106,0.0054613473143824585,0.1993391769749597,99.76243139182436,0.0054613473143824585,0.0,0.0027306736571912293
Urban,0.0,0.0,0.0,0.0,100.0,0.0,0.0
Water,0.0,0.0,0.0,0.0,0.0,100.0,0.0
Other,0.0,0.0,0.0,0.0,0.0,0.0,100.0
