from_label,Crops,TreeCrops,Forest,Grassland,Urban,Water,Other
Crops,99.33713222467728,0.0,0.38376555413420166,0.26747296197232234,0.011629259216187928,0.0,0.0
TreeCrops,0.0,100.0,0.0,0.0,0.0,0.0,0.0
Forest,0.09719387400896962,0.0,99.59733966481998,0.3026894933422196,0.0,0.0,0.002776967828827703
Grassland,0.04318219564856336,0.0,0.17605048995183523,99.77412389968444,0.0066434147151635935,0.0,0.0
Urban,0.0,0.0,0.0,0.0,100.0,0.0,0.0
Water,0.0,0.0,0.0,0.0,0.0,100.0,0.0
Other,0.0,0.0,0.0,0.0,0.0,0.0,100.0
