from_label,Crops,TreeCrops,Forest,Grassland,Urban,Water,Other
Crops,99.19041110293344,0.14719798128482808,0.3049101040900011,0.33645252865103564,0.021028283040689728,0.0,0.0
TreeCrops,0.0,100.0,0.0,0.0,0.0,0.0,0.0
Forest,0.07277172963847005,0.07568259882400885,99.48040985038132,0.3507597368574256,0.01600978052046341,0.0,0.004366303778308203
Grassland,0.031013521895546455,0.018608113137327877,0.2170946532688252,99.72397965512964,0.006202704379109291,0.0,0.0031013521895546453
Urban,0.0,0.0,0.0,0.0,100.0,0.0,0.0
Water,0.0,0.0,0.0,0.0,0.0,100.0,0.0
Other,0.0,0.0,0.0,0.425531914893617,0.0,0.0,99.57446808510639
