from_label,Crops,TreeCrops,Forest,Grassland,Urban,Water,Other
Crops,99.42430982598455,0.0,0.3140128221902394,0.24859348423393957,0.013083867591259978,0.0,0.0
TreeCrops,0.0,0.0,0.0,0.0,0.0,0.0,0.0
Forest,0.05874264048168965,0.0,99.67291029731786,0.26701200218949844,0.0,0.0,0.0013350600109474922
Grassland,0.04956980490741069,0.0,0.16641291647487874,99.78047657826718,0.0035407003505293346,0.0,0.0
Urban,0.0,0.0,0.0,0.0,100.0,0.0,0.0
Water,0.0,0.0,0.0,0.0,0.0,100.0,0.0
Other,0.0,0.0,0.0,0.0,0.0,0.0,100.0
