from_label,Crops,TreeCrops,Forest,Grassland,Urban,Water,Other
Crops,99.412915851272,0.0,0.2870189171559035,0.2870189171559035,0.013046314416177431,0.0,0.0
TreeCrops,0.0,0.0,0.0,0.0,0.0,0.0,0.0
Forest,0.05230055384945487,0.0,99.64998860116134,0.29368772546232347,0.0013410398422937146,0.0,0.0026820796845874293
Grassland,0.03502749658481909,0.0,0.18564573189954114,99.77582402185716,0.003502749658481908,0.0,0.0
Urban,0.0,0.0,0.0,0.0,100.0,0.0,0.0
Water,0.0,0.0,0.0,0.0,0.0,100.0,0.0
Other,0.0,0.0,0.0,0.0,0.0,0.0,100.0
