from_label,Crops,TreeCrops,Forest,Grassland,Urban,Water,Other
Crops,99.06313645621181,0.3394433129667346,0.2987101154107264,0.28513238289205706,0.013577732518669382,0.0,0.0
TreeCrops,0.0,98.80823401950163,1.0834236186348862,0.0,0.10834236186348861,0.0,0.0
Forest,0.0978039946819078,0.07335299601143083,99.50333908950594,0.30716567079786666,0.016810061585952902,0.0,0.0015281874169048094
Grassland,0.12038962460326147,0.06293094013352303,0.1778483090729999,99.62788661486265,0.008208383495676918,0.0,0.002736127831892306
Urban,0.0,0.0,0.0,0.0,100.0,0.0,0.0
Water,0.0,0.0,0.0,0.0,0.0,100.0,0.0
Other,0.0,0.0,0.0,0.0,0.0,0.0,100.0
