from_label,Crops,TreeCrops,Forest,Grassland,Urban,Water,Other
Crops,99.39366205239675,0.011440338634023568,0.2745681272165656,0.3088891431186363,0.011440338634023568,0.0,0.0
TreeCrops,0.0,100.0,0.0,0.0,0.0,0.0,0.0
Forest,0.06095400099227444,0.0,99.57190445814729,0.35438372669927,0.00850520944078248,0.0,0.00425260472039124
Grassland,0.028677946659019213,0.0,0.1975591880954657,99.76420354969251,0.006372877035337603,0.0,0.0031864385176688017
Urban,0.0,0.0,0.0,0.0,100.0,0.0,0.0
Water,0.0,0.0,0.0,0.0,0.0,100.0,0.0
Other,0.0,0.0,0.0,0.0,0.0,0.0,100.0
