from_label,Crops,TreeCrops,Forest,Grassland,Urban,Water,Other
Crops,99.27601809954751,0.0,0.2828054298642534,0.4298642533936652,0.011312217194570135,0.0,0.0
TreeCrops,0.0,75.0,25.0,0.0,0.0,0.0,0.0
Forest,0.07273868271671849,0.0,99.42379553298913,0.4920557948483898,0.007131243403599852,0.0,0.004278746042159911
Grassland,0.19250189346124716,0.00946730623579904,0.4702095430446857,99.28364049482454,0.02209038121686443,0.0,0.02209038121686443
Urban,0.0,0.0,0.0,0.0,100.0,0.0,0.0
Water,0.0,0.0,0.0,0.0,0.0,100.0,0.0
Other,0.0,0.0,0.0,0.46511627906976744,0.0,0.0,99.53488372093024
