from_label,Crops,TreeCrops,Forest,Grassland,Urban,Water,Other
Crops,99.41337504888541,0.0,0.32590275061921525,0.24768609047060358,0.013036110024768607,0.0,0.0
TreeCrops,0.0,0.0,0.0,0.0,0.0,0.0,0.0
Forest,0.03909146053784458,0.0,99.68322437150367,0.2749882051627688,0.0,0.0,0.0026959627957134193
Grassland,0.04841275330244139,0.0,0.18673490559513106,99.76139428729512,0.003458053807317242,0.0,0.0
Urban,0.0,0.0,0.0,0.0,100.0,0.0,0.0
Water,0.0,0.0,0.0,0.0,0.0,100.0,0.0
Other,0.0,0.0,0.0,0.0,0.0,0.0,100.0
