from_label,Crops,TreeCrops,Forest,Grassland,Urban,Water,Other
Crops,99.07705516205195,0.6009873363382701,0.15024683408456752,0.15024683408456752,0.0214638334406525,0.0,0.0
TreeCrops,0.0,99.63811821471653,0.1484643221675791,0.18558040270947387,0.02783706040642108,0.0,0.0
Forest,0.04258106780216181,0.15722240419259745,99.47101211922698,0.3144448083851949,0.013101867016049786,0.0,0.0016377333770062233
Grassland,0.026761024055187176,0.10109720198626267,0.13380512027593588,99.72941631233088,0.008920341351729059,0.0,0.0
Urban,0.0,0.0,0.0,0.0,100.0,0.0,0.0
Water,0.0,0.0,0.0,0.0,0.0,100.0,0.0
Other,0.0,0.0,0.0,0.0,0.0,0.0,100.0
