from_label,Crops,TreeCrops,Forest,Grassland,Urban,Water,Other
Crops,99.48224852071006,0.05547337278106509,0.12943786982248523,0.3143491124260355,0.01849112426035503,0.0,0.0
TreeCrops,0.0,99.72292191435768,0.05037783375314861,0.20151133501259444,0.025188916876574305,0.0,0.0
Forest,0.04381709492660636,0.21908547463303182,99.277017933711,0.4366060530186849,0.017213858721166788,0.0,0.006259584989515196
Grassland,0.024393549261417537,0.25477707006369427,0.22767312643989698,99.48502507114785,0.005420788724759452,0.0,0.002710394362379726
Urban,0.0,0.0,0.0,0.0,100.0,0.0,0.0
Water,0.0,0.0,0.0,0.0,0.0,100.0,0.0
Other,0.0,0.0,0.0,0.0,0.0,0.0,100.0
