from_label,Crops,TreeCrops,Forest,Grassland,Urban,Water,Other
Crops,99.22683218991615,0.0,0.4464771861047588,0.30491124904715233,0.021779374931939453,0.0,0.0
TreeCrops,0.0,98.21428571428571,1.7857142857142856,0.0,0.0,0.0,0.0
Forest,0.12306249816871283,0.0366257435025931,99.46672917460224,0.35746725658530865,0.011720237920829794,0.0,0.0043950892203111725
Grassland,0.030353619669145546,0.012141447867658217,0.22461678555167705,99.72074669904386,0.009106085900743664,0.0,0.0030353619669145544
Urban,0.0,0.0,0.0,0.0,100.0,0.0,0.0
Water,0.0,0.0,0.0,0.0,0.0,100.0,0.0
Other,0.0,0.0,0.0,0.40816326530612246,0.0,0.0,99.59183673469387
