from_label,Crops,TreeCrops,Forest,Grassland,Urban,Water,Other
Crops,99.43744374437443,0.0,0.3487848784878488,0.20252025202520252,0.011251125112511251,0.0,0.0
TreeCrops,0.0,100.0,0.0,0.0,0.0,0.0,0.0
Forest,0.17886527867210417,0.0028618444587536667,99.57215425341633,0.2303784789296702,0.014309222293768332,0.0,0.0014309222293768333
Grassland,0.08478568064060292,0.0,0.16957136128120584,99.73936253729,0.006280420788192809,0.0,0.0
Urban,0.0,0.0,0.0,0.0,100.0,0.0,0.0
Water,0.0,0.0,0.0,0.0,0.0,100.0,0.0
Other,0.0,0.0,0.0,0.0,0.0,0.0,100.0
