from_label,Crops,TreeCrops,Forest,Grassland,Urban,Water,Other
Crops,93.12252964426877,0.0,0.7300627760985817,6.0683561962334345,0.0046500813764240876,0.0,0.0744013020227854
TreeCrops,0.0,96.25,0.0,3.75,0.0,0.0,0.0
Forest,0.005733616191732125,0.045868929533857,99.81079066567284,0.1318731724098389,0.0,0.0,0.005733616191732125
Grassland,0.02094507154986049,0.004488229617827248,0.18177329952200352,99.74566698832312,0.0014960765392757493,0.0,0.04563033444791035
Urban,0.0,0.0,0.0,0.0,100.0,0.0,0.0
Water,0.0,0.0,0.0,0.0,0.0,100.0,0.0
Other,0.0,0.0,0.0,0.0,0.0,0.0,100.0
