from_label,Crops,TreeCrops,Forest,Grassland,Urban,Water,Other
Crops,99.91683048540753,0.0,0.07560864962951762,0.007560864962951762,0.0,0.0,0.0
TreeCrops,0.0,99.61389961389962,0.0,0.0,0.3861003861003861,0.0,0.0
Forest,0.034057045551298425,0.02554278416347382,99.82120051085568,0.1191996594295445,0.0,0.0,0.0
Grassland,0.08940303157552525,0.018964279425111415,0.3948633894585698,99.49270552537827,0.004063774162523875,0.0,0.0
Urban,0.0,0.0,0.0,0.0,100.0,0.0,0.0
Water,0.0,0.0,0.0,0.0,0.0,100.0,0.0
Other,0.0,0.0,0.0,0.0,0.0,0.0,100.0
