from_label,Crops,TreeCrops,Forest,Grassland,Urban,Water,Other
Crops,99.90625292959595,0.0,0.04218618168182244,0.05156088872222744,0.0,0.0,0.0
TreeCrops,0.0,100.0,0.0,0.0,0.0,0.0,0.0
Forest,0.1347563605002156,0.005390254420008625,99.84907287623976,0.01078050884001725,0.0,0.0,0.0
Grassland,1.043677606177606,0.0007541023166023166,0.2993786196911197,98.65241916023166,0.0030164092664092665,0.0,0.0007541023166023166
Urban,0.0,0.0,0.0,0.0,100.0,0.0,0.0
Water,0.0,0.0,0.0,0.0,0.0,100.0,0.0
Other,0.0,0.0,0.3125,0.0,0.0,0.0,99.6875
