from_label,Crops,TreeCrops,Forest,Grassland,Urban,Water,Other
Crops,99.92784472184141,0.0,0.02886211126343892,0.04329316689515838,0.0,0.0,0.0
TreeCrops,0.0,97.96954314720813,0.0,2.030456852791878,0.0,0.0,0.0
Forest,0.006587615283267457,0.0,99.85507246376811,0.1383399209486166,0.0,0.0,0.0
Grassland,0.024370373980796146,0.0,0.27434078138381945,99.69293328784197,0.0,0.0,0.008355556793415821
Urban,0.0,0.0,0.0,0.0,100.0,0.0,0.0
Water,0.0,0.0,0.0,0.0,0.0,100.0,0.0
Other,0.0,0.0,0.0,0.0,0.0,0.0,100.0
