from_label,Crops,TreeCrops,Forest,Grassland,Urban,Water,Other
Crops,99.25764192139738,0.0,0.006238303181534623,0.7049282595134124,0.024953212726138492,0.0,0.006238303181534623
TreeCrops,0.0,100.0,0.0,0.0,0.0,0.0,0.0
Forest,0.0,0.0,98.80952380952381,1.1904761904761905,0.0,0.0,0.0
Grassland,0.008313934153641503,0.0,0.0,99.98976746565705,0.0006395333964339618,0.0,0.0012790667928679236
Urban,0.0,0.0,0.0,0.0,100.0,0.0,0.0
Water,0.0,0.0,0.0,0.0,0.0,100.0,0.0
Other,0.0,0.0,0.0,0.0,0.0,0.0,100.0
