from_label,Crops,TreeCrops,Forest,Grassland,Urban,Water,Other
Crops,99.74374618669921,0.0,0.0,0.21964612568639413,0.03050640634533252,0.0,0.006101281269066504
TreeCrops,0.0,100.0,0.0,0.0,0.0,0.0,0.0
Forest,0.0,0.0,99.66386554621849,0.33613445378151263,0.0,0.0,0.0
Grassland,0.00896906952310176,0.0,0.0006406478230786972,99.98462445224611,0.003843886938472183,0.0,0.0019219434692360916
Urban,0.0,0.0,0.0,0.0,100.0,0.0,0.0
Water,0.0,0.0,0.0,0.0,0.0,100.0,0.0
Other,0.0,0.0,0.0,0.0,0.0,0.0,100.0
