from_label,Crops,TreeCrops,Forest,Grassland,Urban,Water,Other
Crops,99.73108421953306,0.0,0.0,0.23835716905023838,0.030558611416697225,0.0,0.0
TreeCrops,0.0,100.0,0.0,0.0,0.0,0.0,0.0
Forest,0.0,0.0,99.66329966329967,0.33670033670033667,0.0,0.0,0.0
Grassland,0.008968265153165157,0.0,0.0006405903680832255,99.98334465042984,0.003843542208499353,0.0,0.003202951840416127
Urban,0.0,0.0,0.0,0.0,100.0,0.0,0.0
Water,0.0,0.0,0.0,0.0,0.0,100.0,0.0
Other,0.0,0.0,0.0,0.0,0.0,0.0,100.0
