from_label,Crops,TreeCrops,Forest,Grassland,Urban,Water,Other
Crops,99.90758262553359,0.0,0.04840910091097126,0.04400827355542842,0.0,0.0,0.0
TreeCrops,0.0,95.42483660130719,1.3071895424836601,3.2679738562091507,0.0,0.0,0.0
Forest,0.13205852833976017,0.0,99.85737678939306,0.010564682267180815,0.0,0.0,0.0
Grassland,0.8942629591696348,0.0,0.2927373618478377,98.80917804240488,0.0030573092621184097,0.0,0.0007643273155296024
Urban,0.0,0.0,0.0,0.0,100.0,0.0,0.0
Water,0.0,0.0,0.0,0.0,0.0,100.0,0.0
Other,0.0,0.0,0.0,0.3125,0.0,0.0,99.6875
