from_label,Crops,TreeCrops,Forest,Grassland,Urban,Water,Other
Crops,99.71643272366369,0.0,0.03544590954203885,0.23394300297745638,0.01417836381681554,0.0,0.0
TreeCrops,0.0,90.38461538461539,0.0,9.615384615384617,0.0,0.0,0.0
Forest,0.0,0.0,100.0,0.0,0.0,0.0,0.0
Grassland,0.007582890471466215,0.0,0.21611237843678716,99.77440900847388,0.0018957226178665538,0.0,0.0
Urban,0.0,0.0,0.0,0.0,100.0,0.0,0.0
Water,0.0,0.0,0.0,0.0,0.0,100.0,0.0
Other,0.0,0.0,0.0,0.0,0.0,0.0,100.0
