from_label,Crops,TreeCrops,Forest,Grassland,Urban,Water,Other
Crops,99.92066882284738,0.0,0.0,0.07322877891011167,0.006102398242509306,0.0,0.0
TreeCrops,0.0,100.0,0.0,0.0,0.0,0.0,0.0
Forest,0.0,0.0,99.83193277310924,0.16806722689075632,0.0,0.0,0.0
Grassland,0.010249314577087656,0.0,0.0006405821610679785,99.98142311732903,0.006405821610679786,0.0,0.001281164322135957
Urban,0.0,0.0,0.0,0.0,100.0,0.0,0.0
Water,0.0,0.0,0.0,0.0,0.0,100.0,0.0
Other,0.0,0.0,0.0,0.0,0.0,0.0,100.0
