from_label,Crops,TreeCrops,Forest,Grassland,Urban,Water,Other
Crops,99.91982682594404,0.0,0.0721558566503648,0.008017317405596087,0.0,0.0,0.0
TreeCrops,0.0,82.52427184466019,1.9417475728155338,15.53398058252427,0.0,0.0,0.0
Forest,0.036231884057971016,0.0,99.84299516908213,0.12077294685990338,0.0,0.0,0.0
Grassland,0.08758528040460448,0.0,0.3845849906487896,99.52321997734637,0.004609751600242341,0.0,0.0
Urban,0.0,0.0,0.0,0.0,100.0,0.0,0.0
Water,0.0,0.0,0.0,0.0,0.0,100.0,0.0
Other,0.6993006993006993,0.0,0.0,0.6993006993006993,0.0,0.0,98.6013986013986
