from_label,Crops,TreeCrops,Forest,Grassland,Urban,Water,Other
Crops,99.5834110551514,0.0,0.006217745445501461,0.37306472673008767,0.03730647267300877,0.0,0.0
TreeCrops,0.0,100.0,0.0,0.0,0.0,0.0,0.0
Forest,0.0,0.0,99.1554054054054,0.8445945945945946,0.0,0.0,0.0
Grassland,0.00895633148662308,0.0,0.0,99.99040393055004,0.00063973796333022,0.0,0.0
Urban,0.0,0.0,0.0,0.0,100.0,0.0,0.0
Water,0.0,0.0,0.0,0.0,0.0,100.0,0.0
Other,0.0,0.0,0.0,0.0,0.0,0.0,100.0
