from_label,Crops,TreeCrops,Forest,Grassland,Urban,Water,Other
Crops,99.91094619666048,0.0,0.08905380333951762,0.0,0.0,0.0,0.0
TreeCrops,0.0,86.04651162790698,2.3255813953488373,11.627906976744185,0.0,0.0,0.0
Forest,0.031029400356838103,0.0,99.85261034830502,0.11636025133814289,0.0,0.0,0.0
Grassland,0.09097438352884846,0.0,0.39741441225760116,99.50750709668593,0.004104107527617223,0.0,0.0
Urban,0.0,0.0,0.0,0.0,100.0,0.0,0.0
Water,0.0,0.0,0.0,0.0,0.0,100.0,0.0
Other,0.0,0.0,0.0,0.0,0.0,0.0,100.0
