from_label,Crops,TreeCrops,Forest,Grassland,Urban,Water,Other
Crops,97.26149991050653,0.0,0.8680866296760336,1.7898693395382137,0.017898693395382137,0.0,0.06264542688383748
TreeCrops,0.0,90.1639344262295,2.459016393442623,7.377049180327869,0.0,0.0,0.0
Forest,0.04485198843815409,0.0,99.85547692614372,0.09468753114721419,0.0,0.0,0.00498355427090601
Grassland,0.0076884043485615,0.0,0.0107637660879861,99.9807789891286,0.0,0.0,0.00076884043485615
Urban,0.0,0.0,0.0,0.0,100.0,0.0,0.0
Water,0.0,0.0,0.0,0.0,0.0,100.0,0.0
Other,0.0,0.0,0.0,0.0,0.0,0.0,100.0
