from_label,Crops,TreeCrops,Forest,Grassland,Urban,Water,Other
Crops,98.30105751045524,0.0,0.3761221064968967,1.292986334940465,0.005327508590607603,0.0,0.024506539516794972
TreeCrops,0.0,93.53499406880191,1.453143534994069,4.804270462633451,0.02965599051008304,0.0,0.1779359430604982
Forest,0.04969795638575897,0.008282992730959829,99.86261656884167,0.07797437984662182,0.0,0.0,0.0014281021949930737
Grassland,0.4990167879783987,0.002458030054003287,0.19851344212256397,99.29348145104485,0.0010272364404789857,0.0,0.005503052359708852
Urban,0.0,0.0,0.00445335114673792,0.0,99.99554664885326,0.0,0.0
Water,0.0,0.0,0.0,0.0,0.0,100.0,0.0
Other,0.0,0.0,0.10620220900594733,0.08496176720475786,0.0,0.0,99.8088360237893
