from_label,Crops,TreeCrops,Forest,Grassland,Urban,Water,Other
Crops,98.67772474767233,0.0,1.2205617713793913,0.08606525311008528,0.015648227838197325,0.0,0.0
TreeCrops,0.0,96.96969696969697,0.0,3.0303030303030303,0.0,0.0,0.0
Forest,0.014124293785310734,0.0,99.84463276836159,0.14124293785310735,0.0,0.0,0.0
Grassland,0.006546387703265337,0.0,0.2958967241875933,99.69493833302784,0.0026185550813061353,0.0,0.0
Urban,0.0,0.0,0.0,0.0,100.0,0.0,0.0
Water,0.0,0.0,0.0,0.0,0.0,100.0,0.0
Other,0.0,0.0,0.0,0.641025641025641,0.0,0.0,99.35897435897436
