from_label,Crops,TreeCrops,Forest,Grassland,Urban,Water,Other
Crops,99.90846681922196,0.0,0.08390541571319603,0.007627765064836004,0.0,0.0,0.0
TreeCrops,0.0,100.0,0.0,0.0,0.0,0.0,0.0
Forest,0.03581341212284,0.05372011818426001,99.79407288029367,0.11639358939923002,0.0,0.0,0.0
Grassland,0.08357709987463435,0.010110133049350928,0.39631721553455646,99.50527748945176,0.0047180620896971,0.0,0.0
Urban,0.0,0.0,0.0,0.0,100.0,0.0,0.0
Water,0.0,0.0,0.0,0.0,0.0,100.0,0.0
Other,0.0,0.0,0.0,0.0,0.0,0.0,100.0
