from_label,Crops,TreeCrops,Forest,Grassland,Urban,Water,Other
Crops,98.68093766488279,0.0,1.1984623501922063,0.10552498680937664,0.015074998115625234,0.0,0.0
TreeCrops,0.0,99.13793103448276,0.0,0.8620689655172413,0.0,0.0,0.0
Forest,0.019007793195210038,0.0,99.84793765443833,0.13305455236647026,0.0,0.0,0.0
Grassland,0.0064864303876290795,0.0,0.288646152249494,99.70227284520783,0.002594572155051632,0.0,0.0
Urban,0.0,0.0,0.0,0.0,100.0,0.0,0.0
Water,0.0,0.0,0.0,0.0,0.0,100.0,0.0
Other,0.0,0.0,0.0,0.0,0.0,0.0,100.0
