from_label,Crops,TreeCrops,Forest,Grassland,Urban,Water,Other
Crops,97.7933295504697,0.0,0.006304772712943698,2.1940609041044072,0.006304772712943698,0.0,0.0
TreeCrops,0.0,100.0,0.0,0.0,0.0,0.0,0.0
Forest,0.0,0.0,99.65635738831615,0.3436426116838488,0.0,0.0,0.0
Grassland,0.0076663600122661765,0.0,0.0,99.99233363998773,0.0,0.0,0.0
Urban,0.0,0.0,0.0,0.0,100.0,0.0,0.0
Water,0.0,0.0,0.0,0.0,0.0,100.0,0.0
Other,0.0,0.0,0.0,0.0,0.0,0.0,100.0
