from_label,Crops,TreeCrops,Forest,Grassland,Urban,Water,Other
Crops,99.34307799744745,0.0,0.18205023237893417,0.3414645893033448,0.07465022756279048,0.0,0.058756953307486696
TreeCrops,0.0,100.0,0.0,0.0,0.0,0.0,0.0
Forest,0.31679808641717777,0.0002781370381186811,98.19210925222858,1.3649111583944076,0.02512504577672086,0.0,0.10077832014500211
Grassland,0.539603325346873,0.0006207093466413417,0.5487070624309461,98.61519744764317,0.06413996581960531,0.0,0.2317314894127676
Urban,0.4465181617499498,0.0,0.030102347983142687,0.7876781055589003,98.73570138470801,0.0,0.0
Water,0.0,0.0,0.0,0.0,0.0,100.0,0.0
Other,0.7210671794255499,0.0,0.0,1.497416175940392,0.002403557264751833,0.0,97.77911308736931
