from_label,Crops,TreeCrops,Forest,Grassland,Urban,Water,Other
Crops,99.5441740057359,0.0,0.064972970229182,0.294408771350981,0.03603969442399939,0.0,0.06040455825994264
TreeCrops,0.0,100.0,0.0,0.0,0.0,0.0,0.0
Forest,0.1935925947798764,0.00016179907628907346,98.32319527287818,1.3611347292818305,0.024917057748517314,0.0,0.09699854623529955
Grassland,0.3073999552872792,0.0,0.8238318801699084,98.65526492287056,0.07377598926894702,0.0,0.13972725240330874
Urban,0.22118301314459052,0.0,0.03159757330637007,0.910010111223458,98.81193124368049,0.0,0.02527805864509606
Water,0.0,0.0,0.0,0.0,0.0,100.0,0.0
Other,0.008215239268843705,0.0,0.0,0.14376668720476485,0.0,0.0,99.84801807352639
