from_label,Crops,TreeCrops,Forest,Grassland,Urban,Water,Other
Crops,99.51319946775014,0.0,0.26338701463687086,0.18398760274010106,0.022450868191500432,0.0,0.016975046681378374
TreeCrops,0.0,0.0,0.0,0.0,0.0,0.0,0.0
Forest,0.033530015215879595,0.0,99.60906893963909,0.3494832797449791,0.0018589536156647824,0.0,0.006058811784388921
Grassland,0.2936907904510496,0.0,1.7570022969591006,97.74989429417074,0.13998880089592833,0.0,0.059423817523169574
Urban,0.24369811895514432,0.0,0.205620287868403,1.1042571015154978,98.44642449166095,0.0,0.0
Water,0.0,0.0,0.0,0.0,0.0,100.0,0.0
Other,0.3028009084027252,0.0,0.0,1.097653292959879,0.05046681806712087,0.0,98.54907898057027
