from_label,Crops,TreeCrops,Forest,Grassland,Urban,Water,Other
Crops,99.397067894793,0.03061039918743304,0.10991916071850956,0.38634034125957156,0.020870726718704345,0.0,0.05519147732279593
TreeCrops,0.0,100.0,0.0,0.0,0.0,0.0,0.0
Forest,0.07091811685123561,0.1282459872883343,99.42117034991055,0.36014152997462834,0.010431949712260028,0.0,0.009092066262978924
Grassland,0.5795954700558825,0.5445823648682063,0.5362741704168933,98.07546609959942,0.013451362444982939,0.0,0.25063053261460855
Urban,0.3566952665574087,0.0,0.2458305215463222,1.5472862238503808,97.85018798804589,0.0,0.0
Water,0.0,0.0,0.0,0.0,0.0,100.0,0.0
Other,0.6992060627932155,0.018044027426921686,0.0,2.5284193431974016,0.03383255142547817,0.0,96.72049801515699
