from_label,Crops,TreeCrops,Forest,Grassland,Urban,Water,Other
Crops,98.93232366070453,0.7843617332907779,0.0319166145653438,0.16264357011380678,0.035414325750586964,0.0,0.053340095574958134
TreeCrops,0.0008845095836613389,99.51175070981894,0.2016681850747853,0.08314390086416587,0.08049037211318184,0.0,0.12206232254526478
Forest,0.09964002647664202,0.48268490075792914,99.10626220942943,0.2993230724591541,0.007052378011491347,0.0,0.005037412865350962
Grassland,0.9396100456388631,1.8493801858401553,0.24357690252528874,96.62647146587958,0.08350547180591571,0.0,0.2574559283102055
Urban,0.6940399922345176,0.6552125800815376,0.09706853038245,0.7814016695787227,97.77227722772277,0.0,0.0
Water,0.0,0.0,0.0,0.0,0.0,100.0,0.0
Other,0.9644322845417237,1.3429092567259462,0.0,1.682626538987688,0.047879616963064295,0.0,95.96215230278158
