from_label,Crops,TreeCrops,Forest,Grassland,Urban,Water,Other
Crops,99.55741319225993,0.0,0.23907346722176936,0.15974703072942026,0.02461854925624627,0.0,0.01914776053263599
TreeCrops,0.0,0.0,0.0,0.0,0.0,0.0,0.0
Forest,0.03192365901670993,0.0,99.61512340252425,0.3437136937328273,0.0032406306129273586,0.0,0.005998614113291068
Grassland,0.31122679945676773,0.0,1.8102082390221819,97.6765504753282,0.1448619284744228,0.0,0.057152557718424625
Urban,0.24916943521594684,0.0,0.15101177891875567,1.215644820295983,98.38417396556932,0.0,0.0
Water,0.0,0.0,0.0,0.0,0.0,100.0,0.0
Other,0.2613890963405527,0.0,0.0,1.194921583271098,0.07468259895444362,0.0,98.4690067214339
