from_label,Crops,TreeCrops,Forest,Grassland,Urban,Water,Other
Crops,99.51800193900934,0.0,0.24017274810505906,0.20161290322580644,0.02038163229331923,0.0,0.019830777366472766
TreeCrops,0.0,0.0,0.0,0.0,0.0,0.0,0.0
Forest,0.04020542437613099,0.0,99.61013752035956,0.34219131206669584,0.001849312535188308,0.0,0.00561643066242375
Grassland,0.30112301170246686,0.0,1.8409834323299834,97.65655444422138,0.13402926207149016,0.0,0.06730984967466906
Urban,0.21295054815048506,0.0,0.11041880274469595,1.0095433393800772,98.66708730972475,0.0,0.0
Water,0.0,0.0,0.0,0.0,0.0,100.0,0.0
Other,0.4642525533890436,0.0,0.0,0.9550338241146041,0.05305743467303355,0.0,98.52765618782333
