from_label,Crops,TreeCrops,Forest,Grassland,Urban,Water,Other
Crops,99.47842605156038,0.0,0.1921302578018996,0.2583446404341927,0.013025780189959296,0.0,0.058073270013568525
TreeCrops,0.0,0.0,0.0,0.0,0.0,0.0,0.0
Forest,0.04770618316511665,0.0,98.54780899183892,1.322311849032489,0.0018490768668649863,0.0,0.080323899096615
Grassland,0.07058574847315854,0.0,1.242611144244053,98.53468515736469,0.08190966534051018,0.0,0.07020828457758016
Urban,0.06804572672836146,0.0,0.21094175285792052,0.979858464888405,98.70713119216113,0.0,0.03402286336418073
Water,0.0,0.0,0.0,0.0,0.0,100.0,0.0
Other,0.0722543352601156,0.0,0.0,0.7028376248029428,0.0,0.0,99.22490803993695
