from_label,Crops,TreeCrops,Forest,Grassland,Urban,Water,Other
Crops,99.56076854578332,0.0,0.23545865269575575,0.1584292558741744,0.025130157828317318,0.0,0.020213387818429147
TreeCrops,0.0,0.0,0.0,0.0,0.0,0.0,0.0
Forest,0.03452063609104887,0.0,99.59065429723233,0.3654354536598433,0.002692609615101812,0.0,0.006697003401663481
Grassland,0.2705615555605452,0.0,1.8035565933942566,97.70022677773537,0.16222466713070033,0.0,0.06343040617913195
Urban,0.24656306037059175,0.0,0.30633592349073524,1.1431560071727436,98.30394500896593,0.0,0.0
Water,0.0,0.0,0.0,0.0,0.0,100.0,0.0
Other,0.29505778214900413,0.0,0.0,0.9589377919842635,0.06147037128104253,0.0,98.6845340545857
