from_label,Crops,TreeCrops,Forest,Grassland,Urban,Water,Other
Crops,96.61535687272399,0.0,0.2339245731001768,2.7394721419376165,0.0801454640171912,0.0,0.33110094822102115
TreeCrops,0.0,100.0,0.0,0.0,0.0,0.0,0.0
Forest,0.12277843662671169,0.0005744980323442393,98.33658198292099,1.4092436733404188,0.01666044293798294,0.0,0.1141609661415481
Grassland,0.1125165941739609,0.0,0.5164430725394752,99.06694872265334,0.07905842228530106,0.0,0.2250331883479218
Urban,0.0368573008170035,0.0,0.01842865040850175,0.884575219608084,98.9741384605934,0.0,0.08600036857300816
Water,0.0,0.0,0.0,0.0,0.0,100.0,0.0
Other,0.0,0.0,0.0,0.21048603138155378,0.0,0.0,99.78951396861845
