from_label,Crops,TreeCrops,Forest,Grassland,Urban,Water,Other
Crops,98.96721389237463,0.7391212477953575,0.030185815254186125,0.16731566169463166,0.042691367288063234,0.0,0.05347201559312971
TreeCrops,0.0023472525409008755,99.46795609072913,0.23863734165825568,0.09076043158150052,0.0743296637951944,0.0,0.12596921969501365
Forest,0.07552716744697871,0.3807828025451843,99.18442840958464,0.3454555790619201,0.00680150567062846,0.0,0.007004535690647219
Grassland,0.7212261792782526,1.5971700639010187,0.1833866829045228,97.16627296183708,0.07534491623209078,0.0,0.2565991958470261
Urban,0.5922288025422505,0.8426019548365353,0.03370407819346141,0.7607491935095575,97.7707159709182,0.0,0.0
Water,0.0,0.0,0.0,0.0,0.0,100.0,0.0
Other,0.8066740209597353,0.6733774590917448,0.0,2.2407611693325977,0.04136789851075565,0.0,96.23781945210517
