from_label,Crops,TreeCrops,Forest,Grassland,Urban,Water,Other
Crops,98.24778407057288,1.5474661557572056,0.0336863380845106,0.07000442133187358,0.05421395035475925,0.0,0.046845063898772556
TreeCrops,0.0006360089168450142,99.72842419250718,0.0756850611045567,0.05469676684867122,0.06868896301926153,0.0,0.0718690076034866
Forest,0.03864204513563573,0.4511836554942944,98.45755635478147,0.9615177041012378,0.013600272868966768,0.0,0.07749996761839793
Grassland,0.10095790533254877,1.6251833222319463,0.5203215120985206,97.29474630592635,0.08691938003482749,0.0,0.3718715743758083
Urban,0.07371913011426465,0.2119424990785109,0.0,1.0136380390711388,98.70070033173609,0.0,0.0
Water,0.0,0.0,0.0,0.0,0.0,100.0,0.0
Other,0.10749245265757937,0.5351751898270972,0.0,2.124691245082792,0.0068612203823986825,0.0,97.22577989205014
