from_label,Crops,TreeCrops,Forest,Grassland,Urban,Water,Other
Crops,99.54070845042096,0.0,0.1538219035868224,0.23480940759543206,0.011957886497915524,0.0,0.058702351898858016
TreeCrops,0.0,0.0,0.0,0.0,0.0,0.0,0.0
Forest,0.06036599868857579,0.0,98.58960446896357,1.2728188897138508,0.0028194897591071327,0.0,0.07439115287490358
Grassland,0.07191383876071304,0.0,1.5241503591461714,98.29987224718056,0.0854505613509649,0.0,0.018612993561596316
Urban,0.05481329222336417,0.0,0.26036313806097977,1.1099691675231245,98.54744775608086,0.0,0.027406646111682084
Water,0.0,0.0,0.0,0.0,0.0,100.0,0.0
Other,0.02321083172147002,0.0,0.0,0.804642166344294,0.0,0.0,99.17214700193423
