from_label,Crops,TreeCrops,Forest,Grassland,Urban,Water,Other
Crops,99.13880304241157,0.6605676858335616,0.047502752365357635,0.081592962886379,0.02347194822758848,0.0,0.04806160827553832
TreeCrops,0.00025350791578467036,99.70314223061615,0.13157060829224393,0.011407856210310166,0.024336759915328354,0.0,0.1292890370501819
Forest,0.03713218475764556,0.22744918186971608,98.86380170714928,0.7916488668863557,0.023862375784693857,0.0,0.05610568355230458
Grassland,0.19791711415368188,0.6069458167379577,0.3995164071753392,98.4393698564564,0.04479984289370163,0.0,0.31145096258292576
Urban,0.08904359088517425,0.47355000607115394,0.04452179544258712,0.756870522523981,98.63601408507711,0.0,0.0
Water,0.0,0.0,0.0,0.0,0.0,100.0,0.0
Other,0.09994586265772706,0.6579769291633698,0.0,1.2659809269978761,0.012493232832215883,0.0,97.96360304834882
