from_label,Crops,TreeCrops,Forest,Grassland,Urban,Water,Other
Crops,97.24949311706328,2.4847935118984097,0.05228897663002881,0.1269875146729271,0.04641980578380109,0.0,0.04001707395155266
TreeCrops,0.00030632750085771696,99.64925501151791,0.1455055629074156,0.03492133509777974,0.06555408518355144,0.0,0.1044576777924815
Forest,0.08225717179716607,0.6087249482064218,98.31252474825149,0.9116107310606143,0.013235528972682306,0.0,0.07164687171162736
Grassland,0.15114639182619355,2.4123916238716085,0.5052097900017257,96.53136882694928,0.09312759968818618,0.0,0.30675576766300305
Urban,0.14439781598303325,0.257208609719778,0.0,0.7445512386625153,98.85384233563468,0.0,0.0
Water,0.0,0.0,0.0,0.0,0.0,100.0,0.0
Other,0.21210565094107928,0.45546897675768605,0.0,2.3041371765388825,0.011163455312688383,0.0,97.01712474044967
