from_label,Crops,TreeCrops,Forest,Grassland,Urban,Water,Other
Crops,99.06228520185904,0.5280335756521898,0.08876426487256638,0.2462639348515816,0.020939262482759246,0.0,0.05371376028186068
TreeCrops,0.0,99.38574090689488,0.42561023305036005,0.085122046610072,0.03680953366922033,0.0,0.06671727977546185
Forest,0.1490685168853265,0.6070054398301711,98.9733003457453,0.2629186210771956,0.006243707513521529,0.0,0.0014633689484816084
Grassland,1.5663086711902565,2.2030008013574953,0.34083847520290245,95.5241150021237,0.11403128851171383,0.0,0.2517057616139298
Urban,0.9188953910141703,0.08221695603810998,0.13057987135464524,1.0736567200270832,97.794651061566,0.0,0.0
Water,0.0,0.0,0.0,0.0,0.0,100.0,0.0
Other,1.8455013085461602,0.383539391751647,0.0,2.436603194657522,0.0383539391751647,0.0,95.29600216586951
