from_label,Crops,TreeCrops,Forest,Grassland,Urban,Water,Other
Crops,99.46855170078845,0.0,0.12106351217560365,0.3103534951959331,0.04257742165497925,0.0,0.057453870185032244
TreeCrops,0.0,100.0,0.0,0.0,0.0,0.0,0.0
Forest,0.1926012064830293,0.0,98.30225290169479,1.3811678444722018,0.02264902296509515,0.0,0.10132902438488466
Grassland,0.24820759539939197,0.0,0.6986858580944078,98.73401777709722,0.06767052849694864,0.0,0.25141824091202086
Urban,0.1987025889778505,0.0,0.005844193793466191,0.7831219683244696,99.00064286131727,0.0,0.011688387586932383
Water,0.0,0.0,0.0,0.0,0.0,100.0,0.0
Other,0.02591009198082653,0.0,0.0,0.1554605518849592,0.0,0.0,99.81862935613421
