from_label,Crops,TreeCrops,Forest,Grassland,Urban,Water,Other
Crops,99.217141771775,0.0,0.10626337917545778,0.563144574664141,0.047741518180278136,0.0,0.06570875620511399
TreeCrops,0.0,100.0,0.0,0.0,0.0,0.0,0.0
Forest,0.11627800438291447,0.00024988109824408553,98.30355722402089,1.4573065649595067,0.01999048785952684,0.0,0.10261783767890446
Grassland,0.06589861869315602,0.0,0.7338593256802045,98.98895621203458,0.06000107694240665,0.0,0.15128476664965781
Urban,0.05367366412213741,0.0,0.005963740458015267,1.2523854961832062,98.66412213740458,0.0,0.023854961832061067
Water,0.0,0.0,0.0,0.0,0.0,100.0,0.0
Other,0.010353753235547887,0.0,0.0,0.1725625539257981,0.0,0.0,99.81708369283866
