from_label,Crops,TreeCrops,Forest,Grassland,Urban,Water,Other
Crops,94.89447902071318,4.925760587398307,0.05267902723016933,0.04018812386631475,0.04236045488611555,0.0,0.04453278590591635
TreeCrops,0.0005576265184867132,99.71337996949782,0.09451769488349789,0.012825409925194401,0.06384823636672866,0.0,0.11487106280826291
Forest,0.19125760683663556,1.0135630394390687,97.40535134920138,1.2738006625263505,0.023750944639843632,0.0,0.09227639735671304
Grassland,0.6668741386209043,5.468367936691415,0.4508069177077313,93.09800085952666,0.07883934261029357,0.0,0.2371108048429882
Urban,0.3436568400132494,0.28155018217952965,0.012421331566743956,0.31467373302418017,99.0476979132163,0.0,0.0
Water,0.0,0.0,0.0,0.0,0.0,100.0,0.0
Other,0.39732552923333264,0.6899792792600346,0.0,0.8138764873005362,0.0064084762779569775,0.0,98.09241022792814
