from_label,Crops,TreeCrops,Forest,Grassland,Urban,Water,Other
Crops,99.51676932093373,0.0,0.24493271261596983,0.19848948945628253,0.019351342983203033,0.0,0.020457134010814636
TreeCrops,0.0,0.0,0.0,0.0,0.0,0.0,0.0
Forest,0.047622756708522763,0.0,99.6154650290451,0.3297380543405034,0.0017764586433595294,0.0,0.005397701262515492
Grassland,0.3116571771051843,0.0,1.9041054839676355,97.582259514534,0.13664968534611927,0.0,0.06532813904704825
Urban,0.12868977720582322,0.0,0.08043111075363951,0.9732164401190381,98.8176626719215,0.0,0.0
Water,0.0,0.0,0.0,0.0,0.0,100.0,0.0
Other,0.47380533369432787,0.0,0.0,1.1371328008663868,0.0812237714904562,0.0,98.30783809394883
