from_label,Crops,TreeCrops,Forest,Grassland,Urban,Water,Other
Crops,98.91975308641975,1.0802469135802468,0.0,0.0,0.0,0.0,0.0
TreeCrops,0.0,99.83844911147011,0.0,0.0,0.16155088852988692,0.0,0.0
Forest,0.0,12.831541218637993,87.168458781362,0.0,0.0,0.0,0.0
Grassland,0.20692249811888638,6.621519939804364,0.09405568096313018,92.36267870579383,0.6960120391271633,0.0,0.018811136192626032
Urban,0.0,0.0,0.0,0.0,100.0,0.0,0.0
Water,0.0,0.0,0.0,0.0,0.0,100.0,0.0
Other,0.8403361344537815,0.0,0.0,0.0,0.0,0.0,99.15966386554622
