from_label,Crops,TreeCrops,Forest,Grassland,Urban,Water,Other
Crops,99.90855052583447,0.0,0.0,0.09144947416552354,0.0,0.0,0.0
TreeCrops,0.0,0.0,0.0,0.0,0.0,0.0,0.0
Forest,0.0,0.0,100.0,0.0,0.0,0.0,0.0
Grassland,1.8686502177068216,0.0,0.054426705370101594,97.9499274310595,0.10885341074020319,0.0,0.018142235123367198
Urban,0.0,0.0,0.0,0.0,100.0,0.0,0.0
Water,0.0,0.0,0.0,0.0,0.0,100.0,0.0
Other,3.2653061224489797,0.0,0.0,0.20408163265306123,0.0,0.0,96.53061224489797
