from_label,Crops,TreeCrops,Forest,Grassland,Urban,Water,Other
Crops,99.21908893709328,0.0,0.08676789587852494,0.6073752711496746,0.04338394793926247,0.0,0.04338394793926247
TreeCrops,0.0,0.0,0.0,0.0,0.0,0.0,0.0
Forest,0.0,0.0,99.9236641221374,0.0,0.0,0.0,0.07633587786259542
Grassland,0.0,0.0,0.0,100.0,0.0,0.0,0.0
Urban,0.0,0.0,0.0,0.0,100.0,0.0,0.0
Water,0.0,0.0,0.0,0.0,0.0,100.0,0.0
Other,0.0,0.0,0.0,0.21645021645021645,0.0,0.0,99.78354978354979
