from_label,Crops,TreeCrops,Forest,Grassland,Urban,Water,Other
Crops,99.08332677630027,0.20851365174285938,0.031473758753639156,0.5704618774097097,0.05507907781886852,0.0,0.05114485797466363
TreeCrops,0.004234238048863107,95.9605369013846,0.9992801795316932,2.5913536859042217,0.2836939492738282,0.0,0.16090104585679807
Forest,0.0,1.002159123314458,98.94488124821771,0.052959628467837215,0.0,0.0,0.0
Grassland,0.24389512509620861,0.5227752066611357,0.06897034275261638,98.88547924392512,0.26688523934708075,0.0,0.011994842217846326
Urban,0.0,0.0,0.02027437994188011,0.00675812664729337,99.97296749341082,0.0,0.0
Water,0.0,0.0,0.0,0.0,0.0,100.0,0.0
Other,0.960256068284876,0.0,0.0,1.453720992264604,0.17337956788476927,0.0,97.41264337156575
