from_label,Crops,TreeCrops,Forest,Grassland,Urban,Water,Other
Crops,99.85401459854015,0.0,0.04866180048661801,0.04866180048661801,0.04866180048661801,0.0,0.0
TreeCrops,0.0,0.0,0.0,0.0,0.0,0.0,0.0
Forest,0.0,0.0,99.84101748807632,0.1589825119236884,0.0,0.0,0.0
Grassland,0.0176678445229682,0.0,0.0353356890459364,99.84098939929329,0.08833922261484099,0.0,0.0176678445229682
Urban,0.0,0.0,0.0,0.0,100.0,0.0,0.0
Water,0.0,0.0,0.0,0.0,0.0,100.0,0.0
Other,0.0,0.0,0.0,0.1953125,0.0,0.0,99.8046875
