from_label,Crops,TreeCrops,Forest,Grassland,Urban,Water,Other
Crops,96.11419508326725,0.07930214115781126,0.07930214115781126,3.0927835051546393,0.0,0.0,0.63441712926249
TreeCrops,0.0,97.63313609467455,0.7396449704142012,0.8875739644970414,0.0,0.0,0.7396449704142012
Forest,0.0,0.0,100.0,0.0,0.0,0.0,0.0
Grassland,0.02002002002002002,0.0,0.0,99.97997997997999,0.0,0.0,0.0
Urban,0.0,0.0,0.0,0.0,100.0,0.0,0.0
Water,0.0,0.0,0.0,0.0,0.0,100.0,0.0
Other,0.0,0.0,0.0,0.2958579881656805,0.0,0.0,99.70414201183432
