from_label,Crops,TreeCrops,Forest,Grassland,Urban,Water,Other
Crops,99.92257065427798,0.0,0.0,0.07742934572202864,0.0,0.0,0.0
TreeCrops,0.0,0.0,0.0,0.0,0.0,0.0,0.0
Forest,0.0,0.0,100.0,0.0,0.0,0.0,0.0
Grassland,1.1539213768824563,0.0,0.058673968316057104,98.630940739292,0.13690592607079993,0.0,0.019557989438685704
Urban,0.0,0.0,0.0,0.0,100.0,0.0,0.0
Water,0.0,0.0,0.0,0.0,0.0,100.0,0.0
Other,3.0444964871194378,0.0,0.0,0.0,0.0,0.0,96.95550351288055
