from_label,Crops,TreeCrops,Forest,Grassland,Urban,Water,Other
Crops,99.91247264770242,0.0,0.0437636761487965,0.0437636761487965,0.0,0.0,0.0
TreeCrops,0.0,0.0,0.0,0.0,0.0,0.0,0.0
Forest,0.07587253414264036,0.0,99.92412746585735,0.0,0.0,0.0,0.0
Grassland,0.09407337723424271,0.0,0.05644402634054562,99.8494825964252,0.0,0.0,0.0
Urban,0.0,0.0,0.0,0.0,100.0,0.0,0.0
Water,0.0,0.0,0.0,0.0,0.0,100.0,0.0
Other,0.21598272138228944,0.0,0.0,0.21598272138228944,0.0,0.0,99.56803455723542
