from_label,Crops,TreeCrops,Forest,Grassland,Urban,Water,Other
Crops,99.62825278810409,0.07434944237918216,0.07434944237918216,0.07434944237918216,0.14869888475836432,0.0,0.0
TreeCrops,0.0,95.38461538461539,1.0526315789473684,3.3198380566801617,0.16194331983805668,0.0,0.08097165991902834
Forest,0.0,0.0,100.0,0.0,0.0,0.0,0.0
Grassland,0.0,0.0,0.0422029964127453,99.95779700358726,0.0,0.0,0.0
Urban,0.0,0.0,0.0,0.0,100.0,0.0,0.0
Water,0.0,0.0,0.0,0.0,0.0,100.0,0.0
Other,0.0,0.0,0.0,0.0,0.0,0.0,100.0
