from_label,Crops,TreeCrops,Forest,Grassland,Urban,Water,Other
Crops,99.15123456790124,0.7716049382716049,0.0,0.07716049382716049,0.0,0.0,0.0
TreeCrops,0.0,99.8280309544282,0.0,0.0,0.17196904557179707,0.0,0.0
Forest,0.0,0.6552006552006553,99.34479934479934,0.0,0.0,0.0,0.0
Grassland,0.28513238289205706,0.6720977596741344,0.12219959266802445,98.37067209775967,0.5295315682281059,0.0,0.020366598778004074
Urban,0.0,0.0,0.0,0.0,100.0,0.0,0.0
Water,0.0,0.0,0.0,0.0,0.0,100.0,0.0
Other,1.1267605633802817,0.0,0.0,0.0,0.0,0.0,98.87323943661971
