from_label,Crops,TreeCrops,Forest,Grassland,Urban,Water,Other
Crops,96.12015018773467,0.0,0.1668752607425949,3.128911138923655,0.0,0.0,0.5840634125990822
TreeCrops,0.0,0.0,0.0,0.0,0.0,0.0,0.0
Forest,0.0,0.0,100.0,0.0,0.0,0.0,0.0
Grassland,0.019105846388995033,0.0,0.0,99.96178830722201,0.0,0.0,0.019105846388995033
Urban,0.0,0.0,0.0,0.0,100.0,0.0,0.0
Water,0.0,0.0,0.0,0.0,0.0,100.0,0.0
Other,0.0,0.0,0.0,0.2232142857142857,0.0,0.0,99.77678571428571
