from_label,Crops,TreeCrops,Forest,Grassland,Urban,Water,Other
Crops,99.91935483870968,0.0,0.0,0.08064516129032258,0.0,0.0,0.0
TreeCrops,0.0,0.0,0.0,0.0,0.0,0.0,0.0
Forest,0.0,0.0,100.0,0.0,0.0,0.0,0.0
Grassland,0.5737234652897304,0.0,0.05737234652897303,99.23503537961369,0.11474469305794606,0.0,0.019124115509657678
Urban,0.0,0.0,0.0,0.0,100.0,0.0,0.0
Water,0.0,0.0,0.0,0.0,0.0,100.0,0.0
Other,1.1286681715575622,0.0,0.0,0.2257336343115124,0.0,0.0,98.64559819413093
