from_label,Crops,TreeCrops,Forest,Grassland,Urban,Water,Other
Crops,98.2011447260834,1.6353229762878168,0.0,0.1635322976287817,0.0,0.0,0.0
TreeCrops,0.0,99.62178517397882,0.0,0.22692889561270801,0.15128593040847202,0.0,0.0
Forest,0.0,0.5902192242833052,99.4097807757167,0.0,0.0,0.0,0.0
Grassland,0.45798486658701715,0.49780963759458385,0.05973715651135006,98.54639585822382,0.4181600955794504,0.0,0.019912385503783353
Urban,0.0,0.0,0.0,0.0,100.0,0.0,0.0
Water,0.0,0.0,0.0,0.0,0.0,100.0,0.0
Other,2.375809935205184,0.0,0.0,2.8077753779697625,0.21598272138228944,0.0,94.60043196544277
