from_label,Crops,TreeCrops,Forest,Grassland,Urban,Water,Other
Crops,98.32879906723669,0.0,0.194325689856199,1.1270890011659542,0.1165954139137194,0.0,0.2331908278274388
TreeCrops,0.0,0.0,0.0,0.0,0.0,0.0,0.0
Forest,0.0,0.0,100.0,0.0,0.0,0.0,0.0
Grassland,0.019623233908948195,0.0,0.0,99.9607535321821,0.019623233908948195,0.0,0.0
Urban,0.0,0.0,0.0,0.0,100.0,0.0,0.0
Water,0.0,0.0,0.0,0.0,0.0,100.0,0.0
Other,0.0,0.0,0.0,0.2358490566037736,0.0,0.0,99.76415094339622
