from_label,Crops,TreeCrops,Forest,Grassland,Urban,Water,Other
Crops,99.93279569892472,0.0,0.0,0.06720430107526883,0.0,0.0,0.0
TreeCrops,0.0,98.99062725306416,0.21629416005767843,0.7209805335255948,0.0,0.0,0.07209805335255948
Forest,0.0,0.0,99.91603694374476,0.08396305625524769,0.0,0.0,0.0
Grassland,0.37831021437578816,0.0,0.06305170239596469,99.4535519125683,0.10508617065994115,0.0,0.0
Urban,0.0,0.0,0.0,0.0,100.0,0.0,0.0
Water,0.0,0.0,0.0,0.0,0.0,100.0,0.0
Other,1.1286681715575622,0.0,0.0,0.0,0.0,0.0,98.87133182844244
