from_label,Crops,TreeCrops,Forest,Grassland,Urban,Water,Other
Crops,99.91401547721411,0.0,0.0,0.08598452278589853,0.0,0.0,0.0
TreeCrops,0.08576329331046312,53.00171526586621,14.837049742710121,31.646655231560892,0.42881646655231564,0.0,0.0
Forest,0.0,0.0,100.0,0.0,0.0,0.0,0.0
Grassland,1.1771516788884602,0.0,0.09648784253184099,98.22462369741413,0.482439212659205,0.0,0.0192975685063682
Urban,0.0,0.0,0.0,0.0,100.0,0.0,0.0
Water,0.0,0.0,0.0,0.0,0.0,100.0,0.0
Other,3.664921465968586,0.0,0.0,0.2617801047120419,0.0,0.0,96.07329842931938
