from_label,Crops,TreeCrops,Forest,Grassland,Urban,Water,Other
Crops,98.03600654664486,0.0,0.12274959083469722,1.5957446808510638,0.0,0.0,0.24549918166939444
TreeCrops,0.0,0.0,0.0,0.0,0.0,0.0,0.0
Forest,0.0,0.0,100.0,0.0,0.0,0.0,0.0
Grassland,0.019249278152069296,0.0,0.0,99.96150144369587,0.0,0.0,0.019249278152069296
Urban,0.0,0.0,0.0,0.24271844660194172,99.75728155339806,0.0,0.0
Water,0.0,0.0,0.0,0.0,0.0,100.0,0.0
Other,0.0,0.0,0.0,0.22624434389140274,0.0,0.0,99.77375565610859
