from_label,Crops,TreeCrops,Forest,Grassland,Urban,Water,Other
Crops,99.91846718304117,0.0,0.0,0.08153281695882593,0.0,0.0,0.0
TreeCrops,0.0,0.0,0.0,0.0,0.0,0.0,0.0
Forest,0.0,0.0,100.0,0.0,0.0,0.0,0.0
Grassland,0.4563605248146035,0.0,0.057045065601825436,99.37250427837992,0.09507510933637574,0.0,0.019015021867275148
Urban,0.0,0.0,0.0,0.0,100.0,0.0,0.0
Water,0.0,0.0,0.0,0.0,0.0,100.0,0.0
Other,1.1160714285714286,0.0,0.0,0.2232142857142857,0.0,0.0,98.66071428571429
