from_label,Crops,TreeCrops,Forest,Grassland,Urban,Water,Other
Crops,99.93002099370189,0.0,0.0,0.0,0.06997900629811056,0.0,0.0
TreeCrops,0.0,99.92805755395683,0.0,0.0,0.07194244604316546,0.0,0.0
Forest,0.0,0.0,100.0,0.0,0.0,0.0,0.0
Grassland,0.020504408447816282,0.0,0.020504408447816282,99.56940742259586,0.36907935206069303,0.0,0.020504408447816282
Urban,0.0,0.0,0.0,0.0,100.0,0.0,0.0
Water,0.0,0.0,0.0,0.0,0.0,100.0,0.0
Other,0.0,0.0,0.0,0.0,0.0,0.0,100.0
