from_label,Crops,TreeCrops,Forest,Grassland,Urban,Water,Other
Crops,99.9562363238512,0.0,0.0437636761487965,0.0,0.0,0.0,0.0
TreeCrops,0.0,0.0,0.0,0.0,0.0,0.0,0.0
Forest,0.0,0.0,100.0,0.0,0.0,0.0,0.0
Grassland,0.018800526414739612,0.0,0.037601052829479224,99.92479789434104,0.018800526414739612,0.0,0.0
Urban,0.0,0.0,0.0,0.0,100.0,0.0,0.0
Water,0.0,0.0,0.0,0.0,0.0,100.0,0.0
Other,0.0,0.0,0.0,0.0,0.0,0.0,100.0
