from_label,Crops,TreeCrops,Forest,Grassland,Urban,Water,Other
Crops,98.38008692216516,0.0,0.07902015013828526,1.264322402212564,0.03951007506914263,0.0,0.2370604504148558
TreeCrops,0.0,0.0,0.0,0.0,0.0,0.0,0.0
Forest,0.0,0.0,99.92307692307692,0.07692307692307693,0.0,0.0,0.0
Grassland,0.0,0.0,0.0,99.98048399687744,0.0,0.0,0.0195160031225605
Urban,0.0,0.0,0.0,0.0,100.0,0.0,0.0
Water,0.0,0.0,0.0,0.0,0.0,100.0,0.0
Other,0.0,0.0,0.0,0.2331002331002331,0.0,0.0,99.76689976689977
