from_label,Crops,TreeCrops,Forest,Grassland,Urban,Water,Other
Crops,99.03225806451613,0.6451612903225806,0.0,0.3225806451612903,0.0,0.0,0.0
TreeCrops,0.0,99.37839937839938,0.0,0.3108003108003108,0.3108003108003108,0.0,0.0
Forest,0.0,0.0,100.0,0.0,0.0,0.0,0.0
Grassland,0.29708853238265004,0.4555357496533967,0.05941770647653001,98.98989898989899,0.17825311942959002,0.0,0.019805902158843335
Urban,0.0,0.0,0.0,0.0,100.0,0.0,0.0
Water,0.0,0.0,0.0,0.0,0.0,100.0,0.0
Other,1.2396694214876034,0.0,0.0,1.859504132231405,0.0,0.0,96.900826446281
