from_label,Crops,TreeCrops,Forest,Grassland,Urban,Water,Other
Crops,99.9959943279684,0.0008011344063193482,0.0032045376252773927,0.0,0.0,0.0,0.0
TreeCrops,0.0,100.0,0.0,0.0,0.0,0.0,0.0
Forest,0.01614313580412995,0.07937041770363894,99.57220690119055,0.3268985000336315,0.004035783951032487,0.0,0.0013452613170108292
Grassland,0.0008419989054014229,0.00841998905401423,0.03957394855386688,99.95032206458131,0.0008419989054014229,0.0,0.0
Urban,0.0,0.0,0.0,0.0,100.0,0.0,0.0
Water,0.0,0.0,0.0,0.0,0.0,100.0,0.0
Other,0.0,0.0,0.0,0.0,0.0,0.0,100.0
