from_label,Crops,TreeCrops,Forest,Grassland,Urban,Water,Other
Crops,99.99678913443091,0.0,0.003210865569085786,0.0,0.0,0.0,0.0
TreeCrops,0.0,100.0,0.0,0.0,0.0,0.0,0.0
Forest,0.20996322300234038,0.07890337679705783,99.36342360414578,0.34503510531594783,0.0026746907388833165,0.0,0.0
Grassland,0.07838443773915682,0.01011412099860088,0.026970989329602346,99.88284476509955,0.0016856868331001466,0.0,0.0
Urban,0.0,0.0,0.0,0.0,100.0,0.0,0.0
Water,0.0,0.0,0.0,0.0,0.0,100.0,0.0
Other,0.0,0.0,0.0,0.0,0.0,0.0,100.0
