from_label,Crops,TreeCrops,Forest,Grassland,Urban,Water,Other
Crops,99.80021301330288,0.18308006098027885,0.006265097143811824,0.009049584763283746,0.001392243809735961,0.0,0.0
TreeCrops,0.0,97.82053287449814,0.8290317534803691,1.350435372021482,0.0,0.0,0.0
Forest,0.2306805074971165,0.11072664359861592,97.21799307958477,2.417531718569781,0.00922722029988466,0.0,0.01384083044982699
Grassland,0.0035122533739583976,0.006146443404427195,0.02721996364817758,99.96224327622994,0.0008780633434895994,0.0,0.0
Urban,0.0,0.0,0.0,0.0,100.0,0.0,0.0
Water,0.0,0.0,0.0,0.0,0.0,100.0,0.0
Other,0.0,0.0,0.0,0.0,0.0,0.0,100.0
