from_label,Crops,TreeCrops,Forest,Grassland,Urban,Water,Other
Crops,99.5872381910812,0.40096861437826276,0.009434555632429713,0.0,0.0,0.0,0.0023586389081074284
TreeCrops,0.045963664513631854,97.9413116578368,1.088613106901807,0.9192732902726372,0.0,0.0,0.004838280475119142
Forest,0.3218826075196105,0.2650797944279145,93.70029753854476,5.704625371923181,0.0,0.0,0.008114687584527996
Grassland,0.0008902658333778467,0.01068319000053416,0.022256645834446167,99.96616989833164,0.0,0.0,0.0
Urban,0.0,0.0,0.0,0.0,100.0,0.0,0.0
Water,0.0,0.0,0.0,0.0,0.0,100.0,0.0
Other,0.0,0.0,0.0,0.0,0.0,0.0,100.0
