from_label,Crops,TreeCrops,Forest,Grassland,Urban,Water,Other
Crops,99.94243741081851,0.05513036710338566,0.0024322220780905435,0.0,0.0,0.0,0.0
TreeCrops,0.0,99.94665386359392,0.0,0.04534421594516017,0.0,0.0,0.008001920460910618
Forest,0.20355102459717425,0.15052512743320448,99.16698026068215,0.4755225616639869,0.0017105128117409598,0.0,0.0017105128117409598
Grassland,0.03448975451410022,0.04159058632582674,0.033475349969567865,99.89044430919051,0.0,0.0,0.0
Urban,0.0,0.0,0.0,0.0,100.0,0.0,0.0
Water,0.0,0.0,0.0,0.0,0.0,100.0,0.0
Other,0.0,0.0,0.0,0.0,0.0,0.0,100.0
