from_label,Crops,TreeCrops,Forest,Grassland,Urban,Water,Other
Crops,99.99680063987203,0.0,0.0007998400319936012,0.002399520095980804,0.0,0.0,0.0
TreeCrops,0.0,100.0,0.0,0.0,0.0,0.0,0.0
Forest,0.3430111478623055,0.008166932091959655,99.25000340288838,0.3920127404140635,0.00544462139463977,0.0,0.0013611553486599425
Grassland,0.03689015954994005,0.003353650868176368,0.03689015954994005,99.9220276173149,0.000838412717044092,0.0,0.0
Urban,0.0,0.0,0.0,0.0,100.0,0.0,0.0
Water,0.0,0.0,0.0,0.0,0.0,100.0,0.0
Other,0.0,0.0,0.0,0.0,0.0,0.0,100.0
