from_label,Crops,TreeCrops,Forest,Grassland,Urban,Water,Other
Crops,99.75179105319569,0.2482089468043098,0.0,0.0,0.0,0.0,0.0
TreeCrops,0.0,99.95471738319749,0.00799105002397315,0.0319642000958926,0.0,0.0,0.0053273666826487666
Forest,0.3857709196280955,2.6719524986222467,95.59296723613802,1.3439761070914296,0.0017777461734013616,0.0,0.003555492346802723
Grassland,0.03800646109838672,0.9451606773151436,0.04800816138743587,98.96882470019904,0.0,0.0,0.0
Urban,0.0,0.0,0.0,0.0,100.0,0.0,0.0
Water,0.0,0.0,0.0,0.0,0.0,100.0,0.0
Other,0.0,0.0,0.0,0.0,0.0,0.0,100.0
