from_label,Crops,TreeCrops,Forest,Grassland,Urban,Water,Other
Crops,99.99920220192269,0.0,0.0,0.0,0.0007977980773066336,0.0,0.0
TreeCrops,0.0,99.66887417218543,0.0,0.33112582781456956,0.0,0.0,0.0
Forest,0.16225283942468993,0.14850259879547892,99.33861342573495,0.3437560157302753,0.0055000962516844045,0.0,0.0013750240629211011
Grassland,0.06852234079001245,0.035932446999640676,0.03175425548805455,99.86295531841998,0.0008356383023172251,0.0,0.0
Urban,0.0,0.0,0.0,0.0,100.0,0.0,0.0
Water,0.0,0.0,0.0,0.0,0.0,100.0,0.0
Other,0.0,0.0,0.0,0.0,0.0,0.0,100.0
