from_label,Crops,TreeCrops,Forest,Grassland,Urban,Water,Other
Crops,99.91569937098761,0.08267946306983982,0.0,0.0,0.001621165942545879,0.0,0.0
TreeCrops,0.0,99.93278709512226,0.0064012290359749075,0.048009217769811804,0.012802458071949815,0.0,0.0
Forest,0.0798556210371648,0.30345135994122624,99.402679954642,0.19484771533068213,0.015971124207432963,0.0,0.003194224841486592
Grassland,0.059537394445161096,0.1458666163906447,0.03473014675967731,99.75887355249709,0.0009922899074193516,0.0,0.0
Urban,0.0,0.0,0.0,0.0,100.0,0.0,0.0
Water,0.0,0.0,0.0,0.0,0.0,100.0,0.0
Other,0.0,0.0,0.0,0.0,0.0,0.0,100.0
