from_label,Crops,TreeCrops,Forest,Grassland,Urban,Water,Other
Crops,99.95619514252803,0.04056005321478982,0.0008112010642957963,0.0,0.002433603192887389,0.0,0.0
TreeCrops,0.003074085459575776,99.90470335075315,0.003074085459575776,0.08300030740854596,0.006148170919151552,0.0,0.0
Forest,0.07607393739276812,0.07445534298015603,99.75559224369557,0.08416690945582855,0.008092972063060437,0.0,0.0016185944126120876
Grassland,0.31081888822474596,0.11755329746961547,0.044829647340107595,99.52480573819486,0.0019924287706714486,0.0,0.0
Urban,0.0,0.0,0.0,0.0,100.0,0.0,0.0
Water,0.0,0.0,0.0,0.0,0.0,100.0,0.0
Other,0.0,0.0,0.0,0.0,0.0,0.0,100.0
