from_label,Crops,TreeCrops,Forest,Grassland,Urban,Water,Other
Crops,99.96178184784765,0.03307340090106643,0.0051447512512770004,0.0,0.0,0.0,0.0
TreeCrops,0.0054802027675023976,99.86299493081245,0.09042334566378957,0.030141115221263188,0.010960405535004795,0.0,0.0
Forest,3.4209303868869867,0.8593801844847038,95.44760767137834,0.2654456168292521,0.006636140420731303,0.0,0.0
Grassland,0.9130037824442416,0.0817355767140559,0.05478022694665449,98.9461327768358,0.004347637059258293,0.0,0.0
Urban,0.0,0.0,0.0,0.0,100.0,0.0,0.0
Water,0.0,0.0,0.0,0.0,0.0,100.0,0.0
Other,0.4405286343612335,0.4405286343612335,0.0,0.0,0.0,0.0,99.11894273127754
