from_label,Crops,TreeCrops,Forest,Grassland,Urban,Water,Other
Crops,98.71451526513123,0.0,0.0,0.16068559185859668,0.48205677557579,0.0,0.6427423674343867
TreeCrops,0.0,0.0,0.0,0.0,0.0,0.0,0.0
Forest,0.0,0.0,100.0,0.0,0.0,0.0,0.0
Grassland,0.0,0.0,0.0,99.9692118226601,0.03078817733990148,0.0,0.0
Urban,0.0,0.0,0.0,0.0,100.0,0.0,0.0
Water,0.0,0.0,0.0,0.0,0.0,100.0,0.0
Other,0.0,0.0,0.0,0.0,0.0,0.0,100.0
