from_label,Crops,TreeCrops,Forest,Grassland,Urban,Water,Other
Crops,98.96907216494846,0.0,0.0,0.16277807921866522,0.5968529571351058,0.0,0.27129679869777534
TreeCrops,0.0,0.0,0.0,0.0,0.0,0.0,0.0
Forest,0.0,0.0,100.0,0.0,0.0,0.0,0.0
Grassland,0.0,0.0,0.0,99.96923076923076,0.03076923076923077,0.0,0.0
Urban,0.0,0.0,0.0,0.0,100.0,0.0,0.0
Water,0.0,0.0,0.0,0.0,0.0,100.0,0.0
Other,0.0,0.0,0.0,0.0,0.0,0.0,100.0
