from_label,Crops,TreeCrops,Forest,Grassland,Urban,Water,Other
Crops,76.76508344030809,0.0,0.0,20.92426187419769,0.7702182284980745,0.0,1.540436456996149
TreeCrops,0.0,72.5,16.25,10.0,0.0,0.0,1.25
Forest,0.0,0.0,100.0,0.0,0.0,0.0,0.0
Grassland,0.0,0.1832620647525962,0.0,99.75565058032987,0.030543677458766037,0.0,0.030543677458766037
Urban,0.0,0.0,0.0,0.0,100.0,0.0,0.0
Water,0.0,0.0,0.0,0.0,0.0,100.0,0.0
Other,0.0,0.0,0.0,0.0,0.0,0.0,100.0
