from_label,Crops,TreeCrops,Forest,Grassland,Urban,Water,Other
Crops,99.19732441471571,0.0,0.0,0.06688963210702341,0.46822742474916385,0.0,0.26755852842809363
TreeCrops,0.0,97.1830985915493,0.0,0.0,2.8169014084507045,0.0,0.0
Forest,0.0,10.476190476190476,89.52380952380953,0.0,0.0,0.0,0.0
Grassland,0.0,0.0,0.0,99.93966817496229,0.06033182503770739,0.0,0.0
Urban,0.0,0.0,0.0,0.0,100.0,0.0,0.0
Water,0.0,0.0,0.0,0.0,0.0,100.0,0.0
Other,0.0,0.0,0.0,0.0,0.17889087656529518,0.0,99.82110912343471
