from_label,Crops,TreeCrops,Forest,Grassland,Urban,Water,Other
Crops,91.22507122507123,0.0,0.0,2.678062678062678,0.8547008547008548,0.0,5.2421652421652425
TreeCrops,0.0,95.71428571428572,0.0,0.0,1.4285714285714286,0.0,2.857142857142857
Forest,0.0,0.0,100.0,0.0,0.0,0.0,0.0
Grassland,0.0,0.0,0.0,99.96903065964695,0.0,0.0,0.03096934035305048
Urban,0.0,0.0,0.0,0.0,100.0,0.0,0.0
Water,0.0,0.0,0.0,0.0,0.0,100.0,0.0
Other,0.16393442622950818,0.0,0.0,0.0,0.0,0.0,99.8360655737705
