from_label,Crops,TreeCrops,Forest,Grassland,Urban,Water,Other
Crops,99.94620763851533,0.0,0.0,0.0,0.05379236148466917,0.0,0.0
TreeCrops,0.0,0.0,0.0,0.0,0.0,0.0,0.0
Forest,0.0,0.0,100.0,0.0,0.0,0.0,0.0
Grassland,0.0,0.0,0.0,99.87737584304108,0.09196811771919068,0.0,0.030656039239730225
Urban,0.0,0.0,0.0,0.0,100.0,0.0,0.0
Water,0.0,0.0,0.0,0.0,0.0,100.0,0.0
Other,0.15337423312883436,0.0,0.0,0.15337423312883436,0.9202453987730062,0.0,98.77300613496932
