from_label,Crops,TreeCrops,Forest,Grassland,Urban,Water,Other
Crops,99.71131639722863,0.0,0.0,0.057736720554272515,0.17321016166281755,0.0,0.057736720554272515
TreeCrops,0.0,0.0,0.0,0.0,0.0,0.0,0.0
Forest,0.0,0.0,100.0,0.0,0.0,0.0,0.0
Grassland,0.0,0.0,0.0,99.97022036926742,0.02977963073257892,0.0,0.0
Urban,0.0,0.0,0.0,0.0,100.0,0.0,0.0
Water,0.0,0.0,0.0,0.0,0.0,100.0,0.0
Other,0.0,0.0,0.0,0.0,0.1342281879194631,0.0,99.86577181208054
