from_label,Crops,TreeCrops,Forest,Grassland,Urban,Water,Other
Crops,99.94262765347102,0.0,0.0,0.0,0.0,0.0,0.05737234652897303
TreeCrops,0.0,0.0,0.0,0.0,0.0,0.0,0.0
Forest,0.0,0.0,100.0,0.0,0.0,0.0,0.0
Grassland,0.0,0.0,0.0,99.9700777977259,0.0,0.0,0.029922202274087373
Urban,0.0,0.0,0.0,0.4424778761061947,99.11504424778761,0.0,0.4424778761061947
Water,0.0,0.0,0.0,0.0,0.0,100.0,0.0
Other,0.0,0.0,0.0,0.0,0.0,0.0,100.0
