from_label,Crops,TreeCrops,Forest,Grassland,Urban,Water,Other
Crops,98.16932168550873,0.009635149023638231,0.012846865364850977,1.2911099691675232,0.3083247687564234,0.0,0.20876156217882838
TreeCrops,0.0,96.13679544015199,1.9632678910702976,0.8866371120962635,0.7599746675110829,0.0,0.253324889170361
Forest,0.0,1.1752136752136753,98.82478632478633,0.0,0.0,0.0,0.0
Grassland,0.4930368033010711,0.028823690039139538,0.0,99.39015140022452,0.08191996116387026,0.0,0.006068145271397797
Urban,0.0,0.0,0.0,0.0,100.0,0.0,0.0
Water,0.0,0.0,0.0,0.0,0.0,100.0,0.0
Other,0.9306775680612334,0.0,0.017395842393667912,0.09567713316517353,0.42619813864486383,0.0,98.53005131773506
