from_label,Crops,TreeCrops,Forest,Grassland,Urban,Water,Other
Crops,99.94481236203092,0.0,0.0,0.0,0.05518763796909492,0.0,0.0
TreeCrops,0.0,0.0,0.0,0.0,0.0,0.0,0.0
Forest,0.0,0.0,100.0,0.0,0.0,0.0,0.0
Grassland,0.0,0.0,0.0,99.8462957270212,0.12296341838303104,0.0,0.03074085459575776
Urban,0.0,0.0,0.0,0.0,100.0,0.0,0.0
Water,0.0,0.0,0.0,0.0,0.0,100.0,0.0
Other,0.3091190108191654,0.0,0.0,0.1545595054095827,0.46367851622874806,0.0,99.0726429675425
