from_label,Crops,TreeCrops,Forest,Grassland,Urban,Water,Other
Crops,98.9922940130409,0.948429164196799,0.0,0.0,0.0,0.0,0.05927682276229994
TreeCrops,0.0,100.0,0.0,0.0,0.0,0.0,0.0
Forest,0.0,0.0,100.0,0.0,0.0,0.0,0.0
Grassland,0.5562422744128553,0.0,0.0,99.32014833127317,0.12360939431396785,0.0,0.0
Urban,0.0,0.0,0.0,0.0,100.0,0.0,0.0
Water,0.0,0.0,0.0,0.0,0.0,100.0,0.0
Other,6.748466257668712,0.3067484662576687,0.0,0.15337423312883436,3.2208588957055215,0.0,89.57055214723927
