from_label,Crops,TreeCrops,Forest,Grassland,Urban,Water,Other
Crops,99.94311717861206,0.0,0.0,0.0,0.05688282138794084,0.0,0.0
TreeCrops,0.0,98.61111111111111,0.0,0.0,1.3888888888888888,0.0,0.0
Forest,0.0,0.0,100.0,0.0,0.0,0.0,0.0
Grassland,0.4629629629629629,0.0,0.0,99.44444444444444,0.0925925925925926,0.0,0.0
Urban,0.0,0.0,0.0,0.0,100.0,0.0,0.0
Water,0.0,0.0,0.0,0.0,0.0,100.0,0.0
Other,5.520504731861198,0.0,0.0,0.15772870662460567,0.47318611987381703,0.0,93.84858044164038
