from_label,Crops,TreeCrops,Forest,Grassland,Urban,Water,Other
Crops,96.85603971318257,3.033645890788748,0.0,0.0,0.05515719801434087,0.0,0.05515719801434087
TreeCrops,0.0,0.0,0.0,0.0,0.0,0.0,0.0
Forest,0.0,12.244897959183673,87.75510204081633,0.0,0.0,0.0,0.0
Grassland,0.0,0.1538935056940597,0.0,99.69221298861189,0.12311480455524776,0.0,0.03077870113881194
Urban,0.0,0.0,0.0,0.0,100.0,0.0,0.0
Water,0.0,0.0,0.0,0.0,0.0,100.0,0.0
Other,0.3115264797507788,0.0,0.0,0.1557632398753894,1.0903426791277258,0.0,98.4423676012461
