from_label,Crops,TreeCrops,Forest,Grassland,Urban,Water,Other
Crops,97.95240730492529,0.0,0.0,0.387382401770891,0.8301051466519093,0.0,0.8301051466519093
TreeCrops,0.0,100.0,0.0,0.0,0.0,0.0,0.0
Forest,0.0,0.0,100.0,0.0,0.0,0.0,0.0
Grassland,0.0,0.0,0.0,99.96897300651567,0.031026993484331366,0.0,0.0
Urban,0.0,0.0,0.0,0.0,100.0,0.0,0.0
Water,0.0,0.0,0.0,0.0,0.0,100.0,0.0
Other,0.0,0.0,0.0,0.0,0.0,0.0,100.0
