from_label,Crops,TreeCrops,Forest,Grassland,Urban,Water,Other
Crops,99.94620763851533,0.0,0.0,0.0,0.05379236148466917,0.0,0.0
TreeCrops,0.0,0.0,0.0,0.0,0.0,0.0,0.0
Forest,0.0,0.0,100.0,0.0,0.0,0.0,0.0
Grassland,0.0,0.0,0.0,99.87726296409943,0.09205277692543726,0.0,0.03068425897514575
Urban,0.0,0.0,0.0,0.0,100.0,0.0,0.0
Water,0.0,0.0,0.0,0.0,0.0,100.0,0.0
Other,0.15503875968992248,0.0,0.0,0.15503875968992248,0.7751937984496124,0.0,98.91472868217053
