from_label,Crops,TreeCrops,Forest,Grassland,Urban,Water,Other
Crops,99.09604519774011,0.0,0.0,0.05649717514124294,0.7909604519774011,0.0,0.05649717514124294
TreeCrops,0.0,98.59154929577466,0.0,0.0,1.4084507042253522,0.0,0.0
Forest,0.0,0.0,100.0,0.0,0.0,0.0,0.0
Grassland,0.0,0.0,0.0,99.96903065964695,0.03096934035305048,0.0,0.0
Urban,0.0,0.0,0.0,0.0,100.0,0.0,0.0
Water,0.0,0.0,0.0,0.0,0.0,100.0,0.0
Other,0.16393442622950818,0.0,0.0,0.0,0.0,0.0,99.8360655737705
