from_label,Crops,TreeCrops,Forest,Grassland,Urban,Water,Other
Crops,99.94266055045871,0.0,0.0,0.0,0.05733944954128441,0.0,0.0
TreeCrops,0.0,0.0,0.0,0.0,0.0,0.0,0.0
Forest,0.0,0.0,100.0,0.0,0.0,0.0,0.0
Grassland,0.0,0.0,0.0,100.0,0.0,0.0,0.0
Urban,0.0,0.0,0.0,0.0,99.11894273127754,0.0,0.881057268722467
Water,0.0,0.0,0.0,0.0,0.0,100.0,0.0
Other,0.0,0.0,0.0,0.0,0.0,0.0,100.0
