from_label,Crops,TreeCrops,Forest,Grassland,Urban,Water,Other
Crops,98.99527186761229,0.0,0.0591016548463357,0.29550827423167847,0.41371158392434987,0.0,0.2364066193853428
TreeCrops,0.0,96.25,0.0,0.0,2.5,0.0,1.25
Forest,0.0,0.0,100.0,0.0,0.0,0.0,0.0
Grassland,0.031055900621118012,0.0,0.0,99.96894409937889,0.0,0.0,0.0
Urban,0.0,0.0,0.0,0.0,100.0,0.0,0.0
Water,0.0,0.0,0.0,0.0,0.0,100.0,0.0
Other,0.0,0.0,0.0,0.0,0.0,0.0,100.0
