from_label,Crops,TreeCrops,Forest,Grassland,Urban,Water,Other
Crops,99.94620763851533,0.0,0.0,0.0,0.05379236148466917,0.0,0.0
TreeCrops,0.0,0.0,0.0,0.0,0.0,0.0,0.0
Forest,0.0,0.0,100.0,0.0,0.0,0.0,0.0
Grassland,0.0,0.0,0.0,99.87714987714988,0.09213759213759214,0.0,0.030712530712530713
Urban,0.0,0.0,0.0,0.0,100.0,0.0,0.0
Water,0.0,0.0,0.0,0.0,0.0,100.0,0.0
Other,0.1564945226917058,0.0,0.0,0.1564945226917058,0.0,0.0,99.68701095461658
