from_label,Crops,TreeCrops,Forest,Grassland,Urban,Water,Other
Crops,99.94206257242179,0.0,0.0,0.0,0.057937427578215524,0.0,0.0
TreeCrops,0.0,0.0,0.0,0.0,0.0,0.0,0.0
Forest,0.0,0.0,100.0,0.0,0.0,0.0,0.0
Grassland,0.0,0.0,0.0,99.91058122205662,0.05961251862891207,0.0,0.029806259314456036
Urban,0.0,0.0,0.0,0.0,100.0,0.0,0.0
Water,0.0,0.0,0.0,0.0,0.0,100.0,0.0
Other,0.1342281879194631,0.0,0.0,0.1342281879194631,0.2684563758389262,0.0,99.46308724832214
