from_label,Crops,TreeCrops,Forest,Grassland,Urban,Water,Other
Crops,98.84428223844283,0.0,0.06082725060827251,0.36496350364963503,0.7299270072992701,0.0,0.0
TreeCrops,0.0,100.0,0.0,0.0,0.0,0.0,0.0
Forest,0.0,0.0,100.0,0.0,0.0,0.0,0.0
Grassland,0.030959752321981428,0.0,0.0,99.96904024767802,0.0,0.0,0.0
Urban,0.0,0.0,0.0,0.0,100.0,0.0,0.0
Water,0.0,0.0,0.0,0.0,0.0,100.0,0.0
Other,0.0,0.0,0.0,0.0,0.6734006734006733,0.0,99.32659932659934
