from_label,Crops,TreeCrops,Forest,Grassland,Urban,Water,Other
Crops,99.93702770780857,0.0,0.0,0.0,0.06297229219143577,0.0,0.0
TreeCrops,0.0,89.74358974358975,8.974358974358974,0.0,1.282051282051282,0.0,0.0
Forest,0.0,0.0,100.0,0.0,0.0,0.0,0.0
Grassland,0.09225092250922509,0.0,0.0,99.7539975399754,0.15375153751537515,0.0,0.0
Urban,0.0,0.0,0.0,0.0,100.0,0.0,0.0
Water,0.0,0.0,0.0,0.0,0.0,100.0,0.0
Other,0.7984031936127743,0.0,0.0,0.19960079840319359,0.39920159680638717,0.0,98.60279441117764
