from_label,Crops,TreeCrops,Forest,Grassland,Urban,Water,Other
Crops,99.8924768478374,0.0,0.0034684887794387987,0.008671221948596996,0.0017342443897193993,0.0,0.09364919704484756
TreeCrops,0.0,0.0,0.0,0.0,0.0,0.0,0.0
Forest,0.0,0.0,99.98610145934677,0.01389854065323141,0.0,0.0,0.0
Grassland,0.25385396473737654,0.0,0.009231053263177328,99.72306840210467,0.002307763315794332,0.0,0.011538816578971661
Urban,0.0,0.0,0.0,0.0,100.0,0.0,0.0
Water,0.0,0.0,0.0,0.0,0.0,100.0,0.0
Other,0.9995602558624755,0.0,0.01621751429168447,0.03399440495756937,0.013722512092963782,0.0,98.9365053127953
