from_label,Crops,TreeCrops,Forest,Grassland,Urban,Water,Other
Crops,99.9018863733131,0.0,0.01666080453173883,0.027768007552898058,0.020363205538791906,0.0,0.03332160906347766
TreeCrops,0.0,100.0,0.0,0.0,0.0,0.0,0.0
Forest,0.11075559931085406,0.0,99.70465173517105,0.1845926655180901,0.0,0.0,0.0
Grassland,0.03228112246074385,0.0,0.02075215015333533,99.81784223754295,0.03919850584518896,0.0,0.08992598399778644
Urban,0.0,0.0,0.0,0.0,100.0,0.0,0.0
Water,0.0,0.0,0.0,0.0,0.0,100.0,0.0
Other,0.009014385716239571,0.0,0.0034192497544356993,0.016785407885411614,0.010257749263307098,0.0,99.9605232073806
