from_label,Crops,TreeCrops,Forest,Grassland,Urban,Water,Other
Crops,99.88561775212487,0.0,0.01935699579425273,0.0439931722596653,0.010558361342319671,0.0,0.04047371847889208
TreeCrops,0.0,0.0,0.0,0.0,0.0,0.0,0.0
Forest,0.014622020763269484,0.0,99.92688989618365,0.058488083053077934,0.0,0.0,0.0
Grassland,0.04152057575198376,0.0,0.036907178446207785,99.80393061450452,0.018453589223103892,0.0,0.09918804207418343
Urban,0.0,0.0,0.0,0.0,100.0,0.0,0.0
Water,0.0,0.0,0.0,0.0,0.0,100.0,0.0
Other,0.009313183742906458,0.0,0.0012417578323875278,0.01583241236294098,0.004346152413356347,0.0,99.9692664936484
