from_label,Crops,TreeCrops,Forest,Grassland,Urban,Water,Other
Crops,99.89806897332805,0.0,0.018876116050361477,0.03397700889065066,0.015100892840289181,0.0,0.03397700889065066
TreeCrops,0.0,0.0,0.0,0.0,0.0,0.0,0.0
Forest,0.10860711376595167,0.0,99.68775454792289,0.20363833831115938,0.0,0.0,0.0
Grassland,0.03225137644267318,0.0,0.04376972517219931,99.80188440185215,0.029947706696767953,0.0,0.09214678983620908
Urban,0.0,0.0,0.0,0.0,100.0,0.0,0.0
Water,0.0,0.0,0.0,0.0,0.0,100.0,0.0
Other,0.009232729410244021,0.0,0.004616364705122011,0.017849943526471772,0.008001698822211484,0.0,99.96029926353594
