from_label,Crops,TreeCrops,Forest,Grassland,Urban,Water,Other
Crops,99.90373757381661,0.0,0.01666080453173883,0.027768007552898058,0.020363205538791906,0.0,0.031470408559951125
TreeCrops,0.0,100.0,0.0,0.0,0.0,0.0,0.0
Forest,0.09857072449482504,0.0,99.74125184820109,0.16017742730409068,0.0,0.0,0.0
Grassland,0.032283355624221736,0.0,0.025365493704745654,99.80860582022783,0.039201217543697826,0.0,0.09454411289950652
Urban,0.0,0.0,0.0,0.0,100.0,0.0,0.0
Water,0.0,0.0,0.0,0.0,0.0,100.0,0.0
Other,0.009323053113433587,0.0,0.003418452808258982,0.01802456935263827,0.010566126861891399,0.0,99.95866779786378
