from_label,Crops,TreeCrops,Forest,Grassland,Urban,Water,Other
Crops,99.85850296133088,0.0,0.02425663520042045,0.056598815467647716,0.008085545066806815,0.0,0.0525560429342443
TreeCrops,0.0,0.0,0.0,0.0,0.0,0.0,0.0
Forest,0.0155448468832582,0.0,99.96891030623348,0.0155448468832582,0.0,0.0,0.0
Grassland,0.06293973520354261,0.0,0.04046125834513453,99.78420662215927,0.011239238429204037,0.0,0.10115314586283633
Urban,0.0,0.0,0.0,0.0,100.0,0.0,0.0
Water,0.0,0.0,0.0,0.0,0.0,100.0,0.0
Other,0.00668120334546073,0.0,0.0,0.012755024568606848,0.0018221463669438355,0.0,99.978741625719
