from_label,Crops,TreeCrops,Forest,Grassland,Urban,Water,Other
Crops,99.88956277722458,0.0,0.01810446275006789,0.034398479225128994,0.010862677650040734,0.0,0.04707160315017652
TreeCrops,0.0,0.0,0.0,0.0,0.0,0.0,0.0
Forest,0.0,0.0,100.0,0.0,0.0,0.0,0.0
Grassland,0.05067139599695972,0.0,0.036851924361425245,99.81574037819287,0.002303245272589078,0.0,0.0944330561761522
Urban,0.0,0.0,0.0,0.0,100.0,0.0,0.0
Water,0.0,0.0,0.0,0.0,0.0,100.0,0.0
Other,0.008643842805544408,0.0,0.000617417343253172,0.01605285092458247,0.00463063007439879,0.0,99.97005525885221
