from_label,Crops,TreeCrops,Forest,Grassland,Urban,Water,Other
Crops,99.89249206908707,0.0,0.01938667606626718,0.03877335213253436,0.010574550581600282,0.0,0.03877335213253436
TreeCrops,0.0,0.0,0.0,0.0,0.0,0.0,0.0
Forest,0.0,0.0,99.86754966887416,0.13245033112582782,0.0,0.0,0.0
Grassland,0.04380100511780165,0.0,0.04610632117663332,99.79713218682281,0.020747844529484992,0.0,0.09221264235326664
Urban,0.0,0.0,0.0,0.0,100.0,0.0,0.0
Water,0.0,0.0,0.0,0.0,0.0,100.0,0.0
Other,0.010859818361780885,0.0,0.000930841573866933,0.01520374570649324,0.004343927344712354,0.0,99.96866166701315
