from_label,Crops,TreeCrops,Forest,Grassland,Urban,Water,Other
Crops,91.88355060113317,0.0,0.12667557234326776,0.25565433691095857,0.10594684232346033,0.0,7.6281726472891425
TreeCrops,0.0,0.0,0.0,0.0,0.0,0.0,0.0
Forest,0.025345330122924854,0.0,99.94930933975415,0.012672665061462427,0.0,0.0,0.012672665061462427
Grassland,0.004598229681572594,0.0,0.002299114840786297,99.80917346821474,0.002299114840786297,0.0,0.18163007242211748
Urban,0.0,0.0,0.0,0.0,100.0,0.0,0.0
Water,0.0,0.0,0.0,0.0,0.0,100.0,0.0
Other,0.010503791868864661,0.0,0.0,0.0027009750519937695,0.0015005416955520944,0.0,99.98529469138359
