from_label,Crops,TreeCrops,Forest,Grassland,Urban,Water,Other
Crops,99.90127722589006,0.0,0.01851052014561609,0.03085086690936015,0.01645379568499208,0.0,0.03290759136998416
TreeCrops,0.0,0.0,0.0,0.0,0.0,0.0,0.0
Forest,0.02595380223202699,0.0,99.94809239553595,0.02595380223202699,0.0,0.0,0.0
Grassland,0.03912633202145044,0.0,0.016110842597067826,99.8135745356625,0.03222168519413565,0.0,0.09896660452484522
Urban,0.0,0.0,0.0,0.0,100.0,0.0,0.0
Water,0.0,0.0,0.0,0.0,0.0,100.0,0.0
Other,0.009133504434316403,0.0,0.003348951625916014,0.01491805724271679,0.007915703843074216,0.0,99.96468378285398
