from_label,Crops,TreeCrops,Forest,Grassland,Urban,Water,Other
Crops,99.86214555132207,0.0,0.017231806084742195,0.04978077313369967,0.007658580482107641,0.0,0.06318328897738804
TreeCrops,0.0,0.0,0.0,0.0,0.0,0.0,0.0
Forest,0.0,0.0,99.98473049320506,0.015269506794930523,0.0,0.0,0.0
Grassland,0.07601409715983691,0.0,0.03224840485568839,99.8019026558865,0.006910372469076083,0.0,0.082924469628913
Urban,0.0,0.0,0.0,0.0,100.0,0.0,0.0
Water,0.0,0.0,0.0,0.0,0.0,100.0,0.0
Other,0.01894008822415289,0.0,0.0003054852939379498,0.01741266175446314,0.004582279409069248,0.0,99.95875948531837
