from_label,Crops,TreeCrops,Forest,Grassland,Urban,Water,Other
Crops,99.89927477840452,0.0,0.0022383382576775,0.006715014773032501,0.0022383382576775,0.0,0.08953353030710001
TreeCrops,0.0,0.0,0.0,0.0,0.0,0.0,0.0
Forest,0.22336092497700696,0.0,99.73722244120353,0.039416633819471816,0.0,0.0,0.0
Grassland,0.2275600505689001,0.0,0.006895759108148489,99.74025974025975,0.006895759108148489,0.0,0.018388690955062636
Urban,0.0,0.0,0.0,0.0,100.0,0.0,0.0
Water,0.0,0.0,0.0,0.0,0.0,100.0,0.0
Other,0.5613011845349047,0.0,0.002405147014611268,0.023450183392459863,0.01653538572545247,0.0,99.39630809933257
