from_label,Crops,TreeCrops,Forest,Grassland,Urban,Water,Other
Crops,99.90378032307608,0.0,0.0148030272190663,0.02775567603574931,0.022204540828599448,0.0,0.031456432840515886
TreeCrops,0.0,100.0,0.0,0.0,0.0,0.0,0.0
Forest,0.0,0.0,99.95034756703079,0.04965243296921549,0.0,0.0,0.0
Grassland,0.032262524773010094,0.0,0.0345669908282251,99.79490252108586,0.04378485504908513,0.0,0.09448310826381527
Urban,0.0,0.0,0.0,0.0,99.93256911665543,0.0,0.06743088334457181
Water,0.0,0.0,0.0,0.0,0.0,100.0,0.0
Other,0.009318680226381805,0.0,0.0034168494163399955,0.01770549243012543,0.013356774991147253,0.0,99.95620220293601
