from_label,Crops,TreeCrops,Forest,Grassland,Urban,Water,Other
Crops,99.89447961790515,0.001851234773593987,0.016661112962345886,0.029619756377503793,0.020363582509533858,0.0,0.03702469547187974
TreeCrops,0.0,100.0,0.0,0.0,0.0,0.0,0.0
Forest,0.09838888205632765,0.0,99.7294305743451,0.17218054359857338,0.0,0.0,0.0
Grassland,0.032277401208097016,0.0,0.032277401208097016,99.81094665006685,0.039193987181260666,0.0,0.08530456033568497
Urban,0.0,0.0,0.0,0.0,100.0,0.0,0.0
Water,0.0,0.0,0.0,0.0,0.0,100.0,0.0
Other,0.009016347570871601,0.0,0.003419993906192676,0.016789060994036775,0.01119270732935785,0.0,99.95958189019954
