from_label,Crops,TreeCrops,Forest,Grassland,Urban,Water,Other
Crops,99.89432692119527,0.0,0.007827635467016302,0.023482906401048904,0.0019569088667540755,0.0,0.07240562806990078
TreeCrops,0.0,0.0,0.0,0.0,0.0,0.0,0.0
Forest,0.0,0.0,99.96928746928747,0.030712530712530713,0.0,0.0,0.0
Grassland,0.1749338243756474,0.0,0.011508804235239959,99.7744274369893,0.004603521694095983,0.0,0.03452641270571988
Urban,0.0,0.0,0.0,0.0,100.0,0.0,0.0
Water,0.0,0.0,0.0,0.0,0.0,100.0,0.0
Other,0.15948769144610292,0.0,0.0015218291168521269,0.021914339282670628,0.006391682290778933,0.0,99.8106844578636
