from_label,Crops,TreeCrops,Forest,Grassland,Urban,Water,Other
Crops,99.89688556206916,0.0,0.003819053256697665,0.009547633141744161,0.0019095266283488325,0.0,0.08783822490404629
TreeCrops,0.0,0.0,0.0,0.0,0.0,0.0,0.0
Forest,0.0,0.0,100.0,0.0,0.0,0.0,0.0
Grassland,0.23744755405966156,0.0,0.006915948176494997,99.73027802111669,0.002305316058831666,0.0,0.02305316058831666
Urban,0.0,0.0,0.0,0.0,100.0,0.0,0.0
Water,0.0,0.0,0.0,0.0,0.0,100.0,0.0
Other,0.4883090198044929,0.0,0.0009172993484116962,0.054426428005760634,0.008867227034646395,0.0,99.44748002580668
