from_label,Crops,TreeCrops,Forest,Grassland,Urban,Water,Other
Crops,99.88922516962397,0.0,0.003956243942001464,0.06725614701402488,0.001978121971000732,0.0,0.03758431744901391
TreeCrops,0.0,0.0,0.0,0.0,0.0,0.0,0.0
Forest,0.0,0.0,99.7685542354575,0.030859435272334514,0.0,0.0,0.20058632927017436
Grassland,1.2375123751237513,0.0,0.0990009900099001,97.58797587975879,0.013500135001350014,0.0,1.0620106201062012
Urban,0.0,0.0,0.0,0.0,100.0,0.0,0.0
Water,0.0,0.0,0.0,0.0,0.0,100.0,0.0
Other,0.01645634041463883,0.0,0.0,0.011275640654474754,0.0006094940894310677,0.0,99.97165852484146
