from_label,Crops,TreeCrops,Forest,Grassland,Urban,Water,Other
Crops,99.899667317949,0.0,0.019362447413353048,0.03520444984246009,0.010561334952738026,0.0,0.03520444984246009
TreeCrops,0.0,0.0,0.0,0.0,0.0,0.0,0.0
Forest,0.0,0.0,99.97086671522214,0.029133284777858703,0.0,0.0,0.0
Grassland,0.0438323298036773,0.0,0.039218400350658635,99.80390799824671,0.01845571781207465,0.0,0.0945855537868826
Urban,0.0,0.0,0.0,0.0,100.0,0.0,0.0
Water,0.0,0.0,0.0,0.0,0.0,100.0,0.0
Other,0.009003666665631762,0.0,0.003725655171985557,0.013971206894945838,0.004346597700649817,0.0,99.96895287356679
