from_label,Crops,TreeCrops,Forest,Grassland,Urban,Water,Other
Crops,99.9483637771897,0.0,0.0016136319628219196,0.03227263925643839,0.0,0.0,0.017749951591041115
TreeCrops,0.0,0.0,0.0,0.0,0.0,0.0,0.0
Forest,0.04252152652280217,0.0,99.91283087062826,0.04252152652280217,0.0,0.0,0.002126076326140108
Grassland,0.07261807797611454,0.0,0.004514096739055768,99.87399782145766,0.00039253015122224077,0.0,0.048477473675946736
Urban,0.0,0.0,0.0,0.0,100.0,0.0,0.0
Water,0.0,0.0,0.0,0.0,0.0,100.0,0.0
Other,0.006129732728328713,0.0,0.0,0.08014625542289792,0.00015324331820821784,0.0,99.91357076853056
