from_label,Crops,TreeCrops,Forest,Grassland,Urban,Water,Other
Crops,99.95307621505532,0.0,0.001804760959410926,0.025266653431752963,0.0,0.0,0.019852370553520186
TreeCrops,0.0,0.0,0.0,0.0,0.0,0.0,0.0
Forest,0.013626365069786456,0.0,99.85205660781375,0.13431702711646648,0.0,0.0,0.0
Grassland,0.002538650960879389,0.0,0.0041008977060359355,99.91310002480067,0.00019528084314456836,0.0,0.08006514568927302
Urban,0.0,0.0,0.0,0.0,100.0,0.0,0.0
Water,0.0,0.0,0.0,0.0,0.0,100.0,0.0
Other,0.000919768586223706,0.0,0.0,0.061317905748247074,0.0,0.0,99.93776232566553
