from_label,Crops,TreeCrops,Forest,Grassland,Urban,Water,Other
Crops,99.95401523628504,0.0,0.0015328254571651927,0.010729778200156349,0.0,0.0,0.03372216005763424
TreeCrops,0.0,0.0,0.0,0.0,0.0,0.0,0.0
Forest,0.5110920185931751,0.0,99.4602692045029,0.028638776903927916,0.0,0.0,0.0
Grassland,0.1280568407138136,0.0,0.001967078966418028,99.86427155131715,0.0001967078966418028,0.0,0.005507821105970478
Urban,0.0,0.0,0.0,0.0,100.0,0.0,0.0
Water,0.0,0.0,0.0,0.0,0.0,100.0,0.0
Other,0.0023004335550440074,0.0,0.0,0.06364532835621753,0.0,0.0,99.93405423808875
