from_label,Crops,TreeCrops,Forest,Grassland,Urban,Water,Other
Crops,99.95112158505717,0.0,0.0017456576765296327,0.03491315353059265,0.0,0.0,0.012219603735707428
TreeCrops,0.0,0.0,0.0,0.0,0.0,0.0,0.0
Forest,0.2504809233728759,0.0,99.68739980763065,0.06211926899647323,0.0,0.0,0.0
Grassland,0.05068066679320527,0.0,0.0029351737525022356,99.88181033689925,0.0003913565003336314,0.0,0.06418246605471556
Urban,0.0,0.0,0.0,0.0,100.0,0.0,0.0
Water,0.0,0.0,0.0,0.0,0.0,100.0,0.0
Other,0.010261468339541266,0.0,0.0,0.06815452852381887,0.0003063124877475005,0.0,99.92127769064889
