from_label,Crops,TreeCrops,Forest,Grassland,Urban,Water,Other
Crops,99.95319194901523,0.0,0.0018003096532603607,0.027004644798905412,0.0,0.0,0.01800309653260361
TreeCrops,0.0,0.0,0.0,0.0,0.0,0.0,0.0
Forest,0.07268869592550391,0.0,99.75246552198342,0.17484578209107696,0.0,0.0,0.0
Grassland,0.01992304236576362,0.0,0.005273746508584488,99.89589233744165,0.0001953239447623884,0.0,0.07871554973924252
Urban,0.0,0.0,0.0,0.0,100.0,0.0,0.0
Water,0.0,0.0,0.0,0.0,0.0,100.0,0.0
Other,0.004442612930454725,0.0,0.0,0.05407732291208681,0.0,0.0,99.94148006415746
