from_label,Crops,TreeCrops,Forest,Grassland,Urban,Water,Other
Crops,99.9487730314798,0.0,0.0016524828554903743,0.024787242832355616,0.0,0.0,0.024787242832355616
TreeCrops,0.0,0.0,0.0,0.0,0.0,0.0,0.0
Forest,0.018609267415172756,0.0,99.85526125343755,0.126129479147282,0.0,0.0,0.0
Grassland,0.0031364923038320093,0.0,0.004900769224737514,99.89257513859376,0.0005880923069685019,0.0,0.0987995075707083
Urban,0.0,0.0,0.0,0.0,100.0,0.0,0.0
Water,0.0,0.0,0.0,0.0,0.0,100.0,0.0
Other,0.0013801394860973948,0.0,0.0,0.06149288154722837,0.00030669766357719887,0.0,99.9368202813031
