from_label,Crops,TreeCrops,Forest,Grassland,Urban,Water,Other
Crops,99.95669198982262,0.0,0.0018045004240575997,0.025263005936806394,0.0,0.0,0.016240503816518398
TreeCrops,0.0,0.0,0.0,0.0,0.0,0.0,0.0
Forest,0.01564975840685459,0.0,99.82198399812204,0.16236624347111642,0.0,0.0,0.0
Grassland,0.003318193263286924,0.0,0.006246010848540093,99.8936226277358,0.0001951878390168779,0.0,0.09661798031335456
Urban,0.0,0.0,0.0,0.0,100.0,0.0,0.0
Water,0.0,0.0,0.0,0.0,0.0,100.0,0.0
Other,0.0010730781553479915,0.0,0.0,0.061318751734170944,0.0,0.0,99.93760817011048
