from_label,Crops,TreeCrops,Forest,Grassland,Urban,Water,Other
Crops,99.95419228668581,0.0,0.0017618351274687717,0.0246656917845628,0.0,0.0,0.019380186402156486
TreeCrops,0.0,0.0,0.0,0.0,0.0,0.0,0.0
Forest,0.013894402540690751,0.0,99.89876935291782,0.08733624454148471,0.0,0.0,0.0
Grassland,0.004885742036729054,0.0,0.006253749807013189,99.8923182455105,0.00019542968146916216,0.0,0.09634683296429694
Urban,0.0,0.0,0.0,0.0,100.0,0.0,0.0
Water,0.0,0.0,0.0,0.0,0.0,100.0,0.0
Other,0.0007664597225415804,0.0,0.0,0.06131677780332643,0.0001532919445083161,0.0,99.93776347052963
