from_label,Crops,TreeCrops,Forest,Grassland,Urban,Water,Other
Crops,99.9522045644641,0.0,0.0014936073604970724,0.010455251523479508,0.0,0.0,0.03584657665192974
TreeCrops,0.0,0.0,0.0,0.0,0.0,0.0,0.0
Forest,0.05623284898106077,0.0,99.45791533582258,0.48135318727788023,0.0,0.0,0.004498627918484862
Grassland,0.0025591810620601407,0.0,0.003937201633938678,99.88916777400463,0.00039372016339386784,0.0,0.10394212313598111
Urban,0.0,0.0,0.0,0.0,100.0,0.0,0.0
Water,0.0,0.0,0.0,0.0,0.0,100.0,0.0
Other,0.001381090416920506,0.0,0.0,0.04450180232299408,0.0003069089815378902,0.0,99.95381019827855
