from_label,Crops,TreeCrops,Forest,Grassland,Urban,Water,Other
Crops,99.95277878677807,0.0,0.0018162005085361423,0.0345078096621867,0.0,0.0,0.010897203051216855
TreeCrops,0.0,0.0,0.0,0.0,0.0,0.0,0.0
Forest,0.14574426739214924,0.0,99.76875242907113,0.08550330353672755,0.0,0.0,0.0
Grassland,0.03358181271501146,0.0,0.005662049818228676,99.89534969991136,0.00019524309718029918,0.0,0.06521119445821993
Urban,0.0,0.0,0.0,0.0,100.0,0.0,0.0
Water,0.0,0.0,0.0,0.0,0.0,100.0,0.0
Other,0.019616858237547892,0.0,0.0,0.05731800766283525,0.0,0.0,99.92306513409962
