from_label,Crops,TreeCrops,Forest,Grassland,Urban,Water,Other
Crops,99.94997175825063,0.0,0.0016138142499798275,0.019365770999757927,0.0,0.0,0.029048656499636893
TreeCrops,0.0,0.0,0.0,0.0,0.0,0.0,0.0
Forest,0.017002465357476834,0.0,99.9022358241945,0.08076171044801496,0.0,0.0,0.0
Grassland,0.004316137449358956,0.0,0.00549326584463867,99.88581854565787,0.0005885641976398576,0.0,0.10378348685049488
Urban,0.0,0.0,0.0,0.0,100.0,0.0,0.0
Water,0.0,0.0,0.0,0.0,0.0,100.0,0.0
Other,0.0012263355560665288,0.0,0.0,0.05089292557676094,0.0,0.0,99.94788073886717
