from_label,Crops,TreeCrops,Forest,Grassland,Urban,Water,Other
Crops,99.96097991313789,0.0,0.0016965255157437569,0.025447882736156353,0.0,0.0,0.011875678610206298
TreeCrops,0.0,0.0,0.0,0.0,0.0,0.0,0.0
Forest,0.1488823625387502,0.0,99.67980094632077,0.17131669114047968,0.0,0.0,0.0
Grassland,0.026629646236898116,0.0,0.00548257422524373,99.90444656350289,0.000979031111650666,0.0,0.06246218492331249
Urban,0.0,0.0,0.0,0.0,100.0,0.0,0.0
Water,0.0,0.0,0.0,0.0,0.0,100.0,0.0
Other,0.011341882660560442,0.0,0.0,0.04919924775729597,0.0003065373692043363,0.0,99.93915233221294
