from_label,Crops,TreeCrops,Forest,Grassland,Urban,Water,Other
Crops,99.94774559570021,0.0,0.001492982979994028,0.01642281277993431,0.0,0.0,0.03433860853986265
TreeCrops,0.0,0.0,0.0,0.0,0.0,0.0,0.0
Forest,0.04393977937605513,0.0,99.09114035290581,0.8464189079808514,0.0,0.0,0.01850095973728637
Grassland,0.0021649579899742765,0.0,0.004329915979948553,99.88801262760951,0.00039362872544986845,0.0,0.10509886969511488
Urban,0.0,0.0,0.0,0.0,100.0,0.0,0.0
Water,0.0,0.0,0.0,0.0,0.0,100.0,0.0
Other,0.0010724369904966762,0.0,0.0,0.04213145319808371,0.0,0.0,99.95679610981142
