from_label,Crops,TreeCrops,Forest,Grassland,Urban,Water,Other
Crops,99.94548661215327,0.0,0.00160333493666827,0.022446689113355782,0.0,0.0,0.030463363796697132
TreeCrops,0.0,0.0,0.0,0.0,0.0,0.0,0.0
Forest,0.04041005572333999,0.0,99.40235654430218,0.5572333999744778,0.0,0.0,0.0
Grassland,0.004122205733399289,0.0,0.0054962743111990515,99.88614860355374,0.0005888865333427555,0.0,0.10364402986832498
Urban,0.0,0.0,0.0,0.0,100.0,0.0,0.0
Water,0.0,0.0,0.0,0.0,0.0,100.0,0.0
Other,0.001226519811361253,0.0,0.0,0.051053887147912154,0.00030662995284031326,0.0,99.94741296308788
