from_label,Crops,TreeCrops,Forest,Grassland,Urban,Water,Other
Crops,99.95307875550422,0.0,0.0018046632498375805,0.027069948747563705,0.0,0.0,0.018046632498375802
TreeCrops,0.0,0.0,0.0,0.0,0.0,0.0,0.0
Forest,0.013658803098597044,0.0,99.85755819625749,0.128783000643915,0.0,0.0,0.0
Grassland,0.0029281547939750286,0.0,0.006051519907548392,99.91293619745915,0.00019521031959833526,0.0,0.07788891751973577
Urban,0.0,0.0,0.0,0.0,100.0,0.0,0.0
Water,0.0,0.0,0.0,0.0,0.0,100.0,0.0
Other,0.0010731768641465407,0.0,0.0,0.06025121537279864,0.0,0.0,99.93867560776305
