from_label,Crops,TreeCrops,Forest,Grassland,Urban,Water,Other
Crops,99.95307706190218,0.0,0.001804728388377549,0.025266197437285687,0.0,0.0,0.019852012272153042
TreeCrops,0.0,0.0,0.0,0.0,0.0,0.0,0.0
Forest,0.011700011700011701,0.0,99.86934986934986,0.117000117000117,0.0,0.0,0.0019500019500019498
Grassland,0.0031241152408009454,0.0,0.006443487684151949,99.93146472190493,0.00019525720255005909,0.0,0.058772417967567776
Urban,0.0,0.0,0.0,0.0,100.0,0.0,0.0
Water,0.0,0.0,0.0,0.0,0.0,100.0,0.0
Other,0.0009197347484985331,0.0,0.0,0.0613156498999022,0.0,0.0,99.9377646153516
