from_label,Crops,TreeCrops,Forest,Grassland,Urban,Water,Other
Crops,99.9483159617538,0.0,0.0017228012748729436,0.03445602549745887,0.0,0.0,0.01550521147385649
TreeCrops,0.0,0.0,0.0,0.0,0.0,0.0,0.0
Forest,0.10298869143780291,0.0,99.83844911147011,0.05856219709208401,0.0,0.0,0.0
Grassland,0.02701247859065329,0.0,0.006263763151455836,99.90389038414484,0.00039148519696598975,0.0,0.06244188891607537
Urban,0.0,0.0,0.0,0.0,100.0,0.0,0.0
Water,0.0,0.0,0.0,0.0,0.0,100.0,0.0
Other,0.0007660393315234379,0.0,0.0,0.05009897228163283,0.0003064157326093751,0.0,99.94882857265424
