from_label,Crops,TreeCrops,Forest,Grassland,Urban,Water,Other
Crops,99.95195216571165,0.0,0.0017795494180873402,0.026693241271310106,0.0,0.0,0.019575043598960742
TreeCrops,0.0,0.0,0.0,0.0,0.0,0.0,0.0
Forest,0.340021745576752,0.0,99.55915785311852,0.10082040130473462,0.0,0.0,0.0
Grassland,0.07971552498925404,0.0,0.0033214802078855845,99.86772693525067,0.00019538118869915207,0.0,0.04904067836348716
Urban,0.0,0.0,0.0,0.0,100.0,0.0,0.0
Water,0.0,0.0,0.0,0.0,0.0,100.0,0.0
Other,0.0018388380994995295,0.0,0.0,0.07416647001314769,0.00030647301658325493,0.0,99.92368821887077
