from_label,Crops,TreeCrops,Forest,Grassland,Urban,Water,Other
Crops,99.95850622406638,0.0,0.0018040772145047808,0.02525708100306693,0.0,0.0,0.014432617716038246
TreeCrops,0.0,0.0,0.0,0.0,0.0,0.0,0.0
Forest,0.0745829244357213,0.0,99.84102060843965,0.08439646712463199,0.0,0.0,0.0
Grassland,0.017380096859865645,0.0,0.0062490235900640526,99.89845336666146,0.00019528198718950164,0.0,0.07772223090142165
Urban,0.0,0.0,0.0,0.0,100.0,0.0,0.0
Water,0.0,0.0,0.0,0.0,0.0,100.0,0.0
Other,0.0018384380630216567,0.0,0.0,0.0540807196872204,0.0,0.0,99.94408084224976
