from_label,Crops,TreeCrops,Forest,Grassland,Urban,Water,Other
Crops,99.94176236056566,0.0,0.004479818418026789,0.017919273672107158,0.0,0.0,0.035838547344214315
TreeCrops,0.0,0.0,0.0,0.0,0.0,0.0,0.0
Forest,0.0452100004521,0.0,99.39644649396446,0.5538225055382251,0.0,0.0,0.0045210000452100005
Grassland,0.002165682593621474,0.0,0.004528245423026719,99.88895954701795,0.00039376047156754076,0.0,0.10395276449383076
Urban,0.0,0.0,0.0,0.0,100.0,0.0,0.0
Water,0.0,0.0,0.0,0.0,0.0,100.0,0.0
Other,0.0015339493673992809,0.0,0.0,0.043717556970879506,0.0001533949367399281,0.0,99.95459509872498
