from_label,Crops,TreeCrops,Forest,Grassland,Urban,Water,Other
Crops,99.96152971829262,0.0,0.0017486491685173202,0.022732439190725165,0.0,0.0,0.013989193348138562
TreeCrops,0.0,0.0,0.0,0.0,0.0,0.0,0.0
Forest,0.011950286806883365,0.0,99.83070427023581,0.15734544295729763,0.0,0.0,0.0
Grassland,0.003129217108994543,0.0,0.005084977802116133,99.89438892257144,0.00019557606931215894,0.0,0.09720130644814301
Urban,0.0,0.0,0.0,0.0,100.0,0.0,0.0
Water,0.0,0.0,0.0,0.0,0.0,100.0,0.0
Other,0.0013793758783942226,0.0,0.0,0.06176538655476352,0.00015326398648824697,0.0,99.93670197358036
