from_label,Crops,TreeCrops,Forest,Grassland,Urban,Water,Other
Crops,99.93793689161822,0.0,0.0016332396942575292,0.04409747174495329,0.0,0.0,0.01633239694257529
TreeCrops,0.0,0.0,0.0,0.0,0.0,0.0,0.0
Forest,0.7879972262497635,0.0,98.82535880140368,0.3803399945365526,0.0,0.0,0.006303977809998108
Grassland,0.07415079682681669,0.0,0.004119488712600927,99.87386517894275,0.00039233225834294546,0.0,0.0474722032594964
Urban,0.0,0.0,0.0,0.0,100.0,0.0,0.0
Water,0.0,0.0,0.0,0.0,0.0,100.0,0.0
Other,0.003371668178808759,0.0,0.0,0.05793138961771413,0.00015325764449130723,0.0,99.938543684559
