from_label,Crops,TreeCrops,Forest,Grassland,Urban,Water,Other
Crops,99.89203625308976,0.07008173045051187,0.011364604937920846,0.014205756172401059,0.012311655349414249,0.0,0.0
TreeCrops,0.00462759434507971,99.2804090793401,0.15733820773271015,0.4858974062333696,0.06941391517619565,0.0,0.002313797172539855
Forest,0.156732924167631,0.05126777893333724,99.37013871596186,0.4013534693638401,0.013183143154286717,0.0,0.007323968419048177
Grassland,0.10300204131318239,0.0,0.1573122085510422,99.70784875554807,0.028091465812686105,0.0,0.003745528775024814
Urban,0.0,0.0,0.0,0.0,100.0,0.0,0.0
Water,0.0,0.0,0.0,0.0,0.0,100.0,0.0
Other,0.0,0.03553660270078181,0.0,0.03553660270078181,0.03553660270078181,0.0,99.89339019189765
