from_label,Crops,TreeCrops,Forest,Grassland,Urban,Water,Other
Crops,99.82647814910027,0.0,0.025706940874035987,0.13220712449504224,0.010099155343371281,0.0,0.005508630187293426
TreeCrops,0.0,0.0,0.0,0.0,0.0,0.0,0.0
Forest,0.0979686996205263,0.0,99.21873062327936,0.6721396860041171,0.0,0.0,0.011160991096009326
Grassland,0.04274339309266768,0.0,0.24058424112158666,99.69102632993014,0.019539836842362365,0.0,0.006106199013238239
Urban,0.0,0.0,0.0,0.0,100.0,0.0,0.0
Water,0.0,0.0,0.0,0.0,0.0,100.0,0.0
Other,0.03653635367190354,0.0,0.0,0.10960906101571063,0.0,0.0,99.85385458531239
