from_label,Crops,TreeCrops,Forest,Grassland,Urban,Water,Other
Crops,98.21496959563596,1.7588761127249968,0.006538572909758353,0.006538572909758353,0.012143063975265513,0.0,0.0009340818442511933
TreeCrops,0.0,99.88521467298393,0.021980169003077223,0.03419137400478679,0.05617154300786402,0.0,0.0024422410003419135
Forest,0.1902300185873606,0.824814126394052,98.65677276951673,0.3107574349442379,0.01742565055762082,0.0,0.0
Grassland,0.38326294442687303,3.507041991478911,0.286516958455041,95.78410761130439,0.03534949487432325,0.0,0.003720999460455078
Urban,0.0,0.0,0.0,0.0,100.0,0.0,0.0
Water,0.0,0.0,0.0,0.0,0.0,100.0,0.0
Other,0.0,0.0,0.0,0.14219694276573053,0.03554923569143263,0.0,99.82225382154284
