from_label,Crops,TreeCrops,Forest,Grassland,Urban,Water,Other
Crops,99.92788615140256,0.0,0.034687674008891,0.034687674008891,0.002738500579649289,0.0,0.0
TreeCrops,0.0,0.0,0.0,0.0,0.0,0.0,0.0
Forest,0.33118087078831276,0.0,99.42970398312129,0.23783645546959914,0.0012786906208042963,0.0,0.0
Grassland,0.5802035507498292,0.0,0.2541387453697599,99.12130330020739,0.039559333005670175,0.0,0.00479507066735396
Urban,0.0,0.0,0.0,0.0,100.0,0.0,0.0
Water,0.0,0.0,0.0,0.0,0.0,100.0,0.0
Other,0.0,0.0,0.03581661891117478,0.10744985673352436,0.03581661891117478,0.0,99.82091690544412
