from_label,Crops,TreeCrops,Forest,Grassland,Urban,Water,Other
Crops,99.9174326077686,0.0,0.029034687378077,0.049903368931069836,0.0027220019416947182,0.0,0.0009073339805649063
TreeCrops,0.0,0.0,0.0,0.0,0.0,0.0,0.0
Forest,0.3153441866427381,0.0,99.42827842584285,0.253813613639277,0.0025637738751442124,0.0,0.0
Grassland,0.5572105701156634,0.0,0.2496592814154596,99.15091722649042,0.03618250455296516,0.0,0.0060304174254941926
Urban,0.0,0.0,0.0,0.0,100.0,0.0,0.0
Water,0.0,0.0,0.0,0.0,0.0,100.0,0.0
Other,0.0,0.0,0.03582945180938731,0.07165890361877462,0.03582945180938731,0.0,99.85668219276245
