from_label,Crops,TreeCrops,Forest,Grassland,Urban,Water,Other
Crops,99.88348079801443,0.08620526325761163,0.012315037608230236,0.007578484681987837,0.010420416437733275,0.0,0.0
TreeCrops,0.030126065999258437,98.56090100111234,0.3476084538375973,0.9918427882832778,0.06488691138301816,0.0,0.0046347793845012975
Forest,0.1445041797445539,0.07147518568010193,99.37692283787564,0.3977749463936108,0.00776904192175021,0.0,0.001553808384350042
Grassland,0.31930282609462657,0.0,0.23109762551600044,99.39138411600747,0.052923120347175674,0.0,0.005292312034717567
Urban,0.0,0.0,0.0,0.0,100.0,0.0,0.0
Water,0.0,0.0,0.0,0.0,0.0,100.0,0.0
Other,0.10298661174047373,0.0,0.0,0.30895983522142123,0.03432887058015791,0.0,99.55372468245794
