from_label,Crops,TreeCrops,Forest,Grassland,Urban,Water,Other
Crops,99.81259257020221,0.1682636600872553,0.016121069229916674,0.0,0.003022700480609376,0.0,0.0
TreeCrops,0.0,99.07272832974827,0.8720423231207488,0.0,0.04796232777164118,0.0,0.007267019359339573
Forest,0.10315728949994081,0.21984340385233286,99.41656942823805,0.2469010535572354,0.013528824852451254,0.0,0.0
Grassland,0.12145355616012436,0.473668869024485,0.7020015546055188,98.6227166731442,0.07287213369607462,0.0,0.0072872133696074625
Urban,0.0,0.0,0.0,0.0,100.0,0.0,0.0
Water,0.0,0.0,0.0,0.0,0.0,100.0,0.0
Other,0.16960651289009498,0.16960651289009498,0.0,0.16960651289009498,0.033921302578018994,0.0,99.4572591587517
