from_label,Crops,TreeCrops,Forest,Grassland,Urban,Water,Other
Crops,99.61108804197009,0.33219563081722153,0.043550036966891845,0.0,0.010127915573695778,0.0,0.003038374672108733
TreeCrops,0.0,99.75155638370094,0.21233262555791482,0.0,0.03177767185220494,0.0,0.004333318888937037
Forest,0.03827273483650886,0.2013478658790249,99.53240702221483,0.21133205757550544,0.01664031949413429,0.0,0.0
Grassland,0.04247557654348749,1.0369037803263124,0.6621192814131874,98.22352147515178,0.034979886565225,0.0,0.0
Urban,0.0,0.0,0.0,0.0,100.0,0.0,0.0
Water,0.0,0.0,0.0,0.0,0.0,100.0,0.0
Other,0.2397260273972603,0.17123287671232876,0.0,0.10273972602739725,0.03424657534246575,0.0,99.45205479452055
