from_label,Crops,TreeCrops,Forest,Grassland,Urban,Water,Other
Crops,99.94576905095839,0.0,0.033660589060308554,0.015895278167367927,0.0037400654511453952,0.0,0.0009350163627863488
TreeCrops,0.0,0.0,0.0,0.0,0.0,0.0,0.0
Forest,0.24591171769334808,0.0,99.4233370220091,0.3282921431206197,0.0,0.0,0.0024591171769334807
Grassland,0.19946169374218972,0.0,0.21868691723541284,99.55181197731424,0.027636258771508215,0.0,0.0024031529366528885
Urban,0.0,0.0,0.0,0.0,100.0,0.0,0.0
Water,0.0,0.0,0.0,0.0,0.0,100.0,0.0
Other,0.25234318673395817,0.0,0.0,0.07209805335255948,0.0,0.0,99.67555875991349
