from_label,Crops,TreeCrops,Forest,Grassland,Urban,Water,Other
Crops,99.11741254318997,0.85692551621743,0.014663966052918587,0.0036659915132296467,0.006415485148151882,0.0,0.0009164978783074117
TreeCrops,0.0,99.31137476147018,0.607732514726624,0.0,0.07881855139799221,0.0,0.002074172405210321
Forest,0.30827681591708184,0.39992668010864674,98.89686890736698,0.373264901434737,0.018329972838312978,0.0,0.003332722334238723
Grassland,0.7730804432068233,1.3611668256966487,0.16162638988958777,97.66518022316126,0.03310420033883123,0.0,0.005841917706852569
Urban,0.0,0.0,0.0,0.0,100.0,0.0,0.0
Water,0.0,0.0,0.0,0.0,0.0,100.0,0.0
Other,0.03347840642785404,0.0,0.0,0.06695681285570808,0.03347840642785404,0.0,99.86608637428859
