from_label,Crops,TreeCrops,Forest,Grassland,Urban,Water,Other
Crops,98.71835647053767,1.2395237890574633,0.018051317316370826,0.019770490394120425,0.004297932694374006,0.0,0.0
TreeCrops,0.0,99.93043478260869,0.06376811594202898,0.0,0.005797101449275362,0.0,0.0
Forest,0.2705895280479095,0.7252348772045493,98.8242404263502,0.1771880665897478,0.0027471018075929895,0.0,0.0
Grassland,1.5007837598745986,3.11175950211848,0.2684959570406469,95.05067279189235,0.06207999006720159,0.0,0.006207999006720159
Urban,0.0,0.0,0.0,0.0,100.0,0.0,0.0
Water,0.0,0.0,0.0,0.0,0.0,100.0,0.0
Other,0.0,0.0,0.07165890361877462,0.03582945180938731,0.03582945180938731,0.0,99.85668219276245
