from_label,Crops,TreeCrops,Forest,Grassland,Urban,Water,Other
Crops,99.76404143015532,0.15161996455883328,0.010423872563419789,0.053066987595591655,0.018004870791361455,0.0,0.002842874335478124
TreeCrops,0.025437643086742363,99.14205767407441,0.20581365770182455,0.552690608884675,0.06475036422079875,0.0,0.009250052031542676
Forest,0.3527201035056374,0.18329123282607357,98.87560840367199,0.5591152732425606,0.020023411989402995,0.0,0.009241574764339844
Grassland,0.07837409379954044,0.0,0.11399868189024064,99.7862524714558,0.01959352344988511,0.0,0.00178122940453501
Urban,0.0,0.0,0.0,0.0,100.0,0.0,0.0
Water,0.0,0.0,0.0,0.0,0.0,100.0,0.0
Other,0.0,0.03439972480220158,0.0,0.24079807361541108,0.0,0.0,99.72480220158239
