from_label,Crops,TreeCrops,Forest,Grassland,Urban,Water,Other
Crops,99.22046309521416,0.7574081152306423,0.018105373272445633,0.0,0.0030175622120742723,0.0,0.001005854070691424
TreeCrops,0.0,99.77073098109275,0.15929730534464792,0.0,0.06401667411046598,0.0,0.0059550394521363705
Forest,0.14493989257396198,0.1705175206752494,99.55665444624435,0.11936226447267456,0.008525876033762468,0.0,0.0
Grassland,1.2407291883274416,0.5961045262355306,0.4644070146253552,97.65486010027495,0.034657239897414566,0.0,0.009241930639310551
Urban,0.0,0.0,0.0,0.0,100.0,0.0,0.0
Water,0.0,0.0,0.0,0.0,0.0,100.0,0.0
Other,0.29910269192422734,0.0,0.0,0.09970089730807577,0.06646726487205051,0.0,99.53472914589565
