from_label,Crops,TreeCrops,Forest,Grassland,Urban,Water,Other
Crops,98.87487859175026,1.0469044119543076,0.02148818579544966,0.05329070077271516,0.0034381097272719457,0.0,0.0
TreeCrops,0.0,99.88244514106583,0.11755485893416928,0.0,0.0,0.0,0.0
Forest,0.28223672605397776,1.0176805025984776,98.5250417249006,0.17097032443654422,0.00407072201039391,0.0,0.0
Grassland,1.5940176590712094,3.7272099548973805,0.22330938633992975,94.38494424611045,0.06317305008300646,0.0,0.007345703498024006
Urban,0.0,0.0,0.0,0.0,100.0,0.0,0.0
Water,0.0,0.0,0.0,0.0,0.0,100.0,0.0
Other,0.2860207365033965,0.0,0.07150518412584912,0.0,0.03575259206292456,0.0,99.60672148730782
