from_label,Crops,TreeCrops,Forest,Grassland,Urban,Water,Other
Crops,99.6541520600098,0.2921331373214218,0.017904934222925856,0.010366014550114969,0.018847299182027214,0.0,0.006596554713709526
TreeCrops,0.0,99.6922861738583,0.2167983775089167,0.006993496048674733,0.07692845653542206,0.0,0.006993496048674733
Forest,0.07343902166451138,0.35921260596771876,98.78506314159364,0.742372718999952,0.020754506122579307,0.0,0.019158005651611666
Grassland,0.4738020444644995,0.7115708360089554,0.19958694180738992,98.58032940523091,0.03123969523941755,0.0,0.0034710772488241726
Urban,0.0,0.0,0.0,0.0,100.0,0.0,0.0
Water,0.0,0.0,0.0,0.0,0.0,100.0,0.0
Other,0.03403675970047651,0.0,0.0,0.2042205582028591,0.0,0.0,99.76174268209667
