from_label,Crops,TreeCrops,Forest,Grassland,Urban,Water,Other
Crops,99.77868605439613,0.14785655089278987,0.028252844119641376,0.0226022752957131,0.01883522941309425,0.0,0.0037670458826188505
TreeCrops,0.0,99.02507627765064,0.7770785659801678,0.10964912280701754,0.08342868039664379,0.0,0.004767353165522502
Forest,0.09625094673062358,0.4433855087099217,98.78502903307246,0.654822014642767,0.011045190608432214,0.0,0.00946730623579904
Grassland,0.060401063058709833,1.9328340178787147,0.12080212611741967,97.85144789976876,0.029337659199944775,0.0,0.005177233976460843
Urban,0.0,0.0,0.0,0.0,100.0,0.0,0.0
Water,0.0,0.0,0.0,0.0,0.0,100.0,0.0
Other,0.0,0.06872852233676977,0.0,0.2061855670103093,0.0,0.0,99.72508591065292
