from_label,Crops,TreeCrops,Forest,Grassland,Urban,Water,Other
Crops,99.7160773548187,0.2331550198839866,0.017862682974982842,0.012221835719725103,0.014102118138144349,0.0,0.006580988464467363
TreeCrops,0.0,99.39021462524607,0.4921496134824987,0.014404378931195085,0.09362846305276805,0.0,0.00960291928746339
Forest,0.1286072772898369,0.22898368883312423,98.84723964868256,0.7559598494353826,0.02038895859473024,0.0,0.018820577164366376
Grassland,0.06231392370006231,0.2734888873502735,0.21982967527521985,99.42186526344943,0.01904036557501904,0.0,0.003461884650003462
Urban,0.0,0.0,0.0,0.0,100.0,0.0,0.0
Water,0.0,0.0,0.0,0.0,0.0,100.0,0.0
Other,0.034566194262011754,0.0,0.0,0.24196335983408226,0.0,0.0,99.7234704459039
