from_label,Crops,TreeCrops,Forest,Grassland,Urban,Water,Other
Crops,95.11200728732766,4.845542260309712,0.021225226181316493,0.01326576636332281,0.007959459817993685,0.0,0.0
TreeCrops,0.0,99.83460376815762,0.07910254566374228,0.0719114051488566,0.01078671077232849,0.0,0.0035955702574428307
Forest,0.08569702589174077,1.5931217600202303,97.767662718984,0.550708756550203,0.0,0.0,0.0028097385538275663
Grassland,0.18919379580705642,7.724561104482699,0.2283961138571672,91.81353332197034,0.040906766660985174,0.0,0.0034088972217487645
Urban,0.0,0.0,0.0,0.0,100.0,0.0,0.0
Water,0.0,0.0,0.0,0.0,0.0,100.0,0.0
Other,0.0,0.0,0.0,0.07155635062611806,0.03577817531305903,0.0,99.89266547406082
