from_label,Crops,TreeCrops,Forest,Grassland,Urban,Water,Other
Crops,99.74206089605802,0.24205155043830953,0.005607371824825704,0.0037382478832171362,0.006541933795629989,0.0,0.0
TreeCrops,0.0,99.89129229062674,0.06655574043261231,0.0,0.03993344425956739,0.0,0.0022185246810870773
Forest,0.27536018095097603,0.43926505056465226,99.04935175624068,0.2212715739784629,0.014751438265230862,0.0,0.0
Grassland,1.6644271253247336,1.4333064588372302,0.30636925557645794,96.51527367195199,0.06987368986831496,0.0,0.010749798441279226
Urban,0.0,0.0,0.0,0.0,100.0,0.0,0.0
Water,0.0,0.0,0.0,0.0,0.0,100.0,0.0
Other,0.13418316001341832,0.0,0.03354579000335458,0.13418316001341832,0.03354579000335458,0.0,99.66454209996645
