from_label,Crops,TreeCrops,Forest,Grassland,Urban,Water,Other
Crops,99.86510830497707,0.04264318100724934,0.029589146005030157,0.06004856101020826,0.0017405380002958916,0.0,0.0008702690001479458
TreeCrops,0.0,99.58683193389311,0.2665600426496068,0.14660802345728374,0.0,0.0,0.0
Forest,0.3783236532210796,0.00399637661853253,99.4844674162093,0.13321255395108436,0.0,0.0,0.0
Grassland,2.602316497216665,0.0,0.2531542199175207,97.07103289643814,0.06669116546214256,0.0,0.00680522096552475
Urban,0.0,0.0,0.0,0.0,100.0,0.0,0.0
Water,0.0,0.0,0.0,0.0,0.0,100.0,0.0
Other,0.03582945180938731,0.0,0.14331780723754925,0.0,0.03582945180938731,0.0,99.78502328914367
