from_label,Crops,TreeCrops,Forest,Grassland,Urban,Water,Other
Crops,99.92187930812639,0.0,0.029410142823006084,0.045034281197728065,0.0027572008896568205,0.0,0.0009190669632189401
TreeCrops,0.0,0.0,0.0,0.0,0.0,0.0,0.0
Forest,0.33433927296860716,0.0,99.43275022226675,0.23165829774978397,0.0012522070148636973,0.0,0.0
Grassland,0.6904974967954144,0.0,0.2684596222216848,98.99388105545746,0.041115437637555326,0.0,0.006046387887875783
Urban,0.0,0.0,0.0,0.0,100.0,0.0,0.0
Water,0.0,0.0,0.0,0.0,0.0,100.0,0.0
Other,0.7603186097031137,0.0,0.0,0.1448225923244026,0.03620564808110065,0.0,99.05865314989138
