from_label,Crops,TreeCrops,Forest,Grassland,Urban,Water,Other
Crops,99.85969303110454,0.10523022667159637,0.014220300901567076,0.008532180540940246,0.012324260781358135,0.0,0.0
TreeCrops,0.02210677572676025,95.18735492428429,1.0257543937216758,3.7050956118050182,0.05747761688957666,0.0,0.0022106775726760254
Forest,0.14975994361978592,0.07194350232715206,99.39068258233125,0.3670586853426126,0.017618816896445403,0.0,0.002936469482740901
Grassland,0.2745446811801554,0.0,0.18560767178376708,99.49731255558562,0.0367348517072039,0.0,0.005800239743242721
Urban,0.0,0.0,0.0,0.0,100.0,0.0,0.0
Water,0.0,0.0,0.0,0.0,0.0,100.0,0.0
Other,0.07112375533428165,0.03556187766714083,0.0,0.0,0.03556187766714083,0.0,99.85775248933145
