from_label,Crops,TreeCrops,Forest,Grassland,Urban,Water,Other
Crops,97.98983176354787,0.0,0.22846925598490117,1.7184861428429523,0.05508547278687341,0.0,0.008127364837407551
TreeCrops,0.0,97.66187050359713,1.4388489208633095,0.8992805755395683,0.0,0.0,0.0
Forest,0.37977272063334405,0.0,98.95270368963804,0.6383103035260437,0.029213286202564928,0.0,0.0
Grassland,4.273857288962316,0.009834002045472426,1.0306034143655103,94.43985524348989,0.21634804500039337,0.0,0.029502006136417274
Urban,0.0535475234270415,0.0,0.18741633199464525,0.6961178045515395,99.06291834002677,0.0,0.0
Water,0.0,0.0,0.0,0.0,0.0,100.0,0.0
Other,4.845814977973569,0.0,0.0,5.286343612334802,0.0,0.0,89.86784140969164
