from_label,Crops,TreeCrops,Forest,Grassland,Urban,Water,Other
Crops,93.133833706989,0.0009747538746466517,0.3869772882347208,6.212106443123112,0.12769275757871137,0.0,0.13841505019982456
TreeCrops,0.11312217194570137,91.8552036199095,2.828054298642534,4.97737556561086,0.22624434389140274,0.0,0.0
Forest,0.16632896845797926,0.001512081531436175,98.92188586808601,0.8754952067015453,0.019657059908670275,0.0,0.015120815314361751
Grassland,3.120599045100127,0.00171744581458455,0.7470889293442793,95.80771476659912,0.2232679558959915,0.0,0.09961185724590389
Urban,0.7145125436646554,0.0,0.269926960939981,2.127659574468085,96.80851063829788,0.0,0.07939028262940616
Water,0.0,0.0,0.0,0.0,0.0,100.0,0.0
Other,1.8648018648018647,0.0,0.0,11.655011655011654,0.0,0.0,86.48018648018649
