from_label,Crops,TreeCrops,Forest,Grassland,Urban,Water,Other
Crops,96.32711850844203,0.0,0.5731375530127231,2.9547091301912456,0.10002400576138272,0.0,0.045010802592622225
TreeCrops,0.14104372355430184,91.25528913963329,0.846262341325811,7.475317348377997,0.2820874471086037,0.0,0.0
Forest,0.29603844036833726,0.0,98.91254221151128,0.7616667410481843,0.029752607072194702,0.0,0.0
Grassland,2.844701014415376,0.003336892685531233,1.5016017084890552,95.3416978109984,0.23358248798718637,0.0,0.07508008542445274
Urban,1.0543657331136738,0.0,0.7742998352553542,2.4382207578253707,95.7001647446458,0.0,0.032948929159802305
Water,0.0,0.0,0.0,0.0,0.0,100.0,0.0
Other,2.311248073959938,0.0,0.30816640986132515,5.701078582434515,0.0,0.0,91.67950693374422
