from_label,Crops,TreeCrops,Forest,Grassland,Urban,Water,Other
Crops,98.00741178366185,0.0008951429543298065,0.2040925935871959,1.7383676173084843,0.0420717188535009,0.0,0.007161143634638452
TreeCrops,0.1597444089456869,97.76357827476039,0.1597444089456869,1.9169329073482428,0.0,0.0,0.0
Forest,0.3671537474748964,0.016219643462746427,98.89558973149117,0.6989191819401642,0.022117695631017856,0.0,0.0
Grassland,4.494624499725339,0.019618614141097074,1.2320489680608961,94.10264458918623,0.11771168484658245,0.0,0.03335164403986502
Urban,0.09466708740927737,0.0,0.1577784790154623,2.4297885768381193,97.31776585673714,0.0,0.0
Water,0.0,0.0,0.0,0.0,0.0,100.0,0.0
Other,8.045977011494253,0.0,0.0,14.17624521072797,0.38314176245210724,0.0,77.39463601532567
