from_label,Crops,TreeCrops,Forest,Grassland,Urban,Water,Other
Crops,97.64806044803916,0.0,0.17453307082424308,2.0688554248922473,0.06598201457989677,0.0,0.042569041664449525
TreeCrops,1.502145922746781,85.83690987124464,3.862660944206009,8.798283261802576,0.0,0.0,0.0
Forest,0.22524728234257174,0.0027981028862431273,98.91993228591015,0.81424793989675,0.029380080305552836,0.0,0.008394308658729381
Grassland,2.617547261269995,0.0,0.9080626918726773,96.020358700921,0.2762966553562773,0.0,0.1777346905800614
Urban,1.0065425264217414,0.0,0.40261701056869653,2.147290723033048,96.40999832242912,0.0,0.033551417547391375
Water,0.0,0.0,0.0,0.0,0.0,100.0,0.0
Other,0.7481296758104738,0.0,0.0,6.857855361596011,0.0,0.0,92.39401496259352
