from_label,Crops,TreeCrops,Forest,Grassland,Urban,Water,Other
Crops,98.00418550293982,0.0,0.22648825431913103,1.7086273905835243,0.05254527500203839,0.0,0.008153577155488716
TreeCrops,0.0,88.12199036918138,8.507223113964688,3.3707865168539324,0.0,0.0,0.0
Forest,0.3448779774952506,0.0014613473622680112,98.99313166739734,0.6327634078620488,0.027765599883092212,0.0,0.0
Grassland,4.508252759058502,0.011719894520949311,0.810626037698994,94.54048246899112,0.1015724191815607,0.0,0.027346420548881728
Urban,0.027056277056277056,0.0,0.08116883116883117,2.326839826839827,97.56493506493507,0.0,0.0
Water,0.0,0.0,0.0,0.0,0.0,100.0,0.0
Other,5.932203389830509,0.0,0.0,7.627118644067797,0.0,0.0,86.4406779661017
