from_label,Crops,TreeCrops,Forest,Grassland,Urban,Water,Other
Crops,97.79112505602868,0.008068130883012102,0.236665172568355,1.911250560286867,0.043030031376064544,0.0,0.009861048857014791
TreeCrops,0.16286644951140067,97.8827361563518,0.0,1.9543973941368076,0.0,0.0,0.0
Forest,0.3395510216185759,0.019275822187954095,98.89682986862786,0.7235847098247382,0.020758577740873637,0.0,0.0
Grassland,3.72288016073878,0.034775216862116265,1.1417862869728175,94.88224725179188,0.1816039102799405,0.0,0.03670717335445606
Urban,0.24096385542168677,0.0,0.2065404475043029,1.1015490533562824,98.45094664371773,0.0,0.0
Water,0.0,0.0,0.0,0.0,0.0,100.0,0.0
Other,4.844290657439446,0.0,0.0,9.342560553633218,0.0,0.0,85.81314878892734
