from_label,Crops,TreeCrops,Forest,Grassland,Urban,Water,Other
Crops,97.84764642472152,0.0,0.25332375134746676,1.8343514193316566,0.055695292849443044,0.0,0.008983111749910169
TreeCrops,0.0,94.47761194029852,3.4328358208955225,2.0895522388059704,0.0,0.0,0.0
Forest,0.3661287015611728,0.0,98.91479452857268,0.6912509885474942,0.02782578131864913,0.0,0.0
Grassland,3.7948636777333706,0.013849867436983103,1.03280440030074,95.04966166752405,0.08309920462189863,0.0,0.02572118238296862
Urban,0.02842524161455372,0.0,0.22740193291642977,2.4729960204661743,97.27117680500285,0.0,0.0
Water,0.0,0.0,0.0,0.0,0.0,100.0,0.0
Other,4.8034934497816595,0.0,0.43668122270742354,6.986899563318777,0.0,0.0,87.77292576419214
