from_label,Crops,TreeCrops,Forest,Grassland,Urban,Water,Other
Crops,96.00658964841307,0.0,0.3576343996329816,3.4553947533052507,0.09383992993285231,0.0,0.08654126871585269
TreeCrops,2.272727272727273,81.11888111888112,3.8461538461538463,12.587412587412588,0.17482517482517482,0.0,0.0
Forest,0.20931081954316857,0.0014047706009608632,98.9127075548563,0.841457589975557,0.02388110021633467,0.0,0.011238164807686905
Grassland,2.765978628791398,0.001659255326209597,1.1166788345390588,95.73737306696755,0.2455697882790204,0.0,0.13274042609676778
Urban,0.8423180592991913,0.0,0.45485175202156336,2.526954177897574,96.10849056603774,0.0,0.06738544474393532
Water,0.0,0.0,0.0,0.0,0.0,100.0,0.0
Other,1.1577424023154848,0.0,0.0,8.104196816208393,0.0,0.0,90.73806078147612
