from_label,Crops,TreeCrops,Forest,Grassland,Urban,Water,Other
Crops,97.92366791094935,0.0,0.1354579201522092,1.8881386427323208,0.042395226917867006,0.0,0.010340299248260245
TreeCrops,0.1388888888888889,98.05555555555556,0.0,1.8055555555555554,0.0,0.0,0.0
Forest,0.4815433239906971,0.004472538612916691,98.91764565567416,0.5754666348619476,0.020871846860277894,0.0,0.0
Grassland,7.56632612655421,0.0,1.1324938623584384,91.08101686861487,0.14413558248198305,0.0,0.07602755999049655
Urban,2.13448884609212,0.0,0.3209757663296421,2.535708554004173,95.00882683357406,0.0,0.0
Water,0.0,0.0,0.0,0.0,0.0,100.0,0.0
Other,5.942028985507246,0.0,0.7246376811594203,7.101449275362319,0.5797101449275363,0.0,85.65217391304348
