from_label,Crops,TreeCrops,Forest,Grassland,Urban,Water,Other
Crops,98.01056022910328,0.002684804009307321,0.19330588867012707,1.7039556112403795,0.08054412027921962,0.0,0.008949346697691068
TreeCrops,0.11890606420927466,97.14625445897741,0.5945303210463734,2.0214030915576697,0.11890606420927466,0.0,0.0
Forest,0.5681561978626505,0.0015030587245043665,98.42780057416843,0.939411702815229,0.060122348980174656,0.0,0.003006117449008733
Grassland,3.925056086666532,0.03840168158942539,0.9762111688259192,94.70461022293186,0.3193402995331164,0.0,0.03638054045313984
Urban,0.017424638438752395,0.0,0.0,0.12197246907126677,99.86060289248998,0.0,0.0
Water,0.0,0.0,0.0,0.0,0.0,100.0,0.0
Other,3.862660944206009,0.0,0.0,3.4334763948497855,0.0,0.0,92.7038626609442
