from_label,Crops,TreeCrops,Forest,Grassland,Urban,Water,Other
Crops,98.0124648134325,0.0,0.20414954178770245,1.7159353556428911,0.059356254440477374,0.0,0.008094034696428732
TreeCrops,0.0,99.63099630996311,0.0,0.36900369003690037,0.0,0.0,0.0
Forest,0.4092909035096695,0.0,98.87883527502886,0.6782534972445952,0.033620324216865706,0.0,0.0
Grassland,3.9400411169437737,0.005987904433045249,0.8183469391828506,95.11786191892378,0.09181453464002715,0.0,0.025947585876529414
Urban,0.0,0.0,0.024455857177794083,1.9075568598679384,98.06798728295428,0.0,0.0
Water,0.0,0.0,0.0,0.0,0.0,100.0,0.0
Other,4.444444444444445,0.0,0.0,6.222222222222222,0.0,0.0,89.33333333333333
