from_label,Crops,TreeCrops,Forest,Grassland,Urban,Water,Other
Crops,97.83834165314883,0.0008962099282135847,0.20254344377627015,1.9062385173102947,0.041225656697824895,0.0,0.010754519138563016
TreeCrops,0.16863406408094433,96.29005059021922,1.854974704890388,1.6863406408094435,0.0,0.0,0.0
Forest,0.4443457009553432,0.0,98.63141524105754,0.8990594682663111,0.025179589720802784,0.0,0.0
Grassland,3.6017767477790654,0.011587485515643106,0.9578988026264967,95.23754345307069,0.1544998068752414,0.0,0.036693704132869834
Urban,0.2506265664160401,0.0,0.322234156820623,1.1099176512710347,98.28141783029001,0.0,0.03580379520229145
Water,0.0,0.0,0.0,0.0,0.0,100.0,0.0
Other,4.013377926421405,0.0,0.0,7.357859531772576,0.0,0.0,88.62876254180601
