from_label,Crops,TreeCrops,Forest,Grassland,Urban,Water,Other
Crops,97.99013140058199,0.0,0.19520306541110127,1.7459829739548502,0.05874166320241473,0.0,0.009940896849639416
TreeCrops,0.0,99.38144329896907,0.2061855670103093,0.4123711340206186,0.0,0.0,0.0
Forest,0.38908785426891274,0.0,98.88874150712591,0.6912204683792427,0.03095017022593624,0.0,0.0
Grassland,3.9054531188701453,0.005884660651235779,0.4884268340525696,95.39819537073362,0.1647704982346018,0.0,0.0372695174578266
Urban,0.045819014891179836,0.0,0.045819014891179836,0.9621993127147767,98.92325315005728,0.0,0.022909507445589918
Water,0.0,0.0,0.0,0.0,0.0,100.0,0.0
Other,4.424778761061947,0.0,0.0,5.752212389380531,0.0,0.0,89.82300884955751
