from_label,Crops,TreeCrops,Forest,Grassland,Urban,Water,Other
Crops,97.51945023422829,0.0,0.184699836968859,2.1751243370410878,0.06087871721319933,0.0,0.05984687454856884
TreeCrops,0.0,90.70631970260223,0.7434944237918215,8.550185873605948,0.0,0.0,0.0
Forest,0.21835283578746992,0.0013996976653042942,98.91243491405857,0.8258216225295336,0.026594255640781588,0.0,0.015396674318347237
Grassland,2.8154520917678814,0.0,0.9412955465587045,95.68151147098516,0.2867746288798921,0.0,0.27496626180836703
Urban,0.9975920192638458,0.0,0.3783969728242174,1.7887856897144825,96.76642586859305,0.0,0.06879944960440317
Water,0.0,0.0,0.0,0.0,0.0,100.0,0.0
Other,2.380952380952381,0.0,0.0,4.642857142857143,0.0,0.0,92.97619047619048
