from_label,Crops,TreeCrops,Forest,Grassland,Urban,Water,Other
Crops,98.00504844882339,0.0,0.20085226501642103,1.7244343113572005,0.06152231541043527,0.0,0.00814265939255761
TreeCrops,0.0,99.37759336099586,0.0,0.6224066390041494,0.0,0.0,0.0
Forest,0.41082825911525195,0.004401731347663414,98.87902575012838,0.6734648961925024,0.03227936321619837,0.0,0.0
Grassland,4.007783630788584,0.005896689991351521,0.4638729459863196,95.39075399009356,0.10614041984432739,0.0,0.02555232329585659
Urban,0.023299161230195712,0.0,0.046598322460391424,1.5843429636533086,98.3457595526561,0.0,0.0
Water,0.0,0.0,0.0,0.0,0.0,100.0,0.0
Other,4.405286343612335,0.0,0.0,5.726872246696035,0.0,0.0,89.86784140969164
