from_label,Crops,TreeCrops,Forest,Grassland,Urban,Water,Other
Crops,97.78328209181068,0.017348227107568646,0.19564945015757973,1.908304981832551,0.08288597395838353,0.0,0.012529275133244021
TreeCrops,0.0,99.01768172888016,0.19646365422396855,0.68762278978389,0.09823182711198428,0.0,0.0
Forest,0.31974177045586044,0.0015225798593136212,98.90374250129419,0.735406072048479,0.039587076342154144,0.0,0.0
Grassland,3.1155055232609192,0.017562037898877787,0.8447340229360214,95.66393284276707,0.309091867020249,0.0,0.049173706116857806
Urban,1.3345195729537367,0.01482799525504152,0.43001186239620404,2.921115065243179,95.29952550415184,0.0,0.0
Water,0.0,0.0,0.0,0.0,0.0,100.0,0.0
Other,2.8368794326241136,0.0,0.0,6.619385342789598,0.0,0.0,90.54373522458629
