from_label,Crops,TreeCrops,Forest,Grassland,Urban,Water,Other
Crops,99.94834223678114,0.0,0.0012299467433060148,0.03730838454694912,0.0004099822477686716,0.0,0.012709449680828822
TreeCrops,0.0,0.0,0.0,0.0,0.0,0.0,0.0
Forest,0.07737913596930991,0.0,99.67032128689132,0.2392214133135708,0.0008173852391124285,0.0,0.012260778586686429
Grassland,0.4360170471754586,0.0,0.04096044187194585,99.18108927349174,0.0012520659087494367,0.0,0.3406811715521086
Urban,0.0,0.0,0.0,0.0,100.0,0.0,0.0
Water,0.0,0.0,0.0,0.0,0.0,100.0,0.0
Other,0.01410434175037051,0.0,0.0,0.0709556884980178,0.0004339797461652465,0.0,99.91450599000544
