from_label,Crops,TreeCrops,Forest,Grassland,Urban,Water,Other
Crops,99.94952517612109,0.0,0.004686947931613824,0.03713504899663261,0.000721068912555973,0.0,0.007931758038115704
TreeCrops,0.0,0.0,0.0,0.0,0.0,0.0,0.0
Forest,0.13522878072456815,0.0,99.435798593284,0.3983918436283958,0.002525018727222227,0.0,0.028055763635802523
Grassland,0.05804973681876432,0.0,0.0378638430883194,99.8533158388921,0.004526533745614921,0.0,0.04624404745520108
Urban,0.0,0.0,0.0,0.0,100.0,0.0,0.0
Water,0.0,0.0,0.0,0.0,0.0,100.0,0.0
Other,0.0062525661573604166,0.0,0.0,0.07336344291302889,0.0002084188719120139,0.0,99.9201755720577
