from_label,Crops,TreeCrops,Forest,Grassland,Urban,Water,Other
Crops,99.94951305709415,0.0,0.004756016360696281,0.037316436060847745,0.0007316948247225048,0.0,0.007682795659586301
TreeCrops,0.0,0.0,0.0,0.0,0.0,0.0,0.0
Forest,0.1345697098843533,0.0,99.45117755432732,0.39399791347583846,0.0019422432354442743,0.0,0.018312579077046014
Grassland,0.05842003147104206,0.0,0.03855966512366897,99.85211665673648,0.004705379103839161,0.0,0.04619826756496631
Urban,0.0,0.0,0.0,0.0,100.0,0.0,0.0
Water,0.0,0.0,0.0,0.0,0.0,100.0,0.0
Other,0.010240441383922508,0.0,0.0,0.07314600988516076,0.0,0.0,99.91661354873091
