from_label,Crops,TreeCrops,Forest,Grassland,Urban,Water,Other
Crops,99.94989181186654,0.0,0.0013665869490946361,0.035075731693428994,0.00045552898303154535,0.0,0.013210340507914815
TreeCrops,0.0,0.0,0.0,0.0,0.0,0.0,0.0
Forest,0.054400632238193566,0.0,99.67927985471513,0.2541402670232028,0.001894549381429627,0.0,0.010284696642046546
Grassland,0.02435167286159342,0.0,0.039969135266890866,99.5688423527071,0.0007519518935883954,0.0,0.36608488727084265
Urban,0.0,0.0,0.0,0.0,100.0,0.0,0.0
Water,0.0,0.0,0.0,0.0,0.0,100.0,0.0
Other,0.027823054646797914,0.0,0.0,0.0772089766448642,0.00046371757744663195,0.0,99.89450425113088
