from_label,Crops,TreeCrops,Forest,Grassland,Urban,Water,Other
Crops,99.94893937222302,0.0,0.0013437007309731975,0.034040418517987676,0.00044790024365773254,0.0,0.015228608284362908
TreeCrops,0.0,0.0,0.0,0.0,0.0,0.0,0.0
Forest,0.03610147500312156,0.0,99.67617248361861,0.2771398945728354,0.0024429569550984513,0.0,0.008143189850328171
Grassland,0.23944987805739212,0.0,0.04032655757681159,99.30207626329799,0.0007003164846913734,0.0,0.41744698458311624
Urban,0.0,0.0,0.0,0.0,100.0,0.0,0.0
Water,0.0,0.0,0.0,0.0,0.0,100.0,0.0
Other,0.0193732091045072,0.0,0.0,0.08605309160374128,0.00045053974661644653,0.0,99.89412315954513
