from_label,Crops,TreeCrops,Forest,Grassland,Urban,Water,Other
Crops,99.94747559983296,0.0,0.0012915836106650363,0.04219173128172452,0.0004305278702216788,0.0,0.008610557404433576
TreeCrops,0.0,0.0,0.0,0.0,0.0,0.0,0.0
Forest,0.08355901525564431,0.0,99.70795171540942,0.19106980035655474,0.0024496128250840353,0.0,0.014969856153291328
Grassland,0.6715434922507166,0.0,0.04065662818272554,99.05278329485333,0.0013591605351783247,0.0,0.2336574241780477
Urban,0.0,0.0,0.0,0.0,100.0,0.0,0.0
Water,0.0,0.0,0.0,0.0,0.0,100.0,0.0
Other,0.01990585188296234,0.0,0.00021874562508749826,0.05162396752064959,0.0004374912501749965,0.0,99.92781394372112
