from_label,Crops,TreeCrops,Forest,Grassland,Urban,Water,Other
Crops,99.58685023945483,0.35932098046070776,0.0008324038157390913,0.05188650451440335,0.00027746793857969714,0.0,0.0008324038157390913
TreeCrops,0.0,99.89258861439313,0.0,0.0,0.0,0.0,0.10741138560687433
Forest,0.17630177640363967,0.014691814700303304,99.6999604953427,0.10512809629994808,0.003917817253414215,0.0,0.0
Grassland,1.5916505502344567,0.16442908270010803,0.02960616778147075,98.17762552153752,0.005232124478621986,0.0,0.03145655326781267
Urban,0.0,0.0,0.0,0.0,100.0,0.0,0.0
Water,0.0,0.0,0.0,0.0,0.0,100.0,0.0
Other,0.039784185492294996,0.0003919624186433005,0.0005879436279649507,0.1228802182446747,0.004507567814397956,0.0,99.83184812240202
