from_label,Crops,TreeCrops,Forest,Grassland,Urban,Water,Other
Crops,99.95228063229929,0.0,0.004595198371178916,0.03640811017164833,0.0010604303933489806,0.0,0.005655628764527897
TreeCrops,0.0,99.62462462462463,0.0,0.22522522522522523,0.0,0.0,0.15015015015015015
Forest,0.13878118642176318,0.0,99.40767617341639,0.4031808075634316,0.004864495194164895,0.0,0.045497337404248134
Grassland,0.058123084684782,0.0005523841205523105,0.03737799215737301,99.85269756785272,0.005216961138549599,0.0,0.04603201004602587
Urban,0.0,0.0,0.0,0.0,100.0,0.0,0.0
Water,0.0,0.0,0.0,0.0,0.0,100.0,0.0
Other,0.0010367378421753247,0.0008293902737402599,0.0,0.07298634408914287,0.0012440854106103897,0.0,99.92390344238433
