from_label,Crops,TreeCrops,Forest,Grassland,Urban,Water,Other
Crops,99.94614447406988,0.0,0.0011771699656854956,0.05032401603305493,0.0002942924914213739,0.0,0.002060047439949617
TreeCrops,0.0,100.0,0.0,0.0,0.0,0.0,0.0
Forest,0.26711802600416296,0.0,99.54640936634377,0.16639094221261702,0.005100105508432705,0.0,0.014981559931021073
Grassland,1.0358749999999999,0.0,0.0340625,98.8965,0.00575,0.0,0.0278125
Urban,0.0,0.0,0.0,0.0,100.0,0.0,0.0
Water,0.0,0.0,0.0,0.0,0.0,100.0,0.0
Other,0.0032583704482092198,0.0,0.0,0.036045723083314496,0.0008145926120523049,0.0,99.95988131385643
