from_label,Crops,TreeCrops,Forest,Grassland,Urban,Water,Other
Crops,99.9471805571959,0.0,0.001312284293269294,0.04986680314423317,0.0003280710733173235,0.0,0.001312284293269294
TreeCrops,0.0,99.70817120622569,0.0,0.2918287937743191,0.0,0.0,0.0
Forest,0.35772285659112274,0.0,99.45613463042163,0.1661986723100349,0.005381671293848749,0.0,0.014562169383355441
Grassland,1.0187666575663457,0.0,0.03452408789685867,98.91328699923238,0.005754014649476446,0.0,0.02766824065492929
Urban,0.0,0.0,0.0,0.0,100.0,0.0,0.0
Water,0.0,0.0,0.0,0.0,0.0,100.0,0.0
Other,0.005097421927885753,0.0,0.0,0.038740406651931715,0.0012233812626925805,0.0,99.95493879015748
