from_label,Crops,TreeCrops,Forest,Grassland,Urban,Water,Other
Crops,99.94946271861063,0.0,0.0047955084530058615,0.03725741182719938,0.0007377705312316711,0.0,0.007746590577932545
TreeCrops,0.0,0.0,0.0,0.0,0.0,0.0,0.0
Forest,0.05598115944426979,0.0,99.533949953395,0.392695423884927,0.0016546155500769396,0.0,0.015718847725730928
Grassland,0.05832203534742833,0.0,0.03829101168883515,99.85471400828112,0.0027481587336484555,0.0,0.045924785948969746
Urban,0.0,0.0,0.0,0.0,100.0,0.0,0.0
Water,0.0,0.0,0.0,0.0,0.0,100.0,0.0
Other,0.01025862195303226,0.0,0.0,0.07306651146139304,0.0018842366852508234,0.0,99.91479062990032
