from_label,Crops,TreeCrops,Forest,Grassland,Urban,Water,Other
Crops,99.95425853078402,0.0,0.004574146921599122,0.035537603006270096,0.0010555723665228742,0.0,0.004574146921599122
TreeCrops,0.0,95.99399098647972,0.7260891337005508,3.0045067601402105,0.0,0.0,0.2754131196795193
Forest,0.13878393094709257,0.0,99.4123951577913,0.40198492628360766,0.009194794596908825,0.0,0.0376411903810955
Grassland,0.05808049489984492,0.00042977110391005755,0.036837523192290646,99.85240432374289,0.005341440862882144,0.0,0.04690644619818342
Urban,0.0,0.0,0.0,0.0,100.0,0.0,0.0
Water,0.0,0.0,0.0,0.0,0.0,100.0,0.0
Other,0.00124263222642416,0.00041421074214138674,0.0,0.07414372284330822,0.002071053710706933,0.0,99.92212838047742
