from_label,Crops,TreeCrops,Forest,Grassland,Urban,Water,Other
Crops,99.95201585928388,0.0,0.004553239629996743,0.0360756678376665,0.0010507476069223252,0.0,0.006304485641533951
TreeCrops,0.0,99.79182930002602,0.0,0.078064012490242,0.026021337496747333,0.0,0.10408534998698933
Forest,0.1393456811493855,0.00836651087646414,99.39963071951993,0.405343026945935,0.01298251687727194,0.0,0.03433154463100802
Grassland,0.05803427768511399,0.007676491757290211,0.036540100764701405,99.84567180971143,0.005281426329015665,0.0,0.04679589375244112
Urban,0.0,0.0,0.0,0.0,100.0,0.0,0.0
Water,0.0,0.0,0.0,0.0,0.0,100.0,0.0
Other,0.0014481090798508034,0.002482472708315663,0.0002068727256929719,0.07240545399254017,0.0004137454513859438,0.0,99.92304334604222
