from_label,Crops,TreeCrops,Forest,Grassland,Urban,Water,Other
Crops,99.94985875912089,0.0,0.005538858004087094,0.03323314802452256,0.0011660753692814935,0.0,0.01020315948121307
TreeCrops,0.0,100.0,0.0,0.0,0.0,0.0,0.0
Forest,0.01949377738106231,0.0003419960944046019,99.46340812787918,0.41073730937992686,0.013337847681779475,0.0,0.09268094158364712
Grassland,0.006104064453669822,0.0015752424396567285,0.031045403081568022,99.91283658500566,0.004003741200794184,0.0,0.04443496381865022
Urban,0.0,0.0,0.0,0.0,100.0,0.0,0.0
Water,0.0,0.0,0.0,0.0,0.0,100.0,0.0
Other,0.0037817256701819526,0.0,0.0006875864854876278,0.09299607216220165,0.002578449320578604,0.0,99.89995616636155
