from_label,Crops,TreeCrops,Forest,Grassland,Urban,Water,Other
Crops,99.95133227886605,0.0,0.005069554284787282,0.03785267199307837,0.0010139108569574564,0.0,0.004731583999134796
TreeCrops,0.0,100.0,0.0,0.0,0.0,0.0,0.0
Forest,0.15121407162676878,0.0,99.35997065905886,0.46236032238960323,0.014129346652998276,0.0,0.012325600271764455
Grassland,0.042144938098471925,0.0,0.034906069545895965,99.89074216193103,0.003926165994617471,0.0,0.028280664429978977
Urban,0.0,0.0,0.0,0.0,100.0,0.0,0.0
Water,0.0,0.0,0.0,0.0,0.0,100.0,0.0
Other,0.003695650834909118,0.0,0.0006159418058181863,0.07227050521600054,0.0,0.0,99.92341790214327
