from_label,Crops,TreeCrops,Forest,Grassland,Urban,Water,Other
Crops,99.94790543435946,0.0,0.001960548169268127,0.047613312682225954,0.00028007830989544677,0.0,0.002240626479163574
TreeCrops,0.0,100.0,0.0,0.0,0.0,0.0,0.0
Forest,0.22407262382329907,0.0,99.51829180584635,0.21128673943965862,0.005114353753456185,0.0,0.04123447713724048
Grassland,0.3933138539704677,0.0,0.03549741222601619,99.5130790910136,0.0030318074499088563,0.0,0.05507783534001089
Urban,0.0,0.0,0.0,0.0,100.0,0.0,0.0
Water,0.0,0.0,0.0,0.0,0.0,100.0,0.0
Other,0.0016281838626626911,0.0,0.0,0.021166390214614986,0.0006105689484985091,0.0,99.97659485697422
