from_label,Crops,TreeCrops,Forest,Grassland,Urban,Water,Other
Crops,99.95148921237059,0.0,0.005504770227450224,0.037845295313720294,0.000688096278431278,0.0,0.004472625809803308
TreeCrops,0.0,28.7986834887548,1.3713658804168951,69.66538672517828,0.027427317608337907,0.0,0.13713658804168952
Forest,0.13264078410658214,0.0,99.35880505913079,0.44047304633623846,0.0017607183730962233,0.0,0.06632039205329107
Grassland,0.03910332870159733,0.0,0.035537301870319594,99.89277326217675,0.004611241592169497,0.0,0.027974865659161616
Urban,0.0,0.0,0.0,0.0,100.0,0.0,0.0
Water,0.0,0.0,0.0,0.0,0.0,100.0,0.0
Other,0.021000833856638427,0.0,0.0,0.07267935638620945,0.002470686336075109,0.0,99.90384912342107
