from_label,Crops,TreeCrops,Forest,Grassland,Urban,Water,Other
Crops,99.94955271223279,0.0,0.004491881787492528,0.036971642404746194,0.0010365881048059681,0.0,0.007947175470179087
TreeCrops,0.0,97.16198125836681,0.02677376171352075,2.8112449799196786,0.0,0.0,0.0
Forest,0.13704594399525452,0.00029220883581077727,99.3980497982298,0.4082157436276558,0.003506506029729327,0.0,0.05288979928175068
Grassland,0.056672581841785155,0.0009834721360830394,0.03657287006058803,99.85266358061305,0.005347629739951528,0.0,0.047759865608532605
Urban,0.0,0.0,0.0,0.0,100.0,0.0,0.0
Water,0.0,0.0,0.0,0.0,0.0,100.0,0.0
Other,0.00020614986270419143,0.0,0.0,0.07400780071080472,0.0020614986270419146,0.0,99.92372455079945
