from_label,Crops,TreeCrops,Forest,Grassland,Urban,Water,Other
Crops,99.94670887535842,0.0,0.001590779840047087,0.045734920401353754,0.00039769496001177177,0.0,0.005567729440164805
TreeCrops,0.0,0.0,0.0,0.0,0.0,0.0,0.0
Forest,0.08840285508480125,0.0,99.74897954729008,0.148156636762491,0.0016370899089778012,0.0,0.01282387095365944
Grassland,0.8879803987171949,0.0,0.04096615246736974,98.92382758415631,0.0009610827558327212,0.0,0.14626478190329226
Urban,0.0,0.0,0.0,0.0,100.0,0.0,0.0
Water,0.0,0.0,0.0,0.0,0.0,100.0,0.0
Other,0.02659534538560034,0.0,0.0,0.03560344624201335,0.0004289571836387151,0.0,99.93737225118875
