from_label,Crops,TreeCrops,Forest,Grassland,Urban,Water,Other
Crops,99.58394491644971,0.36569991893175624,0.004642674752063312,0.0371413980165065,0.0007142576541635864,0.0,0.007856834195799451
TreeCrops,0.0,0.0,0.0,0.0,0.0,0.0,0.0
Forest,0.13741623547374673,0.015833969519608675,99.41414312777448,0.39952498091441174,0.0016964967342437867,0.0,0.031385189583510054
Grassland,0.058086867104103414,0.17236313779257664,0.03733718538830673,99.68116492018412,0.004774263049652336,0.0,0.046273626481245715
Urban,0.0,0.0,0.0,0.0,100.0,0.0,0.0
Water,0.0,0.0,0.0,0.0,0.0,100.0,0.0
Other,0.0027038944399610638,0.0010399593999850245,0.0,0.07279715799895173,0.0006239756399910147,0.0,99.92283501252112
