from_label,Crops,TreeCrops,Forest,Grassland,Urban,Water,Other
Crops,99.94932526239796,0.0,0.004859221413894597,0.03679124784805909,0.0010412617315488423,0.0,0.007983006608541123
TreeCrops,0.0,96.80602440924434,0.10386912490262269,3.0901064658530255,0.0,0.0,0.0
Forest,0.1399122130854279,0.0,99.36675906884204,0.40722889463534107,0.0026179000369414783,0.0,0.08348192340024492
Grassland,0.05825607848101577,0.00036870935747478333,0.03644077483042442,99.85319222416545,0.005407737242963489,0.0,0.046334475922664445
Urban,0.0,0.0,0.0,0.0,100.0,0.0,0.0
Water,0.0,0.0,0.0,0.0,0.0,100.0,0.0
Other,0.003303041688514911,0.00020644010553218193,0.0,0.07328623746392458,0.0020644010553218196,0.0,99.9211398796867
