from_label,Crops,TreeCrops,Forest,Grassland,Urban,Water,Other
Crops,96.36579292046342,0.0,0.06099171974164244,2.1737786197320865,0.01321018814680735,0.0,1.3862265519160393
TreeCrops,0.0,8.17645406012925,1.376791233492554,81.48356279853891,0.0,0.0,8.963191907839281
Forest,0.0050915805623820455,0.0,99.44196277036292,0.33468656230057975,0.002036632224952818,0.0,0.2162224545491575
Grassland,0.009857104836881344,0.0,0.021094204350926075,99.46456206526061,0.004402840160473667,0.0,0.5000837853911134
Urban,0.0,0.0,0.0,0.0,100.0,0.0,0.0
Water,0.0,0.0,0.0,0.0,0.0,100.0,0.0
Other,0.0022869608050102032,0.0,0.0,0.10572795721624094,0.0003518401238477236,0.0,99.8916332418549
