from_label,Crops,TreeCrops,Forest,Grassland,Urban,Water,Other
Crops,99.94976154938294,0.0,0.00473260766682442,0.037132767847391605,0.0007280934872037569,0.0,0.007644981615639448
TreeCrops,0.0,0.0,0.0,0.0,0.0,0.0,0.0
Forest,0.13423416900137577,0.0,99.45637946495708,0.3943476832073612,0.001670964759353225,0.0,0.0133677180748258
Grassland,0.05795056718811989,0.0,0.03814467713648398,99.85322857403092,0.004584696771212017,0.0,0.04609148487325147
Urban,0.0,0.0,0.0,0.0,100.0,0.0,0.0
Water,0.0,0.0,0.0,0.0,0.0,100.0,0.0
Other,0.010857332562184328,0.0,0.0,0.07328699479474421,0.0004175897139301665,0.0,99.91543808292914
