from_label,Crops,TreeCrops,Forest,Grassland,Urban,Water,Other
Crops,99.94961878211802,0.0,0.004851524684930791,0.03731942065331378,0.0007463884130662756,0.0,0.007463884130662755
TreeCrops,0.0,0.0,0.0,0.0,0.0,0.0,0.0
Forest,0.05825115271647278,0.0,99.533717298678,0.39216973237287306,0.0024613163119636384,0.0,0.013400499920690917
Grassland,0.0584527353500544,0.0,0.03862273640562049,99.85569862306589,0.0013423383900847566,0.0,0.045883566788351676
Urban,0.0,0.0,0.0,0.0,100.0,0.0,0.0
Water,0.0,0.0,0.0,0.0,0.0,100.0,0.0
Other,0.011544992936563412,0.0,0.0,0.07325822790655692,0.0016792716998637693,0.0,99.91351750745702
