from_label,Crops,TreeCrops,Forest,Grassland,Urban,Water,Other
Crops,99.12870330886525,0.0,0.2070987675110376,0.4501043265870361,0.012849760906364104,0.0,0.20124383613031524
TreeCrops,0.0,99.66887417218543,0.33112582781456956,0.0,0.0,0.0,0.0
Forest,0.09482096897999728,0.0,99.3240243223311,0.5805902981592692,0.0003762736864285607,0.0,0.00018813684321428034
Grassland,2.663492139455864,0.0,1.160536957718169,94.78667655715344,0.08303223182024838,0.0,1.3062621138522648
Urban,0.33112582781456956,0.0,0.05971121485180762,0.8033872543697753,98.80577570296384,0.0,0.0
Water,0.0,0.0,0.0,0.0,0.0,100.0,0.0
Other,3.197182112948751,0.0,0.0037323007301313304,2.429727775315496,0.0018661503650656652,0.0,94.36749166064055
