from_label,Crops,TreeCrops,Forest,Grassland,Urban,Water,Other
Crops,99.08857538156055,0.035971167248872414,0.27950010414066384,0.3531479681200362,0.01953606497137036,0.0,0.2232693139585184
TreeCrops,0.0,99.71534301167094,0.1707941929974381,0.0569313976658127,0.0569313976658127,0.0,0.0
Forest,0.8730416601918431,0.07267498897317932,98.57977688935351,0.46508853634455793,0.009417925136913087,0.0,0.0
Grassland,2.56697826930658,0.008862186882129858,1.208007749829632,95.11418469408648,0.11368046621214854,0.0,0.9882866336830332
Urban,0.9994893120303494,0.04012548332968556,0.5581089954038083,0.6894287590282338,97.71284745020792,0.0,0.0
Water,0.0,0.0,0.0,0.0,0.0,100.0,0.0
Other,2.9515621401704153,0.0016449352443825462,0.30486133195889853,1.570364846637204,0.004386493985020123,0.0,95.16718025200407
