from_label,Crops,TreeCrops,Forest,Grassland,Urban,Water,Other
Crops,99.1219175222124,0.0,0.2806997646658539,0.3741632492093237,0.018043143734260577,0.0,0.20517632017816317
TreeCrops,0.0,99.66329966329967,0.0,0.33670033670033667,0.0,0.0,0.0
Forest,0.7120686507211977,0.0,98.70186052402595,0.5604106936953386,0.02516666748910678,0.0,0.0004934640684138584
Grassland,2.258217981990092,0.0,1.3494611556310163,95.1881468482661,0.10597415028387967,0.0,1.0981998638289143
Urban,0.8882674672040137,0.0,0.5962906608545462,0.777234033803512,97.73820783813792,0.0,0.0
Water,0.0,0.0,0.0,0.0,0.0,100.0,0.0
Other,2.799295681555,0.0,0.019035633648655077,2.047388152433124,0.004758908412163769,0.0,95.12952162395105
