from_label,Crops,TreeCrops,Forest,Grassland,Urban,Water,Other
Crops,99.12790727991965,0.0,0.18861273430582484,0.47140147031370105,0.010220651347509447,0.0,0.20185786411331158
TreeCrops,0.0,100.0,0.0,0.0,0.0,0.0,0.0
Forest,0.3676915837937751,0.0,99.07977835265434,0.5515373756906625,0.0007941502889714364,0.0,0.0001985375722428591
Grassland,3.0692218793033974,0.0,1.1198242996116703,94.39556498213328,0.07239670738889209,0.0,1.3429921315627504
Urban,0.45064510154947834,0.0,0.037039323415025624,0.8025186739922218,98.70979690104328,0.0,0.0
Water,0.0,0.0,0.0,0.0,0.0,100.0,0.0
Other,3.4580814151671184,0.0,0.03498448124293582,2.3269165216455265,0.01435260768940957,0.0,94.16566497425501
