from_label,Crops,TreeCrops,Forest,Grassland,Urban,Water,Other
Crops,98.74586929237776,0.30654573214123976,0.2906051470493097,0.3811248981070555,0.023082795295457193,0.0,0.25277213502917695
TreeCrops,0.013135426244581635,98.79154078549848,1.0508340995665308,0.039406278733744915,0.09194798371207145,0.0,0.013135426244581635
Forest,0.781967072610115,0.5709699788847074,98.15961914557086,0.45144651441839445,0.03584145609811209,0.0,0.00015583241781787864
Grassland,2.1154204736155138,0.10006836969357948,1.0432593697557337,95.80396544222761,0.10193299770029213,0.0,0.835353347007272
Urban,0.9185847507945932,0.010478153050888896,0.635674618420593,0.7299779958785931,97.70528448185533,0.0,0.0
Water,0.0,0.0,0.0,0.0,0.0,100.0,0.0
Other,2.500692175646492,0.0,0.15006368015947727,1.4031784705686916,0.040423057755135945,0.0,95.9056426158702
