from_label,Crops,TreeCrops,Forest,Grassland,Urban,Water,Other
Crops,99.13263552052224,0.0,0.23408278484473183,0.41581925350321636,0.01496348702059887,0.0,0.2024989541092117
TreeCrops,0.33333333333333337,99.66666666666667,0.0,0.0,0.0,0.0,0.0
Forest,0.06588553073441378,0.0,99.34771499488977,0.5860344575850489,0.00036501679077237555,0.0,0.0
Grassland,2.0408919911611605,0.0,1.189140289387955,95.44883804853453,0.08428535412207287,0.0,1.2368443167942893
Urban,0.2031591243841739,0.0,0.1371324089593174,0.7973995632078826,98.86230890344862,0.0,0.0
Water,0.0,0.0,0.0,0.0,0.0,100.0,0.0
Other,2.3537136530728637,0.0,0.006709833260643473,2.096822893951085,0.00575128565198012,0.0,95.53700233406343
