from_label,Crops,TreeCrops,Forest,Grassland,Urban,Water,Other
Crops,99.02195694776775,0.18398720319566605,0.2605979059373018,0.28578498629071636,0.017398969980977126,0.0,0.23027398682759886
TreeCrops,0.0,99.62278516057586,0.0011535622000738279,0.03345330380214101,0.03922111480251015,0.0,0.3033868586194168
Forest,0.00456249365298262,4.103153566177499,95.73642326989504,0.1555663158452461,0.0002943544292246852,0.0,0.0
Grassland,2.0414035753174264,1.9845071758131445,1.2932486209162937,93.5033467508559,0.09450034170538782,0.0,1.0829935353918494
Urban,0.8212528261736932,0.3025668306955712,0.43888815001994946,0.5851842000265992,97.85210799308419,0.0,0.0
Water,0.0,0.0,0.0,0.0,0.0,100.0,0.0
Other,0.1884849212063035,0.0,0.008499320054395649,1.3068954483641309,0.006999440044796416,0.0,98.48912087033037
