from_label,Crops,TreeCrops,Forest,Grassland,Urban,Water,Other
Crops,99.10359999177615,0.1430283672928464,0.22721173032651476,0.27177612448691213,0.016558839725434434,0.0,0.23782494639214552
TreeCrops,0.0,99.64115702612926,0.06223177700010507,0.06465639168842086,0.059807162311789286,0.0,0.1721476428704205
Forest,0.008797115759426185,0.21188915027445487,99.30214604122207,0.4764093206958215,0.0006066976385811163,0.0,0.00015167440964527907
Grassland,1.9325358219124682,0.18745699167121466,1.2630465659438441,95.3657784210901,0.094575950589998,0.0,1.156606248792377
Urban,0.8276824890307141,0.05318441696582901,0.6947214466161414,0.6249168993484909,97.79949474803882,0.0,0.0
Water,0.0,0.0,0.0,0.0,0.0,100.0,0.0
Other,0.12454942414207426,0.0019537164571305768,0.0004884291142826442,1.2845685705633543,0.0,0.0,98.58843985972315
