from_label,Crops,TreeCrops,Forest,Grassland,Urban,Water,Other
Crops,99.14237496958684,0.0,0.20473875748681236,0.4393988807959705,0.013355903775372335,0.0,0.20013148835499786
TreeCrops,0.0,100.0,0.0,0.0,0.0,0.0,0.0
Forest,0.08941844478969899,0.0,99.31818435847855,0.5918383314518203,0.0005588652799356187,0.0,0.0
Grassland,2.50815483046664,0.0,1.166842507719261,94.9643316910747,0.08421011876530543,0.0,1.276460851974098
Urban,0.24996011274796576,0.0,0.0797745040684997,0.8083816412274637,98.86188374195606,0.0,0.0
Water,0.0,0.0,0.0,0.0,0.0,100.0,0.0
Other,3.0144223499168303,0.0,0.013231513685165583,2.373166490246484,0.01842960834719492,0.0,94.58075003780434
