from_label,Crops,TreeCrops,Forest,Grassland,Urban,Water,Other
Crops,99.12998065865544,0.0,0.18779736989206114,0.48576429802991217,0.010392364236620487,0.0,0.1860653091859577
TreeCrops,0.0,100.0,0.0,0.0,0.0,0.0,0.0
Forest,0.43300782116595476,0.0,98.90769894763167,0.6578814683946643,0.001411762807713872,0.0,0.0
Grassland,2.2533268124747723,0.0,1.0189197443196987,95.2494548747333,0.06321531006468892,0.0,1.4150832584075295
Urban,0.5579426665811582,0.0,0.019239402295902007,0.9234913102032962,98.49932662091965,0.0,0.0
Water,0.0,0.0,0.0,0.0,0.0,100.0,0.0
Other,2.6732485954005694,0.0,0.07699448719471685,2.609893131651774,0.00791943296859945,0.0,94.63194435278433
