from_label,Crops,TreeCrops,Forest,Grassland,Urban,Water,Other
Crops,99.08135269114453,0.0,0.2097731311640668,0.4766012283965372,0.01247103083462374,0.0,0.21980191846024338
TreeCrops,0.0,100.0,0.0,0.0,0.0,0.0,0.0
Forest,0.3202003910934666,0.0,99.01123852172184,0.667182610716276,0.0013784764684220579,0.0,0.0
Grassland,2.097632468996618,0.0,1.1742953776775649,95.20428410372041,0.07192784667418263,0.0,1.4518602029312289
Urban,0.5377968457308598,0.0,0.01812798356396157,0.9426551453260016,98.50142002537918,0.0,0.0
Water,0.0,0.0,0.0,0.0,0.0,100.0,0.0
Other,2.0028560253949776,0.0,0.02910599128639386,2.1151869605159037,0.006366935593898657,0.0,95.84648408720882
