from_label,Crops,TreeCrops,Forest,Grassland,Urban,Water,Other
Crops,99.12990100758262,0.0,0.18273340158463547,0.49716939286472583,0.009985431780581174,0.0,0.180210766187436
TreeCrops,0.33003300330033003,99.66996699669967,0.0,0.0,0.0,0.0,0.0
Forest,0.35834798533311135,0.0,98.95744084720367,0.683399047383146,0.0008121200800750399,0.0,0.0
Grassland,2.312313903340998,0.0,1.030803301791826,95.13504921958611,0.06230595615271317,0.0,1.4595276191283524
Urban,0.542412756502418,0.0,0.019605280355509083,0.941053457064436,98.49692850607764,0.0,0.0
Water,0.0,0.0,0.0,0.0,0.0,100.0,0.0
Other,2.728926886176455,0.0,0.03787153279587679,2.7694102488203236,0.014365064163953264,0.0,94.4494262680434
