from_label,Crops,TreeCrops,Forest,Grassland,Urban,Water,Other
Crops,99.19528533205633,0.07442904788419337,0.21792237919962232,0.24553679833116296,0.016433120587481236,0.0,0.25039332194120895
TreeCrops,0.0031247802888859375,99.27192619268958,0.11874165097766563,0.14373989328875314,0.08202548258325587,0.0,0.3804420001718629
Forest,0.7798859783244472,0.3277866630702,98.4091498803051,0.4814183369957678,0.0016125461957836316,0.0,0.00014659510870760286
Grassland,1.7672771383356223,0.2398198562475164,1.2179223513500326,95.57239561910473,0.08609811699583801,0.0,1.1164869179662718
Urban,0.7796632378955645,0.18345017362248575,0.5896612723579899,0.2817270523488174,98.16549826377513,0.0,0.0
Water,0.0,0.0,0.0,0.0,0.0,100.0,0.0
Other,0.10414623438974042,0.0004670234725997329,0.00326916430819813,1.225469592101699,0.0009340469451994658,0.0,98.66571393878256
