from_label,Crops,TreeCrops,Forest,Grassland,Urban,Water,Other
Crops,99.0394336930501,0.0006723033267120075,0.30227791881782184,0.3784550572983439,0.02306517567027349,0.0,0.25609585183675854
TreeCrops,0.0121921482565228,92.50182882223848,6.986100950987565,0.45110948549134355,0.0487685930260912,0.0,0.0
Forest,0.8403374472738635,0.0001562255897516013,98.65708483049524,0.4672707389470395,0.0349945321043587,0.0,0.0001562255897516013
Grassland,2.149940081092325,0.0,1.05090933927762,95.83765391087296,0.0984160297048761,0.0,0.8630806390522257
Urban,0.9130157831410574,0.03892702951376601,0.6122160096255927,0.7289970981668908,97.7068440795527,0.0,0.0
Water,0.0,0.0,0.0,0.0,0.0,100.0,0.0
Other,2.516773867729243,0.0005549666742512112,0.13041716844903464,1.405730585878318,0.016649000227536338,0.0,95.92987441104161
