from_label,Crops,TreeCrops,Forest,Grassland,Urban,Water,Other
Crops,99.12474464711507,0.0,0.17148782373385174,0.5302300501534877,0.009565057897505674,0.0,0.16397242110009727
TreeCrops,0.0,100.0,0.0,0.0,0.0,0.0,0.0
Forest,0.3757794719492157,0.0,98.82816406927732,0.7952399906106161,0.000816468162844575,0.0,0.0
Grassland,1.9884943530827168,0.0,1.0450821408297961,95.3301730930534,0.06163739419973057,0.0,1.5746130188343543
Urban,0.4652708541043536,0.0,0.019940179461615155,1.0568295114656032,98.45795945496843,0.0,0.0
Water,0.0,0.0,0.0,0.0,0.0,100.0,0.0
Other,2.3101486448103423,0.0,0.07057831180121016,3.2930807433101226,0.00516426671716172,0.0,94.32102803336116
