from_label,Crops,TreeCrops,Forest,Grassland,Urban,Water,Other
Crops,99.106738437125,0.010059832790102361,0.3073149945161014,0.3483281589680572,0.019087887858142943,0.0,0.20847068874258282
TreeCrops,0.0,99.16201117318437,0.6983240223463687,0.06983240223463687,0.06983240223463687,0.0,0.0
Forest,0.7538011686618203,0.04050132701406746,98.67203296013875,0.5155580685790705,0.017947646872900482,0.0,0.00015882873338849985
Grassland,2.316409505100613,0.003008324032598199,1.3720965912680385,95.16502161480818,0.11100715680287356,0.0,1.032456807987702
Urban,0.9679597808959255,0.0037517820964958356,0.6115404817288211,0.7053350341412171,97.71141292113754,0.0,0.0
Water,0.0,0.0,0.0,0.0,0.0,100.0,0.0
Other,2.9016935150764147,0.0,0.2831583295289028,1.8609100197830388,0.0010869801517424291,0.0,94.9531511554599
