from_label,Crops,TreeCrops,Forest,Grassland,Urban,Water,Other
Crops,98.96434173571055,0.0,0.2997183133521124,0.4623649691756687,0.018909998739333418,0.0,0.2546649830223345
TreeCrops,0.0,100.0,0.0,0.0,0.0,0.0,0.0
Forest,0.059665976447826695,0.0,99.38445189386518,0.5553525500143869,0.0005295796726138464,0.0,0.0
Grassland,2.030157766206246,0.0,1.0882121122065305,95.84096752936311,0.08114428953522929,0.0,0.9595183026888736
Urban,0.8359757855289709,0.0,0.3074853464014606,0.7831267416162198,98.07341212645335,0.0,0.0
Water,0.0,0.0,0.0,0.0,0.0,100.0,0.0
Other,2.3476822009829346,0.0,0.0014818107727643179,1.7218641179521377,0.004939369242547727,0.0,95.92403250104962
