from_label,Crops,TreeCrops,Forest,Grassland,Urban,Water,Other
Crops,99.13215331332881,0.0,0.20706188357536578,0.4459072973422195,0.012713412076595182,0.0,0.20216409367700533
TreeCrops,0.0,100.0,0.0,0.0,0.0,0.0,0.0
Forest,0.19080855605529226,0.0,99.23580597418902,0.5676266602168,0.00575880953889212,0.0,0.0
Grassland,2.6538347359627745,0.0,1.1796355234603868,94.74986249859046,0.08100501448655018,0.0,1.3356622274998218
Urban,0.3800340328984685,0.0,0.12478729438457174,0.8167895632444697,98.67838910947249,0.0,0.0
Water,0.0,0.0,0.0,0.0,0.0,100.0,0.0
Other,2.8209245100224236,0.0,0.022287213961802443,2.1536726144721343,0.0018193644050450975,0.0,95.0012962971386
