from_label,Crops,TreeCrops,Forest,Grassland,Urban,Water,Other
Crops,99.13196898868328,0.0,0.27073536136283255,0.37368522716032887,0.01739997731788671,0.0,0.20621044547566927
TreeCrops,0.0,100.0,0.0,0.0,0.0,0.0,0.0
Forest,0.6722200567211926,0.0,98.74796704256778,0.5517547278861274,0.028058172824903558,0.0,0.0
Grassland,2.273361416245649,0.0,1.3160140324262823,95.22301534627314,0.0644733099459562,0.0,1.123135895108968
Urban,0.8923861438368208,0.0,0.6110427290311236,0.7780903815720063,97.71848074556006,0.0,0.0
Water,0.0,0.0,0.0,0.0,0.0,100.0,0.0
Other,2.4865522145050596,0.0,0.04121926588487459,1.821891552111457,0.0015457224706827972,0.0,95.64879124502794
