from_label,Crops,TreeCrops,Forest,Grassland,Urban,Water,Other
Crops,98.91038969282526,0.0,0.3666094355484201,0.42822706871914284,0.02384199876455097,0.0,0.2709318041426247
TreeCrops,0.0,100.0,0.0,0.0,0.0,0.0,0.0
Forest,0.8096202311776163,0.0,98.69984705029006,0.47075057939151427,0.01978213914081184,0.0,0.0
Grassland,2.0526223057496917,0.0,1.0985493627767664,95.95143008163505,0.0939684031244494,0.0,0.8034298467140424
Urban,0.9219088937093275,0.0,0.6042764177254416,0.755345522156802,97.71846916640843,0.0,0.0
Water,0.0,0.0,0.0,0.0,0.0,100.0,0.0
Other,2.4590647825643615,0.0,0.06547488072301443,1.460304511863297,0.006976831552452357,0.0,96.00817899329688
