from_label,Crops,TreeCrops,Forest,Grassland,Urban,Water,Other
Crops,99.31515558865738,0.07799869207433378,0.20288742756453343,0.18807108212683246,0.015838162364438954,0.0,0.20004904721248343
TreeCrops,0.0,98.84787123947922,0.06151441246499106,0.16500336520021133,0.06223811143516743,0.0,0.863372871420404
Forest,0.7585958643859907,0.11880372646701123,98.6288687129942,0.48958393512901754,0.004147761023785929,0.0,0.0
Grassland,1.8187618524360634,0.05777785654786169,1.2895450436878577,95.52558353862787,0.0903886712865321,0.0,1.2179430374138207
Urban,0.7126586397657013,0.2733485193621868,0.592255125284738,0.2147738366417182,98.20696387894566,0.0,0.0
Water,0.0,0.0,0.0,0.0,0.0,100.0,0.0
Other,0.8334482252533923,0.004002686247214797,0.03468994747586158,1.5147943731126223,0.005336914996286397,0.0,97.60772785291462
