from_label,Crops,TreeCrops,Forest,Grassland,Urban,Water,Other
Crops,99.94972347913524,0.0,0.050276520864756154,0.0,0.0,0.0,0.0
TreeCrops,0.0,0.0,0.0,0.0,0.0,0.0,0.0
Forest,0.3282828282828283,0.0,99.4949494949495,0.17676767676767677,0.0,0.0,0.0
Grassland,0.03883495145631068,0.0,0.012944983818770225,99.93527508090615,0.012944983818770225,0.0,0.0
Urban,0.0,0.0,0.0,0.0,100.0,0.0,0.0
Water,0.0,0.0,0.0,0.0,0.0,100.0,0.0
Other,0.0,0.0,0.0,0.0,0.0,0.0,100.0
