from_label,Crops,TreeCrops,Forest,Grassland,Urban,Water,Other
Crops,96.71727533853098,3.2416906032006567,0.04103405826836274,0.0,0.0,0.0,0.0
TreeCrops,0.0,99.89528795811519,0.0,0.034904013961605584,0.06980802792321117,0.0,0.0
Forest,0.23760023760023757,0.3861003861003861,99.06444906444906,0.25245025245025243,0.05940005940005939,0.0,0.0
Grassland,0.08004268943436499,0.3735325506937033,0.0,99.5197438633938,0.026680896478121666,0.0,0.0
Urban,0.0,0.0,0.0,0.0,100.0,0.0,0.0
Water,0.0,0.0,0.0,0.0,0.0,100.0,0.0
Other,0.0,0.0,0.0,0.0,0.0,0.0,100.0
