from_label,Crops,TreeCrops,Forest,Grassland,Urban,Water,Other
Crops,99.95555555555555,0.0,0.0,0.044444444444444446,0.0,0.0,0.0
TreeCrops,0.0,98.82271468144043,0.3808864265927978,0.7963988919667591,0.0,0.0,0.0
Forest,0.22097819681791397,0.30936947554507954,99.08662345315263,0.30936947554507954,0.07365939893930466,0.0,0.0
Grassland,0.06598046978094484,0.06598046978094484,0.0,99.85484296648191,0.013196093956188969,0.0,0.0
Urban,0.0,0.0,0.0,0.0,100.0,0.0,0.0
Water,0.0,0.0,0.0,0.0,0.0,100.0,0.0
Other,0.0,0.0,0.0,0.0,0.0,0.0,100.0
