from_label,Crops,TreeCrops,Forest,Grassland,Urban,Water,Other
Crops,99.9375,0.03125,0.0,0.03125,0.0,0.0,0.0
TreeCrops,0.0,99.79306777030523,0.10346611484738748,0.10346611484738748,0.0,0.0,0.0
Forest,0.06630200563567049,0.0,99.25410243659871,0.6630200563567048,0.01657550140891762,0.0,0.0
Grassland,0.07352941176470588,0.0,0.03676470588235294,99.8529411764706,0.024509803921568627,0.0,0.012254901960784314
Urban,0.0,0.0,0.0,0.0,100.0,0.0,0.0
Water,0.0,0.0,0.0,0.0,0.0,100.0,0.0
Other,0.0,0.0,0.0,0.0,0.0,0.0,100.0
