from_label,Crops,TreeCrops,Forest,Grassland,Urban,Water,Other
Crops,99.95115995115995,0.0,0.02442002442002442,0.02442002442002442,0.0,0.0,0.0
TreeCrops,0.0,0.0,0.0,0.0,0.0,0.0,0.0
Forest,0.05226708480334509,0.0,99.77786488958579,0.16986802561087155,0.0,0.0,0.0
Grassland,0.12776287210936502,0.0,0.012776287210936502,99.83390826625782,0.025552574421873003,0.0,0.0
Urban,0.0,0.0,0.0,0.0,100.0,0.0,0.0
Water,0.0,0.0,0.0,0.0,0.0,100.0,0.0
Other,0.0,0.0,0.0,0.0,0.0,0.0,100.0
