from_label,Crops,TreeCrops,Forest,Grassland,Urban,Water,Other
Crops,99.92641648270786,0.0,0.04905567819475104,0.02452783909737552,0.0,0.0,0.0
TreeCrops,0.0,0.0,0.0,0.0,0.0,0.0,0.0
Forest,0.0520697734964853,0.0,99.72663368914345,0.22129653736006247,0.0,0.0,0.0
Grassland,0.02557871850620284,0.0,0.01278935925310142,99.9488425629876,0.01278935925310142,0.0,0.0
Urban,0.0,0.0,0.0,0.0,100.0,0.0,0.0
Water,0.0,0.0,0.0,0.0,0.0,100.0,0.0
Other,0.0,0.0,0.0,0.0,0.0,0.0,100.0
