from_label,Crops,TreeCrops,Forest,Grassland,Urban,Water,Other
Crops,99.91111111111111,0.0,0.0,0.044444444444444446,0.044444444444444446,0.0,0.0
TreeCrops,0.0,99.86163957108268,0.0,0.06918021445866482,0.06918021445866482,0.0,0.0
Forest,0.0,0.014701558365186709,99.7794766245222,0.19112025874742722,0.014701558365186709,0.0,0.0
Grassland,0.026427061310782242,0.0,0.013213530655391121,99.92071881606765,0.03964059196617336,0.0,0.0
Urban,0.0,0.0,0.0,0.0,100.0,0.0,0.0
Water,0.0,0.0,0.0,0.0,0.0,100.0,0.0
Other,0.0,0.0,0.0,0.0,0.0,0.0,100.0
