from_label,Crops,TreeCrops,Forest,Grassland,Urban,Water,Other
Crops,98.80059970014993,0.0,0.07496251874062969,0.9495252373813095,0.17491254372813594,0.0,0.0
TreeCrops,0.0,0.0,0.0,0.0,0.0,0.0,0.0
Forest,0.012761613067891782,0.0,99.77029096477796,0.2169474221541603,0.0,0.0,0.0
Grassland,0.0,0.0,0.012863390789812195,99.9871366092102,0.0,0.0,0.0
Urban,0.0,0.0,0.0,0.0,100.0,0.0,0.0
Water,0.0,0.0,0.0,0.0,0.0,100.0,0.0
Other,0.0,0.0,0.0,0.0,0.0,0.0,100.0
