from_label,Crops,TreeCrops,Forest,Grassland,Urban,Water,Other
Crops,99.35723951285522,0.0,0.13531799729364005,0.5074424898511503,0.0,0.0,0.0
TreeCrops,0.0,99.46626000762485,0.49561570720548986,0.0,0.03812428516965307,0.0,0.0
Forest,0.030745580322828595,0.015372790161414298,99.29285165257494,0.6456571867794004,0.0,0.0,0.015372790161414298
Grassland,0.027393507738665935,0.24654156964799342,0.013696753869332967,99.67127790713602,0.027393507738665935,0.0,0.013696753869332967
Urban,0.0,0.0,0.0,0.0,100.0,0.0,0.0
Water,0.0,0.0,0.0,0.0,0.0,100.0,0.0
Other,0.0,0.0,0.0,0.0,0.0,0.0,100.0
