from_label,Crops,TreeCrops,Forest,Grassland,Urban,Water,Other
Crops,99.95784148397976,0.0,0.0,0.042158516020236084,0.0,0.0,0.0
TreeCrops,0.0,99.9659979598776,0.0,0.0,0.0,0.0,0.034002040122407345
Forest,0.459911083857121,0.3832592365476008,98.58960600950482,0.49057182278092903,0.07665184730952015,0.0,0.0
Grassland,0.3011259492013616,0.10473946059177797,0.02618486514794449,99.54176485991097,0.02618486514794449,0.0,0.0
Urban,0.0,0.0,0.0,0.0,100.0,0.0,0.0
Water,0.0,0.0,0.0,0.0,0.0,100.0,0.0
Other,0.0,0.0,0.0,0.0,0.0,0.0,100.0
