from_label,Crops,TreeCrops,Forest,Grassland,Urban,Water,Other
Crops,99.9250936329588,0.0,0.024968789013732832,0.024968789013732832,0.024968789013732832,0.0,0.0
TreeCrops,0.0,0.0,0.0,0.0,0.0,0.0,0.0
Forest,0.11416973233540531,0.0,99.70823290625397,0.17759736141063048,0.0,0.0,0.0
Grassland,0.038789759503491075,0.0,0.038789759503491075,99.88363072148952,0.038789759503491075,0.0,0.0
Urban,0.0,0.0,0.0,0.0,100.0,0.0,0.0
Water,0.0,0.0,0.0,0.0,0.0,100.0,0.0
Other,0.0,0.0,0.0,0.0,0.0,0.0,100.0
