from_label,Crops,TreeCrops,Forest,Grassland,Urban,Water,Other
Crops,96.73321234119783,0.0,0.0,3.1941923774954626,0.07259528130671505,0.0,0.0
TreeCrops,0.0,92.42424242424242,0.2901353965183753,7.221147646679562,0.06447453255963895,0.0,0.0
Forest,0.0,0.0,99.26007556675063,0.7241813602015114,0.015743073047858942,0.0,0.0
Grassland,0.041637751561415685,0.0,0.0,99.93060374739764,0.02775850104094379,0.0,0.0
Urban,0.0,0.0,0.0,0.0,100.0,0.0,0.0
Water,0.0,0.0,0.0,0.0,0.0,100.0,0.0
Other,0.0,0.0,0.0,7.6923076923076925,0.0,0.0,92.3076923076923
