from_label,Crops,TreeCrops,Forest,Grassland,Urban,Water,Other
Crops,96.51113913408994,0.0,1.3871374527112232,2.1017234131988234,0.0,0.0,0.0
TreeCrops,0.0,97.86310517529215,0.6010016694490818,1.4023372287145242,0.1335559265442404,0.0,0.0
Forest,0.0,0.0,99.98501199040767,0.014988009592326138,0.0,0.0,0.0
Grassland,0.01337255950788981,0.0,0.5215298208077026,99.42497994116074,0.04011767852366943,0.0,0.0
Urban,0.0,0.0,0.0,0.0,100.0,0.0,0.0
Water,0.0,0.0,0.0,0.0,0.0,100.0,0.0
Other,0.0,0.0,0.0,0.0,0.0,0.0,100.0
