from_label,Crops,TreeCrops,Forest,Grassland,Urban,Water,Other
Crops,99.72549019607844,0.1176470588235294,0.0784313725490196,0.0784313725490196,0.0,0.0,0.0
TreeCrops,0.0,100.0,0.0,0.0,0.0,0.0,0.0
Forest,0.2762854950115119,0.2609363008442057,99.18649270913276,0.24558710667689945,0.03069838833461243,0.0,0.0
Grassland,0.8944543828264758,0.31649924315398376,0.01376083665886886,98.67895968074859,0.08256501995321315,0.0,0.01376083665886886
Urban,0.0,0.0,0.0,0.0,100.0,0.0,0.0
Water,0.0,0.0,0.0,0.0,0.0,100.0,0.0
Other,0.0,0.0,0.0,0.0,0.0,0.0,100.0
