from_label,Crops,TreeCrops,Forest,Grassland,Urban,Water,Other
Crops,99.9052731291443,0.0,0.0,0.0947268708556994,0.0,0.0,0.0
TreeCrops,0.0,99.78038067349927,0.18301610541727673,0.036603221083455345,0.0,0.0,0.0
Forest,0.04820051413881748,0.08033419023136247,99.32519280205655,0.5302056555269923,0.016066838046272493,0.0,0.0
Grassland,0.09687240520343206,0.8856905618599501,0.02767783005812344,98.94824245779131,0.02767783005812344,0.0,0.01383891502906172
Urban,0.0,0.0,0.0,0.0,100.0,0.0,0.0
Water,0.0,0.0,0.0,0.0,0.0,100.0,0.0
Other,0.0,0.0,0.0,0.0,0.0,0.0,100.0
