from_label,Crops,TreeCrops,Forest,Grassland,Urban,Water,Other
Crops,99.78221415607985,0.0,0.1451905626134301,0.07259528130671505,0.0,0.0,0.0
TreeCrops,0.0,98.31852791878173,1.5228426395939088,0.12690355329949238,0.031725888324873094,0.0,0.0
Forest,0.09457755359394704,0.04728877679697352,99.30643127364439,0.47288776796973514,0.07881462799495587,0.0,0.0
Grassland,0.0,0.0,0.0,99.9860529986053,0.01394700139470014,0.0,0.0
Urban,0.0,0.0,0.0,0.0,100.0,0.0,0.0
Water,0.0,0.0,0.0,0.0,0.0,100.0,0.0
Other,0.0,0.0,0.0,0.0,0.0,0.0,100.0
