from_label,Crops,TreeCrops,Forest,Grassland,Urban,Water,Other
Crops,99.88768251591165,0.0,0.07487832272557095,0.037439161362785474,0.0,0.0,0.0
TreeCrops,0.0,98.98848971049878,1.0115102895012207,0.0,0.0,0.0,0.0
Forest,0.3822264691829909,0.047778308647873864,99.26739926739927,0.2866698518872432,0.01592610288262462,0.0,0.0
Grassland,1.9905088320590563,0.8436593725283418,0.02636435539151068,97.07355655154231,0.05272871078302136,0.0,0.01318217769575534
Urban,0.0,0.0,0.0,0.0,100.0,0.0,0.0
Water,0.0,0.0,0.0,0.0,0.0,100.0,0.0
Other,0.0,0.0,0.0,0.0,0.0,0.0,100.0
