from_label,Crops,TreeCrops,Forest,Grassland,Urban,Water,Other
Crops,100.0,0.0,0.0,0.0,0.0,0.0,0.0
TreeCrops,0.0,99.96194824961948,0.0,0.0380517503805175,0.0,0.0,0.0
Forest,0.11021886317115415,0.1259644150527476,99.30719571720988,0.4408754526846166,0.01574555188159345,0.0,0.0
Grassland,0.2852098329485264,0.21730272986554394,0.027162841233192993,99.42958033410295,0.027162841233192993,0.0,0.013581420616596496
Urban,0.0,0.0,0.0,0.0,100.0,0.0,0.0
Water,0.0,0.0,0.0,0.0,0.0,100.0,0.0
Other,0.0,0.0,0.0,0.0,0.0,0.0,100.0
