from_label,Crops,TreeCrops,Forest,Grassland,Urban,Water,Other
Crops,99.9483337638853,0.0,0.025833118057349523,0.025833118057349523,0.0,0.0,0.0
TreeCrops,0.0,0.0,0.0,0.0,0.0,0.0,0.0
Forest,0.09108653220559532,0.0,99.8828887443071,0.026024723487312947,0.0,0.0,0.0
Grassland,2.4906600249066,0.0,0.062266500622665005,97.33499377334994,0.11207970112079702,0.0,0.0
Urban,0.0,0.0,0.0,0.0,100.0,0.0,0.0
Water,0.0,0.0,0.0,0.0,0.0,100.0,0.0
Other,4.761904761904762,0.0,0.0,0.0,0.0,0.0,95.23809523809523
