from_label,Crops,TreeCrops,Forest,Grassland,Urban,Water,Other
Crops,98.89394252635931,0.0,0.03101095720487906,1.049204052098408,0.0051684928674798425,0.0,0.02067397146991937
TreeCrops,0.0,99.3041749502982,0.27335984095427435,0.3976143141153081,0.0,0.0,0.024850894632206758
Forest,0.0,0.0,100.0,0.0,0.0,0.0,0.0
Grassland,0.0,0.0,0.0,100.0,0.0,0.0,0.0
Urban,0.0,0.0,0.0,0.0,100.0,0.0,0.0
Water,0.0,0.0,0.0,0.0,0.0,100.0,0.0
Other,0.0,0.0,0.0,0.0,0.0,0.0,100.0
