from_label,Crops,TreeCrops,Forest,Grassland,Urban,Water,Other
Crops,99.21052631578947,0.0,0.025303643724696356,0.7540485829959513,0.0,0.0,0.010121457489878543
TreeCrops,0.0,99.94880982851294,0.0,0.02559508574353724,0.0,0.0,0.02559508574353724
Forest,0.03295978905735003,0.0988793671720501,99.83520105471325,0.03295978905735003,0.0,0.0,0.0
Grassland,0.0,0.0,0.0,100.0,0.0,0.0,0.0
Urban,0.0,0.0,0.0,0.0,100.0,0.0,0.0
Water,0.0,0.0,0.0,0.0,0.0,100.0,0.0
Other,0.0,0.0,0.0,0.0,0.0,0.0,100.0
