from_label,Crops,TreeCrops,Forest,Grassland,Urban,Water,Other
Crops,99.93551034765785,0.0,0.029313478337339507,0.03517617400480741,0.0,0.0,0.0
TreeCrops,0.0,99.86874487284659,0.016406890894175553,0.11484823625922888,0.0,0.0,0.0
Forest,0.0338409475465313,0.0,99.93231810490694,0.0338409475465313,0.0,0.0,0.0
Grassland,0.0,0.0,0.023832221163012392,99.976167778837,0.0,0.0,0.0
Urban,0.0,0.0,0.0,0.0,100.0,0.0,0.0
Water,0.0,0.0,0.0,0.0,0.0,100.0,0.0
Other,0.0,0.0,0.0,0.0,0.0,0.0,100.0
