from_label,Crops,TreeCrops,Forest,Grassland,Urban,Water,Other
Crops,99.96281606346058,0.0,0.030986613782845812,0.006197322756569161,0.0,0.0,0.0
TreeCrops,0.0,99.8291394843119,0.0,0.1708605156881019,0.0,0.0,0.0
Forest,0.0332667997338656,0.0,99.93346640053227,0.0332667997338656,0.0,0.0,0.0
Grassland,0.021240441801189464,0.1274426508071368,0.10620220900594733,99.74511469838573,0.0,0.0,0.0
Urban,0.0,0.0,0.0,0.0,100.0,0.0,0.0
Water,0.0,0.0,0.0,0.0,0.0,100.0,0.0
Other,0.0,0.0,0.0,0.0,0.0,0.0,100.0
