from_label,Crops,TreeCrops,Forest,Grassland,Urban,Water,Other
Crops,99.27059423616424,0.12751849018107625,0.02550369803621525,0.5610813567967355,0.0,0.0,0.01530221882172915
TreeCrops,0.0,99.97441146366428,0.0,0.0255885363357216,0.0,0.0,0.0
Forest,0.0,0.23071852340145024,99.73632168754119,0.03295978905735003,0.0,0.0,0.0
Grassland,0.0,0.07959671000265323,0.0,99.92040328999735,0.0,0.0,0.0
Urban,0.0,0.0,0.0,0.0,100.0,0.0,0.0
Water,0.0,0.0,0.0,0.0,0.0,100.0,0.0
Other,0.0,0.0,0.0,0.0,0.0,0.0,100.0
