from_label,Crops,TreeCrops,Forest,Grassland,Urban,Water,Other
Crops,99.10172371934935,0.0,0.01820830298616169,0.86185967467832,0.0,0.0,0.01820830298616169
TreeCrops,0.0,99.73793741328811,0.0,0.2466471404347156,0.0,0.0,0.015415446277169726
Forest,0.0,0.0670690811535882,99.93293091884641,0.0,0.0,0.0,0.0
Grassland,0.0,0.0,0.0,100.0,0.0,0.0,0.0
Urban,0.0,0.0,0.0,0.036859565057132324,99.96314043494287,0.0,0.0
Water,0.0,0.0,0.0,0.0,0.0,100.0,0.0
Other,0.0,0.0,0.0,0.0,0.0,0.0,100.0
