from_label,Crops,TreeCrops,Forest,Grassland,Urban,Water,Other
Crops,99.8347422614886,0.0,0.025424267463293713,0.133477404182292,0.0,0.0,0.006356066865823428
TreeCrops,0.0,99.90220048899755,0.0,0.09779951100244498,0.0,0.0,0.0
Forest,0.0,0.0,99.94042299672327,0.05957700327673518,0.0,0.0,0.0
Grassland,0.05839984426708195,0.29199922133540973,0.48666536889234957,99.10453572123808,0.0,0.0,0.05839984426708195
Urban,0.0,0.0,0.03802281368821293,0.03802281368821293,99.92395437262357,0.0,0.0
Water,0.0,0.0,0.0,0.0,0.0,100.0,0.0
Other,0.0,0.0,0.0,0.0,0.0,0.0,100.0
