from_label,Crops,TreeCrops,Forest,Grassland,Urban,Water,Other
Crops,99.72395198048405,0.0,0.10913526352956282,0.16049303460229827,0.0,0.0,0.006419721384091931
TreeCrops,0.0,99.70578620464204,0.16345210853220007,0.13076168682576006,0.0,0.0,0.0
Forest,0.0,0.0,99.97144488863506,0.028555111364934323,0.0,0.0,0.0
Grassland,0.15446997489862907,0.0,0.07723498744931453,99.76829503765205,0.0,0.0,0.0
Urban,0.0,0.0,0.11498658489842851,0.0,99.88501341510158,0.0,0.0
Water,0.0,0.0,0.0,0.0,0.0,100.0,0.0
Other,0.0,0.0,0.0,0.0,0.0,0.0,100.0
