from_label,Crops,TreeCrops,Forest,Grassland,Urban,Water,Other
Crops,99.94878033164736,0.0,0.012804917088161854,0.03841475126448556,0.0,0.0,0.0
TreeCrops,0.0,99.9347471451876,0.06525285481239804,0.0,0.0,0.0,0.0
Forest,0.029308323563892142,0.0,99.9706916764361,0.0,0.0,0.0,0.0
Grassland,0.19241870309794112,0.0,0.4233211468154705,99.38426015008659,0.0,0.0,0.0
Urban,0.03806623524933384,0.07613247049866768,0.15226494099733537,0.0,99.73353635325466,0.0,0.0
Water,0.0,0.0,0.0,0.0,0.0,100.0,0.0
Other,0.0,0.0,2.380952380952381,0.0,0.0,0.0,97.61904761904762
