from_label,Crops,TreeCrops,Forest,Grassland,Urban,Water,Other
Crops,98.74568830354343,1.1236542280756767,0.020905194940942826,0.10975227343994984,0.0,0.0,0.0
TreeCrops,0.0,99.94994994994994,0.0,0.050050050050050046,0.0,0.0,0.0
Forest,0.0,0.7920792079207921,99.14191419141915,0.066006600660066,0.0,0.0,0.0
Grassland,0.0,0.14468290330359296,0.0,99.85531709669641,0.0,0.0,0.0
Urban,0.0,0.0,0.0,0.0,100.0,0.0,0.0
Water,0.0,0.0,0.0,0.0,0.0,100.0,0.0
Other,0.0,0.0,0.0,0.0,0.0,0.0,100.0
