from_label,Crops,TreeCrops,Forest,Grassland,Urban,Water,Other
Crops,100.0,0.0,0.0,0.0,0.0,0.0,0.0
TreeCrops,0.0,99.98115696250235,0.0,0.01884303749764462,0.0,0.0,0.0
Forest,0.0,0.0,99.97403271877434,0.025967281225655673,0.0,0.0,0.0
Grassland,0.28640337654507086,0.0,0.030147723846849564,99.68344889960808,0.0,0.0,0.0
Urban,0.11556240369799693,0.0,0.0,0.0,99.884437596302,0.0,0.0
Water,0.0,0.0,0.0,0.0,0.0,100.0,0.0
Other,0.0,0.0,0.0,0.0,0.0,0.0,100.0
