from_label,Crops,TreeCrops,Forest,Grassland,Urban,Water,Other
Crops,99.77064220183486,0.0,0.06818745350855443,0.1611703446565832,0.0,0.0,0.0
TreeCrops,0.0,99.72019275610135,0.1709933157158402,0.1088139281828074,0.0,0.0,0.0
Forest,0.0,0.0,99.96682149966821,0.033178500331785,0.0,0.0,0.0
Grassland,0.021235931195582928,0.0,0.0,99.97876406880441,0.0,0.0,0.0
Urban,0.0,0.0,0.03688675765400221,0.0,99.963113242346,0.0,0.0
Water,0.0,0.0,0.0,0.0,0.0,100.0,0.0
Other,0.0,0.0,0.0,0.0,0.0,0.0,100.0
