from_label,Crops,TreeCrops,Forest,Grassland,Urban,Water,Other
Crops,99.98711423233038,0.0,0.006442883834804459,0.006442883834804459,0.0,0.0,0.0
TreeCrops,0.0,99.78947368421053,0.05263157894736842,0.15789473684210525,0.0,0.0,0.0
Forest,0.026441036488630353,0.0,99.97355896351137,0.0,0.0,0.0,0.0
Grassland,0.3345724907063197,0.13011152416356878,0.3903345724907063,99.14498141263941,0.0,0.0,0.0
Urban,0.0,0.0,0.03844675124951942,0.0,99.96155324875048,0.0,0.0
Water,0.0,0.0,0.0,0.0,0.0,100.0,0.0
Other,0.0,0.0,2.3255813953488373,0.0,0.0,0.0,97.67441860465115
