from_label,Crops,TreeCrops,Forest,Grassland,Urban,Water,Other
Crops,99.97466301814127,0.020269585486976792,0.0,0.005067396371744198,0.0,0.0,0.0
TreeCrops,0.0,100.0,0.0,0.0,0.0,0.0,0.0
Forest,0.1547508511296812,6.09718353450944,93.74806561436088,0.0,0.0,0.0,0.0
Grassland,0.6511123168746609,1.0851871947911014,0.13564839934888767,98.12805208898536,0.0,0.0,0.0
Urban,0.03694126339120798,0.0,0.0,0.0,99.96305873660879,0.0,0.0
Water,0.0,0.0,0.0,0.0,0.0,100.0,0.0
Other,33.33333333333333,0.0,0.0,0.0,0.0,0.0,66.66666666666666
