from_label,Crops,TreeCrops,Forest,Grassland,Urban,Water,Other
Crops,99.93663265952728,0.0,0.025346936189088145,0.038020404283632216,0.0,0.0,0.0
TreeCrops,0.0,99.74059662775616,0.24319066147859922,0.016212710765239946,0.0,0.0,0.0
Forest,0.0,0.0,99.93906154783669,0.06093845216331505,0.0,0.0,0.0
Grassland,0.01950078003120125,0.05850234009360375,0.46801872074883,99.43447737909517,0.0,0.0,0.01950078003120125
Urban,0.0,0.07590132827324478,0.0,0.0,99.92409867172675,0.0,0.0
Water,0.0,0.0,0.0,0.0,0.0,100.0,0.0
Other,0.0,0.0,0.0,0.0,0.0,0.0,100.0
