from_label,Crops,TreeCrops,Forest,Grassland,Urban,Water,Other
Crops,99.96971899224806,0.0,0.006056201550387597,0.006056201550387597,0.012112403100775194,0.0,0.006056201550387597
TreeCrops,0.0,100.0,0.0,0.0,0.0,0.0,0.0
Forest,0.033818058843422386,0.2705444707473791,99.66181941156577,0.033818058843422386,0.0,0.0,0.0
Grassland,0.09285051067780872,0.3714020427112349,0.02321262766945218,99.5125348189415,0.0,0.0,0.0
Urban,0.0,0.0,0.0,0.0,100.0,0.0,0.0
Water,0.0,0.0,0.0,0.0,0.0,100.0,0.0
Other,0.0,0.0,0.0,0.0,0.0,0.0,100.0
