from_label,Crops,TreeCrops,Forest,Grassland,Urban,Water,Other
Crops,99.7374487704918,0.0,0.0704405737704918,0.19211065573770492,0.0,0.0,0.0
TreeCrops,0.0,99.82040816326531,0.0816326530612245,0.0816326530612245,0.0,0.0,0.0163265306122449
Forest,0.0,0.028776978417266185,99.97122302158273,0.0,0.0,0.0,0.0
Grassland,0.01939111886755866,0.03878223773511732,0.1939111886755866,99.74791545472173,0.0,0.0,0.0
Urban,0.03827018752391887,0.03827018752391887,0.07654037504783774,0.0,99.84691924990432,0.0,0.0
Water,0.0,0.0,0.0,0.0,0.0,100.0,0.0
Other,0.0,0.0,0.0,0.0,0.0,0.0,100.0
