from_label,Crops,TreeCrops,Forest,Grassland,Urban,Water,Other
Crops,99.94383205785297,0.0,0.007020992768377449,0.04914694937864214,0.0,0.0,0.0
TreeCrops,0.0,99.94188299108873,0.0,0.0581170089112747,0.0,0.0,0.0
Forest,0.05196154845414394,0.0,99.94803845154586,0.0,0.0,0.0,0.0
Grassland,0.5777903043968433,0.0,0.02818489289740699,99.39402480270574,0.0,0.0,0.0
Urban,0.23201856148491878,0.0,0.0,0.0,99.76798143851508,0.0,0.0
Water,0.0,0.0,0.0,0.0,0.0,100.0,0.0
Other,1.098901098901099,0.0,0.0,0.0,0.0,0.0,98.9010989010989
