from_label,Crops,TreeCrops,Forest,Grassland,Urban,Water,Other
Crops,99.40396670434694,0.34939882848628095,0.0256910903298736,0.22094337683691295,0.0,0.0,0.0
TreeCrops,0.0,99.84779299847793,0.0,0.15220700152207,0.0,0.0,0.0
Forest,0.06598482349059716,0.6268558231606731,99.24117452985813,0.06598482349059716,0.0,0.0,0.0
Grassland,0.0,0.0257864878803507,0.0,99.97421351211965,0.0,0.0,0.0
Urban,0.0,0.0,0.0,0.0,100.0,0.0,0.0
Water,0.0,0.0,0.0,0.0,0.0,100.0,0.0
Other,0.0,0.0,0.0,0.0,0.0,0.0,100.0
