from_label,Crops,TreeCrops,Forest,Grassland,Urban,Water,Other
Crops,99.93153406485925,0.0,0.0006113029923281474,0.04584772442461106,0.0012226059846562947,0.0,0.02078430173915701
TreeCrops,0.0,100.0,0.0,0.0,0.0,0.0,0.0
Forest,0.042710153368278006,0.0,99.9009900990099,0.05435837701417201,0.0019413706076490003,0.0,0.0
Grassland,0.11205455897837152,0.0,0.0032199585913325157,99.73306543277853,0.005795925464398528,0.0,0.14586412418736294
Urban,0.0,0.0,0.0,0.0,100.0,0.0,0.0
Water,0.0,0.0,0.0,0.0,0.0,100.0,0.0
Other,0.2846767293581741,0.0,0.00810467556891599,0.36636817514940695,0.015748858207779937,0.0,99.32510156171573
