from_label,Crops,TreeCrops,Forest,Grassland,Urban,Water,Other
Crops,99.93472024187868,0.0,0.01145258914409075,0.01603362480172705,0.001145258914409075,0.0,0.0366482852610904
TreeCrops,0.0,100.0,0.0,0.0,0.0,0.0,0.0
Forest,0.020041905803042725,0.0,99.95445021408399,0.023685888676323222,0.0018219914366402478,0.0,0.0
Grassland,0.1243358982111674,0.0,0.044736241291859234,99.74145537791325,0.0043193612281795125,0.0,0.08515312135553896
Urban,0.0,0.0,0.0,0.0,100.0,0.0,0.0
Water,0.0,0.0,0.0,0.0,0.0,100.0,0.0
Other,0.175552056297859,0.0,0.06078987062741396,0.07148964536401486,0.0062494259523509675,0.0,99.68591900175836
