from_label,Crops,TreeCrops,Forest,Grassland,Urban,Water,Other
Crops,99.93390702039629,0.0,0.003965578776222389,0.02379347265733434,0.0013218595920741298,0.0,0.03701206857807564
TreeCrops,0.0,0.0,0.0,0.0,0.0,0.0,0.0
Forest,0.005919378070677374,0.0,99.9901343698822,0.003946252047118249,0.0,0.0,0.0
Grassland,0.0638209643768871,0.0,0.03239642861770918,99.45735982065337,0.010366857157666939,0.0,0.4360559291943656
Urban,0.0,0.0,0.0,0.0,100.0,0.0,0.0
Water,0.0,0.0,0.0,0.0,0.0,100.0,0.0
Other,0.009875290483028544,0.0,0.0020837768909142797,0.06387229165628554,0.0019025789003999946,0.0,99.92226606206938
