from_label,Crops,TreeCrops,Forest,Grassland,Urban,Water,Other
Crops,98.43901173443741,0.0,0.05837490743793612,1.22263000578344,0.025403894903546272,0.0,0.25457945743766586
TreeCrops,0.0,100.0,0.0,0.0,0.0,0.0,0.0
Forest,0.001911936217807774,0.0,99.90440318910962,0.09177293845477315,0.001911936217807774,0.0,0.0
Grassland,0.018936524768974398,0.0,0.009783871130636772,99.83714588698682,0.004102913699944453,0.0,0.1300308034136242
Urban,0.0,0.0,0.0,0.0,100.0,0.0,0.0
Water,0.0,0.0,0.0,0.0,0.0,100.0,0.0
Other,0.005112445396242921,0.0,0.004733745737261963,0.14381119549801846,0.0025562226981214603,0.0,99.84378639067035
