from_label,Crops,TreeCrops,Forest,Grassland,Urban,Water,Other
Crops,93.90934365889623,0.0,0.40634391778570705,0.4429261264506253,0.03995902792629529,0.0,5.201427268941142
TreeCrops,0.0,78.02018886356235,7.896450667535005,0.6186909801367633,0.0,0.0,13.464669488765873
Forest,0.005213039549593383,0.0,99.98609856120109,0.005213039549593383,0.0,0.0,0.0034753596997289223
Grassland,0.004206425476701256,0.0,0.017149273097320505,99.66995738567421,0.0016178559525774064,0.0,0.30706905979919175
Urban,0.0,0.0,0.0,0.0,100.0,0.0,0.0
Water,0.0,0.0,0.0,0.0,0.0,100.0,0.0
Other,0.00906520716831257,0.0,0.0,0.00906520716831257,0.00047214620668294626,0.0,99.98139743945669
