from_label,Crops,TreeCrops,Forest,Grassland,Urban,Water,Other
Crops,99.93175747255675,0.0,0.0012998576655856183,0.04484508946270383,0.0012998576655856183,0.0,0.020797722649369892
TreeCrops,0.0,100.0,0.0,0.0,0.0,0.0,0.0
Forest,0.0447453406482238,0.0,99.91050931870356,0.04279989105482277,0.001945449593401035,0.0,0.0
Grassland,0.10995517212213483,0.0,0.002927800441121933,99.73747389377941,0.0061809120423685256,0.0,0.1434622216149747
Urban,0.0,0.0,0.0,0.0,100.0,0.0,0.0
Water,0.0,0.0,0.0,0.0,0.0,100.0,0.0
Other,0.2733413501334415,0.0,0.00609446604290868,0.36212043756446943,0.015554532736378869,0.0,99.3428892135228
