from_label,Crops,TreeCrops,Forest,Grassland,Urban,Water,Other
Crops,96.95606477096857,0.0,0.025986925688942272,0.3643944468827239,0.039269132152179434,0.0,2.6142847243075926
TreeCrops,0.0,100.0,0.0,0.0,0.0,0.0,0.0
Forest,0.003911368392232022,0.0,99.99022157901942,0.005867052588348034,0.0,0.0,0.0
Grassland,0.006833334960317848,0.0,0.0022777783201059494,99.75042057549697,0.0032539690287227844,0.0,0.237214342193891
Urban,0.0,0.0,0.0,0.0,100.0,0.0,0.0
Water,0.0,0.0,0.0,0.0,0.0,100.0,0.0
Other,0.00804143093104057,0.0,0.0,0.016822303786774528,0.0011091628870400787,0.0,99.97402710239514
