from_label,Crops,TreeCrops,Forest,Grassland,Urban,Water,Other
Crops,99.93663826388843,0.0,0.0019800542534865457,0.027720759548811636,0.0019800542534865457,0.0,0.03168086805578473
TreeCrops,0.0,0.0,0.0,0.0,0.0,0.0,0.0
Forest,0.007873240822753666,0.0,99.98425351835449,0.007873240822753666,0.0,0.0,0.0
Grassland,0.035743995008838514,0.0,0.007473744410938962,99.75206665280233,0.007148799001767702,0.0,0.1975668087761256
Urban,0.0,0.0,0.0,0.0,100.0,0.0,0.0
Water,0.0,0.0,0.0,0.0,0.0,100.0,0.0
Other,0.015756459469224646,0.0,9.05543647656589e-05,0.06212029422924199,0.003078848402032402,0.0,99.91895384353472
