from_label,Crops,TreeCrops,Forest,Grassland,Urban,Water,Other
Crops,92.03839864609897,0.0,0.10062778012830043,2.4979702919349123,0.04288115630467348,0.0,5.320122125533155
TreeCrops,0.0,66.66666666666666,0.0,0.0,0.0,0.0,33.33333333333333
Forest,0.0037810042347247433,0.0,99.90736539624925,0.035919540229885055,0.0,0.0,0.052934059286146404
Grassland,0.009993379386156671,0.0,0.0031229310581739594,99.74985322224028,0.0012491724232695839,0.0,0.23578129489213395
Urban,0.0,0.0,0.0,0.0,100.0,0.0,0.0
Water,0.0,0.0,0.0,0.0,0.0,100.0,0.0
Other,0.006590995758223444,0.0,0.0,0.04604281322530378,0.0005649424935620095,0.0,99.94680124852292
