from_label,Crops,TreeCrops,Forest,Grassland,Urban,Water,Other
Crops,99.93226167834719,0.0,0.0013026600317849048,0.02996118073105281,0.001953990047677357,0.0,0.034520490842299974
TreeCrops,0.0,0.0,0.0,0.0,0.0,0.0,0.0
Forest,0.0019639034545061765,0.0,99.98232486890944,0.011783420727037058,0.003927806909012353,0.0,0.0
Grassland,0.07834519347361782,0.0,0.006176592016592276,99.75098581659422,0.0068267595972862005,0.0,0.15766563831827654
Urban,0.0,0.0,0.0,0.0,100.0,0.0,0.0
Water,0.0,0.0,0.0,0.0,0.0,100.0,0.0
Other,0.047822662315742094,0.0,0.0011796861671814938,0.06324932757888471,0.004174274130026824,0.0,99.88357404980816
