from_label,Crops,TreeCrops,Forest,Grassland,Urban,Water,Other
Crops,99.93112991986612,0.0006436456087278345,0.0019309368261835032,0.03218228043639172,0.0019309368261835032,0.0,0.03218228043639172
TreeCrops,0.0,0.0,0.0,0.0,0.0,0.0,0.0
Forest,0.009805651977800004,0.0,99.98431095683551,0.0019611303955600007,0.0039222607911200014,0.0,0.0
Grassland,0.047474271221161816,0.0,0.0065033248248166885,99.75092265920952,0.008454322272261694,0.0,0.18664542247223895
Urban,0.0,0.0,0.0,0.0,100.0,0.0,0.0
Water,0.0,0.0,0.0,0.0,0.0,100.0,0.0
Other,0.02191026609609061,0.0,0.0003636558688147819,0.06309429323936466,0.004182042491369992,0.0,99.91044974230437
