from_label,Crops,TreeCrops,Forest,Grassland,Urban,Water,Other
Crops,99.93499244861776,0.0,0.0019699257994615534,0.02757896119246175,0.0013132838663077024,0.0,0.03414538052400026
TreeCrops,0.0,0.0,0.0,0.0,0.0,0.0,0.0
Forest,0.005900865460267506,0.0,99.9921321793863,0.001966955153422502,0.0,0.0,0.0
Grassland,0.07117553381650363,0.0,0.00715005362540219,99.75039812798596,0.006500048750365628,0.0,0.16477623582176867
Urban,0.0,0.0,0.0,0.0,100.0,0.0,0.0
Water,0.0,0.0,0.0,0.0,0.0,100.0,0.0
Other,0.04114450603029831,0.0,0.001087519983179691,0.06289490569389213,0.003715693275863944,0.0,99.89115737501677
