from_label,Crops,TreeCrops,Forest,Grassland,Urban,Water,Other
Crops,94.6909371582942,0.0,0.0315173345339937,0.45153405801762403,0.0636778799768444,0.0,4.762333569177334
TreeCrops,0.0,100.0,0.0,0.0,0.0,0.0,0.0
Forest,0.0019492417449612101,0.0,99.94152274765116,0.01754317570465089,0.0019492417449612101,0.0,0.03703559315426299
Grassland,0.004228797460119187,0.0,0.0013011684492674422,99.75180211830224,0.002927629010851745,0.0,0.2397402867775262
Urban,0.0,0.0,0.0,0.0,100.0,0.0,0.0
Water,0.0,0.0,0.0,0.0,0.0,100.0,0.0
Other,0.007188850184362158,0.0,0.0,0.012284743985935332,0.0010009791395947309,0.0,99.9795254266901
