from_label,Crops,TreeCrops,Forest,Grassland,Urban,Water,Other
Crops,99.93295529308563,0.0,0.0025063441837150286,0.030076130204580345,0.003132930229643786,0.0,0.03132930229643786
TreeCrops,0.0,88.19338422391859,11.145038167938932,0.6615776081424937,0.0,0.0,0.0
Forest,0.0016736401673640166,0.0,99.99832635983263,0.0,0.0,0.0,0.0
Grassland,0.014256830317797708,0.0,0.009072528384053086,99.7453211675048,0.013284773705220593,0.0,0.21806470008813314
Urban,0.0,0.0,0.0,0.0,100.0,0.0,0.0
Water,0.0,0.0,0.0,0.0,0.0,100.0,0.0
Other,0.005116088703676142,0.0,0.000372079178449174,0.06688123232623902,0.004837029319839262,0.0,99.9227935704718
