from_label,Crops,TreeCrops,Forest,Grassland,Urban,Water,Other
Crops,99.93071358217574,0.0,0.0006792786061203002,0.01901980097136841,0.0020378358183609007,0.0,0.047549502428421014
TreeCrops,0.0,100.0,0.0,0.0,0.0,0.0,0.0
Forest,0.07784069900947711,0.0,99.90269912623815,0.015568139801895422,0.0038920349504738554,0.0,0.0
Grassland,0.17073614923315078,0.0,0.002926905415425442,99.7365785126117,0.008455504533451275,0.0,0.08130292820626228
Urban,0.0,0.0,0.0,0.0,100.0,0.0,0.0
Water,0.0,0.0,0.0,0.0,0.0,100.0,0.0
Other,0.26466767845408046,0.0,0.0034348947340351967,0.06580535174677957,0.013468403036085376,0.0,99.65262367202902
