from_label,Crops,TreeCrops,Forest,Grassland,Urban,Water,Other
Crops,98.32988425003006,0.0,0.022782935581249643,0.30567105238176606,0.04176871523229101,0.0,1.2998930467746326
TreeCrops,0.0,100.0,0.0,0.0,0.0,0.0,0.0
Forest,0.0039010688928766478,0.0,99.97659358664274,0.013653741125068267,0.0019505344464383239,0.0,0.0039010688928766478
Grassland,0.008457732481921597,0.0,0.003252974031508307,99.75017159438016,0.006180650659865782,0.0,0.23193704844654225
Urban,0.0,0.0,0.0,0.0,100.0,0.0,0.0
Water,0.0,0.0,0.0,0.0,0.0,100.0,0.0
Other,0.006201386374642167,0.0,0.0,0.025808710941525485,0.002097527744364262,0.0,99.96589237493947
