from_label,Crops,TreeCrops,Forest,Grassland,Urban,Water,Other
Crops,99.93654614795868,0.0,0.0013083268462127208,0.025512373501148055,0.0019624902693190813,0.0,0.0346706614246371
TreeCrops,0.0,0.0,0.0,0.0,0.0,0.0,0.0
Forest,0.0019656792404615414,0.0,99.99213728303815,0.003931358480923083,0.0019656792404615414,0.0,0.0
Grassland,0.07085767034281461,0.0,0.005850633331058087,99.75297325935533,0.006500703701175651,0.0,0.16381773326962645
Urban,0.0,0.0,0.0,0.0,100.0,0.0,0.0
Water,0.0,0.0,0.0,0.0,0.0,100.0,0.0
Other,0.041077779369705456,0.0,0.0010881530958862372,0.06311287956140176,0.00380853583560183,0.0,99.89091265213742
