from_label,Crops,TreeCrops,Forest,Grassland,Urban,Water,Other
Crops,99.93360158293825,0.0,0.0006639841706173725,0.017263588436051684,0.001991952511852117,0.0,0.04647889194321607
TreeCrops,0.0,100.0,0.0,0.0,0.0,0.0,0.0
Forest,0.048652330446628395,0.0,99.93772501702831,0.009730466089325679,0.0038921864357302715,0.0,0.0
Grassland,0.16946065325292897,0.0,0.002927343338342343,99.73653909954919,0.009432550756880882,0.0,0.08164035310265869
Urban,0.0,0.0,0.0,0.0,100.0,0.0,0.0
Water,0.0,0.0,0.0,0.0,0.0,100.0,0.0
Other,0.25490356103267225,0.0,0.003536548872384994,0.06628762117213924,0.013783472528269721,0.0,99.66148879639454
