from_label,Crops,TreeCrops,Forest,Grassland,Urban,Water,Other
Crops,99.22268906938287,0.19195615965161814,0.04109735284872754,0.08591190476119671,0.008980752937999796,0.0,0.44936476041759904
TreeCrops,0.0,95.43259197424125,2.4685468964283586,0.17589887305467772,0.004472005247152824,0.0,1.9184902510285613
Forest,0.008241376172464532,0.137098726535686,99.83671773458305,0.007211204150906465,0.0006867813477053776,0.0,0.010044177210191149
Grassland,0.11092606549804283,0.0018234421725705672,0.0392999773509288,99.49557831268258,0.007885587641028856,0.0,0.34448661465484476
Urban,0.0,0.0,0.0,0.0,100.0,0.0,0.0
Water,0.0,0.0,0.0,0.0,0.0,100.0,0.0
Other,0.1314757106908223,0.00043586215713993065,0.020598001942258012,0.05908978577656178,0.004719496690751722,0.0,99.78368114274247
