from_label,Crops,TreeCrops,Forest,Grassland,Urban,Water,Other
Crops,99.93449138819372,0.0,0.0007360518180479905,0.01104077727071986,0.001472103636095981,0.0,0.052259679081407336
TreeCrops,0.0,100.0,0.0,0.0,0.0,0.0,0.0
Forest,0.05065461346633417,0.0,99.94544887780549,0.0019482543640897754,0.0019482543640897754,0.0,0.0
Grassland,0.2018744087615444,0.0,0.0029257160690078898,99.73310967859383,0.0055263525747926805,0.0,0.0565638440008192
Urban,0.0,0.0,0.0,0.0,100.0,0.0,0.0
Water,0.0,0.0,0.0,0.0,0.0,100.0,0.0
Other,0.44985651822325906,0.0,0.0035780991705966127,0.0660159296975075,0.012433894617823227,0.0,99.46811555829082
