from_label,Crops,TreeCrops,Forest,Grassland,Urban,Water,Other
Crops,99.93494383484408,0.0,0.004879212386693846,0.026564600771999826,0.0027106735481632477,0.0,0.030901678449061023
TreeCrops,0.0,100.0,0.0,0.0,0.0,0.0,0.0
Forest,0.009608547764090935,0.0,99.93850529430982,0.04804273882045468,0.003843419105636374,0.0,0.0
Grassland,0.020829059694191535,0.0,0.024616161456771812,99.75036687548325,0.010730121660644123,0.0,0.19345778170514258
Urban,0.0,0.0,0.0,0.0,100.0,0.0,0.0
Water,0.0,0.0,0.0,0.0,0.0,100.0,0.0
Other,0.009080375511362293,0.0,0.006431932653881624,0.067346118375937,0.004540187755681146,0.0,99.91260138570314
