from_label,Crops,TreeCrops,Forest,Grassland,Urban,Water,Other
Crops,98.71802480859398,0.0,0.20179239123983617,1.038637307852098,0.04154549231408392,0.0,0.0
TreeCrops,0.0,100.0,0.0,0.0,0.0,0.0,0.0
Forest,0.17289600813628273,0.0,98.07780320366133,1.6933638443935928,0.05593694380879735,0.0,0.0
Grassland,1.6195584897874975,0.0,2.682071384361461,95.1413245306375,0.5364142768722922,0.0,0.020631318341242006
Urban,0.0,0.0,0.049554013875123884,0.6442021803766105,99.30624380574827,0.0,0.0
Water,0.0,0.0,0.0,0.0,0.0,100.0,0.0
Other,0.0,0.0,0.0,20.0,0.0,0.0,80.0
