from_label,Crops,TreeCrops,Forest,Grassland,Urban,Water,Other
Crops,98.73319390498955,0.0,0.2091425156856887,1.0158350761876307,0.041828503137137735,0.0,0.0
TreeCrops,0.0,100.0,0.0,0.0,0.0,0.0,0.0
Forest,0.18103760409662234,0.0,98.08617389954999,1.6707184606631147,0.062070035690270524,0.0,0.0
Grassland,1.6458396830234683,0.0,2.966575231128721,94.76785532865996,0.5892512445392665,0.0,0.030478512648582746
Urban,0.0,0.04409171075837742,0.0,0.13227513227513227,99.82363315696648,0.0,0.0
Water,0.0,0.0,0.0,0.0,0.0,100.0,0.0
Other,0.0,0.0,0.0,16.666666666666664,0.0,0.0,83.33333333333334
