from_label,Crops,TreeCrops,Forest,Grassland,Urban,Water,Other
Crops,98.77389858686617,0.0,0.14546965918536992,1.0390689941812137,0.03463563313937379,0.0,0.006927126627874758
TreeCrops,0.0,100.0,0.0,0.0,0.0,0.0,0.0
Forest,0.12476606363069245,0.0,98.22208359326264,1.6011644832605532,0.05198585984612185,0.0,0.0
Grassland,1.4314755209215653,0.0,2.718956462815518,95.57004912756226,0.12705404031848214,0.0,0.15246484838217855
Urban,0.22530980097634246,0.0,0.3755163349605708,0.5632745024408562,98.83589936162223,0.0,0.0
Water,0.0,0.0,0.0,0.0,0.0,100.0,0.0
Other,0.0,0.0,0.0,26.229508196721312,0.0,0.0,73.77049180327869
