from_label,Crops,TreeCrops,Forest,Grassland,Urban,Water,Other
Crops,98.70766745514337,0.0,0.24808169387872842,1.0038654589511338,0.040385392026769745,0.0,0.0
TreeCrops,0.0,100.0,0.0,0.0,0.0,0.0,0.0
Forest,0.19833591331269348,0.0,98.06985294117648,1.68343653250774,0.04837461300309598,0.0,0.0
Grassland,1.8767377201112143,0.0,3.5797034291010195,94.0917516218721,0.4402224281742354,0.0,0.011584800741427247
Urban,0.0,0.0,0.18714909544603867,2.1834061135371177,97.62944479101684,0.0,0.0
Water,0.0,0.0,0.0,0.0,0.0,100.0,0.0
Other,0.0,0.0,0.0,25.0,0.0,0.0,75.0
