from_label,Crops,TreeCrops,Forest,Grassland,Urban,Water,Other
Crops,98.69204152249135,0.0,0.1522491349480969,1.1141868512110726,0.03460207612456747,0.0,0.006920415224913495
TreeCrops,0.0,97.72727272727273,2.272727272727273,0.0,0.0,0.0,0.0
Forest,0.10405827263267431,0.0,98.23621227887617,1.6077003121748181,0.052029136316337155,0.0,0.0
Grassland,1.270217630620713,0.0,2.7267338470657974,95.7320687611144,0.13548988059954273,0.0,0.13548988059954273
Urban,0.18789928598271327,0.0,0.37579857196542654,0.5261180007515971,98.91018414130026,0.0,0.0
Water,0.0,0.0,0.0,0.0,0.0,100.0,0.0
Other,0.0,0.0,0.0,27.86885245901639,0.0,0.0,72.1311475409836
