from_label,Crops,TreeCrops,Forest,Grassland,Urban,Water,Other
Crops,98.70345154224142,0.0,0.21313125333017585,1.0478953288733646,0.0355218755550293,0.0,0.0
TreeCrops,0.0,100.0,0.0,0.0,0.0,0.0,0.0
Forest,0.17678553389231236,0.0,98.0654611576927,1.7021921406202647,0.05556116779472674,0.0,0.0
Grassland,1.6434366548783026,0.0,2.745995423340961,95.10089452881215,0.499271895152902,0.0,0.010401497815685458
Urban,0.10395010395010396,0.0,0.05197505197505198,0.9355509355509356,98.9085239085239,0.0,0.0
Water,0.0,0.0,0.0,0.0,0.0,100.0,0.0
Other,0.0,0.0,0.0,25.0,0.0,0.0,75.0
