from_label,Crops,TreeCrops,Forest,Grassland,Urban,Water,Other
Crops,98.70681913428724,0.0,0.19756929892833622,1.0417290307130456,0.0478955876189906,0.0,0.005986948452373825
TreeCrops,0.0,92.3076923076923,5.769230769230769,0.0,1.9230769230769231,0.0,0.0
Forest,0.17250392054364871,0.0,98.21223209618401,1.5473078933612128,0.06795608991113435,0.0,0.0
Grassland,1.6559991872396627,0.01015950421619425,2.9462562226963325,94.6967387991466,0.609570252971655,0.0,0.081276033729554
Urban,0.32038446135362436,0.08009611533840609,0.0,1.3616339607529035,98.23788546255507,0.0,0.0
Water,0.0,0.0,0.0,0.0,0.0,100.0,0.0
Other,0.0,0.0,0.0,0.0,0.0,0.0,100.0
