from_label,Crops,TreeCrops,Forest,Grassland,Urban,Water,Other
Crops,98.66837986216564,0.0,0.22777712884008877,1.0688003737881089,0.0350426352061675,0.0,0.0
TreeCrops,0.0,80.0,0.0,20.0,0.0,0.0,0.0
Forest,0.19278299555116166,0.0,98.08699950568463,1.6707859614434009,0.049431537320810674,0.0,0.0
Grassland,1.7543859649122806,0.0,3.2017543859649127,94.57236842105263,0.4605263157894736,0.0,0.010964912280701754
Urban,0.0,0.0,0.11402508551881414,2.1094640820980617,97.77651083238312,0.0,0.0
Water,0.0,0.0,0.0,0.0,0.0,100.0,0.0
Other,0.0,0.0,0.0,25.0,0.0,0.0,75.0
