from_label,Crops,TreeCrops,Forest,Grassland,Urban,Water,Other
Crops,98.60790203327173,0.06353974121996303,0.2541589648798521,1.0397412199630314,0.03465804066543438,0.0,0.0
TreeCrops,0.0,100.0,0.0,0.0,0.0,0.0,0.0
Forest,0.19875896839247625,0.0,98.11906146984681,1.6337017645918168,0.04847779716889665,0.0,0.0
Grassland,1.8202764976958523,0.03456221198156682,3.5599078341013826,94.13594470046083,0.4377880184331797,0.0,0.01152073732718894
Urban,0.06172839506172839,0.0,0.12345679012345678,2.2839506172839505,97.53086419753086,0.0,0.0
Water,0.0,0.0,0.0,0.0,0.0,100.0,0.0
Other,0.0,0.0,0.0,25.0,0.0,0.0,75.0
