from_label,Crops,TreeCrops,Forest,Grassland,Urban,Water,Other
Crops,98.67210853069672,0.0,0.2529317084387216,1.0404690733501956,0.03449068751437112,0.0,0.0
TreeCrops,0.0,100.0,0.0,0.0,0.0,0.0,0.0
Forest,0.20729884780407848,0.0,98.09574314226485,1.6487489755580196,0.048209034373041505,0.0,0.0
Grassland,1.8755128355409685,0.0,3.6806939397491503,93.99835892626889,0.4337123432188489,0.0,0.01172195522213105
Urban,0.06369426751592357,0.0,0.12738853503184713,2.1019108280254777,97.70700636942675,0.0,0.0
Water,0.0,0.0,0.0,0.0,0.0,100.0,0.0
Other,0.0,0.0,0.0,25.0,0.0,0.0,75.0
