from_label,Crops,TreeCrops,Forest,Grassland,Urban,Water,Other
Crops,98.46740589024648,0.0,0.17656614167667206,1.2995268027403064,0.042375874002401295,0.0,0.014125291334133767
TreeCrops,0.0,94.87179487179486,0.0,5.128205128205128,0.0,0.0,0.0
Forest,0.09842009842009841,0.0,98.24397824397825,1.6058016058016058,0.0518000518000518,0.0,0.0
Grassland,1.192163401417257,0.0,2.6594414339308043,95.76490204251772,0.20842017507294708,0.0,0.17507294706127552
Urban,0.18726591760299627,0.0,0.33707865168539325,2.6217228464419478,96.81647940074907,0.0,0.03745318352059925
Water,0.0,0.0,0.0,0.0,0.0,100.0,0.0
Other,0.0,0.0,0.0,14.285714285714285,0.0,0.0,85.71428571428571
