from_label,Crops,TreeCrops,Forest,Grassland,Urban,Water,Other
Crops,97.94679935132967,0.0,0.2126504545187357,1.7727786671830212,0.052903283807100104,0.0,0.014868243161472578
TreeCrops,0.0,97.55813953488372,0.5813953488372093,1.744186046511628,0.11627906976744186,0.0,0.0
Forest,0.10590415673815197,0.0002595690116131176,98.23337330696113,1.6101065790361684,0.049318112206492334,0.0,0.0010382760464524704
Grassland,1.2722527332392497,0.001275228265859589,2.6503494125448457,95.65274684168466,0.2971281859452842,0.0,0.1262475983200993
Urban,0.19837146473711056,0.0018892520451153387,0.3608471406170297,1.125994218888742,98.30911941962177,0.0,0.0037785040902306773
Water,0.0,0.0,0.0,0.0,0.0,100.0,0.0
Other,0.07163323782234957,0.0,0.07163323782234957,20.34383954154728,0.0,0.0,79.51289398280802
