from_label,Crops,TreeCrops,Forest,Grassland,Urban,Water,Other
Crops,92.30436929153295,0.0,0.635645519624784,6.856331769933349,0.15428289311281165,0.0,0.049370525796099726
TreeCrops,0.0,96.22641509433963,1.8867924528301887,1.8867924528301887,0.0,0.0,0.0
Forest,0.08366888040579407,0.0,98.2324949014276,1.6420017779637086,0.03660513517753491,0.0,0.005229305025362129
Grassland,1.5927301153019349,0.0,2.3842094977525896,95.66152042212234,0.19542700801250734,0.0,0.16611295681063123
Urban,0.15408320493066258,0.0,0.2696456086286595,2.1956856702619416,97.38058551617874,0.0,0.0
Water,0.0,0.0,0.0,0.0,0.0,100.0,0.0
Other,0.0,0.0,0.0,37.142857142857146,0.0,0.0,62.857142857142854
