from_label,Crops,TreeCrops,Forest,Grassland,Urban,Water,Other
Crops,98.70440026270225,0.0,0.21493820526598603,1.0388679921189323,0.041793539912830614,0.0,0.0
TreeCrops,0.0,98.18181818181819,0.0,0.0,1.8181818181818181,0.0,0.0
Forest,0.21119868129603875,0.0,98.07345593159224,1.6535311389275227,0.061814248184206465,0.0,0.0
Grassland,1.640346408558329,0.0,2.6286296484971983,95.12990320937341,0.5705552725420275,0.0,0.030565461029037188
Urban,0.045413260672116255,0.0,0.0,0.4087193460490463,99.54586739327884,0.0,0.0
Water,0.0,0.0,0.0,0.0,0.0,100.0,0.0
Other,0.0,0.0,0.0,18.181818181818183,0.0,0.0,81.81818181818183
