from_label,Crops,TreeCrops,Forest,Grassland,Urban,Water,Other
Crops,98.59906604402934,0.0,0.2122627206016132,1.128024743768573,0.05458184244041482,0.0,0.006064649160046092
TreeCrops,0.0,94.91525423728814,1.694915254237288,1.694915254237288,1.694915254237288,0.0,0.0
Forest,0.16214237146294264,0.0,98.22166431298707,1.5481981275171297,0.0679951880328469,0.0,0.0
Grassland,1.648186994306263,0.0,2.9167915293177504,94.70582359404655,0.6492857856358006,0.0,0.079912096693637
Urban,0.27613412228796846,0.03944773175542406,0.4733727810650888,2.564102564102564,96.64694280078896,0.0,0.0
Water,0.0,0.0,0.0,0.0,0.0,100.0,0.0
Other,0.0,0.0,0.0,34.375,0.0,0.0,65.625
