from_label,Crops,TreeCrops,Forest,Grassland,Urban,Water,Other
Crops,98.69610570236439,0.0,0.23759851645804358,1.0315252665739454,0.03477051460361613,0.0,0.0
TreeCrops,0.0,100.0,0.0,0.0,0.0,0.0,0.0
Forest,0.19960079840319359,0.0,98.07701669831069,1.6746993817243563,0.048683121561754535,0.0,0.0
Grassland,1.8231540565177755,0.0,3.3500455788514127,94.37101185050136,0.44439380127620787,0.0,0.011394712853236098
Urban,0.0,0.0,0.06049606775559589,2.4198427102238353,97.51966122202057,0.0,0.0
Water,0.0,0.0,0.0,0.0,0.0,100.0,0.0
Other,0.0,0.0,0.0,25.0,0.0,0.0,75.0
