from_label,Crops,TreeCrops,Forest,Grassland,Urban,Water,Other
Crops,98.76196172248804,0.0,0.19736842105263158,0.9988038277511962,0.041866028708133975,0.0,0.0
TreeCrops,0.0,96.36363636363636,0.0,0.0,3.6363636363636362,0.0,0.0
Forest,0.17107309486780717,0.0,98.08190772420944,1.6796267496111974,0.06739243131156039,0.0,0.0
Grassland,1.618155912884185,0.01017708121310808,2.7071036026867494,95.01323020557703,0.6004477915733768,0.0,0.05088540606554041
Urban,0.0,0.0,0.042716787697565144,0.08543357539513029,99.8718496369073,0.0,0.0
Water,0.0,0.0,0.0,0.0,0.0,100.0,0.0
Other,0.0,0.0,0.0,15.384615384615385,0.0,0.0,84.61538461538461
