from_label,Crops,TreeCrops,Forest,Grassland,Urban,Water,Other
Crops,98.55093154400743,0.0,0.16418016989078452,1.2277821400528233,0.04282960953672639,0.0,0.01427653651224213
TreeCrops,0.0,100.0,0.0,0.0,0.0,0.0,0.0
Forest,0.09313877677739833,0.0,98.24588637069233,1.6092310876539377,0.0517437648763324,0.0,0.0
Grassland,1.1697833429442295,0.0,2.6608452096548314,95.61743141939203,0.43660927588763493,0.0,0.11533075212126205
Urban,0.1889644746787604,0.0,0.3779289493575208,1.8518518518518516,97.58125472411187,0.0,0.0
Water,0.0,0.0,0.0,0.0,0.0,100.0,0.0
Other,0.0,0.0,0.0,10.227272727272728,0.0,0.0,89.77272727272727
