from_label,Crops,TreeCrops,Forest,Grassland,Urban,Water,Other
Crops,99.83894582723279,0.0,0.07320644216691069,0.08784773060029283,0.0,0.0,0.0
TreeCrops,0.0,0.0,0.0,0.0,0.0,0.0,0.0
Forest,0.11916715400147855,0.0,99.51266518811124,0.36816765788728406,0.0,0.0,0.0
Grassland,0.06621983194480488,0.0,0.10917323644954316,99.8237120690118,0.0008948625938487145,0.0,0.0
Urban,0.0,0.0,0.0,0.0,100.0,0.0,0.0
Water,0.0,0.0,0.0,0.0,0.0,100.0,0.0
Other,0.0,0.0,0.17421602787456447,0.0,0.0,0.0,99.82578397212544
