from_label,Crops,TreeCrops,Forest,Grassland,Urban,Water,Other
Crops,99.8293789393392,0.0,0.01806575936408527,0.1505479947007106,0.0,0.0,0.0020073065960094748
TreeCrops,0.0,100.0,0.0,0.0,0.0,0.0,0.0
Forest,0.04708126346795758,0.0,98.14874057620223,1.7770158929444502,0.0012072118837937842,0.0,0.02595505550156636
Grassland,0.004412794898809097,0.0,0.1274194527031127,99.86596135494867,0.0,0.0,0.0022063974494045484
Urban,0.0,0.0,0.0,0.0,100.0,0.0,0.0
Water,0.0,0.0,0.0,0.0,0.0,100.0,0.0
Other,0.0,0.0,0.0,0.1998001998001998,0.0,0.0,99.80019980019979
