from_label,Crops,TreeCrops,Forest,Grassland,Urban,Water,Other
Crops,99.84506567867969,0.0,0.10104412260020208,0.05389019872010778,0.0,0.0,0.0
TreeCrops,0.0,0.0,0.0,0.0,0.0,0.0,0.0
Forest,0.06532027946383892,0.0,99.62717782013621,0.30750190039994346,0.0,0.0,0.0
Grassland,0.33733941152092833,0.0,0.12018234562784914,99.54082055532533,0.0016576875259013675,0.0,0.0
Urban,0.0,0.0,0.0,0.0,100.0,0.0,0.0
Water,0.0,0.0,0.0,0.0,0.0,100.0,0.0
Other,0.0,0.0,0.0,0.0,0.0,0.0,100.0
