from_label,Crops,TreeCrops,Forest,Grassland,Urban,Water,Other
Crops,99.8280520756571,0.0,0.058953574060427415,0.1105379513633014,0.0,0.0,0.0024563989191844758
TreeCrops,0.0,100.0,0.0,0.0,0.0,0.0,0.0
Forest,0.4606297337207641,0.0,98.38803410660697,1.1460963178202257,0.0,0.0,0.00523984185204592
Grassland,0.045763151783396856,0.0,0.05600863352594839,99.89617911834215,0.0,0.0,0.002049096348510307
Urban,0.0,0.0,0.0,0.0,100.0,0.0,0.0
Water,0.0,0.0,0.0,0.0,0.0,100.0,0.0
Other,0.0,0.0,0.0,0.0,0.0,0.0,100.0
