from_label,Crops,TreeCrops,Forest,Grassland,Urban,Water,Other
Crops,99.8582291532414,0.0,0.1353267173604846,0.0032220646990591575,0.0,0.0,0.0032220646990591575
TreeCrops,0.0,100.0,0.0,0.0,0.0,0.0,0.0
Forest,0.7627283536914928,0.0,99.15295643714192,0.08085612366230678,0.0,0.0,0.003459085504269809
Grassland,0.05041032522073051,0.0,0.02001586442587829,99.92809115372924,0.0,0.0,0.0014826566241391325
Urban,0.0,0.0,0.0,0.0,100.0,0.0,0.0
Water,0.0,0.0,0.0,0.0,0.0,100.0,0.0
Other,0.0,0.0,0.0,0.0,0.0,0.0,100.0
