from_label,Crops,TreeCrops,Forest,Grassland,Urban,Water,Other
Crops,99.84288493191681,0.0,0.0822983689959599,0.07481669908723627,0.0,0.0,0.0
TreeCrops,0.0,0.0,0.0,0.0,0.0,0.0,0.0
Forest,0.07804399042953507,0.0,99.5705748507821,0.3513811587883762,0.0,0.0,0.0
Grassland,0.09188444180201605,0.0,0.11260348260050987,99.79371041987586,0.0018016557216081579,0.0,0.0
Urban,0.0,0.0,0.0,0.0,100.0,0.0,0.0
Water,0.0,0.0,0.0,0.0,0.0,100.0,0.0
Other,0.0,0.0,0.0,0.0,0.0,0.0,100.0
