from_label,Crops,TreeCrops,Forest,Grassland,Urban,Water,Other
Crops,99.82552232872477,0.0,0.07288307787446442,0.09938601528336057,0.0,0.0,0.0022085781174080127
TreeCrops,0.0,100.0,0.0,0.0,0.0,0.0,0.0
Forest,0.2987242414721955,0.0,98.3307495403252,1.356105047924639,0.0,0.0,0.014421170277968059
Grassland,0.04952066535458066,0.0,0.06666243413116628,99.88191225953908,0.0,0.0,0.0019046409751761794
Urban,0.0,0.0,0.0,0.0,100.0,0.0,0.0
Water,0.0,0.0,0.0,0.0,0.0,100.0,0.0
Other,0.0,0.0,0.0,0.0,0.0,0.0,100.0
