from_label,Crops,TreeCrops,Forest,Grassland,Urban,Water,Other
Crops,99.83168847066024,0.0,0.07650524060898171,0.09180628873077806,0.0,0.0,0.0
TreeCrops,0.0,0.0,0.0,0.0,0.0,0.0,0.0
Forest,0.04764866565549651,0.0,99.58098272644938,0.37136860789512927,0.0,0.0,0.0
Grassland,0.035681610247026534,0.0,0.10247026532479414,99.86093321134493,0.0009149130832570905,0.0,0.0
Urban,0.0,0.0,0.0,0.0,100.0,0.0,0.0
Water,0.0,0.0,0.0,0.0,0.0,100.0,0.0
Other,0.0,0.0,0.0,0.0,0.0,0.0,100.0
