from_label,Crops,TreeCrops,Forest,Grassland,Urban,Water,Other
Crops,99.84859954579863,0.0,0.05505471061867731,0.0963457435826853,0.0,0.0,0.0
TreeCrops,0.0,0.0,0.0,0.0,0.0,0.0,0.0
Forest,0.026555358572144548,0.0,99.54631478946463,0.42675583282840746,0.00037401913481893733,0.0,0.0
Grassland,0.009532723239046035,0.0,0.08752773155851358,99.90207293399888,0.0008666112035496396,0.0,0.0
Urban,0.0,0.0,0.0,0.0,100.0,0.0,0.0
Water,0.0,0.0,0.0,0.0,0.0,100.0,0.0
Other,0.0,0.0,0.0,0.0,0.0,0.0,100.0
