from_label,Crops,TreeCrops,Forest,Grassland,Urban,Water,Other
Crops,99.81800766283526,0.0,0.11015325670498084,0.07183908045977011,0.0,0.0,0.0
TreeCrops,0.0,0.0,0.0,0.0,0.0,0.0,0.0
Forest,0.47632068032224956,0.0,99.17258104782624,0.3510982718515084,0.0,0.0,0.0
Grassland,0.19590454692034828,0.0,0.08061915511125443,99.72186391486618,0.0008061915511125443,0.0,0.0008061915511125443
Urban,0.0,0.0,0.0,0.0,100.0,0.0,0.0
Water,0.0,0.0,0.0,0.0,0.0,100.0,0.0
Other,0.0,0.0,0.0,0.0,0.0,0.0,100.0
