from_label,Crops,TreeCrops,Forest,Grassland,Urban,Water,Other
Crops,99.82024308037994,0.0,0.06740884485752222,0.11030538249412725,0.0,0.0,0.002042692268409764
TreeCrops,0.0,100.0,0.0,0.0,0.0,0.0,0.0
Forest,0.49450036197192965,0.0,98.25494500361972,1.2423810747063355,0.0,0.0,0.008173559702015366
Grassland,0.04700126280501271,0.0,0.08664088203815597,99.86465901433256,0.0,0.0,0.001698840824277568
Urban,0.0,0.0,0.0,0.0,100.0,0.0,0.0
Water,0.0,0.0,0.0,0.0,0.0,100.0,0.0
Other,0.10515247108307045,0.0,0.0,0.0,0.0,0.0,99.89484752891693
