from_label,Crops,TreeCrops,Forest,Grassland,Urban,Water,Other
Crops,99.82161060142711,0.0,0.1383427988932576,0.040046599679627204,0.0,0.0,0.0
TreeCrops,0.0,100.0,0.0,0.0,0.0,0.0,0.0
Forest,0.7404649273498125,0.0,98.96884969831343,0.2813766723929288,0.004231228156284643,0.0,0.005077473787541572
Grassland,0.04870592114136706,0.0,0.022479655911400182,99.92806510108352,0.0,0.0,0.0007493218637133394
Urban,0.0,0.0,0.0,0.0,100.0,0.0,0.0
Water,0.0,0.0,0.0,0.0,0.0,100.0,0.0
Other,0.0,0.0,0.0,0.0,0.0,0.0,100.0
