from_label,Crops,TreeCrops,Forest,Grassland,Urban,Water,Other
Crops,99.85744008630654,0.0,0.06935347152654697,0.07320644216691069,0.0,0.0,0.0
TreeCrops,0.0,100.0,0.0,0.0,0.0,0.0,0.0
Forest,0.2042977577278754,0.0,99.3191464523069,0.47655578996522774,0.0,0.0,0.0
Grassland,0.0593589236248516,0.0,0.07001308940367112,99.86986697513012,0.0007610118413442512,0.0,0.0
Urban,0.0,0.0,0.0,0.0,100.0,0.0,0.0
Water,0.0,0.0,0.0,0.0,0.0,100.0,0.0
Other,0.0,0.0,0.0,1.0507880910683012,0.0,0.0,98.9492119089317
