from_label,Crops,TreeCrops,Forest,Grassland,Urban,Water,Other
Crops,99.8216547339037,0.0,0.06720256403628938,0.1085579880586213,0.0,0.0,0.0025847140013957456
TreeCrops,0.0,100.0,0.0,0.0,0.0,0.0,0.0
Forest,0.4710185082566774,0.0,98.42993830581108,1.0925782260149988,0.00138534855369611,0.0,0.005079611363552403
Grassland,0.04089056837890047,0.0,0.0472356565756264,99.90975874564656,0.0,0.0,0.002115029398908645
Urban,0.0,0.0,0.0,0.0,100.0,0.0,0.0
Water,0.0,0.0,0.0,0.0,0.0,100.0,0.0
Other,0.0,0.0,0.0,0.0,0.0,0.0,100.0
