from_label,Crops,TreeCrops,Forest,Grassland,Urban,Water,Other
Crops,99.82844188468843,0.0,0.09803320874946389,0.07352490656209791,0.0,0.0,0.0
TreeCrops,0.0,0.0,0.0,0.0,0.0,0.0,0.0
Forest,0.11804963485627651,0.0,99.53513133986336,0.3468190252803679,0.0,0.0,0.0
Grassland,0.1766015294513853,0.0,0.08460445364415202,99.7379726144419,0.0008214024625645828,0.0,0.0
Urban,0.0,0.0,0.0,0.0,100.0,0.0,0.0
Water,0.0,0.0,0.0,0.0,0.0,100.0,0.0
Other,0.0,0.0,0.0,0.0,0.0,0.0,100.0
