from_label,Crops,TreeCrops,Forest,Grassland,Urban,Water,Other
Crops,99.82970775653702,0.0,0.1043726653482751,0.06591957811470006,0.0,0.0,0.0
TreeCrops,0.0,0.0,0.0,0.0,0.0,0.0,0.0
Forest,0.42821955132584116,0.0,99.22007049813215,0.35170995054200804,0.0,0.0,0.0
Grassland,0.17657780815675553,0.0,0.08218598444162353,99.74042248478338,0.0008137226182338965,0.0,0.0
Urban,0.0,0.0,0.0,0.0,100.0,0.0,0.0
Water,0.0,0.0,0.0,0.0,0.0,100.0,0.0
Other,0.0,0.0,0.0,0.0,0.0,0.0,100.0
