from_label,Crops,TreeCrops,Forest,Grassland,Urban,Water,Other
Crops,99.85064494229464,0.0,0.04752206381534284,0.10183299389002036,0.0,0.0,0.0
TreeCrops,0.0,0.0,0.0,0.0,0.0,0.0,0.0
Forest,0.02916246903854748,0.0,99.53529416220393,0.4355433687575273,0.0,0.0,0.0
Grassland,0.009281447230753652,0.0,0.08859563265719396,99.90127915218198,0.0008437679300685139,0.0,0.0
Urban,0.0,0.0,0.0,0.0,100.0,0.0,0.0
Water,0.0,0.0,0.0,0.0,0.0,100.0,0.0
Other,0.0,0.0,0.0,0.0,0.0,0.0,100.0
