from_label,Crops,TreeCrops,Forest,Grassland,Urban,Water,Other
Crops,99.8335728875104,0.0,0.07564868749527195,0.09077842499432635,0.0,0.0,0.0
TreeCrops,0.0,0.0,0.0,0.0,0.0,0.0,0.0
Forest,0.03979569111241735,0.0,99.59656661762183,0.36363769126575857,0.0,0.0,0.0
Grassland,0.054455849919677626,0.0,0.10800410234069395,99.83663245024097,0.0009075974986612937,0.0,0.0
Urban,0.0,0.0,0.0,0.0,100.0,0.0,0.0
Water,0.0,0.0,0.0,0.0,0.0,100.0,0.0
Other,0.0,0.0,0.0,0.0,0.0,0.0,100.0
