from_label,Crops,TreeCrops,Forest,Grassland,Urban,Water,Other
Crops,99.8331357309094,0.004391164976068151,0.07025863961709042,0.09221446449743116,0.0,0.0,0.0
TreeCrops,0.0,0.0,0.0,0.0,0.0,0.0,0.0
Forest,0.1888096156318293,0.01406029052577452,99.34760251960407,0.44952757423833395,0.0,0.0,0.0
Grassland,0.0605249745158002,0.0,0.07247069317023445,99.86620795107034,0.0007963812436289501,0.0,0.0
Urban,0.0,0.0,0.0,0.0,100.0,0.0,0.0
Water,0.0,0.0,0.0,0.0,0.0,100.0,0.0
Other,0.0,0.0,0.0,0.0,0.0,0.0,100.0
