from_label,Crops,TreeCrops,Forest,Grassland,Urban,Water,Other
Crops,99.84236858337331,0.0,0.04797477897333973,0.10965663765334795,0.0,0.0,0.0
TreeCrops,0.0,0.0,0.0,0.0,0.0,0.0,0.0
Forest,0.027792174624993428,0.0,99.54330696832443,0.4289008570505743,0.0,0.0,0.0
Grassland,0.009447412267894258,0.0,0.08932098871463662,99.90037274335674,0.0008588556607176597,0.0,0.0
Urban,0.0,0.0,0.0,0.0,100.0,0.0,0.0
Water,0.0,0.0,0.0,0.0,0.0,100.0,0.0
Other,0.0,0.0,0.0,0.0,0.0,0.0,100.0
