from_label,Crops,TreeCrops,Forest,Grassland,Urban,Water,Other
Crops,99.82752468181278,0.0,0.10705364577138099,0.06542167241584394,0.0,0.0,0.0
TreeCrops,0.0,0.0,0.0,0.0,0.0,0.0,0.0
Forest,0.4579141275418689,0.0,99.19884397990137,0.34285448635749066,0.0003874061992740008,0.0,0.0
Grassland,0.1937303306494462,0.0,0.08174275554828954,99.7228920586913,0.0008174275554828953,0.0,0.0008174275554828953
Urban,0.0,0.0,0.0,0.0,100.0,0.0,0.0
Water,0.0,0.0,0.0,0.0,0.0,100.0,0.0
Other,0.0,0.0,0.0,0.0,0.0,0.0,100.0
