from_label,Crops,TreeCrops,Forest,Grassland,Urban,Water,Other
Crops,99.5891012765148,0.0006793585949052635,0.07982463490136846,0.32394082333732643,0.00033967929745263176,0.0,0.006114227354147371
TreeCrops,0.0,85.06493506493507,10.38961038961039,4.545454545454546,0.0,0.0,0.0
Forest,0.4205119420329133,0.0004602185782569733,98.35034650623788,1.2205252372362851,0.0004602185782569733,0.0,0.007695877336408275
Grassland,0.03898304491921511,3.179693712823418e-05,0.06922193212816581,99.8898554097878,0.0,0.0,0.0019078162276940512
Urban,0.0,0.0,0.0,0.0,100.0,0.0,0.0
Water,0.0,0.0,0.0,0.0,0.0,100.0,0.0
Other,0.05481120584652862,0.0,0.0,0.03654080389768575,0.0,0.0,99.90864799025579
