from_label,Crops,TreeCrops,Forest,Grassland,Urban,Water,Other
Crops,99.85443959243085,0.10823722614115629,0.02239390885679095,0.0037323181427984923,0.0037323181427984923,0.0,0.007464636285596985
TreeCrops,0.016937669376693765,98.32317073170732,1.0162601626016259,0.6266937669376694,0.016937669376693765,0.0,0.0
Forest,0.1037967768369298,0.04916689429117728,99.62851679868888,0.19120458891013384,0.010925976509150505,0.0,0.01638896476372576
Grassland,0.08540520022774721,0.0,0.11387360030366293,99.78174226608465,0.00948946669197191,0.0,0.00948946669197191
Urban,0.0,0.0,0.0,0.0,100.0,0.0,0.0
Water,0.0,0.0,0.0,0.0,0.0,100.0,0.0
Other,0.08190008190008191,0.0,0.0,0.0,0.0,0.0,99.91809991809993
