from_label,Crops,TreeCrops,Forest,Grassland,Urban,Water,Other
Crops,99.87846101257169,0.10634661399977212,0.0037980933571347187,0.0037980933571347187,0.0037980933571347187,0.0,0.0037980933571347187
TreeCrops,0.0,99.89821882951654,0.05089058524173028,0.033927056827820185,0.016963528413910092,0.0,0.0
Forest,0.25012234245011145,0.0598118644989397,99.62481648632483,0.05437442227176336,0.010874884454352673,0.0,0.0
Grassland,0.5780346820809248,0.009175153683824204,0.11927699788971464,99.26598770529407,0.018350307367648408,0.0,0.009175153683824204
Urban,0.0,0.0,0.0,0.0,100.0,0.0,0.0
Water,0.0,0.0,0.0,0.0,0.0,100.0,0.0
Other,0.6354249404289118,0.0,0.0,0.15885623510722796,0.0,0.0,99.20571882446386
