from_label,Crops,TreeCrops,Forest,Grassland,Urban,Water,Other
Crops,99.97271806064386,0.0,0.007794839816041781,0.0038974199080208903,0.011692259724062671,0.0,0.0038974199080208903
TreeCrops,0.0,100.0,0.0,0.0,0.0,0.0,0.0
Forest,0.33014516677186,0.0,99.49021702189638,0.16021750740399088,0.014565227945817353,0.0,0.004855075981939117
Grassland,0.4380032206119162,0.0,0.07085346215780998,99.49114331723027,0.0,0.0,0.0
Urban,0.0,0.0,0.0,0.0,100.0,0.0,0.0
Water,0.0,0.0,0.0,0.0,0.0,100.0,0.0
Other,0.0,0.0,0.0,0.09199632014719411,0.0,0.0,99.90800367985281
