from_label,Crops,TreeCrops,Forest,Grassland,Urban,Water,Other
Crops,98.48897058823529,0.007352941176470587,0.04044117647058824,1.25,0.02941176470588235,0.0,0.1838235294117647
TreeCrops,0.0,100.0,0.0,0.0,0.0,0.0,0.0
Forest,0.08397135095085206,0.0,99.46653494690047,0.4050382810570511,0.004939491232403063,0.0,0.0395159298592245
Grassland,0.4142676590366522,0.0,0.014042971492767871,99.54360342648503,0.0,0.0,0.028085942985535742
Urban,0.0,0.0,0.0,0.0,100.0,0.0,0.0
Water,0.0,0.0,0.0,0.0,0.0,100.0,0.0
Other,0.08818342151675485,0.0,0.0,0.08818342151675485,0.0,0.0,99.82363315696648
