from_label,Crops,TreeCrops,Forest,Grassland,Urban,Water,Other
Crops,99.92377131394183,0.0,0.00802407221664995,0.028084252758274822,0.0320962888665998,0.0,0.00802407221664995
TreeCrops,0.0,0.0,0.0,0.0,0.0,0.0,0.0
Forest,0.11671335200746966,0.0,99.28415810768752,0.5291005291005291,0.027233115468409588,0.0,0.0427948957360722
Grassland,0.01688761293591151,0.0,0.11821329055138056,99.8480114835768,0.008443806467955756,0.0,0.008443806467955756
Urban,0.0,0.0,0.0,0.0,100.0,0.0,0.0
Water,0.0,0.0,0.0,0.0,0.0,100.0,0.0
Other,0.0,0.0,0.0,0.0,0.0,0.0,100.0
