from_label,Crops,TreeCrops,Forest,Grassland,Urban,Water,Other
Crops,99.9319459866041,0.00358179017873133,0.01432716071492532,0.04656327232350729,0.00358179017873133,0.0,0.0
TreeCrops,0.0,100.0,0.0,0.0,0.0,0.0,0.0
Forest,0.36401715368505033,0.0,99.54622519198165,0.07479804527775008,0.014959609055550016,0.0,0.0
Grassland,0.6639126586013573,0.0,0.11065210976689288,99.18855119504279,0.014753614635585718,0.0,0.02213042195337858
Urban,0.0,0.0,0.0,0.0,100.0,0.0,0.0
Water,0.0,0.0,0.0,0.0,0.0,100.0,0.0
Other,0.0,0.0,0.0,0.0,0.0,0.0,100.0
