from_label,Crops,TreeCrops,Forest,Grassland,Urban,Water,Other
Crops,99.92091423148405,0.0,0.011862865277393332,0.05140574953537111,0.0039542884257977775,0.0,0.011862865277393332
TreeCrops,0.0,100.0,0.0,0.0,0.0,0.0,0.0
Forest,0.2045655307080757,0.0,98.9120833139616,0.8043144730112975,0.0232460830350086,0.0,0.055790599284020644
Grassland,0.046446818392940084,0.0,0.11943467586756021,99.81421272642824,0.006635259770420012,0.0,0.013270519540840024
Urban,0.0,0.0,0.0,0.0,100.0,0.0,0.0
Water,0.0,0.0,0.0,0.0,0.0,100.0,0.0
Other,0.0,0.0,0.0,0.19230769230769232,0.0,0.0,99.8076923076923
