from_label,Crops,TreeCrops,Forest,Grassland,Urban,Water,Other
Crops,99.17589891631275,0.575094841527742,0.029472665991566283,0.1828816710245908,0.006801384459592219,0.0,0.02985052068376585
TreeCrops,0.0017757888942162557,99.55072540976329,0.1988883561522206,0.22552518956546444,0.019533677836378813,0.0,0.0035515777884325113
Forest,0.20279160969065246,0.43525374751670576,99.20276580923141,0.14216053045744215,0.00877215614437937,0.0,0.008256146959415877
Grassland,1.812328465716304,0.5689823553707842,0.1358763833721276,97.44575560007566,0.021616697354656662,0.0,0.015440498110469042
Urban,0.0,0.0,0.0,0.0,100.0,0.0,0.0
Water,0.0,0.0,0.0,0.0,0.0,100.0,0.0
Other,0.29063732613659954,0.004151961801951422,0.0,0.04982354162341707,0.004151961801951422,0.0,99.65123520863608
