from_label,Crops,TreeCrops,Forest,Grassland,Urban,Water,Other
Crops,99.96022117029317,0.0,0.0,0.02784518079478102,0.003977882970683003,0.0,0.007955765941366006
TreeCrops,0.0,0.0,0.0,0.0,0.0,0.0,0.0
Forest,0.2072717851282494,0.0,99.05864064254254,0.6434061663356075,0.04318162190171863,0.0,0.04749978409189049
Grassland,0.050776149717104306,0.0,0.13056724212969678,99.80414913680545,0.007253735673872045,0.0,0.007253735673872045
Urban,0.0,0.0,0.0,0.0,100.0,0.0,0.0
Water,0.0,0.0,0.0,0.0,0.0,100.0,0.0
Other,0.10964912280701754,0.0,0.0,0.10964912280701754,0.0,0.0,99.78070175438597
