from_label,Crops,TreeCrops,Forest,Grassland,Urban,Water,Other
Crops,99.93680884676145,0.0,0.0,0.047393364928909956,0.011848341232227489,0.0,0.0039494470774091624
TreeCrops,0.0,100.0,0.0,0.0,0.0,0.0,0.0
Forest,0.12678437265214126,0.0,98.98572501878287,0.8123591284748309,0.014087152516904582,0.0,0.0610443275732532
Grassland,0.032827785437594376,0.0,0.11161447048782089,99.83586107281202,0.006565557087518876,0.0,0.013131114175037753
Urban,0.0,0.0,0.0,0.0,100.0,0.0,0.0
Water,0.0,0.0,0.0,0.0,0.0,100.0,0.0
Other,0.0,0.0,0.0,0.18957345971563982,0.0,0.0,99.81042654028435
