from_label,Crops,TreeCrops,Forest,Grassland,Urban,Water,Other
Crops,91.38010904037344,8.559312974379075,0.014253643587642091,0.03919751986601575,0.0035634108969105228,0.0,0.0035634108969105228
TreeCrops,0.0,100.0,0.0,0.0,0.0,0.0,0.0
Forest,0.28025222700430386,5.910319287358623,93.68431588429587,0.10009008107296567,0.020018016214593135,0.0,0.005004504053648284
Grassland,0.5566275790411163,8.393943891940033,0.0890604126465786,90.93068131215675,0.02226510316164465,0.0,0.0074217010538815496
Urban,0.0,0.0,0.0,0.0,100.0,0.0,0.0
Water,0.0,0.0,0.0,0.0,0.0,100.0,0.0
Other,0.23866348448687352,0.0,0.0,0.0,0.0,0.0,99.76133651551312
