from_label,Crops,TreeCrops,Forest,Grassland,Urban,Water,Other
Crops,99.87949084883634,0.0037659109738645774,0.01882955486932289,0.09038186337274987,0.0037659109738645774,0.0,0.0037659109738645774
TreeCrops,0.0,100.0,0.0,0.0,0.0,0.0,0.0
Forest,0.4766396901842013,0.04964996772752097,99.46874534531553,0.004964996772752098,0.0,0.0,0.0
Grassland,8.75799394143386,0.013463480309660046,0.10097610232245036,91.08717603500504,0.02019522046449007,0.0,0.02019522046449007
Urban,0.0,0.0,0.0,0.0,100.0,0.0,0.0
Water,0.0,0.0,0.0,0.0,0.0,100.0,0.0
Other,0.0,0.0,0.0,0.0,0.0,0.0,100.0
