from_label,Crops,TreeCrops,Forest,Grassland,Urban,Water,Other
Crops,99.95966766153101,0.0,0.0040332338468984435,0.0282326369282891,0.0040332338468984435,0.0,0.0040332338468984435
TreeCrops,0.0,0.0,0.0,0.0,0.0,0.0,0.0
Forest,0.19087612139721322,0.0,99.3357510975377,0.3932048100782592,0.0419927467073869,0.0,0.038175224279442636
Grassland,0.04326382279138185,0.0,0.10383317469931644,99.83559747339274,0.008652764558276368,0.0,0.008652764558276368
Urban,0.0,0.0,0.0,0.0,100.0,0.0,0.0
Water,0.0,0.0,0.0,0.0,0.0,100.0,0.0
Other,0.0,0.0,0.0,0.14903129657228018,0.0,0.0,99.85096870342772
