from_label,Crops,TreeCrops,Forest,Grassland,Urban,Water,Other
Crops,99.93961109545472,0.0,0.00805185393936954,0.02818148878779339,0.01610370787873908,0.0,0.00805185393936954
TreeCrops,0.0,0.0,0.0,0.0,0.0,0.0,0.0
Forest,0.254846256684492,0.0,99.10177139037432,0.5640040106951871,0.03342245989304812,0.0,0.04595588235294117
Grassland,0.06717921922818541,0.0,0.07464357692020601,99.85817720385161,0.0,0.0,0.0
Urban,0.0,0.0,0.0,0.0,100.0,0.0,0.0
Water,0.0,0.0,0.0,0.0,0.0,100.0,0.0
Other,0.1141552511415525,0.0,0.0,0.0,0.0,0.0,99.88584474885845
