from_label,Crops,TreeCrops,Forest,Grassland,Urban,Water,Other
Crops,99.89172640382318,0.10080645161290322,0.0,0.0,0.0,0.0,0.007467144563918757
TreeCrops,0.0,99.96577100804382,0.0,0.017114495978093443,0.017114495978093443,0.0,0.0
Forest,0.10374010374010374,0.3166803166803167,99.38301938301937,0.17472017472017473,0.01638001638001638,0.0,0.00546000546000546
Grassland,0.07555723460521345,0.34000755572346053,0.1038911975821685,99.4522100491122,0.009444654325651681,0.0,0.018889308651303362
Urban,0.0,0.0,0.0,0.0,100.0,0.0,0.0
Water,0.0,0.0,0.0,0.0,0.0,100.0,0.0
Other,0.08156606851549755,0.0,0.0,0.0,0.0,0.0,99.9184339314845
