from_label,Crops,TreeCrops,Forest,Grassland,Urban,Water,Other
Crops,99.95955056179776,0.0,0.008988764044943821,0.03146067415730337,0.0,0.0,0.0
TreeCrops,0.0,0.0,0.0,0.0,0.0,0.0,0.0
Forest,0.4558445787055461,0.0,99.54053760717775,0.0036178141167106832,0.0,0.0,0.0
Grassland,17.603143418467585,0.0,0.19646365422396855,82.06679764243616,0.11787819253438114,0.0,0.015717092337917484
Urban,0.0,0.0,0.0,0.0,100.0,0.0,0.0
Water,0.0,0.0,0.0,0.0,0.0,100.0,0.0
Other,1.4598540145985401,0.0,0.43795620437956206,0.145985401459854,0.145985401459854,0.0,97.8102189781022
