from_label,Crops,TreeCrops,Forest,Grassland,Urban,Water,Other
Crops,99.95263656457215,0.007893905904641616,0.011840858856962426,0.019734764761604042,0.007893905904641616,0.0,0.0
TreeCrops,0.0,100.0,0.0,0.0,0.0,0.0,0.0
Forest,0.7584016684836706,0.023700052140114707,98.96193771626297,0.2180404796890553,0.018960041712091768,0.0,0.018960041712091768
Grassland,0.19489378288832587,0.006496459429610862,0.03248229714805431,99.7596310011044,0.0,0.0,0.006496459429610862
Urban,0.0,0.0,0.0,0.0,100.0,0.0,0.0
Water,0.0,0.0,0.0,0.0,0.0,100.0,0.0
Other,0.2806361085126286,0.0,0.0,0.0,0.0,0.0,99.71936389148736
