from_label,Crops,TreeCrops,Forest,Grassland,Urban,Water,Other
Crops,99.96830804579487,0.0,0.007922988551281544,0.015845977102563087,0.003961494275640772,0.0,0.003961494275640772
TreeCrops,0.0,0.0,0.0,0.0,0.0,0.0,0.0
Forest,0.20825025477424786,0.0,99.01634986042802,0.6779210421374452,0.04430856484558465,0.0,0.05317027781470158
Grassland,0.049306191448897654,0.0,0.13383109107557933,99.80981897583997,0.0,0.0,0.007043741635556808
Urban,0.0,0.0,0.0,0.0,100.0,0.0,0.0
Water,0.0,0.0,0.0,0.0,0.0,100.0,0.0
Other,0.0,0.0,0.0,0.0,0.0,0.0,100.0
