from_label,Crops,TreeCrops,Forest,Grassland,Urban,Water,Other
Crops,99.90251431820951,0.0,0.0,0.09342377838255006,0.00406190340793696,0.0,0.0
TreeCrops,0.0,0.0,0.0,0.0,0.0,0.0,0.0
Forest,0.01839520253117987,0.0,99.2347595747029,0.7468452227659027,0.0,0.0,0.0
Grassland,0.08336420896628381,0.0,0.24082993701370878,99.58317895516858,0.08336420896628381,0.0,0.009262689885142646
Urban,0.0,0.0,0.0,0.0,100.0,0.0,0.0
Water,0.0,0.0,0.0,0.0,0.0,100.0,0.0
Other,0.14992503748125938,0.0,0.0,0.14992503748125938,0.0,0.0,99.70014992503748
