from_label,Crops,TreeCrops,Forest,Grassland,Urban,Water,Other
Crops,99.97218358831711,0.0,0.01192131929266839,0.01192131929266839,0.003973773097556129,0.0,0.0
TreeCrops,0.0,0.0,0.0,0.0,0.0,0.0,0.0
Forest,0.5746447829338371,0.0,99.36631636950447,0.051167001220136184,0.007871846341559413,0.0,0.0
Grassland,1.2396694214876034,0.0,0.08433125316242199,98.60853432282003,0.05903187721369539,0.0,0.008433125316242199
Urban,0.0,0.0,0.0,0.0,100.0,0.0,0.0
Water,0.0,0.0,0.0,0.0,0.0,100.0,0.0
Other,0.0,0.0,0.0,0.13966480446927373,0.0,0.0,99.86033519553072
