from_label,Crops,TreeCrops,Forest,Grassland,Urban,Water,Other
Crops,99.93568614840422,0.0,0.01607846289894686,0.03215692579789372,0.012058847174210146,0.0,0.004019615724736715
TreeCrops,0.0,0.0,0.0,0.0,0.0,0.0,0.0
Forest,0.22026431718061676,0.0,99.28510704072959,0.4134786304969472,0.0425071489295927,0.0,0.038642862663266095
Grassland,0.0510986203372509,0.0,0.05961505706012604,99.87225344915687,0.008516436722875149,0.0,0.008516436722875149
Urban,0.0,0.0,0.0,0.0,100.0,0.0,0.0
Water,0.0,0.0,0.0,0.0,0.0,100.0,0.0
Other,0.0,0.0,0.0,0.1447178002894356,0.0,0.0,99.85528219971056
