from_label,Crops,TreeCrops,Forest,Grassland,Urban,Water,Other
Crops,99.95571480333348,0.0,0.00402592696968477,0.024155561818108618,0.01610370787873908,0.0,0.0
TreeCrops,0.0,0.0,0.0,0.0,0.0,0.0,0.0
Forest,0.15748636398555735,0.0,99.35853115157103,0.4071598678650995,0.03841130828916033,0.0,0.03841130828916033
Grassland,0.06867542278307151,0.0,0.08584427847883938,99.82831144304231,0.008584427847883939,0.0,0.008584427847883939
Urban,0.0,0.0,0.0,0.0,100.0,0.0,0.0
Water,0.0,0.0,0.0,0.0,0.0,100.0,0.0
Other,0.1466275659824047,0.0,0.0,0.1466275659824047,0.0,0.0,99.70674486803519
