from_label,Crops,TreeCrops,Forest,Grassland,Urban,Water,Other
Crops,99.78071833648393,0.2155009451795841,0.0037807183364839316,0.0,0.0,0.0,0.0
TreeCrops,0.0,99.92340099578706,0.019149751053236307,0.0,0.038299502106472615,0.0,0.019149751053236307
Forest,0.08620225203383439,0.10775281504229299,99.75755616615484,0.04310112601691719,0.005387640752114649,0.0,0.0
Grassland,0.6805727417359024,0.07070885628424961,0.2739968181014672,98.92168994166519,0.026515821106593604,0.0,0.026515821106593604
Urban,0.0,0.0,0.0,0.0,100.0,0.0,0.0
Water,0.0,0.0,0.0,0.0,0.0,100.0,0.0
Other,0.07955449482895784,0.0,0.0,0.0,0.0,0.0,99.92044550517105
