from_label,Crops,TreeCrops,Forest,Grassland,Urban,Water,Other
Crops,99.6727631343016,0.0,0.008965393580778197,0.24206562668101128,0.03137887753272369,0.0,0.04482696790389098
TreeCrops,0.0,0.0,0.0,0.0,0.0,0.0,0.0
Forest,0.04314374056230676,0.0,99.31329546271662,0.6040123678722945,0.0,0.0,0.03954842884878119
Grassland,0.02395400830405621,0.0,0.12775471095496646,99.82433727243692,0.007984669434685404,0.0,0.015969338869370808
Urban,0.0,0.0,0.0,0.0,100.0,0.0,0.0
Water,0.0,0.0,0.0,0.0,0.0,100.0,0.0
Other,0.0,0.0,0.0,0.1508295625942685,0.0,0.0,99.84917043740573
