from_label,Crops,TreeCrops,Forest,Grassland,Urban,Water,Other
Crops,99.59779373326363,0.29872083471136096,0.07681392892577854,0.02133720247938293,0.003200580371907439,0.0,0.0021337202479382927
TreeCrops,0.0,99.77211518541537,0.05179200331468821,0.010358400662937643,0.16573441060700228,0.0,0.0
Forest,0.04107397639327252,0.013691325464424172,99.85227780419963,0.08791272140314468,0.003602980385374782,0.0,0.0014411921541499129
Grassland,0.8071528486635665,0.15878416695020983,2.2135268987939964,96.68821594646705,0.07183093266795207,0.0,0.06048920645722279
Urban,0.0,0.0,0.0,0.0,100.0,0.0,0.0
Water,0.0,0.0,0.0,0.0,0.0,100.0,0.0
Other,0.2765996680803983,0.0,0.0,0.07375991148810622,0.0,0.0,99.6496404204315
