from_label,Crops,TreeCrops,Forest,Grassland,Urban,Water,Other
Crops,99.88197513243489,0.0,0.06861910904948809,0.03705431888672357,0.005489528723959048,0.0,0.006861910904948809
TreeCrops,0.0,0.0,0.0,0.0,0.0,0.0,0.0
Forest,0.02278661286494185,0.0,99.854735342986,0.11773083313553287,0.004747211013529551,0.0,0.0
Grassland,0.49557714899211897,0.0,1.9247376241860321,97.46220932494145,0.09258034651501125,0.0,0.024895555365381173
Urban,0.0,0.0,0.0,0.0,100.0,0.0,0.0
Water,0.0,0.0,0.0,0.0,0.0,100.0,0.0
Other,0.13760566149007275,0.0,0.0,0.39315903282877923,0.03931590328287793,0.0,99.42991940239827
