from_label,Crops,TreeCrops,Forest,Grassland,Urban,Water,Other
Crops,99.8616975577046,0.0,0.07334220424756137,0.05448278029818844,0.006286474649790975,0.0,0.00419098309986065
TreeCrops,0.0,100.0,0.0,0.0,0.0,0.0,0.0
Forest,0.08782201405152225,0.0,99.85208923949217,0.0593183779119931,0.0007703685443115987,0.0,0.0
Grassland,2.939488459139114,0.0,1.8914535246412976,95.0617592014972,0.07236431690580163,0.0,0.034934497816593885
Urban,0.0,0.0,0.0,0.0,100.0,0.0,0.0
Water,0.0,0.0,0.0,0.0,0.0,100.0,0.0
Other,0.018740629685157422,0.0,0.018740629685157422,0.4122938530734633,0.0,0.0,99.55022488755623
