from_label,Crops,TreeCrops,Forest,Grassland,Urban,Water,Other
Crops,99.88509111407417,0.0,0.0693789499929537,0.04119375155831626,0.002168092187279803,0.0,0.002168092187279803
TreeCrops,0.0,100.0,0.0,0.0,0.0,0.0,0.0
Forest,0.04650869476107143,0.0,99.85101452017217,0.09932365321855934,0.003153131848208233,0.0,0.0
Grassland,0.9773644701990585,0.0,1.8425344390853255,97.06443665637254,0.07402523797957365,0.0,0.041639196363510184
Urban,0.0,0.0,0.0,0.0,100.0,0.0,0.0
Water,0.0,0.0,0.0,0.0,0.0,100.0,0.0
Other,0.2071563088512241,0.0,0.0,0.4896421845574388,0.0,0.0,99.30320150659134
