from_label,Crops,TreeCrops,Forest,Grassland,Urban,Water,Other
Crops,99.54073383393015,0.37296777201353004,0.040669358118496625,0.037693551426899306,0.006943548947060398,0.0,0.0009919355638657713
TreeCrops,0.0,99.43281566509116,0.5176682421787081,0.01350438892640108,0.03151024082826919,0.0,0.004501462975467027
Forest,0.10035991140642303,0.10451273532668881,99.75498338870432,0.03875968992248062,0.0013842746400885937,0.0,0.0
Grassland,4.929346936548639,0.3737246985651154,1.9941076981832069,92.46003600851111,0.14457962791205192,0.0,0.09820503027988435
Urban,0.0,0.0,0.0,0.0,100.0,0.0,0.0
Water,0.0,0.0,0.0,0.0,0.0,100.0,0.0
Other,0.9332113449222323,0.2744739249771272,0.0,0.036596523330283626,0.0,0.0,98.75571820677035
