from_label,Crops,TreeCrops,Forest,Grassland,Urban,Water,Other
Crops,99.88615937687237,0.0,0.06740563211503894,0.03744757339724386,0.005991611743559017,0.0,0.0029958058717795086
TreeCrops,0.0,0.0,0.0,0.0,0.0,0.0,0.0
Forest,0.002688822564598962,0.0,99.84673711381787,0.14788524105294293,0.002688822564598962,0.0,0.0
Grassland,0.05527326325588612,0.0,1.2184360575617703,98.66325976494318,0.048000465459059,0.0,0.015030448780109382
Urban,0.0,0.0,0.0,0.0,100.0,0.0,0.0
Water,0.0,0.0,0.0,0.0,0.0,100.0,0.0
Other,0.0629458665547629,0.0,0.0,0.18883759966428873,0.0,0.0,99.74821653378095
