from_label,Crops,TreeCrops,Forest,Grassland,Urban,Water,Other
Crops,99.89295892124835,0.0,0.06811705011468687,0.03336345311739765,0.0027802877597831377,0.0,0.0027802877597831377
TreeCrops,0.0,0.0,0.0,0.0,0.0,0.0,0.0
Forest,0.006128577557148986,0.0,99.84555984555985,0.14340871483728626,0.004902862045719188,0.0,0.0
Grassland,0.10288332125478827,0.0,1.5768971943265346,98.22380681229942,0.07700072471270318,0.0,0.019411947406563827
Urban,0.0,0.0,0.0,0.0,100.0,0.0,0.0
Water,0.0,0.0,0.0,0.0,0.0,100.0,0.0
Other,0.09873617693522906,0.0,0.0,0.5924170616113744,0.03949447077409163,0.0,99.26935229067931
