from_label,Crops,TreeCrops,Forest,Grassland,Urban,Water,Other
Crops,99.89228974059779,0.0,0.06432696047631871,0.038895371450797356,0.0029919516500613347,0.0,0.0014959758250306673
TreeCrops,0.0,0.0,0.0,0.0,0.0,0.0,0.0
Forest,0.014219694276573054,0.0,99.82462377058893,0.1587865860883991,0.002369949046095509,0.0,0.0
Grassland,0.15330094767858565,0.0,1.2572668631042445,98.52273632237,0.051763956359002945,0.0,0.014931910488173928
Urban,0.0,0.0,0.0,0.0,100.0,0.0,0.0
Water,0.0,0.0,0.0,0.0,0.0,100.0,0.0
Other,0.18734388009991673,0.0,0.0,0.18734388009991673,0.0,0.0,99.62531223980017
