from_label,Crops,TreeCrops,Forest,Grassland,Urban,Water,Other
Crops,99.88458021674937,0.0,0.06595416185750903,0.03747395560085741,0.008993749344205777,0.0,0.0029979164480685924
TreeCrops,0.0,0.0,0.0,0.0,0.0,0.0,0.0
Forest,0.002883672645481285,0.0,99.83274698656209,0.16148566814695195,0.002883672645481285,0.0,0.0
Grassland,0.05743825387708214,0.0,1.2095538962282213,98.67317633543941,0.04595060310166571,0.0,0.013880911353628182
Urban,0.0,0.0,0.0,0.0,100.0,0.0,0.0
Water,0.0,0.0,0.0,0.0,0.0,100.0,0.0
Other,0.06306495690561278,0.0,0.0,0.39941139373554757,0.0,0.0,99.53752364935883
