from_label,Crops,TreeCrops,Forest,Grassland,Urban,Water,Other
Crops,99.87904355906953,0.0,0.06932869175283585,0.038352042246249614,0.008850471287596065,0.0,0.004425235643798033
TreeCrops,0.0,0.0,0.0,0.0,0.0,0.0,0.0
Forest,0.010978555222132768,0.0,99.8536192637049,0.133572421869282,0.0018297592036887946,0.0,0.0
Grassland,0.16531755415621172,0.0,1.3487558382777014,98.42172561566076,0.050825785258382244,0.0,0.013375206646942694
Urban,0.0,0.0,0.0,0.0,100.0,0.0,0.0
Water,0.0,0.0,0.0,0.0,0.0,100.0,0.0
Other,0.1643047853768741,0.0,0.0,0.14376668720476485,0.0,0.0,99.69192852741836
