from_label,Crops,TreeCrops,Forest,Grassland,Urban,Water,Other
Crops,99.8844847742582,0.0,0.06680398597116295,0.034793742693314034,0.002783499415465123,0.0,0.011133997661860491
TreeCrops,0.0,0.0,0.0,0.0,0.0,0.0,0.0
Forest,0.0065105014388208175,0.0,99.8437479654683,0.14583523222958633,0.003906300863292491,0.0,0.0
Grassland,0.10209322426687044,0.0,1.545177817585088,98.26879955905748,0.06764459031179146,0.0,0.01628480877876461
Urban,0.0,0.0,0.0,0.0,100.0,0.0,0.0
Water,0.0,0.0,0.0,0.0,0.0,100.0,0.0
Other,0.13844936708860758,0.0,0.0,0.435126582278481,0.03955696202531646,0.0,99.3868670886076
