from_label,Crops,TreeCrops,Forest,Grassland,Urban,Water,Other
Crops,99.89361237011236,0.0,0.06558141568415991,0.03497675503155195,0.0029147295859626625,0.0,0.0029147295859626625
TreeCrops,0.0,0.0,0.0,0.0,0.0,0.0,0.0
Forest,0.0064429876133563135,0.0,99.85503277869948,0.13530273988048258,0.0032214938066781568,0.0,0.0
Grassland,0.06448212443367873,0.0,1.4118781680348091,98.45355044184274,0.05158569954694298,0.0,0.018503566141838245
Urban,0.0,0.0,0.0,0.0,100.0,0.0,0.0
Water,0.0,0.0,0.0,0.0,0.0,100.0,0.0
Other,0.06105006105006105,0.0,0.0,0.14245014245014245,0.0,0.0,99.79649979649979
