from_label,Crops,TreeCrops,Forest,Grassland,Urban,Water,Other
Crops,99.89106137347557,0.0,0.058006281655867124,0.04527319543872556,0.0028295747149203474,0.0,0.0028295747149203474
TreeCrops,0.0,0.0,0.0,0.0,0.0,0.0,0.0
Forest,0.03280937751662839,0.0,99.85235780117517,0.11185015062486951,0.0029826706833298534,0.0,0.0
Grassland,0.5360284790703383,0.0,1.4742244538881062,97.91434066158892,0.05553184897675262,0.0,0.01987455647589041
Urban,0.0,0.0,0.0,0.0,100.0,0.0,0.0
Water,0.0,0.0,0.0,0.0,0.0,100.0,0.0
Other,0.32232070910556004,0.0,0.0,0.1007252215954875,0.0,0.0,99.57695406929895
