from_label,Crops,TreeCrops,Forest,Grassland,Urban,Water,Other
Crops,99.12678801720828,0.66352297226789,0.1447149509248959,0.028549208005591707,0.025595841660185668,0.0,0.010829009933155475
TreeCrops,0.0,99.81796966161028,0.14469078179696615,0.0,0.037339556592765465,0.0,0.0
Forest,0.027079572281627554,0.05277044854881266,99.80419386196363,0.10831828912651022,0.007637828079433412,0.0,0.0
Grassland,0.2013476871862332,0.21208623050283226,1.5141346076404736,97.91403796075062,0.0993315256785417,0.0,0.05906198824129507
Urban,0.0,0.0,0.0,0.0,100.0,0.0,0.0
Water,0.0,0.0,0.0,0.0,0.0,100.0,0.0
Other,0.12867647058823528,0.0,0.0,0.01838235294117647,0.0,0.0,99.8529411764706
