from_label,Crops,TreeCrops,Forest,Grassland,Urban,Water,Other
Crops,99.87342753080361,0.0,0.07491023687133522,0.04907912070880582,0.0012915558081264692,0.0,0.0012915558081264692
TreeCrops,0.0,0.0,0.0,0.0,0.0,0.0,0.0
Forest,0.058116181083183054,0.0,99.85556419701386,0.08375567273752853,0.0025639491654345465,0.0,0.0
Grassland,1.732416066501845,0.0,2.1749256512236195,95.99412375936079,0.07076570281987889,0.0,0.027768820093876524
Urban,0.0,0.0,0.0,0.0,100.0,0.0,0.0
Water,0.0,0.0,0.0,0.0,0.0,100.0,0.0
Other,0.0963020030816641,0.0,0.0,0.3274268104776579,0.0,0.0,99.57627118644068
