from_label,Crops,TreeCrops,Forest,Grassland,Urban,Water,Other
Crops,99.08853638416704,0.0,0.6585797936359825,0.20555262552909517,0.033807997619916964,0.0,0.013523199047966788
TreeCrops,0.0,0.0,0.0,0.0,0.0,0.0,0.0
Forest,0.00908719160343496,0.0,99.84642646190196,0.13994275069289835,0.00454359580171748,0.0,0.0
Grassland,0.04573631381645037,0.0,1.6538577763984288,98.21628376115844,0.06533759116635768,0.0,0.018784557460327832
Urban,0.0,0.0,0.0,0.0,100.0,0.0,0.0
Water,0.0,0.0,0.0,0.0,0.0,100.0,0.0
Other,0.0,0.0,0.0,0.0390015600624025,0.0,0.0,99.9609984399376
