from_label,Crops,TreeCrops,Forest,Grassland,Urban,Water,Other
Crops,99.87847891164527,0.0,0.06076054417736151,0.04742286374818459,0.011855715937046148,0.0,0.0014819644921307685
TreeCrops,0.0,0.0,0.0,0.0,0.0,0.0,0.0
Forest,0.016103059581320453,0.0,99.85305958132045,0.12681159420289853,0.004025764895330113,0.0,0.0
Grassland,0.21097813829980722,0.0,1.3121177320369783,98.41142815570811,0.04988645634675244,0.0,0.015589517608360139
Urban,0.0,0.0,0.0,0.0,100.0,0.0,0.0
Water,0.0,0.0,0.0,0.0,0.0,100.0,0.0
Other,0.1859504132231405,0.0,0.0,0.22727272727272727,0.0,0.0,99.58677685950413
