from_label,Crops,TreeCrops,Forest,Grassland,Urban,Water,Other
Crops,99.8914347751557,0.0,0.06856751042797554,0.028569796011656476,0.008570938803496943,0.0,0.0028569796011656476
TreeCrops,0.0,0.0,0.0,0.0,0.0,0.0,0.0
Forest,0.004070749628544096,0.0,99.85345301337242,0.13637011255622722,0.006106124442816144,0.0,0.0
Grassland,0.07056807298754977,0.0,1.77068256608556,98.0449763452939,0.0885701324231492,0.0,0.025202883209839204
Urban,0.0,0.0,0.0,0.0,100.0,0.0,0.0
Water,0.0,0.0,0.0,0.0,0.0,100.0,0.0
Other,0.07878668505022651,0.0,0.0,0.4924167815639157,0.039393342525113256,0.0,99.38940319086075
