from_label,Crops,TreeCrops,Forest,Grassland,Urban,Water,Other
Crops,99.88501547455296,0.0,0.05050722145804677,0.05695495185694636,0.004298486932599725,0.0,0.0032238651994497933
TreeCrops,0.0,100.0,0.0,0.0,0.0,0.0,0.0
Forest,0.08649844926203576,0.0,99.84882253011861,0.06234122469335911,0.002337795926000966,0.0,0.0
Grassland,2.830850444066628,0.0,1.936772521371078,95.12656196126454,0.06895813765470996,0.0,0.03685693564303463
Urban,0.0,0.0,0.0,0.0,100.0,0.0,0.0
Water,0.0,0.0,0.0,0.0,0.0,100.0,0.0
Other,0.03765769158350593,0.0,0.0,0.13180192054227077,0.0,0.0,99.83054038787422
