from_label,Crops,TreeCrops,Forest,Grassland,Urban,Water,Other
Crops,88.34355828220859,2.044989775051125,0.0,0.0,0.0,0.0,9.611451942740286
TreeCrops,0.0,100.0,0.0,0.0,0.0,0.0,0.0
Forest,0.0,10.204081632653061,89.79591836734694,0.0,0.0,0.0,0.0
Grassland,0.2556455048998722,0.14912654452492544,0.0,99.3892912938503,0.0,0.0,0.20593665672489705
Urban,0.0,0.0,0.0,0.0,100.0,0.0,0.0
Water,0.0,0.0,0.0,0.0,0.0,100.0,0.0
Other,0.0033788349776996893,0.0013515339910798758,0.0,0.0,0.0010136504933099067,0.0,99.9942559805379
