from_label,Crops,TreeCrops,Forest,Grassland,Urban,Water,Other
Crops,99.86301369863013,0.0,0.0,0.0,0.0,0.0,0.136986301369863
TreeCrops,0.0,0.0,0.0,0.0,0.0,0.0,0.0
Forest,0.0,0.0,100.0,0.0,0.0,0.0,0.0
Grassland,0.0,0.0,0.0,100.0,0.0,0.0,0.0
Urban,0.0,0.0,0.0,0.0,100.0,0.0,0.0
Water,0.0,0.0,0.0,0.0,0.0,100.0,0.0
Other,0.013667213355200873,0.0,0.0,0.0,0.003000120004800192,0.0,99.98333266664
