from_label,Crops,TreeCrops,Forest,Grassland,Urban,Water,Other
Crops,99.81884057971014,0.0,0.0,0.0,0.0,0.0,0.18115942028985507
TreeCrops,0.0,100.0,0.0,0.0,0.0,0.0,0.0
Forest,0.0,0.0,97.95918367346938,0.0,0.0,0.0,2.0408163265306123
Grassland,0.0,0.0,0.0,100.0,0.0,0.0,0.0
Urban,0.0,0.0,0.0,0.0,100.0,0.0,0.0
Water,0.0,0.0,0.0,0.0,0.0,100.0,0.0
Other,0.0067553646039160845,0.0,0.0,0.0,0.007768669294503497,0.0,99.98547596610157
