from_label,Crops,TreeCrops,Forest,Grassland,Urban,Water,Other
Crops,99.75308641975309,0.0,0.0,0.0,0.0,0.0,0.24691358024691357
TreeCrops,0.0,0.0,0.0,0.0,0.0,0.0,0.0
Forest,0.0,0.0,100.0,0.0,0.0,0.0,0.0
Grassland,0.0,0.0,0.0,100.0,0.0,0.0,0.0
Urban,0.0,0.0,0.0,0.0,100.0,0.0,0.0
Water,0.0,0.0,0.0,0.0,0.0,100.0,0.0
Other,0.006989445936635681,0.0,0.00033283075888741336,0.0,0.0009984922766622401,0.0,99.99167923102782
