from_label,Crops,TreeCrops,Forest,Grassland,Urban,Water,Other
Crops,99.82486865148861,0.0,0.0,0.0,0.0,0.0,0.17513134851138354
TreeCrops,0.0,100.0,0.0,0.0,0.0,0.0,0.0
Forest,0.0,0.0,100.0,0.0,0.0,0.0,0.0
Grassland,0.0,0.0,0.0,100.0,0.0,0.0,0.0
Urban,0.0,0.0,0.0,0.0,100.0,0.0,0.0
Water,0.0,0.0,0.0,0.0,0.0,100.0,0.0
Other,0.05405040199986487,0.0,0.0,0.0,0.007094115262482265,0.0,99.93885548273765
