from_label,Crops,TreeCrops,Forest,Grassland,Urban,Water,Other
Crops,99.05482041587902,0.0,0.0,0.945179584120983,0.0,0.0,0.0
TreeCrops,0.0,97.77777777777777,0.0,2.2222222222222223,0.0,0.0,0.0
Forest,0.0,0.0,100.0,0.0,0.0,0.0,0.0
Grassland,0.0,0.0,0.0,100.0,0.0,0.0,0.0
Urban,0.0,0.0,0.0,0.0,100.0,0.0,0.0
Water,0.0,0.0,0.0,0.0,0.0,100.0,0.0
Other,0.0,0.0003368795520849475,0.0,0.3301419610432486,0.0030319159687645283,0.0,99.6664892434359
