from_label,Crops,TreeCrops,Forest,Grassland,Urban,Water,Other
Crops,99.74025974025975,0.0,0.0,0.0,0.0,0.0,0.2597402597402597
TreeCrops,0.0,0.0,0.0,0.0,0.0,0.0,0.0
Forest,0.0,0.0,100.0,0.0,0.0,0.0,0.0
Grassland,0.0,0.0,0.0,100.0,0.0,0.0,0.0
Urban,0.0,0.0,0.0,0.0,100.0,0.0,0.0
Water,0.0,0.0,0.0,0.0,0.0,100.0,0.0
Other,0.006988864409374396,0.0,0.0,0.0,0.000665606134226133,0.0,99.9923455294564
