from_label,Crops,TreeCrops,Forest,Grassland,Urban,Water,Other
Crops,99.76470588235294,0.0,0.0,0.0,0.0,0.0,0.2352941176470588
TreeCrops,0.0,0.0,0.0,0.0,0.0,0.0,0.0
Forest,0.0,0.0,100.0,0.0,0.0,0.0,0.0
Grassland,0.0,0.0,0.0,100.0,0.0,0.0,0.0
Urban,0.0,0.0,0.0,0.0,100.0,0.0,0.0
Water,0.0,0.0,0.0,0.0,0.0,100.0,0.0
Other,0.0069900973620704,0.0,0.0006657235582924191,0.0,0.0013314471165848383,0.0,99.99101273196305
