from_label,Crops,TreeCrops,Forest,Grassland,Urban,Water,Other
Crops,87.06586826347305,0.0,0.0,0.0,1.1976047904191618,0.0,11.736526946107785
TreeCrops,0.0,0.0,0.0,0.0,0.0,0.0,0.0
Forest,0.0,0.0,100.0,0.0,0.0,0.0,0.0
Grassland,0.0,0.0,0.0,100.0,0.0,0.0,0.0
Urban,0.0,0.0,0.0,0.0,100.0,0.0,0.0
Water,0.0,0.0,0.0,0.0,0.0,100.0,0.0
Other,0.0003335267788650751,0.0,0.0,0.0,0.0013341071154603003,0.0,99.99833236610569
