from_label,Crops,TreeCrops,Forest,Grassland,Urban,Water,Other
Crops,99.80582524271846,0.0,0.0,0.0,0.0,0.0,0.1941747572815534
TreeCrops,0.0,0.0,0.0,0.0,0.0,0.0,0.0
Forest,0.0,0.0,100.0,0.0,0.0,0.0,0.0
Grassland,0.0,0.0,0.0,100.0,0.0,0.0,0.0
Urban,0.0,0.0,0.0,0.0,100.0,0.0,0.0
Water,0.0,0.0,0.0,0.0,0.0,100.0,0.0
Other,0.013655014387722476,0.0,0.00033304913140786525,0.0,0.0029974421826707877,0.0,99.98301449429819
