from_label,Crops,TreeCrops,Forest,Grassland,Urban,Water,Other
Crops,99.81981981981983,0.0,0.0,0.0,0.0,0.0,0.18018018018018017
TreeCrops,0.0,0.0,0.0,0.0,0.0,0.0,0.0
Forest,0.0,0.0,100.0,0.0,0.0,0.0,0.0
Grassland,0.0,0.0,0.0,100.0,0.0,0.0,0.0
Urban,0.0,0.0,0.0,0.0,100.0,0.0,0.0
Water,0.0,0.0,0.0,0.0,0.0,100.0,0.0
Other,0.013657288661785574,0.0,0.0003331046015069652,0.0,0.0029979414135626868,0.0,99.98301166532315
