from_label,Crops,TreeCrops,Forest,Grassland,Urban,Water,Other
Crops,98.06295399515739,0.0,0.0,0.0,0.6053268765133172,0.0,1.331719128329298
TreeCrops,0.0,96.62162162162163,0.0,0.0,1.0135135135135136,0.0,2.364864864864865
Forest,0.0,0.0,100.0,0.0,0.0,0.0,0.0
Grassland,0.0,0.0,0.0,100.0,0.0,0.0,0.0
Urban,0.0,0.0,0.0,0.0,100.0,0.0,0.0
Water,0.0,0.0,0.0,0.0,0.0,100.0,0.0
Other,0.0003381702957975577,0.0,0.0,0.0,0.0020290217747853463,0.0,99.99763280792942
