from_label,Crops,TreeCrops,Forest,Grassland,Urban,Water,Other
Crops,90.47619047619048,0.0,0.0,4.761904761904762,4.761904761904762,0.0,0.0
TreeCrops,0.0,0.0,0.0,0.0,0.0,0.0,0.0
Forest,0.0,0.0,100.0,0.0,0.0,0.0,0.0
Grassland,1.9607843137254901,0.0,0.0,98.0392156862745,0.0,0.0,0.0
Urban,0.0,0.0,0.0,0.0,100.0,0.0,0.0
Water,0.0,0.0,0.0,0.0,0.0,0.0,0.0
Other,0.0,0.0,0.0,0.0,0.0,0.0,100.0
