from_label,Crops,TreeCrops,Forest,Grassland,Urban,Water,Other
Crops,90.32258064516128,0.0,0.0,9.67741935483871,0.0,0.0,0.0
TreeCrops,0.0,0.0,0.0,0.0,0.0,0.0,0.0
Forest,0.0,0.0,100.0,0.0,0.0,0.0,0.0
Grassland,5.555555555555555,0.0,0.0,94.44444444444444,0.0,0.0,0.0
Urban,0.0,0.0,0.0,0.0,100.0,0.0,0.0
Water,0.0,0.0,0.0,0.0,0.0,0.0,0.0
Other,0.0,0.0,0.0,0.0,0.0,0.0,100.0
