from_label,Crops,TreeCrops,Forest,Grassland,Urban,Water,Other
Crops,75.86206896551724,0.0,0.0,24.137931034482758,0.0,0.0,0.0
TreeCrops,0.0,0.0,0.0,0.0,0.0,0.0,0.0
Forest,0.0,0.0,98.0392156862745,1.9607843137254901,0.0,0.0,0.0
Grassland,4.761904761904762,0.0,2.380952380952381,90.47619047619048,2.380952380952381,0.0,0.0
Urban,5.555555555555555,0.0,0.0,0.0,94.44444444444444,0.0,0.0
Water,0.0,0.0,0.0,0.0,0.0,0.0,0.0
Other,0.0,0.0,0.0,0.0,0.0,0.0,100.0
