from_label,Crops,TreeCrops,Forest,Grassland,Urban,Water,Other
Crops,96.875,0.0,0.0,3.125,0.0,0.0,0.0
TreeCrops,0.0,0.0,0.0,0.0,0.0,0.0,0.0
Forest,0.0,0.0,100.0,0.0,0.0,0.0,0.0
Grassland,8.571428571428571,0.0,0.0,88.57142857142857,2.857142857142857,0.0,0.0
Urban,0.0,0.0,0.0,0.0,100.0,0.0,0.0
Water,0.0,0.0,0.0,0.0,0.0,0.0,0.0
Other,0.0,0.0,0.0,0.0,0.0,0.0,100.0
