from_label,Crops,TreeCrops,Forest,Grassland,Urban,Water,Other
Crops,95.65217391304348,0.0,0.0,4.3478260869565215,0.0,0.0,0.0
TreeCrops,0.0,0.0,0.0,0.0,0.0,0.0,0.0
Forest,0.0,0.0,100.0,0.0,0.0,0.0,0.0
Grassland,6.25,0.0,0.0,93.75,0.0,0.0,0.0
Urban,5.555555555555555,0.0,0.0,0.0,94.44444444444444,0.0,0.0
Water,0.0,0.0,0.0,0.0,0.0,0.0,0.0
Other,0.0,0.0,0.0,0.0,0.0,0.0,100.0
