from_label,Crops,TreeCrops,Forest,Grassland,Urban,Water,Other
Crops,93.33333333333333,0.0,0.0,6.666666666666667,0.0,0.0,0.0
TreeCrops,0.0,0.0,0.0,0.0,0.0,0.0,0.0
Forest,0.0,0.0,100.0,0.0,0.0,0.0,0.0
Grassland,5.263157894736842,0.0,2.631578947368421,89.47368421052632,2.631578947368421,0.0,0.0
Urban,5.263157894736842,0.0,0.0,0.0,94.73684210526315,0.0,0.0
Water,0.0,0.0,0.0,0.0,0.0,0.0,0.0
Other,0.0,0.0,0.0,0.0,0.0,0.0,100.0
