from_label,Crops,TreeCrops,Forest,Grassland,Urban,Water,Other
Crops,91.30434782608695,0.0,0.0,8.695652173913043,0.0,0.0,0.0
TreeCrops,0.0,0.0,0.0,0.0,0.0,0.0,0.0
Forest,0.0,0.0,100.0,0.0,0.0,0.0,0.0
Grassland,5.769230769230769,0.0,0.0,94.23076923076923,0.0,0.0,0.0
Urban,0.0,0.0,0.0,0.0,100.0,0.0,0.0
Water,0.0,0.0,0.0,0.0,0.0,0.0,0.0
Other,0.0,0.0,0.0,0.0,0.0,0.0,100.0
