from_label,Crops,TreeCrops,Forest,Grassland,Urban,Water,Other
Crops,96.55172413793103,0.0,0.0,3.4482758620689653,0.0,0.0,0.0
TreeCrops,0.0,0.0,0.0,0.0,0.0,0.0,0.0
Forest,0.0,0.0,100.0,0.0,0.0,0.0,0.0
Grassland,2.857142857142857,0.0,0.0,97.14285714285714,0.0,0.0,0.0
Urban,0.0,0.0,0.0,0.0,100.0,0.0,0.0
Water,0.0,0.0,0.0,0.0,0.0,0.0,0.0
Other,0.0,0.0,0.0,0.0,0.0,0.0,100.0
