from_label,Crops,TreeCrops,Forest,Grassland,Urban,Water,Other
Crops,99.90974350363125,0.025187859451744257,0.01679190630116284,0.048276730615843165,0.0,0.0,0.0
TreeCrops,0.0,100.0,0.0,0.0,0.0,0.0,0.0
Forest,0.016371971185330715,0.008185985592665358,99.76806374154114,0.20737830168085572,0.0,0.0,0.0
Grassland,0.009010798622986137,0.000819163511180558,0.03583840361414941,99.95125977108475,0.0014335361445659764,0.0,0.001638327022361116
Urban,0.0,0.0,0.0,0.0,100.0,0.0,0.0
Water,0.0,0.0,0.0,0.0,0.0,100.0,0.0
Other,0.009928514694201748,0.0,0.009928514694201748,0.10921366163621922,0.0,0.0,99.87092930897538
