from_label,Crops,TreeCrops,Forest,Grassland,Urban,Water,Other
Crops,99.91926141748868,0.0,0.015796679186997578,0.06494190332432337,0.0,0.0,0.0
TreeCrops,0.0,99.78213507625271,0.2178649237472767,0.0,0.0,0.0,0.0
Forest,0.4533325682150748,0.008607580409146989,98.90970648150805,0.6226149829282989,0.0,0.0,0.005738386939431326
Grassland,0.07548159158327396,0.0,0.017337508430892056,99.9042208375708,0.0014800312075151755,0.0,0.0014800312075151755
Urban,0.0,0.0,0.0,0.0,100.0,0.0,0.0
Water,0.0,0.0,0.0,0.0,0.0,100.0,0.0
Other,0.09128714879805254,0.0,0.0,0.0811441322649356,0.0,0.0,99.82756871893702
