from_label,Crops,TreeCrops,Forest,Grassland,Urban,Water,Other
Crops,99.83432812109933,0.10212650069219072,0.015886344552118556,0.047659033656355675,0.0,0.0,0.0
TreeCrops,0.0,0.0,0.0,0.0,0.0,0.0,0.0
Forest,0.022566995768688293,0.0,99.76304654442878,0.21156558533145275,0.0028208744710860366,0.0,0.0
Grassland,0.013383569032854634,0.00020278134898264597,0.034472829327049814,99.94950744410332,0.0008111253959305839,0.0,0.0016222507918611678
Urban,0.0,0.0,0.0,0.0,100.0,0.0,0.0
Water,0.0,0.0,0.0,0.0,0.0,100.0,0.0
Other,0.019727756954034326,0.0,0.019727756954034326,0.09863878477017164,0.0,0.0,99.86190570132176
