from_label,Crops,TreeCrops,Forest,Grassland,Urban,Water,Other
Crops,99.86772268059988,0.0,0.026455463880024472,0.10582185552009789,0.0,0.0,0.0
TreeCrops,0.0,100.0,0.0,0.0,0.0,0.0,0.0
Forest,0.1700724770402156,0.0,99.76974803108402,0.06017949187576859,0.0,0.0,0.0
Grassland,0.3991598855924601,0.0,0.0352510316731575,99.5611563182725,0.0025330082639394612,0.0,0.001899756197954596
Urban,0.0,0.0,0.0,0.0,100.0,0.0,0.0
Water,0.0,0.0,0.0,0.0,0.0,100.0,0.0
Other,0.24990003998400642,0.0,0.03998400639744103,0.2099160335865654,0.0,0.0,99.50019992003199
