from_label,Crops,TreeCrops,Forest,Grassland,Urban,Water,Other
Crops,97.48416123404647,0.05876411716095859,0.21669268203103478,2.1981452575521074,0.011018271967679736,0.0,0.03121843724175925
TreeCrops,0.0,99.96215466128422,0.0,0.012615112905260501,0.025230225810521003,0.0,0.0
Forest,0.014110741096122367,0.06773155726138737,99.6754529547892,0.24270474685330473,0.0,0.0,0.0
Grassland,0.006950748679884323,0.003791317461755085,0.012216467376766385,99.97346077776771,0.000421257495750565,0.0,0.0031594312181292376
Urban,0.0,0.0,0.0,0.0,100.0,0.0,0.0
Water,0.0,0.0,0.0,0.0,0.0,100.0,0.0
Other,0.0,0.0,0.0,0.09070751864543439,0.0,0.0,99.90929248135456
