from_label,Crops,TreeCrops,Forest,Grassland,Urban,Water,Other
Crops,99.82062930615392,0.10728714398269995,0.006705446498918747,0.06537810336445778,0.0,0.0,0.0
TreeCrops,0.0,100.0,0.0,0.0,0.0,0.0,0.0
Forest,0.9278092000780139,8.467303780892145,90.32347942381098,0.2730489537767128,0.00835864144214427,0.0,0.0
Grassland,0.3333734988151183,0.1572795707789778,0.016911781804191162,99.48799580587811,0.002748164543181064,0.0,0.0016911781804191163
Urban,0.0,0.0,0.0,0.0,100.0,0.0,0.0
Water,0.0,0.0,0.0,0.0,0.0,100.0,0.0
Other,0.5805071799572258,0.0,0.0,0.15276504735716467,0.0,0.0,99.26672777268561
