from_label,Crops,TreeCrops,Forest,Grassland,Urban,Water,Other
Crops,99.9509954058193,0.004594180704441041,0.013782542113323124,0.027565084226646247,0.0015313935681470136,0.0,0.0015313935681470136
TreeCrops,0.0,99.4828396803009,0.04701457451810061,0.47014574518100605,0.0,0.0,0.0
Forest,0.01991012002958075,0.1308379316229592,99.62455202229934,0.21901132032538825,0.005688605722737357,0.0,0.0
Grassland,0.0083348649538163,0.0004274289719905795,0.01752458785161376,99.96943882850267,0.0027782883179387663,0.0,0.001496001401967028
Urban,0.0,0.0,0.0,0.0,100.0,0.0,0.0
Water,0.0,0.0,0.0,0.0,0.0,100.0,0.0
Other,0.010399334442595673,0.0,0.0,0.07279534109816972,0.0,0.0,99.91680532445923
