from_label,Crops,TreeCrops,Forest,Grassland,Urban,Water,Other
Crops,98.65680446521759,0.03630258202114626,0.0665547337054348,1.214623890124185,0.015126075842144272,0.0,0.01058825308950099
TreeCrops,0.023568230025925053,99.7171812396889,0.0,0.2592505302851756,0.0,0.0,0.0
Forest,0.043035432506096684,0.10041600918089227,99.11633911920815,0.7373404102711232,0.0,0.0,0.002869028833739779
Grassland,0.008128237926358164,0.0,0.008128237926358164,99.97946550418604,0.0010695049903102847,0.0,0.0032085149709308544
Urban,0.0,0.0,0.0,0.0,100.0,0.0,0.0
Water,0.0,0.0,0.0,0.0,0.0,100.0,0.0
Other,0.0,0.0,0.0,0.09365244536940687,0.0,0.0,99.9063475546306
