from_label,Crops,TreeCrops,Forest,Grassland,Urban,Water,Other
Crops,99.93631007893,0.0,0.01592248026749767,0.047767440802493004,0.0,0.0,0.0
TreeCrops,0.0,0.0,0.0,0.0,0.0,0.0,0.0
Forest,0.022693747872461135,0.0,99.76171564733916,0.21275388630432315,0.002836718484057642,0.0,0.0
Grassland,0.012564901770840511,0.0,0.034452150016820754,99.95055103174056,0.0008106388239251942,0.0,0.0016212776478503883
Urban,0.0,0.0,0.0,0.0,100.0,0.0,0.0
Water,0.0,0.0,0.0,0.0,0.0,100.0,0.0
Other,0.0,0.0,0.019704433497536946,0.1083743842364532,0.0,0.0,99.87192118226601
