from_label,Crops,TreeCrops,Forest,Grassland,Urban,Water,Other
Crops,99.94546074309739,0.0,0.013634814225656176,0.04090444267696852,0.0,0.0,0.0
TreeCrops,0.0,0.0,0.0,0.0,0.0,0.0,0.0
Forest,0.019803660848162503,0.0,99.7708433530427,0.2065238917022661,0.0028290944068803574,0.0,0.0
Grassland,0.015000983172545768,0.0,0.03567801403200074,99.94688841092963,0.0008108639552727443,0.0,0.0016217279105454885
Urban,0.0,0.0,0.0,0.0,100.0,0.0,0.0
Water,0.0,0.0,0.0,0.0,0.0,100.0,0.0
Other,0.009857072449482505,0.0,0.01971414489896501,0.11828486939379004,0.0,0.0,99.85214391325776
