from_label,Crops,TreeCrops,Forest,Grassland,Urban,Water,Other
Crops,99.93465672247133,0.0,0.013519298799035623,0.05182397872963656,0.0,0.0,0.0
TreeCrops,0.0,100.0,0.0,0.0,0.0,0.0,0.0
Forest,0.02489833181176861,0.0,99.76484908844441,0.20748609843140509,0.0027664813124187344,0.0,0.0
Grassland,0.014022167217392365,0.0,0.03536024776559814,99.94777250761058,0.0012193188884689011,0.0,0.0016257585179585352
Urban,0.0,0.0,0.0,0.0,100.0,0.0,0.0
Water,0.0,0.0,0.0,0.0,0.0,100.0,0.0
Other,0.0,0.0,0.0,0.10885700148441366,0.0,0.0,99.89114299851559
