from_label,Crops,TreeCrops,Forest,Grassland,Urban,Water,Other
Crops,99.93698689327381,0.0,0.007201497911565605,0.05581160881463344,0.0,0.0,0.0
TreeCrops,0.0,100.0,0.0,0.0,0.0,0.0,0.0
Forest,0.08759821618177957,0.0,99.80887661923975,0.10352516457846678,0.0,0.0,0.0
Grassland,0.12832657966889657,0.0,0.03881096555839798,99.82910655487996,0.0020866110515267732,0.0,0.0016692888412214186
Urban,0.0,0.0,0.0,0.0,100.0,0.0,0.0
Water,0.0,0.0,0.0,0.0,0.0,100.0,0.0
Other,0.0,0.0,0.0,0.199203187250996,0.0,0.0,99.800796812749
