from_label,Crops,TreeCrops,Forest,Grassland,Urban,Water,Other
Crops,96.26803462648284,0.0,0.1875601154216095,3.4931067649887786,0.016030779095864058,0.0,0.035267714010900925
TreeCrops,0.0,100.0,0.0,0.0,0.0,0.0,0.0
Forest,0.005219479095986221,0.0,99.78078187796858,0.21138890338744193,0.0,0.0,0.0026097395479931103
Grassland,0.00826667005812105,0.0,0.00847863595704723,99.97922734190523,0.00042393179785236155,0.0,0.003603420281745073
Urban,0.0,0.0,0.0,0.0,100.0,0.0,0.0
Water,0.0,0.0,0.0,0.0,0.0,100.0,0.0
Other,0.0,0.0,0.0,0.11040851149252233,0.0,0.0,99.88959148850748
