from_label,Crops,TreeCrops,Forest,Grassland,Urban,Water,Other
Crops,97.6271186440678,0.0,0.0,0.19940179461615154,0.019940179461615155,0.0,2.153539381854437
TreeCrops,0.0,0.0,0.0,0.0,0.0,0.0,0.0
Forest,0.08424599831508003,0.0,99.74726200505476,0.16849199663016007,0.0,0.0,0.0
Grassland,0.0,0.0,0.0,99.91628296358309,0.041858518208455424,0.0,0.041858518208455424
Urban,0.0,0.0,0.0,0.0,100.0,0.0,0.0
Water,0.0,0.0,0.0,0.0,0.0,100.0,0.0
Other,0.016277366322129082,0.0,0.0,0.0,0.008138683161064541,0.0,99.9755839505168
