from_label,Crops,TreeCrops,Forest,Grassland,Urban,Water,Other
Crops,99.95851483094793,0.0,0.0,0.0,0.0,0.0,0.04148516905206388
TreeCrops,0.0,0.0,0.0,0.0,0.0,0.0,0.0
Forest,0.0,0.0,100.0,0.0,0.0,0.0,0.0
Grassland,0.6603384234420141,0.0,0.24762690879075525,99.00949236483699,0.08254230293025176,0.0,0.0
Urban,0.0,0.0,0.0,0.0,100.0,0.0,0.0
Water,0.0,0.0,0.0,0.0,0.0,100.0,0.0
Other,1.1392811296534018,0.0,0.0,0.008023106546854942,0.0,0.0,98.85269576379974
