from_label,Crops,TreeCrops,Forest,Grassland,Urban,Water,Other
Crops,99.94082840236686,0.0,0.0,0.0,0.01972386587771203,0.0,0.03944773175542406
TreeCrops,0.0,0.0,0.0,0.0,0.0,0.0,0.0
Forest,0.0,0.0,99.92169146436962,0.07830853563038372,0.0,0.0,0.0
Grassland,0.2153316106804479,0.0,0.04306632213608958,99.69853574504737,0.04306632213608958,0.0,0.0
Urban,0.0,0.0,0.0,0.0,100.0,0.0,0.0
Water,0.0,0.0,0.0,0.0,0.0,100.0,0.0
Other,0.20596473883671115,0.0,0.0,0.008238589553468446,0.0,0.0,99.78579667160982
