from_label,Crops,TreeCrops,Forest,Grassland,Urban,Water,Other
Crops,99.95975855130784,0.0,0.02012072434607646,0.02012072434607646,0.0,0.0,0.0
TreeCrops,0.0,0.0,0.0,0.0,0.0,0.0,0.0
Forest,0.0,0.0,100.0,0.0,0.0,0.0,0.0
Grassland,0.0404040404040404,0.0,0.0808080808080808,99.75757575757575,0.0404040404040404,0.0,0.0808080808080808
Urban,0.0,0.0,0.0,0.0,100.0,0.0,0.0
Water,0.0,0.0,0.0,0.0,0.0,100.0,0.0
Other,0.1156164836072343,0.0,0.0,0.6358906598397887,0.016516640515319186,0.0,99.23197621603765
