from_label,Crops,TreeCrops,Forest,Grassland,Urban,Water,Other
Crops,99.93987975951903,0.0,0.02004008016032064,0.0,0.0,0.0,0.04008016032064128
TreeCrops,0.0,0.0,0.0,0.0,0.0,0.0,0.0
Forest,0.0,0.0,100.0,0.0,0.0,0.0,0.0
Grassland,0.5095541401273885,0.0,0.16985138004246286,99.23566878980891,0.08492569002123143,0.0,0.0
Urban,0.0,0.0,0.0,0.0,100.0,0.0,0.0
Water,0.0,0.0,0.0,0.0,0.0,100.0,0.0
Other,0.8212049760143101,0.0,0.0,0.0,0.0,0.0,99.17879502398569
