from_label,Crops,TreeCrops,Forest,Grassland,Urban,Water,Other
Crops,99.94117647058823,0.0,0.0,0.0196078431372549,0.0196078431372549,0.0,0.0196078431372549
TreeCrops,0.0,0.0,0.0,0.0,0.0,0.0,0.0
Forest,3.125,0.0,96.13486842105263,0.6578947368421052,0.08223684210526315,0.0,0.0
Grassland,0.12836970474967907,0.0,0.0,99.8288403936671,0.04278990158322636,0.0,0.0
Urban,0.0,0.0,0.0,0.0,100.0,0.0,0.0
Water,0.0,0.0,0.0,0.0,0.0,100.0,0.0
Other,0.29508196721311475,0.0,0.0,0.01639344262295082,0.0,0.0,99.68852459016392
