from_label,Crops,TreeCrops,Forest,Grassland,Urban,Water,Other
Crops,99.94011976047904,0.0,0.01996007984031936,0.0,0.01996007984031936,0.0,0.01996007984031936
TreeCrops,0.0,0.0,0.0,0.0,0.0,0.0,0.0
Forest,0.0,0.0,100.0,0.0,0.0,0.0,0.0
Grassland,0.0,0.0,0.042844901456726654,99.8286203941731,0.042844901456726654,0.0,0.08568980291345331
Urban,0.0,0.0,0.0,0.0,100.0,0.0,0.0
Water,0.0,0.0,0.0,0.0,0.0,100.0,0.0
Other,0.024592179686859575,0.0,0.0,0.008197393228953194,0.0,0.0,99.96721042708418
