from_label,Crops,TreeCrops,Forest,Grassland,Urban,Water,Other
Crops,99.94011976047904,0.0,0.0,0.0,0.0,0.0,0.059880239520958084
TreeCrops,0.0,0.0,0.0,0.0,0.0,0.0,0.0
Forest,0.0,0.0,100.0,0.0,0.0,0.0,0.0
Grassland,0.2147766323024055,0.0,0.0429553264604811,99.69931271477664,0.0429553264604811,0.0,0.0
Urban,0.0,0.0,0.0,0.0,100.0,0.0,0.0
Water,0.0,0.0,0.0,0.0,0.0,100.0,0.0
Other,0.4756437592258488,0.0,0.0,0.008200754469411185,0.0,0.0,99.51615548630474
