from_label,Crops,TreeCrops,Forest,Grassland,Urban,Water,Other
Crops,99.7076593256675,0.0,0.09744689144416294,0.0,0.15591502631066068,0.0,0.03897875657766517
TreeCrops,0.0,100.0,0.0,0.0,0.0,0.0,0.0
Forest,0.0,0.0,100.0,0.0,0.0,0.0,0.0
Grassland,0.0,0.0,0.04151100041511,99.83395599833956,0.12453300124533001,0.0,0.0
Urban,0.0,0.0,0.0,0.0,100.0,0.0,0.0
Water,0.0,0.0,0.0,0.0,0.0,100.0,0.0
Other,0.025233409033560434,0.0,0.025233409033560434,0.008411136344520145,0.03364454537808058,0.0,99.90747750021028
