from_label,Crops,TreeCrops,Forest,Grassland,Urban,Water,Other
Crops,99.94858611825192,0.0,0.0,0.0,0.0,0.0,0.051413881748071974
TreeCrops,0.0,100.0,0.0,0.0,0.0,0.0,0.0
Forest,0.0,0.07209805335255948,99.92790194664744,0.0,0.0,0.0,0.0
Grassland,0.6377551020408163,0.0,0.04251700680272109,99.23469387755102,0.04251700680272109,0.0,0.04251700680272109
Urban,0.0,0.0,0.0,0.0,100.0,0.0,0.0
Water,0.0,0.0,0.0,0.0,0.0,100.0,0.0
Other,0.4988585440094699,0.0,0.0,0.00845522955948254,0.15219413207068572,0.0,99.34049209436037
