from_label,Crops,TreeCrops,Forest,Grassland,Urban,Water,Other
Crops,99.96063766975006,0.0,0.0196811651249754,0.0,0.0196811651249754,0.0,0.0
TreeCrops,0.0,100.0,0.0,0.0,0.0,0.0,0.0
Forest,0.0,0.0,100.0,0.0,0.0,0.0,0.0
Grassland,0.04051863857374392,0.0,0.3241491085899514,99.43273905996759,0.1620745542949757,0.0,0.04051863857374392
Urban,0.0,0.0,0.0,0.0,100.0,0.0,0.0
Water,0.0,0.0,0.0,0.0,0.0,100.0,0.0
Other,0.016743407283382167,0.0,0.0,0.016743407283382167,0.0,0.0,99.96651318543324
