from_label,Crops,TreeCrops,Forest,Grassland,Urban,Water,Other
Crops,98.32775919732441,1.646514021095961,0.0,0.0,0.0,0.0,0.02572678157962439
TreeCrops,0.0,99.90680335507922,0.0,0.0,0.0,0.0,0.09319664492078285
Forest,0.0,1.6329704510108864,98.36702954898911,0.0,0.0,0.0,0.0
Grassland,0.7368877329865626,0.13003901170351106,0.043346337234503686,99.04638058084092,0.043346337234503686,0.0,0.0
Urban,0.0,0.0,0.0,0.0,100.0,0.0,0.0
Water,0.0,0.0,0.0,0.0,0.0,100.0,0.0
Other,0.19532908704883228,0.0,0.008492569002123142,0.008492569002123142,0.15286624203821655,0.0,99.63481953290871
