from_label,Crops,TreeCrops,Forest,Grassland,Urban,Water,Other
Crops,98.92782426778243,0.0,0.0,0.5491631799163179,0.41841004184100417,0.0,0.10460251046025104
TreeCrops,0.0,99.02694610778443,0.2245508982035928,0.14970059880239522,0.37425149700598803,0.0,0.2245508982035928
Forest,0.0,0.0,100.0,0.0,0.0,0.0,0.0
Grassland,0.044326241134751775,0.0,0.0,99.95567375886525,0.0,0.0,0.0
Urban,0.0,0.0,0.0,0.0,100.0,0.0,0.0
Water,0.0,0.0,0.0,0.0,0.0,100.0,0.0
Other,0.008631106507854307,0.0,0.0,0.008631106507854307,0.008631106507854307,0.0,99.97410668047644
