from_label,Crops,TreeCrops,Forest,Grassland,Urban,Water,Other
Crops,99.9206034140532,0.0,0.0,0.03969829297340214,0.01984914648670107,0.0,0.01984914648670107
TreeCrops,0.0,100.0,0.0,0.0,0.0,0.0,0.0
Forest,0.0,0.0,100.0,0.0,0.0,0.0,0.0
Grassland,2.1108179419525066,0.0,0.04397537379067722,97.273526824978,0.4837291116974494,0.0,0.08795074758135445
Urban,0.0,0.0,0.0,0.0,100.0,0.0,0.0
Water,0.0,0.0,0.0,0.0,0.0,100.0,0.0
Other,0.29575798546560755,0.0,0.0,0.0,0.03380091262464086,0.0,99.67044110190976
