from_label,Crops,TreeCrops,Forest,Grassland,Urban,Water,Other
Crops,99.94128009395185,0.0,0.019573302016050106,0.0,0.019573302016050106,0.0,0.019573302016050106
TreeCrops,0.0,100.0,0.0,0.0,0.0,0.0,0.0
Forest,0.0,0.0,100.0,0.0,0.0,0.0,0.0
Grassland,0.5723630417007358,0.0,0.3679476696647588,98.44644317252657,0.5314799672935405,0.0,0.08176614881439084
Urban,0.0,0.0,0.0,0.0,100.0,0.0,0.0
Water,0.0,0.0,0.0,0.0,0.0,100.0,0.0
Other,0.09244474325573578,0.0,0.0,0.008404067568703252,0.008404067568703252,0.0,99.89074712160686
