from_label,Crops,TreeCrops,Forest,Grassland,Urban,Water,Other
Crops,99.93996397838704,0.0,0.020012007204322592,0.0,0.020012007204322592,0.0,0.020012007204322592
TreeCrops,0.0,0.0,0.0,0.0,0.0,0.0,0.0
Forest,0.0,0.0,100.0,0.0,0.0,0.0,0.0
Grassland,0.04268032437046522,0.0,0.08536064874093044,99.74391805377721,0.04268032437046522,0.0,0.08536064874093044
Urban,0.0,0.0,0.0,0.0,100.0,0.0,0.0
Water,0.0,0.0,0.0,0.0,0.0,100.0,0.0
Other,0.11463194956194218,0.0,0.0,0.0,0.0,0.0,99.88536805043806
