from_label,Crops,TreeCrops,Forest,Grassland,Urban,Water,Other
Crops,99.93940618056958,0.0,0.0,0.0,0.0,0.0,0.060593819430418104
TreeCrops,0.0,0.0,0.0,0.0,0.0,0.0,0.0
Forest,0.0,0.0,100.0,0.0,0.0,0.0,0.0
Grassland,0.7996801279488205,0.0,0.1599360255897641,98.96041583366653,0.07996801279488205,0.0,0.0
Urban,0.0,0.0,0.0,0.0,100.0,0.0,0.0
Water,0.0,0.0,0.0,0.0,0.0,100.0,0.0
Other,0.016518004625041292,0.0,0.0,0.0,0.0,0.0,99.98348199537496
