from_label,Crops,TreeCrops,Forest,Grassland,Urban,Water,Other
Crops,99.88835132117603,0.018608113137327877,0.09304056568663938,0.0,0.0,0.0,0.0
TreeCrops,0.0,99.57665285534138,0.18014772113132768,0.2251846514141596,0.01801477211313277,0.0,0.0
Forest,0.25207057976233344,0.0,99.67590925459129,0.07202016564638099,0.0,0.0,0.0
Grassland,0.07207207207207207,0.0,0.036036036036036036,99.87387387387388,0.018018018018018018,0.0,0.0
Urban,0.0,0.0,0.0,0.0,100.0,0.0,0.0
Water,0.0,0.0,0.0,0.0,0.0,100.0,0.0
Other,0.0,0.0,0.0,0.0,0.0,0.0,100.0
