from_label,Crops,TreeCrops,Forest,Grassland,Urban,Water,Other
Crops,99.89176424284169,0.0,0.049198071435599726,0.05903768572271967,0.0,0.0,0.0
TreeCrops,0.0,100.0,0.0,0.0,0.0,0.0,0.0
Forest,1.8034265103697025,0.0,98.04628794709949,0.15028554253080853,0.0,0.0,0.0
Grassland,1.6428571428571428,0.0,0.10714285714285715,98.25,0.0,0.0,0.0
Urban,0.0,0.0,0.0,0.0,100.0,0.0,0.0
Water,0.0,0.0,0.0,0.0,0.0,100.0,0.0
Other,1.9230769230769231,0.0,0.0,0.0,0.0,0.0,98.07692307692307
