from_label,Crops,TreeCrops,Forest,Grassland,Urban,Water,Other
Crops,99.7709049255441,0.20045819014891178,0.028636884306987402,0.0,0.0,0.0,0.0
TreeCrops,0.0,99.94549913706967,0.009083477155054956,0.036333908620219825,0.009083477155054956,0.0,0.0
Forest,0.41906757464641176,50.81194342587742,48.66422210581457,0.10476689366160294,0.0,0.0,0.0
Grassland,0.26171782060433024,12.776588151320487,0.011896264572924102,86.93790149892934,0.011896264572924102,0.0,0.0
Urban,0.0,0.0,0.0,0.0,100.0,0.0,0.0
Water,0.0,0.0,0.0,0.0,0.0,100.0,0.0
Other,0.0,0.0,0.0,0.0,0.0,0.0,100.0
