from_label,Crops,TreeCrops,Forest,Grassland,Urban,Water,Other
Crops,99.9110056363097,0.0,0.07416196974191634,0.01483239394838327,0.0,0.0,0.0
TreeCrops,0.0,100.0,0.0,0.0,0.0,0.0,0.0
Forest,2.6940088459991958,0.0,97.06473663047849,0.24125452352231602,0.0,0.0,0.0
Grassland,0.44001852709587774,0.01157943492357573,0.04631773969430292,99.49050486336267,0.01157943492357573,0.0,0.0
Urban,0.0,0.0,0.0,0.0,100.0,0.0,0.0
Water,0.0,0.0,0.0,0.0,0.0,100.0,0.0
Other,0.0,0.0,0.0,0.0,0.0,0.0,100.0
