from_label,Crops,TreeCrops,Forest,Grassland,Urban,Water,Other
Crops,99.79362531529465,0.09172208209126347,0.11465260261407935,0.0,0.0,0.0,0.0
TreeCrops,0.0,99.94607226316735,0.03595182455509617,0.017975912277548085,0.0,0.0,0.0
Forest,0.5734450816056462,0.35288928098808997,99.07366563740626,0.0,0.0,0.0,0.0
Grassland,13.860544217687073,0.0,2.465986394557823,83.63095238095238,0.04251700680272109,0.0,0.0
Urban,0.0,0.0,0.0,0.0,100.0,0.0,0.0
Water,0.0,0.0,0.0,0.0,0.0,100.0,0.0
Other,50.0,0.0,0.0,0.0,0.0,0.0,50.0
