from_label,Crops,TreeCrops,Forest,Grassland,Urban,Water,Other
Crops,99.89033484427547,0.0,0.021933031144904226,0.0877321245796169,0.0,0.0,0.0
TreeCrops,0.0,100.0,0.0,0.0,0.0,0.0,0.0
Forest,0.5546075085324232,0.0,97.31228668941979,2.1331058020477816,0.0,0.0,0.0
Grassland,0.01165093790050099,0.0,0.08155656530350694,99.90679249679599,0.0,0.0,0.0
Urban,0.0,0.0,0.0,0.0,100.0,0.0,0.0
Water,0.0,0.0,0.0,0.0,0.0,100.0,0.0
Other,0.0,0.0,0.0,0.0,0.0,0.0,100.0
