from_label,Crops,TreeCrops,Forest,Grassland,Urban,Water,Other
Crops,99.92544268406337,0.0,0.07455731593662629,0.0,0.0,0.0,0.0
TreeCrops,0.0,99.88291452760515,0.11708547239484823,0.0,0.0,0.0,0.0
Forest,0.11489850631941785,0.4595940252776714,99.38720796629644,0.038299502106472615,0.0,0.0,0.0
Grassland,0.17464198393293748,0.0,2.8815927348934687,96.908836884387,0.0349283967865875,0.0,0.0
Urban,0.0,0.0,0.0,0.0,100.0,0.0,0.0
Water,0.0,0.0,0.0,0.0,0.0,100.0,0.0
Other,0.0,0.0,0.0,0.0,0.0,0.0,100.0
