from_label,Crops,TreeCrops,Forest,Grassland,Urban,Water,Other
Crops,99.89381067961165,0.0,0.007584951456310679,0.09860436893203883,0.0,0.0,0.0
TreeCrops,0.0,100.0,0.0,0.0,0.0,0.0,0.0
Forest,0.10976948408342481,0.0,97.51189169410904,2.3783388218075374,0.0,0.0,0.0
Grassland,0.13518080432578572,0.0,0.14644587135293455,99.70710825729412,0.011265067027148813,0.0,0.0
Urban,0.0,0.0,0.0,0.0,100.0,0.0,0.0
Water,0.0,0.0,0.0,0.0,0.0,100.0,0.0
Other,0.0,0.0,2.3255813953488373,0.0,0.0,0.0,97.67441860465115
