from_label,Crops,TreeCrops,Forest,Grassland,Urban,Water,Other
Crops,99.90246497605958,0.0,0.06206774250753679,0.03546728143287817,0.0,0.0,0.0
TreeCrops,0.0,100.0,0.0,0.0,0.0,0.0,0.0
Forest,2.048780487804878,0.0,97.72357723577237,0.22764227642276422,0.0,0.0,0.0
Grassland,0.7341576506955177,0.0,0.09659969088098919,99.1692426584235,0.0,0.0,0.0
Urban,0.0,0.0,0.0,0.0,100.0,0.0,0.0
Water,0.0,0.0,0.0,0.0,0.0,100.0,0.0
Other,1.4598540145985401,0.0,0.0,0.0,0.0,0.0,98.54014598540147
