from_label,Crops,TreeCrops,Forest,Grassland,Urban,Water,Other
Crops,99.9625748502994,0.0,0.037425149700598806,0.0,0.0,0.0,0.0
TreeCrops,0.017966223499820338,99.7394897592526,0.23356090549766442,0.0,0.0,0.0,0.008983111749910169
Forest,0.12350761630300536,0.0,99.79415397282833,0.08233841086867023,0.0,0.0,0.0
Grassland,0.3049296967643571,0.0,2.693545654751821,96.96764357106557,0.0338810774182619,0.0,0.0
Urban,0.0,0.0,0.0,0.0,100.0,0.0,0.0
Water,0.0,0.0,0.0,0.0,0.0,100.0,0.0
Other,0.0,0.0,0.0,0.0,0.0,0.0,100.0
