from_label,Crops,TreeCrops,Forest,Grassland,Urban,Water,Other
Crops,99.88870339454647,0.0,0.09274717121127805,0.0,0.01854943424225561,0.0,0.0
TreeCrops,0.0,99.81879133822596,0.14496692941922623,0.02718129926610492,0.00906043308870164,0.0,0.0
Forest,0.46411995715815785,0.0,99.46447697250981,0.07140307033202428,0.0,0.0,0.0
Grassland,0.08979885057471264,0.0,0.05387931034482758,99.83836206896551,0.017959770114942528,0.0,0.0
Urban,0.0,0.0,0.0,0.0,100.0,0.0,0.0
Water,0.0,0.0,0.0,0.0,0.0,100.0,0.0
Other,0.0,0.0,0.0,0.0,0.0,0.0,100.0
