from_label,Crops,TreeCrops,Forest,Grassland,Urban,Water,Other
Crops,99.89625577666698,0.0,0.04715646515137225,0.056587758181646707,0.0,0.0,0.0
TreeCrops,0.0,100.0,0.0,0.0,0.0,0.0,0.0
Forest,2.045877247365158,0.0,97.83013019218846,0.12399256044637322,0.0,0.0,0.0
Grassland,1.601914932793224,0.0,0.11047689191677407,98.27840176763027,0.009206407659731172,0.0,0.0
Urban,0.0,0.0,0.0,0.0,100.0,0.0,0.0
Water,0.0,0.0,0.0,0.0,0.0,100.0,0.0
Other,3.2467532467532463,0.0,0.0,0.0,0.0,0.0,96.75324675324676
