from_label,Crops,TreeCrops,Forest,Grassland,Urban,Water,Other
Crops,99.89468933353393,0.0,0.03761095230931247,0.06769971415676246,0.0,0.0,0.0
TreeCrops,0.0,100.0,0.0,0.0,0.0,0.0,0.0
Forest,0.5017367811655732,0.0,98.80355075260518,0.6947124662292551,0.0,0.0,0.0
Grassland,0.011425959780621572,0.0,0.04570383912248629,99.9428702010969,0.0,0.0,0.0
Urban,0.0,0.0,0.0,0.0,100.0,0.0,0.0
Water,0.0,0.0,0.0,0.0,0.0,100.0,0.0
Other,0.0,0.0,0.0,0.0,0.0,0.0,100.0
