from_label,Crops,TreeCrops,Forest,Grassland,Urban,Water,Other
Crops,99.89113078821309,0.0,0.02177384235738133,0.08709536942952532,0.0,0.0,0.0
TreeCrops,0.0,100.0,0.0,0.0,0.0,0.0,0.0
Forest,0.5893019038984587,0.0,97.82411604714414,1.5865820489573892,0.0,0.0,0.0
Grassland,0.023218017181332713,0.162526120269329,0.05804504295333178,99.756210819596,0.0,0.0,0.0
Urban,0.0,0.0,0.0,0.0,100.0,0.0,0.0
Water,0.0,0.0,0.0,0.0,0.0,100.0,0.0
Other,0.0,0.0,0.0,0.0,0.0,0.0,100.0
