from_label,Crops,TreeCrops,Forest,Grassland,Urban,Water,Other
Crops,99.89763837098778,0.0,0.02924617971777437,0.07311544929443592,0.0,0.0,0.0
TreeCrops,0.0,100.0,0.0,0.0,0.0,0.0,0.0
Forest,0.48013967699694454,0.0,99.12701876909647,0.39284155390659103,0.0,0.0,0.0
Grassland,0.01157809424568716,0.0,0.04631237698274864,99.94210952877157,0.0,0.0,0.0
Urban,0.0,0.0,0.0,0.0,100.0,0.0,0.0
Water,0.0,0.0,0.0,0.0,0.0,100.0,0.0
Other,0.0,0.0,0.0,0.0,0.0,0.0,100.0
