from_label,Crops,TreeCrops,Forest,Grassland,Urban,Water,Other
Crops,99.91956124314443,0.0,0.06581352833638025,0.014625228519195614,0.0,0.0,0.0
TreeCrops,0.0,100.0,0.0,0.0,0.0,0.0,0.0
Forest,3.466432645897324,0.0,96.22641509433963,0.307152259763054,0.0,0.0,0.0
Grassland,0.40457750549069466,0.08091550109813894,0.04623742919893654,99.46826956421224,0.0,0.0,0.0
Urban,0.0,0.0,0.0,0.0,100.0,0.0,0.0
Water,0.0,0.0,0.0,0.0,0.0,100.0,0.0
Other,0.0,0.0,0.0,0.0,0.0,0.0,100.0
