from_label,Crops,TreeCrops,Forest,Grassland,Urban,Water,Other
Crops,98.489336492891,1.2885071090047393,0.0370260663507109,0.17772511848341233,0.0,0.0,0.00740521327014218
TreeCrops,0.0,100.0,0.0,0.0,0.0,0.0,0.0
Forest,0.11587485515643105,0.0772499034376207,99.6137504828119,0.19312475859405176,0.0,0.0,0.0
Grassland,0.12588693064774548,0.2861066605630579,0.11444266422522317,99.46211947814146,0.011444266422522316,0.0,0.0
Urban,0.0,0.0,0.0,0.0,100.0,0.0,0.0
Water,0.0,0.0,0.0,0.0,0.0,100.0,0.0
Other,0.0,0.0,0.0,0.0,0.0,0.0,100.0
