from_label,Crops,TreeCrops,Forest,Grassland,Urban,Water,Other
Crops,99.9092741935484,0.0,0.05040322580645161,0.04032258064516129,0.0,0.0,0.0
TreeCrops,0.0,100.0,0.0,0.0,0.0,0.0,0.0
Forest,1.8375815056312983,0.0,98.0438648488441,0.11855364552459988,0.0,0.0,0.0
Grassland,1.6327247191011238,0.0,0.12289325842696629,98.24438202247191,0.0,0.0,0.0
Urban,0.0,0.0,0.0,0.0,100.0,0.0,0.0
Water,0.0,0.0,0.0,0.0,0.0,100.0,0.0
Other,2.5,0.0,0.0,0.0,0.0,0.0,97.5
