from_label,Crops,TreeCrops,Forest,Grassland,Urban,Water,Other
Crops,96.330412641354,0.0,0.13480116827679173,3.4748745600239648,0.007488953793155097,0.0,0.05242267655208567
TreeCrops,0.0,100.0,0.0,0.0,0.0,0.0,0.0
Forest,0.16863406408094433,0.0,98.24620573355818,1.551433389544688,0.0,0.0,0.03372681281618887
Grassland,0.13002364066193853,0.0,0.0,99.86997635933807,0.0,0.0,0.0
Urban,0.0,0.0,0.0,0.0,100.0,0.0,0.0
Water,0.0,0.0,0.0,0.0,0.0,100.0,0.0
Other,0.0,0.0,0.0,0.0,0.0,0.0,100.0
