from_label,Crops,TreeCrops,Forest,Grassland,Urban,Water,Other
Crops,99.95617110799438,0.0,0.0,0.0438288920056101,0.0,0.0,0.0
TreeCrops,0.0,100.0,0.0,0.0,0.0,0.0,0.0
Forest,2.084712111184646,0.0,97.65056254136334,0.26472534745201853,0.0,0.0,0.0
Grassland,17.738639680840713,0.0,0.1362265252505595,82.11540332781941,0.009730466089325679,0.0,0.0
Urban,0.0,0.0,0.0,0.0,100.0,0.0,0.0
Water,0.0,0.0,0.0,0.0,0.0,100.0,0.0
Other,47.40740740740741,0.0,0.0,5.9259259259259265,0.0,0.0,46.666666666666664
