from_label,Crops,TreeCrops,Forest,Grassland,Urban,Water,Other
Crops,99.89631165753222,0.0,0.037031550881350905,0.059250481410161454,0.0,0.0,0.007406310176270182
TreeCrops,0.0,100.0,0.0,0.0,0.0,0.0,0.0
Forest,0.0,0.0,99.88354037267081,0.11645962732919254,0.0,0.0,0.0
Grassland,0.18275271273557966,0.0,0.125642490005711,99.68018275271274,0.011422044545973729,0.0,0.0
Urban,0.0,0.0,0.0,0.0,100.0,0.0,0.0
Water,0.0,0.0,0.0,0.0,0.0,100.0,0.0
Other,0.0,0.0,0.0,0.0,0.0,0.0,100.0
