from_label,Crops,TreeCrops,Forest,Grassland,Urban,Water,Other
Crops,99.94314951677089,0.0,0.0,0.05685048322910744,0.0,0.0,0.0
TreeCrops,0.0,77.44114927814523,7.410568238389873,15.141170613754356,0.007111869710546903,0.0,0.0
Forest,0.22675736961451248,0.0,99.65986394557824,0.11337868480725624,0.0,0.0,0.0
Grassland,0.29855436832181015,0.0,0.04714016341923319,99.62287869264614,0.03142677561282212,0.0,0.0
Urban,0.0,0.0,0.0,0.0,100.0,0.0,0.0
Water,0.0,0.0,0.0,0.0,0.0,100.0,0.0
Other,0.0,0.0,0.0,0.0,0.0,0.0,100.0
