from_label,Crops,TreeCrops,Forest,Grassland,Urban,Water,Other
Crops,99.60321122081757,0.0,0.09227646027498385,0.2952846728799483,0.0,0.0,0.009227646027498385
TreeCrops,0.0,100.0,0.0,0.0,0.0,0.0,0.0
Forest,0.22061140876142452,0.0,98.04601323668453,1.7018594390167037,0.03151591553734636,0.0,0.0
Grassland,0.05615348619560131,0.0,0.08423022929340197,99.859616284511,0.0,0.0,0.0
Urban,0.0,0.0,0.0,0.0,100.0,0.0,0.0
Water,0.0,0.0,0.0,0.0,0.0,100.0,0.0
Other,0.0,0.0,0.0,0.0,0.0,0.0,100.0
