from_label,Crops,TreeCrops,Forest,Grassland,Urban,Water,Other
Crops,99.20296043267862,0.0,0.0569313976658127,0.6547110731568461,0.08539709649871904,0.0,0.0
TreeCrops,0.02052264331645916,74.21671911342182,7.860172390203858,17.90258585305787,0.0,0.0,0.0
Forest,0.12360939431396785,0.0,98.76390605686032,1.1124845488257107,0.0,0.0,0.0
Grassland,0.0679001867255135,0.0,0.0,99.93209981327449,0.0,0.0,0.0
Urban,0.0,0.0,0.0,0.0,100.0,0.0,0.0
Water,0.0,0.0,0.0,0.0,0.0,100.0,0.0
Other,0.0,0.0,0.0,0.0,0.0,0.0,100.0
