from_label,Crops,TreeCrops,Forest,Grassland,Urban,Water,Other
Crops,98.43859240270334,0.0,0.6991377301328362,0.7923560941505478,0.06991377301328362,0.0,0.0
TreeCrops,0.0,99.60159362549801,0.0,0.0,0.398406374501992,0.0,0.0
Forest,0.07540214477211796,0.0,99.68163538873995,0.2262064343163539,0.01675603217158177,0.0,0.0
Grassland,0.11526328561028876,0.0,0.3033244358165494,99.4722154816792,0.04246542101431691,0.0,0.06673137587964087
Urban,0.052273915316257184,0.0,0.10454783063251437,0.0,99.84317825405122,0.0,0.0
Water,0.0,0.0,0.0,0.0,0.0,100.0,0.0
Other,0.0,0.0,0.0,0.18083182640144665,0.0,0.0,99.81916817359856
