from_label,Crops,TreeCrops,Forest,Grassland,Urban,Water,Other
Crops,99.23945609587463,0.0,0.20742106476146577,0.4839824844434202,0.06914035492048859,0.0,0.0
TreeCrops,0.0,98.24561403508771,1.3157894736842104,0.43859649122807015,0.0,0.0,0.0
Forest,0.047778308647873864,0.0,99.72925625099538,0.19907628603280775,0.023889154323936932,0.0,0.0
Grassland,0.19228304063581592,0.0,0.3781566465837713,99.23086783745674,0.06409434687860531,0.0,0.13459812844507116
Urban,0.047080979284369114,0.0,0.14124293785310735,0.047080979284369114,99.76459510357816,0.0,0.0
Water,0.0,0.0,0.0,0.0,0.0,100.0,0.0
Other,0.0,0.0,0.01999600079984003,0.33993201359728054,0.0,0.0,99.64007198560289
