from_label,Crops,TreeCrops,Forest,Grassland,Urban,Water,Other
Crops,99.16123019571296,0.09319664492078285,0.1863932898415657,0.5358807082945014,0.023299161230195712,0.0,0.0
TreeCrops,0.0,100.0,0.0,0.0,0.0,0.0,0.0
Forest,0.09143047128252016,0.0332474441027346,99.71739672512676,0.1329897764109384,0.02493558307705095,0.0,0.0
Grassland,0.45254403131115456,0.04280821917808219,0.4464285714285714,98.91144814090019,0.08561643835616438,0.0,0.0611545988258317
Urban,0.1031459515214028,0.0,0.1031459515214028,0.0,99.79370809695719,0.0,0.0
Water,0.0,0.0,0.0,0.0,0.0,100.0,0.0
Other,0.0,0.0,0.10026067776218166,0.240625626629236,0.0,0.0,99.65911369560858
