from_label,Crops,TreeCrops,Forest,Grassland,Urban,Water,Other
Crops,99.2581957406078,0.0,0.23929169657812877,0.47858339315625753,0.023929169657812874,0.0,0.0
TreeCrops,0.0,100.0,0.0,0.0,0.0,0.0,0.0
Forest,0.1033947957952783,0.0,99.6984318455971,0.18955712562467691,0.008616232982939858,0.0,0.0
Grassland,0.45759962928637626,0.0057924003707136235,0.46339202965708987,98.96316033364226,0.023169601482854494,0.0,0.08688600556070436
Urban,0.10863661053775121,0.0,0.10863661053775121,0.0,99.7827267789245,0.0,0.0
Water,0.0,0.0,0.0,0.0,0.0,100.0,0.0
Other,0.0,0.0,0.0,0.26267932915740555,0.0,0.0,99.73732067084259
