from_label,Crops,TreeCrops,Forest,Grassland,Urban,Water,Other
Crops,98.38403041825094,0.0,0.3326996197718631,1.0693916349809884,0.21387832699619772,0.0,0.0
TreeCrops,0.0,100.0,0.0,0.0,0.0,0.0,0.0
Forest,0.03630093474906979,0.0,99.70959252200744,0.19965514111988386,0.03630093474906979,0.0,0.018150467374534896
Grassland,0.13802241484017005,0.0,0.18771048418263125,99.40926406448408,0.10489703527852923,0.0,0.16010600121459725
Urban,0.06056935190793458,0.0,0.06056935190793458,0.18170805572380377,99.69715324046032,0.0,0.0
Water,0.0,0.0,0.0,0.0,0.0,100.0,0.0
Other,0.0,0.0,0.0,0.2678755409025345,0.0,0.0,99.73212445909748
