from_label,Crops,TreeCrops,Forest,Grassland,Urban,Water,Other
Crops,99.23389992817812,0.0,0.14364376346660282,0.622456308355279,0.0,0.0,0.0
TreeCrops,0.0,100.0,0.0,0.0,0.0,0.0,0.0
Forest,0.03455723542116631,0.0,99.71490280777537,0.2505399568034557,0.0,0.0,0.0
Grassland,0.16760099404727505,0.0,0.32364329884991044,99.36427209154482,0.028896723111599146,0.0,0.11558689244639658
Urban,0.05431830526887561,0.0,0.10863661053775121,0.10863661053775121,99.72840847365562,0.0,0.0
Water,0.0,0.0,0.0,0.0,0.0,100.0,0.0
Other,0.0,0.0,0.0,0.2832288084159417,0.0,0.0,99.71677119158406
