from_label,Crops,TreeCrops,Forest,Grassland,Urban,Water,Other
Crops,99.0537733671821,0.0,0.3000230786983614,0.5538887606738979,0.09231479344564968,0.0,0.0
TreeCrops,0.0,99.18367346938776,0.40816326530612246,0.0,0.40816326530612246,0.0,0.0
Forest,0.049301561216105176,0.0,99.73705834018077,0.18077239112571897,0.032867707477403446,0.0,0.0
Grassland,0.16135037855281123,0.0,0.3723470274295643,99.26771751272186,0.09929254064788381,0.0,0.09929254064788381
Urban,0.0501002004008016,0.0,0.2004008016032064,0.0,99.74949899799599,0.0,0.0
Water,0.0,0.0,0.0,0.0,0.0,100.0,0.0
Other,0.0,0.0,0.0,0.1802162595114137,0.0,0.0,99.81978374048859
