from_label,Crops,TreeCrops,Forest,Grassland,Urban,Water,Other
Crops,99.16467780429595,0.0,0.23866348448687352,0.47732696897374705,0.07159904534606205,0.0,0.0477326968973747
TreeCrops,0.0,99.4186046511628,0.0,0.0,0.5813953488372093,0.0,0.0
Forest,0.0529821374508023,0.0,99.71238268240992,0.20435967302452315,0.030275507114744173,0.0,0.0
Grassland,0.14697040550470974,0.0,0.36742601376177436,99.22506513461154,0.1068875676397889,0.0,0.15365087848219655
Urban,0.04101722723543889,0.0,0.12305168170631665,0.20508613617719443,99.63084495488104,0.0,0.0
Water,0.0,0.0,0.0,0.0,0.0,100.0,0.0
Other,0.0,0.0,0.14370765756518167,0.28741531513036334,0.0,0.0,99.56887702730445
