from_label,Crops,TreeCrops,Forest,Grassland,Urban,Water,Other
Crops,98.48258706467662,0.0,0.27363184079601993,1.1194029850746268,0.12437810945273632,0.0,0.0
TreeCrops,0.0,100.0,0.0,0.0,0.0,0.0,0.0
Forest,0.027009993697668135,0.0,99.72990006302331,0.17106329341856485,0.027009993697668135,0.0,0.04501665616278023
Grassland,0.14370992703957552,0.0,0.1989829759009507,99.29803227946053,0.07185496351978776,0.0,0.28741985407915105
Urban,0.05694760820045558,0.0,0.05694760820045558,0.05694760820045558,99.82915717539863,0.0,0.0
Water,0.0,0.0,0.0,0.0,0.0,100.0,0.0
Other,0.0,0.0,0.0,0.34907597535934287,0.0,0.0,99.65092402464066
