from_label,Crops,TreeCrops,Forest,Grassland,Urban,Water,Other
Crops,99.20930232558139,0.0,0.16279069767441862,0.5116279069767441,0.11627906976744186,0.0,0.0
TreeCrops,0.0,100.0,0.0,0.0,0.0,0.0,0.0
Forest,0.04569966182250251,0.0,99.70752216433598,0.20107851201901106,0.04569966182250251,0.0,0.0
Grassland,0.15877361073090612,0.0,0.21899808376676702,99.40870517382973,0.1149739939775527,0.0,0.09854913769504518
Urban,0.0651890482398957,0.0,0.0651890482398957,0.1303780964797914,99.73924380704041,0.0,0.0
Water,0.0,0.0,0.0,0.0,0.0,100.0,0.0
Other,0.0,0.0,0.041631973355537054,0.2497918401332223,0.0,0.0,99.70857618651124
