from_label,Crops,TreeCrops,Forest,Grassland,Urban,Water,Other
Crops,99.1647331786543,0.0,0.27842227378190254,0.46403712296983757,0.09280742459396751,0.0,0.0
TreeCrops,0.0,100.0,0.0,0.0,0.0,0.0,0.0
Forest,0.047214353163361665,0.0,99.69310670443815,0.22820270695624803,0.03147623544224111,0.0,0.0
Grassland,0.15512895094046927,0.0,0.3878223773511732,99.22435524529766,0.10341930062697952,0.0,0.12927412578372438
Urban,0.046146746654360866,0.0,0.09229349330872173,0.1384402399630826,99.72311952007384,0.0,0.0
Water,0.0,0.0,0.0,0.0,0.0,100.0,0.0
Other,0.02009646302250804,0.0,0.14067524115755628,0.482315112540193,0.0,0.0,99.35691318327974
