from_label,Crops,TreeCrops,Forest,Grassland,Urban,Water,Other
Crops,99.14073385973062,0.0,0.25545750116117044,0.4876915931258709,0.09289363678588017,0.0,0.023223409196470042
TreeCrops,0.0,80.0,12.272727272727273,7.2727272727272725,0.0,0.0,0.45454545454545453
Forest,0.047058823529411764,0.0,99.67843137254901,0.22745098039215686,0.047058823529411764,0.0,0.0
Grassland,0.18149996758929152,0.0,0.3889285019770532,99.1443572956505,0.11019640889349841,0.0,0.17501782588967396
Urban,0.045766590389016024,0.0,0.09153318077803205,0.1830663615560641,99.67963386727689,0.0,0.0
Water,0.0,0.0,0.0,0.0,0.0,100.0,0.0
Other,0.0,0.0,0.14101531023368252,0.4834810636583401,0.0,0.0,99.37550362610797
