from_label,Crops,TreeCrops,Forest,Grassland,Urban,Water,Other
Crops,99.2427719137219,0.0,0.18357044515832951,0.5048187241854061,0.06883891693437356,0.0,0.0
TreeCrops,0.0,100.0,0.0,0.0,0.0,0.0,0.0
Forest,0.10601859403033763,0.0,99.73087587669221,0.13863969988582614,0.024465829391616373,0.0,0.0
Grassland,0.6517924291802457,0.0125344697919278,0.4387064427174731,98.66507896715969,0.12534469791927802,0.0,0.10654299323138632
Urban,0.14720314033366044,0.0,0.09813542688910697,0.0,99.75466143277724,0.0,0.0
Water,0.0,0.0,0.0,0.0,0.0,100.0,0.0
Other,0.0,0.0,0.0,0.22008803521408565,0.0,0.0,99.77991196478591
