from_label,Crops,TreeCrops,Forest,Grassland,Urban,Water,Other
Crops,99.1779497098646,0.024177949709864605,0.33849129593810445,0.43520309477756286,0.024177949709864605,0.0,0.0
TreeCrops,0.0,100.0,0.0,0.0,0.0,0.0,0.0
Forest,0.0525164113785558,0.0,99.73741794310722,0.20131291028446388,0.0087527352297593,0.0,0.0
Grassland,0.1599542987717795,0.01713796058269066,0.4113110539845758,99.28591830905455,0.03427592116538132,0.0,0.09140245644101685
Urban,0.05452562704471102,0.0,0.10905125408942204,0.0,99.83642311886587,0.0,0.0
Water,0.0,0.0,0.0,0.0,0.0,100.0,0.0
Other,0.0,0.0,0.0,0.30345943758850896,0.0,0.0,99.6965405624115
