from_label,Crops,TreeCrops,Forest,Grassland,Urban,Water,Other
Crops,99.41217963790265,0.0,0.23512814483893724,0.3056665882906184,0.04702562896778745,0.0,0.0
TreeCrops,0.0,99.6,0.0,0.4,0.0,0.0,0.0
Forest,0.07512520868113523,0.0,99.7161936560935,0.17529215358931552,0.0333889816360601,0.0,0.0
Grassland,0.33400133600534404,0.012145503127467054,0.4433108641525475,99.03443250136637,0.07894577032853586,0.0,0.09716402501973644
Urban,0.0,0.0,0.10400416016640666,0.05200208008320333,99.84399375975039,0.0,0.0
Water,0.0,0.0,0.0,0.0,0.0,100.0,0.0
Other,0.0,0.0,0.0,0.1606748343040771,0.0,0.0,99.83932516569593
