from_label,Crops,TreeCrops,Forest,Grassland,Urban,Water,Other
Crops,99.25805703686528,0.0,0.20867145838163692,0.48690006955715276,0.023185717597959656,0.0,0.023185717597959656
TreeCrops,0.0,100.0,0.0,0.0,0.0,0.0,0.0
Forest,0.09350561033662019,0.0,99.70248214892894,0.18701122067324039,0.017001020061203673,0.0,0.0
Grassland,0.43103448275862066,0.0,0.4074161549362305,98.99622106754842,0.07675956542276806,0.0,0.08856872933396316
Urban,0.10746910263299302,0.0,0.10746910263299302,0.05373455131649651,99.73132724341752,0.0,0.0
Water,0.0,0.0,0.0,0.0,0.0,100.0,0.0
Other,0.0,0.0,0.0,0.20149103364900264,0.0,0.0,99.798508966351
