from_label,Crops,TreeCrops,Forest,Grassland,Urban,Water,Other
Crops,99.45992389836749,0.0,0.0,0.2577635939609672,0.2700380508162514,0.0,0.012274456855284154
TreeCrops,0.0,0.0,0.0,0.0,0.0,0.0,0.0
Forest,0.0,0.0,0.0,0.0,0.0,0.0,0.0
Grassland,0.137520055008022,0.0,0.0,99.62869585147834,0.21544808617923447,0.0,0.018336007334402934
Urban,0.0,0.0,0.0,0.0,100.0,0.0,0.0
Water,0.0,0.0,0.0,0.0,0.0,100.0,0.0
Other,0.07042253521126761,0.0,0.0,0.10563380281690139,0.10563380281690139,0.0,99.71830985915493
