from_label,Crops,TreeCrops,Forest,Grassland,Urban,Water,Other
Crops,99.58882573467166,0.0,0.0,0.21768049340911838,0.18140041117426534,0.0,0.012093360744951022
TreeCrops,0.0,0.0,0.0,0.0,0.0,0.0,0.0
Forest,0.0,0.0,0.0,0.0,0.0,0.0,0.0
Grassland,0.2632939959565565,0.0,0.0,99.43579858009309,0.2821007099534534,0.0,0.01880671399689689
Urban,0.0,0.0,0.0,0.0,100.0,0.0,0.0
Water,0.0,0.0,0.0,0.0,0.0,100.0,0.0
Other,0.17901897601145722,0.0,0.0,0.1432151808091658,0.0,0.0,99.67776584317937
