from_label,Crops,TreeCrops,Forest,Grassland,Urban,Water,Other
Crops,99.31763903104742,0.0,0.0,0.6141248720573182,0.0682360968952576,0.0,0.0
TreeCrops,0.0,99.73434973434973,0.0,0.0,0.18480018480018479,0.0,0.08085008085008084
Forest,0.0,0.0,0.0,0.0,0.0,0.0,0.0
Grassland,0.10341890740966055,0.14600316340187372,0.0,99.72624406862148,0.012166930283489474,0.0,0.012166930283489474
Urban,0.0,0.0,0.0,0.0,100.0,0.0,0.0
Water,0.0,0.0,0.0,0.0,0.0,100.0,0.0
Other,0.03611412062116288,0.0,0.0,0.07222824124232576,0.03611412062116288,0.0,99.85554351751534
