from_label,Crops,TreeCrops,Forest,Grassland,Urban,Water,Other
Crops,99.24476484723652,0.0,0.0,0.5835907998626845,0.10298661174047373,0.0,0.06865774116031582
TreeCrops,0.0,99.80555873270045,0.0,0.0,0.17156582408784168,0.0,0.022875443211712226
Forest,0.0,0.0,0.0,0.0,0.0,0.0,0.0
Grassland,0.04296059899349454,0.0,0.0,99.90180434515773,0.049097827421136615,0.0,0.006137228427642077
Urban,0.0,0.0,0.0,0.0,100.0,0.0,0.0
Water,0.0,0.0,0.0,0.0,0.0,100.0,0.0
Other,0.0,0.0,0.0,0.07199424046076314,0.07199424046076314,0.0,99.85601151907846
