from_label,Crops,TreeCrops,Forest,Grassland,Urban,Water,Other
Crops,99.385455786958,0.06828269033799932,0.0,0.4779788323659952,0.06828269033799932,0.0,0.0
TreeCrops,0.0,99.78057512414829,0.0,0.0,0.16168148746968472,0.0,0.057743388382030254
Forest,0.0,0.0,0.0,0.0,0.0,0.0,0.0
Grassland,0.0974837019435813,0.3411929568025346,0.0,99.51258149028209,0.03655638822884299,0.0,0.012185462742947663
Urban,0.0,0.0,0.0,0.0,100.0,0.0,0.0
Water,0.0,0.0,0.0,0.0,0.0,100.0,0.0
Other,0.07209805335255948,0.0,0.0,0.03604902667627974,0.03604902667627974,0.0,99.85580389329488
