from_label,Crops,TreeCrops,Forest,Grassland,Urban,Water,Other
Crops,99.1562729273661,0.0,0.0,0.4524333577891905,0.34238200048911716,0.0,0.048911714355588165
TreeCrops,0.0,0.0,0.0,0.0,0.0,0.0,0.0
Forest,0.0,0.0,0.0,0.0,0.0,0.0,0.0
Grassland,0.10946362822171361,0.0,0.0,99.82585331873818,0.059707433575480154,0.0,0.004975619464623346
Urban,0.0,0.0,0.0,0.0,100.0,0.0,0.0
Water,0.0,0.0,0.0,0.0,0.0,100.0,0.0
Other,0.0,0.0,0.0,0.07220216606498195,0.036101083032490974,0.0,99.89169675090253
