from_label,Crops,TreeCrops,Forest,Grassland,Urban,Water,Other
Crops,98.98201560909399,0.0,0.0,0.848320325755005,0.10179843909060061,0.0,0.0678656260604004
TreeCrops,0.0,98.89193511537583,0.0,0.9367146447338359,0.14850354123829107,0.0,0.02284669865204478
Forest,0.0,0.0,0.0,0.0,0.0,0.0,0.0
Grassland,0.0856426255582064,0.0,0.0,99.88377072245672,0.012234660794029486,0.0,0.018351991191044227
Urban,0.0,0.0,0.0,0.0,100.0,0.0,0.0
Water,0.0,0.0,0.0,0.0,0.0,100.0,0.0
Other,0.0,0.03614022406938923,0.0,0.10842067220816769,0.03614022406938923,0.0,99.81929887965305
