from_label,Crops,TreeCrops,Forest,Grassland,Urban,Water,Other
Crops,99.36336336336336,0.0,0.0,0.3123123123123123,0.3003003003003003,0.0,0.024024024024024024
TreeCrops,0.0,0.0,0.0,0.0,0.0,0.0,0.0
Forest,0.0,0.0,0.0,0.0,0.0,0.0,0.0
Grassland,0.14806323733104074,0.0,0.0,99.65133495725271,0.18627310502937383,0.0,0.01432870038687491
Urban,0.0,0.0,0.0,0.0,100.0,0.0,0.0
Water,0.0,0.0,0.0,0.0,0.0,100.0,0.0
Other,0.03604902667627974,0.0,0.0,0.10814708002883922,0.14419610670511895,0.0,99.71160778658977
