from_label,Crops,TreeCrops,Forest,Grassland,Urban,Water,Other
Crops,99.18985558295175,0.0,0.0,0.6340260655160268,0.10567101091933778,0.0,0.07044734061289186
TreeCrops,0.0,99.77497749774977,0.0,0.18001800180018002,0.045004500450045004,0.0,0.0
Forest,0.0,0.0,0.0,0.0,0.0,0.0,0.0
Grassland,0.12782065778476967,0.0,0.0,99.81810137161398,0.039329433164544514,0.0,0.014748537436704194
Urban,0.0,0.0,0.0,0.0,100.0,0.0,0.0
Water,0.0,0.0,0.0,0.0,0.0,100.0,0.0
Other,0.035385704175513094,0.0,0.0,0.10615711252653928,0.0,0.0,99.85845718329794
