from_label,Crops,TreeCrops,Forest,Grassland,Urban,Water,Other
Crops,99.32474678004252,0.0,0.0,0.41265474552957354,0.22508440665249466,0.0,0.03751406777541578
TreeCrops,0.0,0.0,0.0,0.0,0.0,0.0,0.0
Forest,0.0,0.0,0.0,0.0,0.0,0.0,0.0
Grassland,0.12419891698544389,0.0,0.0,99.81121764618213,0.054647523473595305,0.0,0.009935913358835511
Urban,0.0,0.0,0.0,0.0,100.0,0.0,0.0
Water,0.0,0.0,0.0,0.0,0.0,100.0,0.0
Other,0.036101083032490974,0.0,0.0,0.07220216606498195,0.036101083032490974,0.0,99.85559566787003
