from_label,Crops,TreeCrops,Forest,Grassland,Urban,Water,Other
Crops,99.59711878891466,0.0,0.0,0.20754486631668906,0.183127823220608,0.0,0.012208521548040533
TreeCrops,0.0,0.0,0.0,0.0,0.0,0.0,0.0
Forest,0.0,0.0,0.0,0.0,0.0,0.0,0.0
Grassland,0.25968003709714815,0.0,0.0,99.44817992116856,0.27359146765592396,0.0,0.018548574078367727
Urban,0.0,0.0,0.0,0.0,100.0,0.0,0.0
Water,0.0,0.0,0.0,0.0,0.0,100.0,0.0
Other,0.1771793054571226,0.0,0.0,0.14174344436569808,0.28348688873139616,0.0,99.3975903614458
