from_label,Crops,TreeCrops,Forest,Grassland,Urban,Water,Other
Crops,99.79338842975206,0.0,0.0,0.06887052341597796,0.13774104683195593,0.0,0.0
TreeCrops,0.0,99.34625262666356,0.0,0.6070511323838431,0.0,0.0,0.046696240952603316
Forest,0.0,0.0,0.0,0.0,0.0,0.0,0.0
Grassland,0.13253485175731397,0.0,0.0,99.83310426075005,0.0196347928529354,0.0,0.014726094639701552
Urban,0.0,0.0,0.0,0.0,100.0,0.0,0.0
Water,0.0,0.0,0.0,0.0,0.0,100.0,0.0
Other,0.07064641469445425,0.0,0.0,0.1059696220416814,0.035323207347227124,0.0,99.78806075591665
