from_label,Crops,TreeCrops,Forest,Grassland,Urban,Water,Other
Crops,99.47545897339828,0.0,0.0,0.32471587361059073,0.17484700886724117,0.0,0.024978144123891592
TreeCrops,0.0,0.0,0.0,0.0,0.0,0.0,0.0
Forest,0.0,0.0,0.0,0.0,0.0,0.0,0.0
Grassland,0.1538308852719333,0.0,0.0,99.74196109567288,0.08932115919015482,0.0,0.014886859865025803
Urban,0.0,0.0,0.0,0.0,100.0,0.0,0.0
Water,0.0,0.0,0.0,0.0,0.0,100.0,0.0
Other,0.03607503607503607,0.0,0.0,0.10822510822510822,0.10822510822510822,0.0,99.74747474747475
