from_label,Crops,TreeCrops,Forest,Grassland,Urban,Water,Other
Crops,99.59613266430057,0.0,0.0,0.24476808224207564,0.14686084934524538,0.0,0.012238404112103782
TreeCrops,0.0,0.0,0.0,0.0,0.0,0.0,0.0
Forest,0.0,0.0,0.0,0.0,0.0,0.0,0.0
Grassland,0.26919876658019676,0.0,0.0,99.52523126621311,0.19088639812050315,0.0,0.01468356908619255
Urban,0.0,0.0,0.0,0.0,100.0,0.0,0.0
Water,0.0,0.0,0.0,0.0,0.0,100.0,0.0
Other,0.07228044813877846,0.0,0.0,0.14456089627755692,0.03614022406938923,0.0,99.74701843151428
