from_label,Crops,TreeCrops,Forest,Grassland,Urban,Water,Other
Crops,99.20497753197373,0.0,0.0,0.691323885240235,0.06913238852402351,0.0,0.034566194262011754
TreeCrops,0.0,98.81719170863099,0.0,0.9368778545497132,0.14053167818245696,0.0,0.10539875863684273
Forest,0.0,0.0,0.0,0.0,0.0,0.0,0.0
Grassland,0.03681659201079953,0.0,0.0,99.93863901331534,0.018408296005399765,0.0,0.006136098668466589
Urban,0.0,0.0,0.0,0.0,100.0,0.0,0.0
Water,0.0,0.0,0.0,0.0,0.0,100.0,0.0
Other,0.0,0.0,0.0,0.035739814152966405,0.035739814152966405,0.0,99.92852037169406
