from_label,Crops,TreeCrops,Forest,Grassland,Urban,Water,Other
Crops,98.90293346052945,0.0,0.0,0.5843071786310517,0.48891008824230864,0.0,0.023849272597185785
TreeCrops,0.0,0.0,0.0,0.0,0.0,0.0,0.0
Forest,0.0,0.0,0.0,0.0,0.0,0.0,0.0
Grassland,0.09811135638950208,0.0,0.0,99.82339955849889,0.06867794947265146,0.0,0.009811135638950207
Urban,0.0,0.0,0.0,0.0,100.0,0.0,0.0
Water,0.0,0.0,0.0,0.0,0.0,100.0,0.0
Other,0.036192544335866814,0.0,0.0,0.07238508867173363,0.0,0.0,99.8914223669924
