from_label,Crops,TreeCrops,Forest,Grassland,Urban,Water,Other
Crops,100.0,0.0,0.0,0.0,0.0,0.0,0.0
TreeCrops,0.0,99.29494712103408,0.0,0.5875440658049353,0.07050528789659224,0.0,0.04700352526439483
Forest,0.0,0.0,0.0,0.0,0.0,0.0,0.0
Grassland,0.13255437183956012,0.0,0.0,99.83798910108497,0.01963768471697187,0.0,0.009818842358485935
Urban,0.0,0.0,0.0,0.0,100.0,0.0,0.0
Water,0.0,0.0,0.0,0.0,0.0,100.0,0.0
Other,0.0706713780918728,0.0,0.0,0.10600706713780918,0.0353356890459364,0.0,99.78798586572438
