from_label,Crops,TreeCrops,Forest,Grassland,Urban,Water,Other
Crops,99.08256880733946,0.0,0.0,0.6351446718419196,0.24700070571630206,0.0,0.035285815102328866
TreeCrops,0.0,98.89502762430939,0.0,0.9281767955801105,0.06629834254143646,0.0,0.11049723756906078
Forest,0.0,0.0,0.0,0.0,0.0,0.0,0.0
Grassland,0.13789706968726914,0.0,0.0,99.82270376754494,0.02462447672986949,0.0,0.014774686037921694
Urban,0.0,0.0,0.0,0.0,100.0,0.0,0.0
Water,0.0,0.0,0.0,0.0,0.0,100.0,0.0
Other,0.0,0.0,0.0,0.03553660270078181,0.0,0.0,99.96446339729921
