from_label,Crops,TreeCrops,Forest,Grassland,Urban,Water,Other
Crops,99.5874787672895,0.0,0.0,0.21839359378791556,0.18199466148992963,0.0,0.012132977432661975
TreeCrops,0.0,0.0,0.0,0.0,0.0,0.0,0.0
Forest,0.0,0.0,0.0,0.0,0.0,0.0,0.0
Grassland,0.26206186531891995,0.0,0.0,99.42907950769808,0.2901399223173756,0.0,0.01871870466563714
Urban,0.0,0.0,0.0,0.0,100.0,0.0,0.0
Water,0.0,0.0,0.0,0.0,0.0,100.0,0.0
Other,0.17844396859386152,0.0,0.0,0.14275517487508924,0.17844396859386152,0.0,99.50035688793719
