from_label,Crops,TreeCrops,Forest,Grassland,Urban,Water,Other
Crops,99.34460158675405,0.0,0.0,0.3794411866160745,0.2069679199724043,0.0,0.0689893066574681
TreeCrops,0.0,99.81338931653838,0.0,0.0,0.12829484487986936,0.0,0.0583158385817588
Forest,0.0,0.0,0.0,0.0,0.0,0.0,0.0
Grassland,0.06747224437220144,0.0,0.0,99.92026007483285,0.012267680794945715,0.0,0.0
Urban,0.0,0.0,0.0,0.0,100.0,0.0,0.0
Water,0.0,0.0,0.0,0.0,0.0,100.0,0.0
Other,0.0,0.0,0.0,0.03586800573888092,0.03586800573888092,0.0,99.92826398852223
