from_label,Crops,TreeCrops,Forest,Grassland,Urban,Water,Other
Crops,98.79950495049505,0.0,0.0,0.8044554455445545,0.3341584158415842,0.0,0.06188118811881188
TreeCrops,0.0,0.0,0.0,0.0,0.0,0.0,0.0
Forest,0.0,0.0,0.0,0.0,0.0,0.0,0.0
Grassland,0.11930208281552915,0.0,0.0,99.84093055624597,0.034796440821196005,0.0,0.004970920117313715
Urban,0.0,0.0,0.0,0.0,100.0,0.0,0.0
Water,0.0,0.0,0.0,0.0,0.0,100.0,0.0
Other,0.0,0.0,0.0,0.07222824124232576,0.03611412062116288,0.0,99.89165763813651
