from_label,Crops,TreeCrops,Forest,Grassland,Urban,Water,Other
Crops,99.25021163381304,0.0,0.0,0.3869875438384327,0.33861410085862864,0.0,0.024186721489902044
TreeCrops,0.0,0.0,0.0,0.0,0.0,0.0,0.0
Forest,0.0,0.0,0.0,0.0,0.0,0.0,0.0
Grassland,0.14853857211308097,0.0,0.0,99.70292285577383,0.13416387158600862,0.0,0.014374700527072353
Urban,0.0,0.0,0.0,0.0,100.0,0.0,0.0
Water,0.0,0.0,0.0,0.0,0.0,100.0,0.0
Other,0.07220216606498195,0.0,0.0,0.07220216606498195,0.036101083032490974,0.0,99.81949458483754
