from_label,Crops,TreeCrops,Forest,Grassland,Urban,Water,Other
Crops,92.66055045871559,0.0,0.0,2.7522935779816518,0.9174311926605505,0.0,3.669724770642202
TreeCrops,0.0,0.0,0.0,0.0,0.0,0.0,0.0
Forest,0.0,0.0,100.0,0.0,0.0,0.0,0.0
Grassland,0.0,0.0,0.0,100.0,0.0,0.0,0.0
Urban,0.0,0.0,0.0,0.0,100.0,0.0,0.0
Water,0.0,0.0,0.0,0.0,0.0,100.0,0.0
Other,0.0,0.0,0.0,0.0,0.0,0.0,100.0
