from_label,Crops,TreeCrops,Forest,Grassland,Urban,Water,Other
Crops,93.18181818181817,0.0,0.0,0.7575757575757576,0.7575757575757576,0.0,5.303030303030303
TreeCrops,0.0,0.0,0.0,0.0,0.0,0.0,0.0
Forest,0.0,0.0,100.0,0.0,0.0,0.0,0.0
Grassland,0.0,0.0,0.0,100.0,0.0,0.0,0.0
Urban,0.0,0.0,0.0,0.0,100.0,0.0,0.0
Water,0.0,0.0,0.0,0.0,0.0,100.0,0.0
Other,0.0,0.0,0.0,0.0,0.0,0.0,100.0
