from_label,Crops,TreeCrops,Forest,Grassland,Urban,Water,Other
Crops,99.98048932766224,0.0,0.0,0.01951067233776876,0.0,0.0,0.0
TreeCrops,0.0,100.0,0.0,0.0,0.0,0.0,0.0
Forest,0.10529540146264885,0.0,99.66784086993147,0.22494926676111343,0.0,0.0,0.0019144618447754337
Grassland,0.46923879040667366,0.0,0.03475842891901286,99.27255573762352,0.03972391876458613,0.0,0.18372312428621085
Urban,0.0,0.0,0.0,0.0,100.0,0.0,0.0
Water,0.0,0.0,0.0,0.0,0.0,100.0,0.0
Other,0.4878048780487805,0.0,0.0,1.1774600504625736,0.050462573591253154,0.0,98.28427249789739
