from_label,Crops,TreeCrops,Forest,Grassland,Urban,Water,Other
Crops,99.97992428587817,0.0,0.0,0.017207754961569347,0.0,0.0,0.0028679591602615577
TreeCrops,0.0,0.0,0.0,0.0,0.0,0.0,0.0
Forest,0.13377256843331392,0.0,99.69878421665696,0.16744321490972627,0.0,0.0,0.0
Grassland,0.599869119464844,0.0,0.05816912673598487,99.15654766232822,0.03635570420999055,0.0,0.14905838726096124
Urban,0.0,0.0,0.0,0.0,100.0,0.0,0.0
Water,0.0,0.0,0.0,0.0,0.0,100.0,0.0
Other,0.6742114134360703,0.0,0.0,1.0113171201541056,0.04815795810257645,0.0,98.26631350830725
