from_label,Crops,TreeCrops,Forest,Grassland,Urban,Water,Other
Crops,99.97018417008783,0.0,0.0,0.020641728400724754,0.0,0.0,0.009174101511433224
TreeCrops,0.0,100.0,0.0,0.0,0.0,0.0,0.0
Forest,0.01777391579113674,0.009874397661742633,99.77288885377992,0.18958843510545856,0.0,0.0,0.009874397661742633
Grassland,0.149444140696191,0.02186987424822307,0.04009476945507563,99.48241297612539,0.12757426644796793,0.0,0.1786039730271551
Urban,0.0,0.0,0.0,0.0,100.0,0.0,0.0
Water,0.0,0.0,0.0,0.0,0.0,100.0,0.0
Other,0.18781862087469814,0.0,0.0,1.5293801985511135,0.16098738932116982,0.0,98.12181379125302
