from_label,Crops,TreeCrops,Forest,Grassland,Urban,Water,Other
Crops,97.18455825200795,0.0,0.023030198347583266,2.3202924835190144,0.025908973141031175,0.0,0.4462100929844258
TreeCrops,0.0,0.0,0.0,0.0,0.0,0.0,0.0
Forest,0.0036814784817582736,0.0,99.69719839487539,0.29912012664285975,0.0,0.0,0.0
Grassland,0.034756012790212704,0.0,0.034756012790212704,99.63853746698179,0.013902405116085082,0.0,0.27804810232170163
Urban,0.0,0.0,0.0,0.0,100.0,0.0,0.0
Water,0.0,0.0,0.0,0.0,0.0,100.0,0.0
Other,0.0,0.0,0.0,1.7814726840855106,0.023752969121140142,0.0,98.19477434679335
