from_label,Crops,TreeCrops,Forest,Grassland,Urban,Water,Other
Crops,99.96037598784864,0.002201334008409096,0.0,0.015409338058863672,0.0,0.0,0.02201334008409096
TreeCrops,0.0,100.0,0.0,0.0,0.0,0.0,0.0
Forest,0.014943534786414194,0.13662660376150118,98.61238605554725,1.1784044574429478,0.0,0.0,0.057639348461883316
Grassland,0.012890750886239123,0.045117628101836935,0.04189494038027715,99.58749597164035,0.012890750886239123,0.0,0.2997099581050596
Urban,0.0,0.0,0.0,0.0,100.0,0.0,0.0
Water,0.0,0.0,0.0,0.0,0.0,100.0,0.0
Other,0.0,0.0,0.0,0.18136476989344819,0.022670596236681023,0.0,99.79596463386987
