from_label,Crops,TreeCrops,Forest,Grassland,Urban,Water,Other
Crops,99.9829765501979,0.0,0.0,0.012767587351576796,0.0,0.0,0.004255862450525599
TreeCrops,0.0,100.0,0.0,0.0,0.0,0.0,0.0
Forest,0.002792802018264925,0.0,99.69558458000913,0.2997607499604353,0.0,0.0,0.0018618680121766167
Grassland,0.022833367160543943,0.0,0.04312969352547189,99.63974020702253,0.03551857113862391,0.0,0.2587781611528313
Urban,0.0,0.0,0.0,0.0,100.0,0.0,0.0
Water,0.0,0.0,0.0,0.0,0.0,100.0,0.0
Other,0.0,0.0,0.0,1.742627345844504,0.03351206434316354,0.0,98.22386058981233
