from_label,Crops,TreeCrops,Forest,Grassland,Urban,Water,Other
Crops,99.95814148179154,0.0,0.0,0.030843118679914516,0.0,0.0,0.0110153995285409
TreeCrops,0.0,100.0,0.0,0.0,0.0,0.0,0.0
Forest,0.03302884863497961,0.0051607575992155645,97.50219332197968,2.356401919801827,0.0,0.0,0.1032151519843113
Grassland,0.014179369018078695,0.0,0.04962779156327543,99.61361219425736,0.010634526763559022,0.0,0.3119461183977313
Urban,0.0,0.0,0.0,0.0,100.0,0.0,0.0
Water,0.0,0.0,0.0,0.0,0.0,100.0,0.0
Other,0.0,0.0,0.0,0.4849660523763337,0.024248302618816685,0.0,99.49078564500485
