from_label,Crops,TreeCrops,Forest,Grassland,Urban,Water,Other
Crops,99.94832970143554,0.011232673600970503,0.004493069440388201,0.015725743041358705,0.0,0.0,0.020218812481746905
TreeCrops,0.0,98.26086956521739,0.8695652173913043,0.0,0.8695652173913043,0.0,0.0
Forest,0.015364444626541567,0.12496414962920473,99.7050026631704,0.15057155734010735,0.0,0.0,0.004097185233744418
Grassland,0.07940617987225962,0.010357327809425169,0.05178663904712584,99.58915933022614,0.05178663904712584,0.0,0.21750388399792853
Urban,0.0,0.0,0.0,0.0,100.0,0.0,0.0
Water,0.0,0.0,0.0,0.0,0.0,100.0,0.0
Other,0.024125452352231604,0.0,0.0,0.48250904704463204,0.09650180940892641,0.0,99.39686369119421
