from_label,Crops,TreeCrops,Forest,Grassland,Urban,Water,Other
Crops,99.97658148180673,0.0,0.0,0.020491203419103654,0.0,0.0,0.0029273147741576654
TreeCrops,0.0,0.0,0.0,0.0,0.0,0.0,0.0
Forest,0.013543528901890676,0.0,99.77878902793579,0.20766744316232372,0.0,0.0,0.0
Grassland,0.5461076088550066,0.0,0.05864242779651077,99.17900601084885,0.04764697258466501,0.0,0.1685969799149685
Urban,0.0,0.0,0.0,0.0,100.0,0.0,0.0
Water,0.0,0.0,0.0,0.0,0.0,100.0,0.0
Other,0.584385226741468,0.0,0.0,1.5895278167367928,0.07012622720897616,0.0,97.75596072931276
