from_label,Crops,TreeCrops,Forest,Grassland,Urban,Water,Other
Crops,99.56657459183903,0.3952480406027532,0.0,0.008982910013698938,0.0022457275034247345,0.0,0.026948730041096814
TreeCrops,0.0,100.0,0.0,0.0,0.0,0.0,0.0
Forest,0.014379769718259227,0.2783512566891607,99.55422713873396,0.140716317957251,0.0,0.0,0.01232551690136505
Grassland,0.2377670572019297,0.08270158511371468,0.05168849069607167,99.37284631288766,0.044796691936595454,0.0,0.21019986216402484
Urban,0.0,0.0,0.0,0.0,100.0,0.0,0.0
Water,0.0,0.0,0.0,0.0,0.0,100.0,0.0
Other,0.023832221163012392,0.0,0.0,0.2859866539561487,0.09532888465204957,0.0,99.59485224022879
