from_label,Crops,TreeCrops,Forest,Grassland,Urban,Water,Other
Crops,99.97503536656403,0.0,0.0,0.012482316717982857,0.0,0.0,0.012482316717982857
TreeCrops,0.0,100.0,0.0,0.0,0.0,0.0,0.0
Forest,0.004683094963799676,0.0,99.68716925641819,0.3081476486180187,0.0,0.0,0.0
Grassland,0.010114803014211297,0.0,0.04045921205684519,99.688969807313,0.0,0.0,0.2604561776159409
Urban,0.0,0.0,0.0,0.0,100.0,0.0,0.0
Water,0.0,0.0,0.0,0.0,0.0,100.0,0.0
Other,0.0,0.0,0.0,1.2658227848101267,0.0,0.0,98.73417721518987
