from_label,Crops,TreeCrops,Forest,Grassland,Urban,Water,Other
Crops,99.96696617336153,0.004404510218463707,0.0022022551092318533,0.011011275546159268,0.0,0.0,0.015415785764622974
TreeCrops,0.0,100.0,0.0,0.0,0.0,0.0,0.0
Forest,0.023285597857724997,0.04127901438414886,99.14266662432921,0.7514897490447613,0.0,0.0,0.04127901438414886
Grassland,0.039450325465185086,0.006575054244197515,0.05260043395358012,99.59563416398186,0.009862581366296272,0.0,0.29587744098888813
Urban,0.0,0.0,0.0,0.0,100.0,0.0,0.0
Water,0.0,0.0,0.0,0.0,0.0,100.0,0.0
Other,0.0,0.0,0.0,0.4655493482309125,0.023277467411545624,0.0,99.51117318435753
