from_label,Crops,TreeCrops,Forest,Grassland,Urban,Water,Other
Crops,99.95924374504699,0.0,0.004528472772557455,0.029435073021623456,0.0,0.0,0.006792709158836183
TreeCrops,0.0,98.63013698630137,0.0,1.36986301369863,0.0,0.0,0.0
Forest,0.02721609580065722,0.0030240106445174686,99.75001512005322,0.2136967522125678,0.0,0.0,0.006048021289034937
Grassland,0.024774376216598833,0.0,0.056627145637940184,99.61422757034153,0.10617589807113785,0.0,0.19819500973279067
Urban,0.0,0.0,0.0,0.0,100.0,0.0,0.0
Water,0.0,0.0,0.0,0.0,0.0,100.0,0.0
Other,0.05098139179199593,0.0,0.0,0.688248789191945,0.15294417537598778,0.0,99.10782564364007
