from_label,Crops,TreeCrops,Forest,Grassland,Urban,Water,Other
Crops,99.97964583757378,0.0,0.0,0.02035416242621616,0.0,0.0,0.0
TreeCrops,0.0,100.0,0.0,0.0,0.0,0.0,0.0
Forest,0.15218685899556672,0.0,99.65876114225217,0.1890519987522568,0.0,0.0,0.0
Grassland,0.7805659102849566,0.0025018138150158862,0.03752720722523829,99.00177628780867,0.0,0.0,0.17762878086612796
Urban,0.0,0.0,0.0,0.4885993485342019,99.2671009771987,0.0,0.24429967426710095
Water,0.0,0.0,0.0,0.0,0.0,100.0,0.0
Other,0.7897832297092925,0.0,0.0,0.974626113258276,0.0,0.0,98.23559065703243
