from_label,Crops,TreeCrops,Forest,Grassland,Urban,Water,Other
Crops,99.73110316067726,0.0,0.004557573547843128,0.22787867739215642,0.01595150741745095,0.0,0.020509080965294076
TreeCrops,0.0,100.0,0.0,0.0,0.0,0.0,0.0
Forest,0.007944862653186884,0.0,99.79541978668044,0.18968359584483682,0.0,0.0,0.006951754821538523
Grassland,0.021717098595627624,0.0,0.05067323005646446,99.64890690603735,0.11220500941074273,0.0,0.16649775589981178
Urban,0.0,0.0,0.0,0.0,100.0,0.0,0.0
Water,0.0,0.0,0.0,0.0,0.0,100.0,0.0
Other,0.027041644131963225,0.0,0.0,0.18929150892374255,0.05408328826392645,0.0,99.72958355868037
