from_label,Crops,TreeCrops,Forest,Grassland,Urban,Water,Other
Crops,99.94296274326389,0.0,0.0,0.04106682484999201,0.0022814902694440007,0.0,0.013688941616664006
TreeCrops,0.0,100.0,0.0,0.0,0.0,0.0,0.0
Forest,0.0668402517982023,0.044892706431628404,99.71867237302845,0.14864473907361406,0.005985694190883788,0.0,0.01496423547720947
Grassland,0.23286640633396624,0.021495360584673807,0.057320961559130156,99.41246014401891,0.1038942428259234,0.0,0.17196288467739046
Urban,0.0,0.0,0.0,0.0,100.0,0.0,0.0
Water,0.0,0.0,0.0,0.0,0.0,100.0,0.0
Other,0.2880335166273894,0.0,0.0,0.7069913589945012,0.13092432573972246,0.0,98.8740507986384
