from_label,Crops,TreeCrops,Forest,Grassland,Urban,Water,Other
Crops,99.87337626896627,0.07859403995197031,0.010915838882218098,0.019648509987992578,0.0,0.0,0.017465342211548957
TreeCrops,0.0,99.52806756085445,0.29806259314456035,0.0,0.0,0.0,0.17386984600099353
Forest,0.19125364431486883,0.36268221574344023,97.95568513119534,1.3037900874635568,0.0011661807580174927,0.0,0.18542274052478133
Grassland,0.14895445431108564,0.18046405041535377,0.028645087367516472,99.40131767401891,0.02005156115726153,0.0,0.22056717272987683
Urban,0.0,0.0,0.0,0.0,100.0,0.0,0.0
Water,0.0,0.0,0.0,0.0,0.0,100.0,0.0
Other,0.06117455138662316,0.0,0.0,0.22430668841761825,0.020391517128874388,0.0,99.69412724306689
