from_label,Crops,TreeCrops,Forest,Grassland,Urban,Water,Other
Crops,70.73405825476671,0.0,0.012048555679387934,24.660381336787253,0.06626705623663363,0.0,4.527244796530016
TreeCrops,0.0,0.0,0.0,0.0,0.0,0.0,0.0
Forest,0.000925677364411408,0.0,99.71118866230364,0.2869599829675365,0.000925677364411408,0.0,0.0
Grassland,0.016312149288790292,0.0,0.013049719431032232,99.60850841706903,0.003262429857758058,0.0,0.3588672843533864
Urban,0.0,0.0,0.0,0.0,100.0,0.0,0.0
Water,0.0,0.0,0.0,0.0,0.0,100.0,0.0
Other,0.0,0.0,0.0,2.398027790228597,0.0,0.0,97.6019722097714
