from_label,Crops,TreeCrops,Forest,Grassland,Urban,Water,Other
Crops,99.97964813893537,0.0,0.0,0.020351861064628465,0.0,0.0,0.0
TreeCrops,0.0,99.33333333333333,0.0,0.6666666666666667,0.0,0.0,0.0
Forest,0.028347253859782335,0.01923563654770944,99.77828397873955,0.1680587193115667,0.0010124019235636548,0.0,0.005062009617818274
Grassland,0.32961638263552845,0.010519671786240269,0.03857212988288099,99.31622133389439,0.08415737428992215,0.0,0.22091310751104565
Urban,0.0,0.0,0.0,0.0,100.0,0.0,0.0
Water,0.0,0.0,0.0,0.0,0.0,100.0,0.0
Other,0.4284274193548387,0.0,0.0,1.0584677419354838,0.12600806451612903,0.0,98.38709677419355
