from_label,Crops,TreeCrops,Forest,Grassland,Urban,Water,Other
Crops,99.73184550841226,0.22490376713809956,0.008650144889926907,0.021625362224817264,0.0,0.0,0.012975217334890361
TreeCrops,0.0,99.57498482088646,0.04047763610605141,0.0,0.04047763610605141,0.0,0.34405990690143695
Forest,0.3575107556201903,0.49203175180270253,97.66224322850391,1.2288674786402471,0.0,0.0,0.2593467854329516
Grassland,0.25508104994651526,0.36479332949340354,0.03017087687539428,99.14424421953427,0.016456841932033242,0.0,0.1892536822183823
Urban,0.0,0.0,0.0,0.0,100.0,0.0,0.0
Water,0.0,0.0,0.0,0.0,0.0,100.0,0.0
Other,0.11494252873563218,0.0,0.0,0.0,0.019157088122605366,0.0,99.86590038314176
