from_label,Crops,TreeCrops,Forest,Grassland,Urban,Water,Other
Crops,99.97226370812888,0.0,0.002133560913164071,0.017068487305312567,0.0,0.0,0.008534243652656284
TreeCrops,0.01675603217158177,84.0985254691689,11.494638069705093,4.088471849865952,0.03351206434316354,0.0,0.2680965147453083
Forest,0.3533971728226174,0.05826620053706237,98.02528246440694,1.288189694482444,0.006333282667071997,0.0,0.26853118508385265
Grassland,0.2832411255525849,0.021176906583370833,0.02382401990629219,99.41498795563439,0.015882679937528125,0.0,0.24088731238584324
Urban,0.0,0.0,0.0,0.0,100.0,0.0,0.0
Water,0.0,0.0,0.0,0.0,0.0,100.0,0.0
Other,0.36231884057971014,0.0,0.0,0.13802622498274672,0.0,0.0,99.49965493443754
