from_label,Crops,TreeCrops,Forest,Grassland,Urban,Water,Other
Crops,99.98335898822648,0.0,0.0,0.01664101177351583,0.0,0.0,0.0
TreeCrops,0.0,100.0,0.0,0.0,0.0,0.0,0.0
Forest,0.15500380463884114,0.0,99.66462813178141,0.18036806357974242,0.0,0.0,0.0
Grassland,0.7808184785337685,0.0,0.042681395932714035,98.9982425307557,0.0,0.0,0.17825759477780567
Urban,0.0,0.0,0.0,0.0,99.91896272285251,0.0,0.08103727714748785
Water,0.0,0.0,0.0,0.0,0.0,100.0,0.0
Other,0.7723304231027535,0.0,0.0,0.9234385493619879,0.0,0.0,98.30423102753527
