from_label,Crops,TreeCrops,Forest,Grassland,Urban,Water,Other
Crops,95.4041204437401,0.0,1.2678288431061806,3.1695721077654517,0.0,0.0,0.15847860538827258
TreeCrops,0.0,92.85714285714286,3.571428571428571,3.571428571428571,0.0,0.0,0.0
Forest,0.07256894049346879,0.0,98.70827285921625,1.204644412191582,0.014513788098693758,0.0,0.0
Grassland,0.4697380307136405,0.0,3.053297199638663,96.27822944896116,0.03613369467028004,0.0,0.16260162601626016
Urban,0.0,0.0,0.7692307692307693,1.5384615384615385,97.6923076923077,0.0,0.0
Water,0.0,0.0,0.0,0.0,0.0,100.0,0.0
Other,0.6896551724137931,0.0,2.0689655172413794,6.206896551724138,0.0,0.0,91.0344827586207
