from_label,Crops,TreeCrops,Forest,Grassland,Urban,Water,Other
Crops,95.33527696793003,0.0,0.8746355685131195,3.6443148688046647,0.0,0.0,0.1457725947521866
TreeCrops,0.0,95.9731543624161,2.684563758389262,1.342281879194631,0.0,0.0,0.0
Forest,0.0925925925925926,0.0,98.6574074074074,1.2345679012345678,0.015432098765432098,0.0,0.0
Grassland,0.5276595744680851,0.0,1.3106382978723403,98.04255319148936,0.03404255319148936,0.0,0.0851063829787234
Urban,0.0,0.0,0.0,0.0,100.0,0.0,0.0
Water,0.0,0.0,0.0,0.0,0.0,100.0,0.0
Other,0.9708737864077669,0.0,0.0,4.854368932038835,0.0,0.0,94.1747572815534
