from_label,Crops,TreeCrops,Forest,Grassland,Urban,Water,Other
Crops,95.1923076923077,0.0,0.9615384615384616,3.8461538461538463,0.0,0.0,0.0
TreeCrops,0.0,86.36363636363636,3.0303030303030303,10.606060606060606,0.0,0.0,0.0
Forest,0.09262117937635073,0.0,98.70330348873108,1.1886384686631677,0.015436863229391787,0.0,0.0
Grassland,0.4543160020191822,0.0,1.3797745246508497,98.03129732458355,0.033653037186606095,0.0,0.10095911155981827
Urban,0.0,0.0,1.25,1.25,97.5,0.0,0.0
Water,0.0,0.0,0.0,0.0,0.0,100.0,0.0
Other,0.0,0.0,0.0,5.434782608695652,0.0,0.0,94.56521739130434
