from_label,Crops,TreeCrops,Forest,Grassland,Urban,Water,Other
Crops,90.74585635359117,4.834254143646409,0.8287292817679558,3.4530386740331496,0.0,0.0,0.13812154696132595
TreeCrops,0.0,100.0,0.0,0.0,0.0,0.0,0.0
Forest,0.0769704433497537,0.6311576354679803,98.0603448275862,1.2161330049261085,0.01539408866995074,0.0,0.0
Grassland,0.45508174616551494,0.28653295128939826,1.2978257205460981,97.8257205460981,0.033709758975223325,0.0,0.10112927692566998
Urban,0.0,0.0,1.1904761904761905,0.0,98.80952380952381,0.0,0.0
Water,0.0,0.0,0.0,0.0,0.0,100.0,0.0
Other,0.0,0.0,1.0752688172043012,0.0,0.0,0.0,98.9247311827957
