from_label,Crops,TreeCrops,Forest,Grassland,Urban,Water,Other
Crops,94.88721804511279,0.0,0.9022556390977444,4.06015037593985,0.0,0.0,0.15037593984962408
TreeCrops,0.0,99.27007299270073,0.0,0.7299270072992701,0.0,0.0,0.0
Forest,0.10633449794926325,0.12152514051344372,98.64803281178793,1.1089169071851739,0.015190642564180465,0.0,0.0
Grassland,0.39826839826839827,0.0,1.800865800865801,97.66233766233766,0.05194805194805195,0.0,0.08658008658008658
Urban,0.0,0.0,0.8620689655172413,1.7241379310344827,97.41379310344827,0.0,0.0
Water,0.0,0.0,0.0,0.0,0.0,100.0,0.0
Other,0.0,0.0,0.0,8.108108108108109,0.0,0.0,91.8918918918919
