from_label,Crops,TreeCrops,Forest,Grassland,Urban,Water,Other
Crops,94.9868073878628,0.0,1.0554089709762533,3.825857519788918,0.0,0.0,0.13192612137203166
TreeCrops,0.0,100.0,0.0,0.0,0.0,0.0,0.0
Forest,0.09426551453260015,0.0,98.66457187745483,1.225451688923802,0.015710919088766692,0.0,0.0
Grassland,0.4813278008298756,0.0,1.4107883817427387,97.97510373443984,0.03319502074688797,0.0,0.0995850622406639
Urban,0.0,0.0,0.0,1.36986301369863,98.63013698630137,0.0,0.0
Water,0.0,0.0,0.0,0.0,0.0,100.0,0.0
Other,0.0,0.0,1.1111111111111112,5.555555555555555,0.0,0.0,93.33333333333333
