from_label,Crops,TreeCrops,Forest,Grassland,Urban,Water,Other
Crops,96.7948717948718,0.0,1.282051282051282,1.9230769230769231,0.0,0.0,0.0
TreeCrops,0.0,97.05882352941177,1.4705882352941175,1.4705882352941175,0.0,0.0,0.0
Forest,0.0,0.0,98.80195599022005,1.1858190709046454,0.012224938875305623,0.0,0.0
Grassland,0.14814814814814814,0.0,2.0105820105820107,97.65079365079366,0.06349206349206349,0.0,0.12698412698412698
Urban,0.0,0.0,0.78125,2.34375,96.875,0.0,0.0
Water,0.0,0.0,0.0,0.0,0.0,100.0,0.0
Other,0.0,0.0,0.0,7.6923076923076925,0.0,0.0,92.3076923076923
