from_label,Crops,TreeCrops,Forest,Grassland,Urban,Water,Other
Crops,94.94818652849742,0.0,0.9067357512953367,4.015544041450777,0.0,0.0,0.1295336787564767
TreeCrops,0.0,98.71794871794873,1.282051282051282,0.0,0.0,0.0,0.0
Forest,0.12763241863433314,0.0,98.6598596043395,1.2125079770261646,0.0,0.0,0.0
Grassland,0.4583401538713373,0.0,1.3586511704043216,98.01931576362743,0.04910787362907187,0.0,0.11458503846783433
Urban,0.0,0.0,0.0,2.7027027027027026,97.2972972972973,0.0,0.0
Water,0.0,0.0,0.0,0.0,0.0,100.0,0.0
Other,1.1627906976744187,0.0,0.0,5.813953488372093,0.0,0.0,93.02325581395348
