from_label,Crops,TreeCrops,Forest,Grassland,Urban,Water,Other
Crops,94.87951807228916,0.0,2.4096385542168677,2.710843373493976,0.0,0.0,0.0
TreeCrops,0.0,94.33962264150944,5.660377358490567,0.0,0.0,0.0,0.0
Forest,0.07876082961407194,0.0,98.79233394591756,1.1157784195326859,0.013126804935678657,0.0,0.0
Grassland,0.5620316402997502,0.0,5.474604496253122,93.7135720233139,0.06244796003330558,0.0,0.18734388009991673
Urban,0.0,0.0,1.5625,1.5625,96.875,0.0,0.0
Water,0.0,0.0,0.0,0.0,0.0,100.0,0.0
Other,0.8333333333333334,0.0,7.5,7.5,0.0,0.0,84.16666666666667
