from_label,Crops,TreeCrops,Forest,Grassland,Urban,Water,Other
Crops,96.17737003058105,0.1529051987767584,0.9174311926605505,2.599388379204893,0.0,0.0,0.1529051987767584
TreeCrops,0.0,89.53488372093024,4.651162790697675,5.813953488372093,0.0,0.0,0.0
Forest,0.11009174311926606,0.04892966360856269,98.66666666666667,1.162079510703364,0.012232415902140673,0.0,0.0
Grassland,0.49388523047977423,0.023518344308560677,1.975540921919097,97.3659454374412,0.023518344308560677,0.0,0.11759172154280338
Urban,0.0,0.0,0.7633587786259541,2.2900763358778624,96.94656488549617,0.0,0.0
Water,0.0,0.0,0.0,0.0,0.0,100.0,0.0
Other,0.0,0.0,0.0,4.49438202247191,0.0,0.0,95.50561797752809
