from_label,Crops,TreeCrops,Forest,Grassland,Urban,Water,Other
Crops,95.23121387283237,0.0,0.7225433526011561,3.901734104046243,0.0,0.0,0.1445086705202312
TreeCrops,0.0,97.9020979020979,0.0,2.097902097902098,0.0,0.0,0.0
Forest,0.0462962962962963,0.0,98.81172839506172,1.126543209876543,0.015432098765432098,0.0,0.0
Grassland,0.4087193460490463,0.03405994550408719,1.3794277929155314,98.05858310626702,0.03405994550408719,0.0,0.08514986376021798
Urban,0.0,0.0,0.0,0.0,100.0,0.0,0.0
Water,0.0,0.0,0.0,0.0,0.0,100.0,0.0
Other,0.9708737864077669,0.0,0.9708737864077669,4.854368932038835,0.0,0.0,93.20388349514563
