from_label,Crops,TreeCrops,Forest,Grassland,Urban,Water,Other
Crops,95.21044992743106,0.0,0.7256894049346879,3.9187227866473147,0.0,0.0,0.14513788098693758
TreeCrops,0.0,100.0,0.0,0.0,0.0,0.0,0.0
Forest,0.0774593338497289,0.015491866769945777,98.76065065840433,1.1309062742060418,0.015491866769945777,0.0,0.0
Grassland,0.3723764387271496,0.05077860528097495,1.4218009478672986,98.01963439404197,0.033852403520649964,0.0,0.1015572105619499
Urban,0.0,0.0,1.1627906976744187,0.0,98.83720930232558,0.0,0.0
Water,0.0,0.0,0.0,0.0,0.0,100.0,0.0
Other,1.0101010101010102,0.0,0.0,5.05050505050505,0.0,0.0,93.93939393939394
