from_label,Crops,TreeCrops,Forest,Grassland,Urban,Water,Other
Crops,95.76023391812866,0.0,0.7309941520467835,3.3625730994152043,0.0,0.0,0.14619883040935672
TreeCrops,0.0,96.75324675324676,0.6493506493506493,2.5974025974025974,0.0,0.0,0.0
Forest,0.07733952049497293,0.015467904098994586,98.74709976798144,1.1446249033255993,0.015467904098994586,0.0,0.0
Grassland,0.44097693351424694,0.0,1.3907734056987788,98.03256445047491,0.033921302578018994,0.0,0.10176390773405698
Urban,0.0,0.0,0.0,0.0,100.0,0.0,0.0
Water,0.0,0.0,0.0,0.0,0.0,100.0,0.0
Other,1.0,0.0,0.0,3.0,0.0,0.0,96.0
