from_label,Crops,TreeCrops,Forest,Grassland,Urban,Water,Other
Crops,94.87951807228916,0.0,2.2590361445783134,2.86144578313253,0.0,0.0,0.0
TreeCrops,0.0,98.0,2.0,0.0,0.0,0.0,0.0
Forest,0.07673615551860852,0.0,98.77222151170227,1.1382529735260263,0.01278935925310142,0.0,0.0
Grassland,0.5632582322357019,0.0,5.567590987868284,93.6741767764298,0.08665511265164644,0.0,0.10831889081455806
Urban,0.0,0.0,1.5625,0.78125,97.65625,0.0,0.0
Water,0.0,0.0,0.0,0.0,0.0,100.0,0.0
Other,0.0,0.0,8.181818181818182,9.090909090909092,0.0,0.0,82.72727272727273
