from_label,Crops,TreeCrops,Forest,Grassland,Urban,Water,Other
Crops,95.26813880126183,0.0,1.4195583596214512,3.1545741324921135,0.0,0.0,0.15772870662460567
TreeCrops,0.0,95.0,3.0,2.0,0.0,0.0,0.0
Forest,0.028368794326241134,0.028368794326241134,98.66666666666667,1.2624113475177305,0.014184397163120567,0.0,0.0
Grassland,0.46807713911252574,0.03744617112900206,3.1267552892716717,96.16176745927729,0.05616925669350308,0.0,0.14978468451600824
Urban,0.0,0.0,1.5625,1.5625,96.875,0.0,0.0
Water,0.0,0.0,0.0,0.0,0.0,100.0,0.0
Other,0.7462686567164178,0.0,2.2388059701492535,5.223880597014925,0.0,0.0,91.7910447761194
