from_label,Crops,TreeCrops,Forest,Grassland,Urban,Water,Other
Crops,96.00591715976331,0.0,0.7396449704142012,3.2544378698224854,0.0,0.0,0.0
TreeCrops,0.0,94.48818897637796,3.149606299212598,2.3622047244094486,0.0,0.0,0.0
Forest,0.09225092250922509,0.0,98.6469864698647,1.2453874538745386,0.015375153751537515,0.0,0.0
Grassland,0.3916893732970027,0.06811989100817438,1.805177111716621,97.4965940054496,0.05108991825613079,0.0,0.18732970027247955
Urban,0.0,0.0,0.0,0.0,100.0,0.0,0.0
Water,0.0,0.0,0.0,0.0,0.0,100.0,0.0
Other,0.9708737864077669,0.0,0.0,1.9417475728155338,0.0,0.0,97.0873786407767
