from_label,Crops,TreeCrops,Forest,Grassland,Urban,Water,Other
Crops,95.0752393980848,0.0,0.957592339261286,3.830369357045144,0.0,0.0,0.13679890560875513
TreeCrops,0.0,100.0,0.0,0.0,0.0,0.0,0.0
Forest,0.09267840593141798,0.0,98.70250231696015,1.189372876119864,0.015446400988569663,0.0,0.0
Grassland,0.45393409549428376,0.0,1.3618022864828514,98.0497646267653,0.03362474781439139,0.0,0.10087424344317418
Urban,0.0,0.0,0.0,1.282051282051282,98.71794871794873,0.0,0.0
Water,0.0,0.0,0.0,0.0,0.0,100.0,0.0
Other,0.0,0.0,0.0,5.555555555555555,0.0,0.0,94.44444444444444
