from_label,Crops,TreeCrops,Forest,Grassland,Urban,Water,Other
Crops,99.35795713634292,0.0,0.24076607387140903,0.38668490652074783,0.01094391244870041,0.0,0.00364797081623347
TreeCrops,0.0,99.56140350877193,0.21929824561403508,0.21929824561403508,0.0,0.0,0.0
Forest,0.2831291930817997,0.0,97.8272911922201,1.8464947374899983,0.043084877208099955,0.0,0.0
Grassland,1.6396964055563512,0.007160246312473148,4.059859659172275,94.08563654589717,0.16468566518688244,0.0,0.042961477874838894
Urban,0.0,0.0,0.06142506142506143,0.030712530712530713,99.90786240786241,0.0,0.0
Water,0.0,0.0,0.0,0.0,0.0,100.0,0.0
Other,2.127659574468085,0.0,6.382978723404255,10.638297872340425,0.0,0.0,80.85106382978722
