from_label,Crops,TreeCrops,Forest,Grassland,Urban,Water,Other
Crops,99.43466647151378,0.0,0.2396721431446449,0.3128544769292693,0.010977350067693658,0.0,0.0018295583446156097
TreeCrops,0.0,98.91774891774891,0.8658008658008658,0.21645021645021645,0.0,0.0,0.0
Forest,0.18912258582153707,0.0,98.9454983093587,0.8195312052266606,0.04584789959309989,0.0,0.0
Grassland,1.6588785046728973,0.0,4.672897196261682,93.46573208722742,0.17133956386292834,0.0,0.03115264797507788
Urban,0.0,0.0,0.0,0.0,100.0,0.0,0.0
Water,0.0,0.0,0.0,0.0,0.0,100.0,0.0
Other,4.545454545454546,0.0,6.8181818181818175,13.636363636363635,0.0,0.0,75.0
