from_label,Crops,TreeCrops,Forest,Grassland,Urban,Water,Other
Crops,99.05523255813954,0.0,0.21196705426356588,0.7065568475452196,0.012112403100775194,0.0,0.014131136950904392
TreeCrops,0.0,99.53161592505855,0.234192037470726,0.234192037470726,0.0,0.0,0.0
Forest,0.25667351129363447,0.0,97.63860369609856,2.0739219712525667,0.03080082135523614,0.0,0.0
Grassland,1.3746357531990372,0.0,2.98365640440897,95.40098821740783,0.16470290130495374,0.0,0.07601672367920942
Urban,0.0753465943339361,0.0,0.16576250753465943,0.39180229053646776,99.36708860759494,0.0,0.0
Water,0.0,0.0,0.0,0.0,0.0,100.0,0.0
Other,0.5319148936170213,0.0,0.0,4.25531914893617,0.0,0.0,95.2127659574468
