from_label,Crops,TreeCrops,Forest,Grassland,Urban,Water,Other
Crops,99.4332263000237,0.0,0.08404629011055319,0.46333211214792147,0.006465099239273323,0.0,0.012930198478546645
TreeCrops,0.0,98.90710382513662,0.546448087431694,0.546448087431694,0.0,0.0,0.0
Forest,0.2206658351722153,0.0,97.7693562314113,1.9859925165499375,0.02398541686654514,0.0,0.0
Grassland,1.508743856440736,0.0,2.6631615041719052,95.59378214653104,0.1543033489541662,0.0,0.08000914390216024
Urban,0.07617306520414381,0.0,0.15234613040828762,0.31992687385740404,99.45155393053017,0.0,0.0
Water,0.0,0.0,0.0,0.0,0.0,100.0,0.0
Other,0.26595744680851063,0.0,0.0,2.6595744680851063,0.0,0.0,97.07446808510637
