from_label,Crops,TreeCrops,Forest,Grassland,Urban,Water,Other
Crops,99.41659769465248,0.0,0.11910289278720956,0.4481498677756021,0.00807477239235319,0.0,0.00807477239235319
TreeCrops,0.0,100.0,0.0,0.0,0.0,0.0,0.0
Forest,0.2634297520661157,0.0,97.61363636363637,2.0919421487603307,0.030991735537190084,0.0,0.0
Grassland,1.4593948543750392,0.0,3.220733471724225,95.0808328615462,0.16355287161099577,0.0,0.07548594074353651
Urban,0.07523322299127294,0.0,0.1655130905808005,0.45139933794763765,99.30785434848029,0.0,0.0
Water,0.0,0.0,0.0,0.0,0.0,100.0,0.0
Other,0.0,0.0,0.0,7.526881720430108,0.0,0.0,92.47311827956989
