from_label,Crops,TreeCrops,Forest,Grassland,Urban,Water,Other
Crops,99.16391376902905,0.0,0.28096584136498315,0.5312808636719681,0.02213670265299867,0.0,0.0017028232809998978
TreeCrops,0.0,99.76958525345621,0.0,0.2304147465437788,0.0,0.0,0.0
Forest,0.5349552982558992,0.0,98.21193023596658,1.2457863110068885,0.007328154770628755,0.0,0.0
Grassland,1.9109227451855157,0.0,2.119116662948918,95.7097181946613,0.25280690014127444,0.0,0.00743549706297866
Urban,0.017289073305670817,0.0,0.034578146611341634,0.12102351313969571,99.8271092669433,0.0,0.0
Water,0.0,0.0,0.0,0.0,0.0,100.0,0.0
Other,0.0,0.0,7.142857142857142,14.285714285714285,0.0,0.0,78.57142857142857
