from_label,Crops,TreeCrops,Forest,Grassland,Urban,Water,Other
Crops,99.43925916455095,0.0036530347586257285,0.21552905075891798,0.3305996456556284,0.009132586896564321,0.0,0.0018265173793128643
TreeCrops,0.0,100.0,0.0,0.0,0.0,0.0,0.0
Forest,0.19878320583097403,0.012047467020059032,98.54828022408289,1.2167941690259623,0.024094934040118064,0.0,0.0
Grassland,1.5885797950219618,0.021961932650073207,4.377745241581259,93.79941434846266,0.1683748169838946,0.0,0.043923865300146414
Urban,0.0,0.0,0.09171507184347294,0.0,99.90828492815653,0.0,0.0
Water,0.0,0.0,0.0,0.0,0.0,100.0,0.0
Other,2.1739130434782608,0.0,6.521739130434782,13.043478260869565,0.0,0.0,78.26086956521739
