from_label,Crops,TreeCrops,Forest,Grassland,Urban,Water,Other
Crops,99.40830570261407,0.0,0.2033376687611057,0.373701661506897,0.012823096228177839,0.0,0.0018318708897396912
TreeCrops,0.0,99.5575221238938,0.22123893805309736,0.22123893805309736,0.0,0.0,0.0
Forest,0.5035853084460015,0.010947506705347856,97.60249603152882,1.833707373145766,0.04926378017406535,0.0,0.0
Grassland,1.667634613789098,0.0,3.584169916203435,94.5324815398656,0.17423048203766697,0.0,0.04148344810420642
Urban,0.030057108506161705,0.0,0.21039975954313195,0.24045686804929364,99.51908626390141,0.0,0.0
Water,0.0,0.0,0.0,0.0,0.0,100.0,0.0
Other,2.7777777777777777,0.0,2.7777777777777777,11.11111111111111,0.0,0.0,83.33333333333334
