from_label,Crops,TreeCrops,Forest,Grassland,Urban,Water,Other
Crops,99.42037766333435,0.0,0.13329294153286883,0.42815308492376053,0.008078360092901141,0.0,0.010097950116126426
TreeCrops,0.0,99.29577464788733,0.2347417840375587,0.4694835680751174,0.0,0.0,0.0
Forest,0.2736948808920426,0.0,97.6229092752154,2.0729853015712116,0.030410542321338063,0.0,0.0
Grassland,1.4719115567553671,0.0,3.2652011826712943,95.0122123666281,0.16068903458028022,0.0,0.08998585936495694
Urban,0.09062075215224287,0.0,0.18124150430448574,0.40779338468509285,99.32034435885818,0.0,0.0
Water,0.0,0.0,0.0,0.0,0.0,100.0,0.0
Other,0.0,0.0,0.0,3.9408866995073892,0.0,0.0,96.05911330049261
