from_label,Crops,TreeCrops,Forest,Grassland,Urban,Water,Other
Crops,99.43777153079478,0.0,0.13629781071641536,0.4123008774171565,0.013629781071641537,0.0,0.0
TreeCrops,0.0,100.0,0.0,0.0,0.0,0.0,0.0
Forest,0.6142782230878717,0.0,98.04479736309835,1.3034684246010937,0.03745598921267511,0.0,0.0
Grassland,2.6125866050808315,0.014434180138568129,2.1001732101616626,94.99133949191686,0.2670323325635104,0.0,0.014434180138568129
Urban,0.01752541184717841,0.0,0.0,0.14020329477742727,99.84227129337539,0.0,0.0
Water,0.0,0.0,0.0,0.0,0.0,100.0,0.0
Other,0.0,0.0,0.0,13.333333333333334,0.0,0.0,86.66666666666667
