from_label,Crops,TreeCrops,Forest,Grassland,Urban,Water,Other
Crops,99.0206194581927,0.0,0.15215376274506376,0.8009933716924045,0.026233407369838573,0.0,0.0
TreeCrops,0.0,99.53596287703016,0.0,0.46403712296983757,0.0,0.0,0.0
Forest,0.6312178387650086,0.0,96.8164665523156,2.5248713550600344,0.020583190394511147,0.0,0.00686106346483705
Grassland,1.6161910308677925,0.007280139778683751,1.4123471170646476,96.70209668025626,0.24752475247524752,0.0,0.014560279557367502
Urban,0.0,0.0,0.0,0.04899559039686428,99.95100440960314,0.0,0.0
Water,0.0,0.0,0.0,0.0,0.0,100.0,0.0
Other,0.0,0.0,0.0,0.0,0.0,0.0,100.0
