from_label,Crops,TreeCrops,Forest,Grassland,Urban,Water,Other
Crops,99.39100532149924,0.0,0.1748218162257699,0.41880391139799816,0.009605594298119226,0.0,0.005763356578871535
TreeCrops,0.0,99.08256880733946,0.22935779816513763,0.6880733944954129,0.0,0.0,0.0
Forest,0.378111542905157,0.0,97.60004201239366,1.9798340510450583,0.042012393656128556,0.0,0.0
Grassland,1.6925759116664247,0.0,3.2689234345488885,94.79151532761877,0.1670783088769432,0.0,0.07990701728897283
Urban,0.1052789893217025,0.0,0.210557978643405,0.2857572567303354,99.39840577530455,0.0,0.0
Water,0.0,0.0,0.0,0.0,0.0,100.0,0.0
Other,2.803738317757009,0.0,0.0,8.411214953271028,0.0,0.0,88.78504672897196
