from_label,Crops,TreeCrops,Forest,Grassland,Urban,Water,Other
Crops,99.16167047465255,0.0017178883716136124,0.30921990689045026,0.5050591812544021,0.02233254883097696,0.0,0.0
TreeCrops,0.0,99.53488372093024,0.23255813953488372,0.23255813953488372,0.0,0.0,0.0
Forest,0.5566379070414695,0.0,97.89173392708044,1.5168382966880045,0.034789869190091846,0.0,0.0
Grassland,1.8340210912425492,0.007641754546843955,2.0403484640073364,95.88109429925112,0.22925263640531865,0.0,0.007641754546843955
Urban,0.0,0.0,0.0,0.08411843876177658,99.91588156123822,0.0,0.0
Water,0.0,0.0,0.0,0.0,0.0,100.0,0.0
Other,0.0,0.0,10.0,10.0,0.0,0.0,80.0
