from_label,Crops,TreeCrops,Forest,Grassland,Urban,Water,Other
Crops,92.65797651933701,0.0,0.4769509668508288,6.375172651933701,0.04100483425414365,0.0,0.4488950276243094
TreeCrops,0.0,73.33333333333333,1.5873015873015872,23.809523809523807,0.0,0.0,1.2698412698412698
Forest,0.09061859111937808,0.0,98.00162159584109,1.8457576191157534,0.009538799065197692,0.0,0.05246339485858731
Grassland,1.2554710896106889,0.0,1.5549412577747062,95.73830914535822,0.10366275051831375,0.0,1.3476157567380787
Urban,0.030432136335970784,0.0,0.04564820450395618,0.10651247717589775,99.7869750456482,0.0,0.030432136335970784
Water,0.0,0.0,0.0,0.0,0.0,100.0,0.0
Other,1.402805611222445,0.0,0.0,0.0,0.0,0.0,98.59719438877755
