from_label,Crops,TreeCrops,Forest,Grassland,Urban,Water,Other
Crops,99.038185472294,0.0,0.39298018949181746,0.5490956072351421,0.019738730979041056,0.0,0.0
TreeCrops,0.0,99.76133651551312,0.0,0.23866348448687352,0.0,0.0,0.0
Forest,0.2654924561289905,0.0,98.47827494657774,1.2432817457747847,0.012950851518487341,0.0,0.0
Grassland,1.6717432882340442,0.0,2.5713678543599916,95.5585464333782,0.19125876602677622,0.0,0.007083658000991712
Urban,0.0,0.0,0.015787811809283233,0.015787811809283233,99.96842437638144,0.0,0.0
Water,0.0,0.0,0.0,0.0,0.0,100.0,0.0
Other,0.0,0.0,0.0,0.0,0.0,0.0,100.0
