from_label,Crops,TreeCrops,Forest,Grassland,Urban,Water,Other
Crops,99.43888030152243,0.0,0.09316704427552036,0.45101319160649633,0.006352298473330934,0.0,0.010587164122218221
TreeCrops,0.0,98.70466321243524,0.0,1.0362694300518136,0.0,0.0,0.2590673575129534
Forest,0.2070094357789332,0.0,97.65549778548045,2.1086077411900637,0.028885037550548814,0.0,0.0
Grassland,1.3057476746959218,0.0,2.760553303124255,95.65347006916289,0.14905795373241115,0.0,0.13117099928452183
Urban,0.076057195010648,0.0,0.1369029510191664,0.39549741405536964,99.39154243991482,0.0,0.0
Water,0.0,0.0,0.0,0.0,0.0,100.0,0.0
Other,0.3105590062111801,0.0,0.0,3.1055900621118013,0.0,0.0,96.58385093167702
