from_label,Crops,TreeCrops,Forest,Grassland,Urban,Water,Other
Crops,99.30260705846189,0.0,0.19788284567059228,0.4802981691033794,0.011527156058481106,0.0,0.0076847707056540695
TreeCrops,0.0,100.0,0.0,0.0,0.0,0.0,0.0
Forest,0.3813802831617993,0.0,97.61245493965832,1.964369677655295,0.04179509952458074,0.0,0.0
Grassland,1.5356489945155392,0.0,3.2175502742230346,95.0201096892139,0.17550274223034737,0.0,0.051188299817184646
Urban,0.1053423626787058,0.0,0.2257336343115124,0.2558314522197141,99.39804364183597,0.0,0.015048908954100828
Water,0.0,0.0,0.0,0.0,0.0,100.0,0.0
Other,0.9174311926605505,0.0,0.0,10.091743119266056,0.0,0.0,88.9908256880734
