from_label,Crops,TreeCrops,Forest,Grassland,Urban,Water,Other
Crops,99.19260425497558,0.0,0.16147914900488475,0.6196762343062452,0.010092446812805297,0.0,0.016147914900488475
TreeCrops,0.0,98.56801909307876,0.23866348448687352,1.1933174224343674,0.0,0.0,0.0
Forest,0.25026277591471047,0.0,97.60748786225537,2.1122178287201563,0.030031533109765255,0.0,0.0
Grassland,1.4905857740585775,0.0,3.2492154811715483,95.01176778242679,0.15690376569037656,0.0,0.09152719665271966
Urban,0.07572315614114797,0.0,0.1665909435105255,0.3483265182492806,99.40935938209905,0.0,0.0
Water,0.0,0.0,0.0,0.0,0.0,100.0,0.0
Other,0.0,0.0,0.0,3.7383177570093453,0.0,0.0,96.26168224299066
