from_label,Crops,TreeCrops,Forest,Grassland,Urban,Water,Other
Crops,99.3961823139852,0.0,0.1382937280872614,0.4518893650175302,0.007791195948578107,0.0,0.00584339696143358
TreeCrops,0.0,100.0,0.0,0.0,0.0,0.0,0.0
Forest,0.3187638446161327,0.0,97.6173753309201,2.02604138527203,0.03781943919174456,0.0,0.0
Grassland,1.5867724514967665,0.0,3.120208013867591,95.05967064470966,0.17334488965931064,0.0,0.06000400026668444
Urban,0.060051043386878854,0.0,0.1351148476204774,0.33028073862783364,99.47455337036482,0.0,0.0
Water,0.0,0.0,0.0,0.0,0.0,100.0,0.0
Other,0.0,0.0,0.0,11.538461538461538,0.0,0.0,88.46153846153845
