from_label,Crops,TreeCrops,Forest,Grassland,Urban,Water,Other
Crops,99.2931796142657,0.0,0.10559206982006249,0.5667492727076824,0.008619760801637755,0.0,0.025859282404913263
TreeCrops,0.0,93.75,0.2976190476190476,5.952380952380952,0.0,0.0,0.0
Forest,0.19538696149447196,0.0,97.61246664125048,2.158787647731605,0.02382767823103317,0.0,0.009531071292413268
Grassland,1.2429182564458319,0.0,2.462712452306625,95.90126026130189,0.15030639380275176,0.0,0.2428026361429067
Urban,0.045627376425855515,0.0,0.12167300380228137,0.3954372623574145,99.42205323193917,0.0,0.015209125475285171
Water,0.0,0.0,0.0,0.0,0.0,100.0,0.0
Other,0.0,0.0,0.0,2.857142857142857,0.0,0.0,97.14285714285714
