from_label,Crops,TreeCrops,Forest,Grassland,Urban,Water,Other
Crops,99.23427529626252,0.0,0.18231540565177756,0.5591005773321179,0.010128633647320976,0.0,0.014180087106249368
TreeCrops,0.0,99.27007299270073,0.24330900243309003,0.48661800486618007,0.0,0.0,0.0
Forest,0.2670755230228993,0.0,97.64083287996439,2.0624165388990554,0.02967505811365547,0.0,0.0
Grassland,1.4760873843731548,0.0,3.293314964245883,94.98130289313127,0.1574493209998032,0.0,0.0918454372498852
Urban,0.09108850766661605,0.0,0.1973584332776681,0.3188097768331562,99.39274328222257,0.0,0.0
Water,0.0,0.0,0.0,0.0,0.0,100.0,0.0
Other,0.43859649122807015,0.0,0.0,3.9473684210526314,0.0,0.0,95.6140350877193
