from_label,Crops,TreeCrops,Forest,Grassland,Urban,Water,Other
Crops,98.56146698751164,0.0,0.5093706637626684,0.8905204363023204,0.03864191242337484,0.0,0.0
TreeCrops,0.0,98.83720930232558,0.23255813953488372,0.9302325581395349,0.0,0.0,0.0
Forest,0.48638132295719844,0.0,98.29071706503612,1.2020566981656478,0.02084491384102279,0.0,0.0
Grassland,1.7500354258183364,0.0,2.4727221198809692,95.5150913986113,0.26215105568938646,0.0,0.0
Urban,0.0,0.0,0.0,0.03240440699935191,99.96759559300065,0.0,0.0
Water,0.0,0.0,0.0,0.0,0.0,100.0,0.0
Other,0.0,0.0,8.333333333333332,8.333333333333332,0.0,0.0,83.33333333333334
