from_label,Crops,TreeCrops,Forest,Grassland,Urban,Water,Other
Crops,99.0877993158495,0.0,0.19004180919802355,0.7040596550288682,0.014479375938897034,0.0,0.0036198439847242585
TreeCrops,0.0,99.76019184652279,0.2398081534772182,0.0,0.0,0.0,0.0
Forest,0.1483404413128129,0.0,98.90598924531801,0.9333086099264479,0.006180851721367204,0.0,0.006180851721367204
Grassland,1.4860456687205508,0.021747009786154403,1.6237767306995288,96.70170351576658,0.13048205871692642,0.0,0.03624501631025734
Urban,0.0,0.0,0.03126465530717524,0.01563232765358762,99.95310301703924,0.0,0.0
Water,0.0,0.0,0.0,0.0,0.0,100.0,0.0
Other,0.0,0.0,0.0,0.0,0.0,0.0,100.0
