from_label,Crops,TreeCrops,Forest,Grassland,Urban,Water,Other
Crops,99.68818210165263,0.0,0.18709073900841908,0.12472715933894606,0.0,0.0,0.0
TreeCrops,0.0,0.0,0.0,0.0,0.0,0.0,0.0
Forest,0.10768760949579698,0.0,99.54996222897279,0.3359210505167398,0.006429111014674445,0.0,0.0
Grassland,1.3007675603620648,0.0,0.08600116101567372,98.60463116252069,0.00860011610156737,0.0,0.0
Urban,0.0,0.0,0.0,0.0,100.0,0.0,0.0
Water,0.0,0.0,0.0,0.0,0.0,100.0,0.0
Other,0.0,0.0,0.0,0.6756756756756757,0.0,0.0,99.32432432432432
