from_label,Crops,TreeCrops,Forest,Grassland,Urban,Water,Other
Crops,99.7865072587532,0.0,0.032023911187019645,0.18146883005977796,0.0,0.0,0.0
TreeCrops,0.0,0.0,0.0,0.0,0.0,0.0,0.0
Forest,0.005300259712725924,0.0,99.93904701330365,0.053002597127259236,0.001325064928181481,0.0,0.001325064928181481
Grassland,0.0,0.0,0.03875391265464302,99.96124608734536,0.0,0.0,0.0
Urban,0.0,0.0,0.0,0.0,100.0,0.0,0.0
Water,0.0,0.0,0.0,0.0,0.0,100.0,0.0
Other,0.0,0.0,0.0,0.0,0.0,0.0,100.0
