from_label,Crops,TreeCrops,Forest,Grassland,Urban,Water,Other
Crops,99.76318622174382,0.0,0.05382131324004305,0.18299246501614638,0.0,0.0,0.0
TreeCrops,0.0,0.0,0.0,0.0,0.0,0.0,0.0
Forest,0.0013324805457840315,0.0,99.91205628397826,0.08661123547596204,0.0,0.0,0.0
Grassland,0.0029378066335673785,0.0,0.03819148623637592,99.95887070713006,0.0,0.0,0.0
Urban,0.0,0.0,0.0,0.0,100.0,0.0,0.0
Water,0.0,0.0,0.0,0.0,0.0,100.0,0.0
Other,0.0,0.0,0.0,0.0,0.0,0.0,100.0
