from_label,Crops,TreeCrops,Forest,Grassland,Urban,Water,Other
Crops,99.77272727272727,0.0,0.05411255411255411,0.17316017316017315,0.0,0.0,0.0
TreeCrops,0.0,0.0,0.0,0.0,0.0,0.0,0.0
Forest,0.00675028013662567,0.0,99.93654736671573,0.05670235314765563,0.0,0.0,0.0
Grassland,0.005703855806525211,0.0,0.03707506274241387,99.95722108145107,0.0,0.0,0.0
Urban,0.0,0.0,0.0,0.0,100.0,0.0,0.0
Water,0.0,0.0,0.0,0.0,0.0,100.0,0.0
Other,0.0,0.0,0.0,0.0,0.0,0.0,100.0
