from_label,Crops,TreeCrops,Forest,Grassland,Urban,Water,Other
Crops,98.2137420075104,0.0,0.162387090226327,1.603572515984979,0.010149193139145437,0.0,0.010149193139145437
TreeCrops,0.0,99.7628927089508,0.0,0.23710729104919975,0.0,0.0,0.0
Forest,0.11313000715720455,0.04386673746912013,98.44619398333064,1.3737215154803408,0.0115438782813474,0.0,0.0115438782813474
Grassland,0.003158310303987367,0.1310698776154757,0.05053296486379787,99.81523884721673,0.0,0.0,0.0
Urban,0.0,0.0,0.0,0.0,100.0,0.0,0.0
Water,0.0,0.0,0.0,0.0,0.0,100.0,0.0
Other,0.0,0.0,0.0,0.0,0.0,0.0,100.0
