from_label,Crops,TreeCrops,Forest,Grassland,Urban,Water,Other
Crops,99.78634761243457,0.0,0.09614357440444397,0.10682619378271552,0.010682619378271552,0.0,0.0
TreeCrops,0.0,0.0,0.0,0.0,0.0,0.0,0.0
Forest,0.01055047081476011,0.0,99.72832537651992,0.2611241526653127,0.0,0.0,0.0
Grassland,0.03313452617627568,0.0,0.08133020061449485,99.88252304355683,0.003012229652388698,0.0,0.0
Urban,0.0,0.0,0.0,0.0,100.0,0.0,0.0
Water,0.0,0.0,0.0,0.0,0.0,100.0,0.0
Other,0.0,0.0,0.0,0.7352941176470588,0.0,0.0,99.26470588235294
