from_label,Crops,TreeCrops,Forest,Grassland,Urban,Water,Other
Crops,98.75433939146416,0.0,0.08168266285480906,1.153767612824178,0.010210332856851132,0.0,0.0
TreeCrops,0.0,98.6529826812059,0.0,1.3470173187940988,0.0,0.0,0.0
Forest,0.08311805009547343,0.017971470290913175,98.56902167808603,1.3186566325957543,0.011232168931820734,0.0,0.0
Grassland,0.004813323278835818,0.23585284066295506,0.041715468416577084,99.71601392654868,0.0016044410929452724,0.0,0.0
Urban,0.0,0.0,0.0,0.0,100.0,0.0,0.0
Water,0.0,0.0,0.0,0.0,0.0,100.0,0.0
Other,0.0,0.0,0.0,0.4132231404958678,0.0,0.0,99.58677685950413
