from_label,Crops,TreeCrops,Forest,Grassland,Urban,Water,Other
Crops,99.80655561526062,0.0,0.0322407307898979,0.16120365394948952,0.0,0.0,0.0
TreeCrops,0.0,0.0,0.0,0.0,0.0,0.0,0.0
Forest,0.003995312167057319,0.0,99.92542083954827,0.07058384828467931,0.0,0.0,0.0
Grassland,0.0,0.0,0.0382532956685499,99.96174670433146,0.0,0.0,0.0
Urban,0.0,0.0,0.0,0.0,100.0,0.0,0.0
Water,0.0,0.0,0.0,0.0,0.0,100.0,0.0
Other,0.0,0.0,0.0,0.0,0.0,0.0,100.0
