from_label,Crops,TreeCrops,Forest,Grassland,Urban,Water,Other
Crops,99.80674253811466,0.0,0.04294610264118531,0.1503113592441486,0.0,0.0,0.0
TreeCrops,0.0,0.0,0.0,0.0,0.0,0.0,0.0
Forest,0.009319416338268187,0.0,99.94541484716157,0.04526573650015976,0.0,0.0,0.0
Grassland,0.005890842685046096,0.0,0.03829047745279963,99.95581867986215,0.0,0.0,0.0
Urban,0.0,0.0,0.0,0.0,100.0,0.0,0.0
Water,0.0,0.0,0.0,0.0,0.0,100.0,0.0
Other,0.0,0.0,0.0,0.0,0.0,0.0,100.0
