from_label,Crops,TreeCrops,Forest,Grassland,Urban,Water,Other
Crops,99.77685686962066,0.0,0.07438104345978111,0.14876208691956222,0.0,0.0,0.0
TreeCrops,0.0,0.0,0.0,0.0,0.0,0.0,0.0
Forest,0.012969607885521595,0.0,98.84714596573141,1.1384433588402287,0.0,0.0,0.0014410675428357326
Grassland,0.017695088349048257,0.0,0.037918046462246266,99.9443868651887,0.0,0.0,0.0
Urban,0.0,0.0,0.0,0.0,100.0,0.0,0.0
Water,0.0,0.0,0.0,0.0,0.0,100.0,0.0
Other,0.0,0.0,0.0,0.0,0.0,0.0,100.0
