from_label,Crops,TreeCrops,Forest,Grassland,Urban,Water,Other
Crops,94.99238555943744,0.0,0.22395413419331722,4.72991131416286,0.017916330735465377,0.0,0.035832661470930754
TreeCrops,1.2195121951219512,26.24854819976771,12.775842044134727,59.756097560975604,0.0,0.0,0.0
Forest,0.07260026685503493,0.0,97.37461737697198,2.5370850011773016,0.0019621693744604034,0.0,0.013735185621222822
Grassland,0.12498162034994854,0.0,0.051463020144096455,99.82355535950596,0.0,0.0,0.0
Urban,0.0,0.0,0.0,0.0,100.0,0.0,0.0
Water,0.0,0.0,0.0,0.0,0.0,100.0,0.0
Other,0.0,0.0,0.0,0.0,0.0,0.0,100.0
