from_label,Crops,TreeCrops,Forest,Grassland,Urban,Water,Other
Crops,99.7878546804561,0.0,0.05303632988597189,0.15910898965791567,0.0,0.0,0.0
TreeCrops,0.0,100.0,0.0,0.0,0.0,0.0,0.0
Forest,0.4960569829559908,0.0,97.60693389541011,1.8697532434495039,0.01271940981938438,0.0,0.014536468365010722
Grassland,0.10972088546679501,0.0,0.04042348411934552,99.84985563041387,0.0,0.0,0.0
Urban,0.0,0.0,0.0,0.0,100.0,0.0,0.0
Water,0.0,0.0,0.0,0.0,0.0,100.0,0.0
Other,0.0,0.0,0.0,0.0,0.0,0.0,100.0
