from_label,Crops,TreeCrops,Forest,Grassland,Urban,Water,Other
Crops,95.75241642280749,4.025893411368272,0.0709408530637581,0.15074931276048592,0.0,0.0,0.0
TreeCrops,0.0,100.0,0.0,0.0,0.0,0.0,0.0
Forest,0.5584143319992377,0.5774728416237851,97.07070707070707,1.7648179912330857,0.013340956737183154,0.0,0.01524680769963789
Grassland,0.13205194042990243,1.7680287579781382,0.04218325874844105,98.05773604284352,0.0,0.0,0.0
Urban,0.0,0.0,0.0,0.0,100.0,0.0,0.0
Water,0.0,0.0,0.0,0.0,0.0,100.0,0.0
Other,0.0,0.0,0.0,0.0,0.0,0.0,100.0
