from_label,Crops,TreeCrops,Forest,Grassland,Urban,Water,Other
Crops,99.77544910179641,0.0,0.0427715996578272,0.1817792985457656,0.0,0.0,0.0
TreeCrops,0.0,0.0,0.0,0.0,0.0,0.0,0.0
Forest,0.010604735014183833,0.0,99.65269492828548,0.33670033670033667,0.0,0.0,0.0
Grassland,0.0,0.0,0.04465747715025752,99.95534252284975,0.0,0.0,0.0
Urban,0.0,0.0,0.0,0.0,100.0,0.0,0.0
Water,0.0,0.0,0.0,0.0,0.0,100.0,0.0
Other,0.0,0.0,0.0,0.0,0.0,0.0,100.0
