from_label,Crops,TreeCrops,Forest,Grassland,Urban,Water,Other
Crops,99.7878434284502,0.0,0.04243131430996075,0.169725257239843,0.0,0.0,0.0
TreeCrops,0.0,0.0,0.0,0.0,0.0,0.0,0.0
Forest,0.24139733694148036,0.0,98.43629877917525,1.3192287585719118,0.001537562655678219,0.0,0.001537562655678219
Grassland,0.0113913380265646,0.0,0.041008816895632565,99.9475998450778,0.0,0.0,0.0
Urban,0.0,0.0,0.0,0.0,100.0,0.0,0.0
Water,0.0,0.0,0.0,0.0,0.0,100.0,0.0
Other,0.0,0.0,0.0,0.0,0.0,0.0,100.0
