from_label,Crops,TreeCrops,Forest,Grassland,Urban,Water,Other
Crops,99.76615024846535,0.0,0.029231218941829874,0.20461853259280913,0.0,0.0,0.0
TreeCrops,0.0,0.0,0.0,0.0,0.0,0.0,0.0
Forest,0.03871279941930801,0.0,98.35147995806113,1.6098072425195582,0.0,0.0,0.0
Grassland,0.004339901050256054,0.0,0.03905910945230449,99.95660098949743,0.0,0.0,0.0
Urban,0.0,0.0,0.0,0.0,100.0,0.0,0.0
Water,0.0,0.0,0.0,0.0,0.0,100.0,0.0
Other,0.0,0.0,0.0,0.0,0.0,0.0,100.0
