from_label,Crops,TreeCrops,Forest,Grassland,Urban,Water,Other
Crops,99.69812683833015,0.0,0.1625470870529955,0.12642551215232986,0.010320449971618764,0.0,0.002580112492904691
TreeCrops,0.0,99.54627949183303,0.09074410163339383,0.3629764065335753,0.0,0.0,0.0
Forest,0.0977345629510826,0.0,98.96000400962309,0.9046712109061747,0.037590216519647154,0.0,0.0
Grassland,0.16838610221747896,0.0,1.0696074943673664,98.67425589944267,0.059290881062492584,0.0,0.028459622909996443
Urban,0.09107468123861566,0.0,0.1366120218579235,0.5919854280510018,99.18032786885246,0.0,0.0
Water,0.0,0.0,0.0,0.0,0.0,100.0,0.0
Other,1.0512483574244416,0.0,1.314060446780552,5.913272010512484,0.39421813403416556,0.0,91.32720105124835
