from_label,Crops,TreeCrops,Forest,Grassland,Urban,Water,Other
Crops,98.6062055099712,0.0,0.23909145248057379,1.054175949573439,0.016301689941857305,0.0,0.08422539803292942
TreeCrops,0.0,75.42735042735043,14.850427350427351,9.722222222222223,0.0,0.0,0.0
Forest,0.058126311001036164,0.0,98.91329070737194,0.9628749778867294,0.012636154565442644,0.0,0.05307184917485911
Grassland,0.19970951343500362,0.0,0.7806826434277414,98.93790849673204,0.04084967320261438,0.0,0.04084967320261438
Urban,0.08470986869970351,0.0,0.29648454044896233,1.058873358746294,98.47522236340534,0.0,0.08470986869970351
Water,0.0,0.0,0.0,0.0,0.0,100.0,0.0
Other,0.08695652173913043,0.0,0.0,1.9130434782608694,0.0,0.0,98.0
