from_label,Crops,TreeCrops,Forest,Grassland,Urban,Water,Other
Crops,99.68789496762878,0.0,0.1753978694317625,0.12896902164100185,0.00773814129846011,0.0,0.0
TreeCrops,0.0,93.36530775379697,3.996802557953637,2.6378896882494005,0.0,0.0,0.0
Forest,0.10655162556199485,0.0,99.03323890953507,0.8498141843603004,0.010395280542633644,0.0,0.0
Grassland,0.1983486323169888,0.0023063794455463814,1.4437935329120346,98.28636007195904,0.04382120946538125,0.0,0.025370173901010193
Urban,0.09770395701025891,0.0,0.0,0.29311187103077674,99.60918417195896,0.0,0.0
Water,0.0,0.0,0.0,0.0,0.0,100.0,0.0
Other,0.9164969450101833,0.0,0.8146639511201629,3.1568228105906315,0.20366598778004072,0.0,94.90835030549898
