from_label,Crops,TreeCrops,Forest,Grassland,Urban,Water,Other
Crops,99.69451886721586,0.0,0.14022084783534067,0.15774845381475824,0.005007887422690738,0.0,0.002503943711345369
TreeCrops,0.0,100.0,0.0,0.0,0.0,0.0,0.0
Forest,0.09550490258499936,0.0,98.87622564624984,1.0282694511651598,0.0,0.0,0.0
Grassland,0.17778831338153372,0.0,1.2188376595156256,98.52435699893327,0.03753308838054601,0.0,0.04148393978902454
Urban,0.11918951132300357,0.0,0.0,0.47675804529201427,99.40405244338498,0.0,0.0
Water,0.0,0.0,0.0,0.0,0.0,100.0,0.0
Other,0.4088307440719542,0.0,0.6541291905151267,1.6353229762878168,0.0,0.0,97.3017170891251
