from_label,Crops,TreeCrops,Forest,Grassland,Urban,Water,Other
Crops,99.63509568602011,0.0,0.0810898475510866,0.25408152232673803,0.005405989836739107,0.0,0.02432695426532598
TreeCrops,0.0,98.50448654037886,0.0,1.4955134596211366,0.0,0.0,0.0
Forest,0.06289466401670482,0.0,98.915695992352,0.9559988930539134,0.015094719364009157,0.0,0.05031573121336386
Grassland,0.19226367589837492,0.01373311970702678,0.48752574959945066,99.20805676356146,0.0503547722590982,0.0,0.04806591897459373
Urban,0.08371703641691085,0.08371703641691085,0.37672666387609877,1.2138970280452073,98.1163666806195,0.0,0.12557555462536626
Water,0.0,0.0,0.0,0.0,0.0,100.0,0.0
Other,0.09442870632672333,0.0,0.0,1.9830028328611897,0.0,0.0,97.92256846081209
