from_label,Crops,TreeCrops,Forest,Grassland,Urban,Water,Other
Crops,99.31890302107789,0.0,0.35344805345579317,0.29668997187895046,0.023219215190526558,0.0,0.007739738396842187
TreeCrops,0.0,98.90610756608933,0.09115770282588878,1.0027347310847767,0.0,0.0,0.0
Forest,0.11245220781168003,0.0,98.96294075018118,0.894619786590699,0.029987255416448012,0.0,0.0
Grassland,0.17111079423926995,0.0,0.8127762726365322,98.94481676885783,0.05228385379533248,0.0,0.01901231047102999
Urban,0.0898876404494382,0.0,0.1797752808988764,0.5393258426966292,99.19101123595505,0.0,0.0
Water,0.0,0.0,0.0,0.0,0.0,100.0,0.0
Other,0.847457627118644,0.0,2.401129943502825,4.23728813559322,0.14124293785310735,0.0,92.37288135593221
