from_label,Crops,TreeCrops,Forest,Grassland,Urban,Water,Other
Crops,98.88814832767814,0.0,0.18480368395540475,0.8603974793989336,0.015147842947164323,0.0,0.0515026660203587
TreeCrops,0.0,96.80365296803653,2.28310502283105,0.91324200913242,0.0,0.0,0.0
Forest,0.060391031931758134,0.0,98.91799401122266,0.9763216828967565,0.015097757982939533,0.0,0.030195515965879067
Grassland,0.16506822123320586,0.0,0.7438517311268519,98.93019076871644,0.03761048078731273,0.0,0.12327879813619172
Urban,0.08594757198109154,0.0,0.34379028792436617,1.1602922217447358,98.36699613235926,0.0,0.04297378599054577
Water,0.0,0.0,0.0,0.0,0.0,100.0,0.0
Other,0.13218770654329146,0.0,0.0,1.3879709187045606,0.0,0.0,98.47984137475216
