from_label,Crops,TreeCrops,Forest,Grassland,Urban,Water,Other
Crops,99.6094839609484,0.002535818435400025,0.05578800557880056,0.3271205781666033,0.002535818435400025,0.0,0.002535818435400025
TreeCrops,0.0,100.0,0.0,0.0,0.0,0.0,0.0
Forest,0.02627430373095113,0.0,98.88005780346822,1.090383604834472,0.003284287966368891,0.0,0.0
Grassland,0.19604074572362098,0.0,1.1877762829137037,98.5200845665962,0.042283298097251586,0.0,0.05381510666922929
Urban,0.06116207951070336,0.0,0.12232415902140673,0.3058103975535168,99.51070336391437,0.0,0.0
Water,0.0,0.0,0.0,0.0,0.0,100.0,0.0
Other,0.7547169811320755,0.0,0.8301886792452831,2.5660377358490565,0.22641509433962265,0.0,95.62264150943396
