from_label,Crops,TreeCrops,Forest,Grassland,Urban,Water,Other
Crops,99.71207203434196,0.0,0.13087634802638468,0.13349387498691237,0.00785258088158308,0.0,0.01570516176316616
TreeCrops,0.0,97.25738396624473,0.42194092827004215,2.320675105485232,0.0,0.0,0.0
Forest,0.07731444533120511,0.0,98.8926576217079,0.9776536312849162,0.022446129289704707,0.0,0.029928172386272944
Grassland,0.20906741836974393,0.002349072116513977,1.6960300681230913,97.90462767206954,0.06342494714587738,0.0,0.12450082217524078
Urban,0.08550662676357418,0.0,0.12825994014536127,0.38477982043608383,99.3587002992732,0.0,0.04275331338178709
Water,0.0,0.0,0.0,0.0,0.0,100.0,0.0
Other,0.1371742112482853,0.0,0.0,1.3717421124828533,0.0,0.0,98.49108367626886
