from_label,Crops,TreeCrops,Forest,Grassland,Urban,Water,Other
Crops,99.18631281153174,0.0,0.28021015761821366,0.4876734473932372,0.005388656877273339,0.0,0.04041492657955005
TreeCrops,0.0,98.09069212410502,0.7159904534606205,0.9546539379474941,0.23866348448687352,0.0,0.0
Forest,0.06879437851649838,0.0,98.91403159627528,0.9680351834107269,0.012284710449374708,0.0,0.036854131348124125
Grassland,0.20292491778042127,0.0,0.4221771277960488,99.31658619644065,0.03731952510904298,0.0,0.02099223287383668
Urban,0.08375209380234507,0.0,0.04187604690117253,0.5443886097152428,99.2462311557789,0.0,0.08375209380234507
Water,0.0,0.0,0.0,0.0,0.0,100.0,0.0
Other,0.10298661174047373,0.0,0.0,1.6477857878475797,0.0,0.0,98.24922760041194
