from_label,Crops,TreeCrops,Forest,Grassland,Urban,Water,Other
Crops,99.68511355747297,0.0,0.16116235247446198,0.14380640682336607,0.007438262421898245,0.0,0.002479420807299415
TreeCrops,0.0,91.66666666666666,0.0,8.333333333333332,0.0,0.0,0.0
Forest,0.1016315991869472,0.0,99.17321320661429,0.7196615942427073,0.005493599956051201,0.0,0.0
Grassland,0.1727880909131186,0.0,1.3978113508484338,98.35629790439059,0.050950334500022156,0.0,0.02215231934783572
Urban,0.10319917440660474,0.0,0.10319917440660474,0.20639834881320948,99.58720330237358,0.0,0.0
Water,0.0,0.0,0.0,0.0,0.0,100.0,0.0
Other,0.6628787878787878,0.0,0.0946969696969697,2.272727272727273,0.0,0.0,96.96969696969697
