from_label,Crops,TreeCrops,Forest,Grassland,Urban,Water,Other
Crops,98.95799122204639,0.0,0.3702266145164661,0.6180395903621653,0.020899889529155346,0.0,0.03284268354581554
TreeCrops,0.32102728731942215,75.60192616372392,0.0,23.756019261637242,0.32102728731942215,0.0,0.0
Forest,0.08556688058386812,0.359884233043916,98.55039637599094,0.9865357996728324,0.01761671070844344,0.0,0.0
Grassland,0.14611833467451613,0.4192960908051332,0.6141205370378213,98.75905298377874,0.027529541315488543,0.0,0.033882512388293595
Urban,0.08525149190110827,0.0,0.3836317135549872,1.0656436487638534,98.46547314578005,0.0,0.0
Water,0.0,0.0,0.0,0.0,0.0,100.0,0.0
Other,0.2044989775051125,0.0,0.0,1.3633265167007498,0.0,0.0,98.43217450579414
