from_label,Crops,TreeCrops,Forest,Grassland,Urban,Water,Other
Crops,99.68309949142579,0.0,0.17633979912596795,0.13289376166014977,0.0051112985253903755,0.0,0.0025556492626951878
TreeCrops,0.0,99.5685936151855,0.0,0.3451251078515962,0.08628127696289906,0.0,0.0
Forest,0.14806494434800366,0.0,99.09629327070355,0.7428775656080874,0.012764219340345145,0.0,0.0
Grassland,0.2755599519536494,0.0,1.4625874372924468,98.18177535975883,0.054169905084905434,0.0,0.025907345910172165
Urban,0.14340344168260039,0.0,0.0,0.47801147227533464,99.37858508604207,0.0,0.0
Water,0.0,0.0,0.0,0.0,0.0,100.0,0.0
Other,1.4857142857142858,0.0,2.6285714285714286,2.057142857142857,0.2285714285714286,0.0,93.60000000000001
