from_label,Crops,TreeCrops,Forest,Grassland,Urban,Water,Other
Crops,99.61535462743977,0.0,0.10135925358006082,0.2494997011201497,0.005197910440003119,0.0,0.028588507420017156
TreeCrops,0.0,99.05123339658444,0.09487666034155598,0.8538899430740038,0.0,0.0,0.0
Forest,0.05226480836236934,0.0,99.0741662518666,0.8461921353907417,0.017421602787456445,0.0,0.009955201592832254
Grassland,0.22696108563052628,0.0,0.5082982646933661,99.22218544612038,0.018913423802543856,0.0,0.02364177975317982
Urban,0.043782837127845885,0.0,0.0,0.2626970227670753,99.6059544658494,0.0,0.08756567425569177
Water,0.0,0.0,0.0,0.0,0.0,100.0,0.0
Other,0.16863406408094433,0.0,0.0,1.5177065767284992,0.0,0.0,98.31365935919055
