from_label,Crops,TreeCrops,Forest,Grassland,Urban,Water,Other
Crops,99.68806148931922,0.0,0.1547215012976642,0.1447394689558794,0.007486524256338591,0.0,0.004991016170892393
TreeCrops,0.0,100.0,0.0,0.0,0.0,0.0,0.0
Forest,0.27984823614885773,0.0,99.04205796087507,0.6673304092780454,0.01076339369803299,0.0,0.0
Grassland,0.5063518024779872,0.0,1.4003091882687697,98.01940268411265,0.047050388725830665,0.0,0.02688593641476038
Urban,0.20232675771370764,0.0,0.05058168942842691,0.15174506828528073,99.59534648457259,0.0,0.0
Water,0.0,0.0,0.0,0.0,0.0,100.0,0.0
Other,0.0970873786407767,0.0,0.0,0.8737864077669903,0.1941747572815534,0.0,98.83495145631068
