from_label,Crops,TreeCrops,Forest,Grassland,Urban,Water,Other
Crops,99.39109706171944,0.0,0.18655749598383167,0.36534176296833704,0.010364305332435094,0.0,0.04663937399595792
TreeCrops,0.0,98.22761194029852,0.18656716417910446,1.585820895522388,0.0,0.0,0.0
Forest,0.05970297768601209,0.0024876240702505037,99.10196771063957,0.8159406950421653,0.01990099256200403,0.0,0.0
Grassland,0.21814905271145046,0.0,0.6331064899343182,99.11317667702085,0.023711853555592438,0.0,0.011855926777796219
Urban,0.04405286343612335,0.0,0.04405286343612335,0.22026431718061676,99.64757709251101,0.0,0.04405286343612335
Water,0.0,0.0,0.0,0.0,0.0,100.0,0.0
Other,0.17301038062283738,0.0,0.0,1.384083044982699,0.0,0.0,98.44290657439446
