from_label,Crops,TreeCrops,Forest,Grassland,Urban,Water,Other
Crops,99.67957613220638,0.0,0.1412892645389176,0.17156553551154283,0.0050460451621042015,0.0,0.0025230225810521007
TreeCrops,0.0,100.0,0.0,0.0,0.0,0.0,0.0
Forest,0.27982374320542924,0.0,98.89035412177158,0.829822135022997,0.0,0.0,0.0
Grassland,0.6130417805544709,0.0,1.181179226864506,98.12573213588442,0.03709488481062086,0.0,0.042951971885982036
Urban,0.2995805871779509,0.0,0.0,0.4194128220491312,99.28100659077292,0.0,0.0
Water,0.0,0.0,0.0,0.0,0.0,100.0,0.0
Other,1.8297533810660305,0.0,0.3977724741447892,2.307080350039777,0.0,0.0,95.4653937947494
