from_label,Crops,TreeCrops,Forest,Grassland,Urban,Water,Other
Crops,99.68307091605182,0.0,0.14959052762353897,0.15719682563829518,0.007606298014756218,0.0,0.002535432671585406
TreeCrops,0.0,100.0,0.0,0.0,0.0,0.0,0.0
Forest,0.43076216185170296,0.0,99.13560392855092,0.43076216185170296,0.0028717477456780198,0.0,0.0
Grassland,1.1486287850153292,0.0,1.3103187602368653,97.42555961530385,0.0692957036663727,0.0,0.04619713577758179
Urban,0.3798155181768855,0.0,0.05425935973955508,0.27129679869777534,99.29462832338578,0.0,0.0
Water,0.0,0.0,0.0,0.0,0.0,100.0,0.0
Other,1.0480349344978166,0.0,0.08733624454148471,2.8820960698689957,0.34934497816593885,0.0,95.63318777292577
