from_label,Crops,TreeCrops,Forest,Grassland,Urban,Water,Other
Crops,91.70489191638971,0.0,0.3241134946576208,7.42714313181531,0.01648034718598072,0.0,0.527371109951383
TreeCrops,0.0,88.10198300283287,0.708215297450425,10.056657223796034,0.424929178470255,0.0,0.708215297450425
Forest,0.015106881184379485,0.0,98.93748269003197,0.9769116499232067,0.0025178135307299143,0.0,0.06798096532970768
Grassland,0.2247039525425252,0.002247039525425252,0.7078174505089544,98.86749207918567,0.042693750983079794,0.0,0.1550457272543424
Urban,0.0,0.0,0.08496176720475786,1.3593882752761257,98.42820730671198,0.0,0.1274426508071368
Water,0.0,0.0,0.0,0.0,0.0,100.0,0.0
Other,0.0,0.0,0.0,2.335279399499583,0.0,0.0,97.66472060050042
