from_label,Crops,TreeCrops,Forest,Grassland,Urban,Water,Other
Crops,99.64595992567669,0.0,0.17325365339225632,0.16823180836639381,0.007532767538793753,0.0,0.005021845025862502
TreeCrops,0.0,100.0,0.0,0.0,0.0,0.0,0.0
Forest,0.09648435144425013,0.0,99.12561056503648,0.7748899475366339,0.0030151359826328166,0.0,0.0
Grassland,0.157261605702265,0.0,1.2805587892898718,98.48252762289891,0.04697424585911811,0.0,0.032677736249821294
Urban,0.11441647597254005,0.0,0.2860411899313501,0.40045766590389015,99.19908466819221,0.0,0.0
Water,0.0,0.0,0.0,0.0,0.0,100.0,0.0
Other,0.3418803418803419,0.0,0.2564102564102564,1.6239316239316242,0.17094017094017094,0.0,97.6068376068376
