from_label,Crops,TreeCrops,Forest,Grassland,Urban,Water,Other
Crops,98.45513367106385,0.0,0.6069117720820585,0.8928123589306315,0.022571098961729447,0.0,0.022571098961729447
TreeCrops,0.0,100.0,0.0,0.0,0.0,0.0,0.0
Forest,0.12764099291256592,0.0,98.8512310637869,1.0177689698028283,0.003358973497699103,0.0,0.0
Grassland,0.14870171960193693,0.0,0.8312044839287757,98.97243298890457,0.02287718763106722,0.0,0.024783619933656156
Urban,0.06218905472636816,0.0,0.0,0.43532338308457713,99.50248756218906,0.0,0.0
Water,0.0,0.0,0.0,0.0,0.0,100.0,0.0
Other,0.08576329331046312,0.0,0.42881646655231564,1.0291595197255576,0.0,0.0,98.45626072041166
