from_label,Crops,TreeCrops,Forest,Grassland,Urban,Water,Other
Crops,99.9174627229183,0.0,0.002367872703163478,0.005412280464373664,0.00338267529023354,0.0,0.0713744486239277
TreeCrops,0.0,100.0,0.0,0.0,0.0,0.0,0.0
Forest,0.08923464134538382,0.0,99.77348129504632,0.0503374899897037,0.00686420318041414,0.0,0.08008237043816496
Grassland,0.10968213686610177,0.0,0.021506301346294464,99.8247236440277,0.007527205471203062,0.0,0.03656071228870059
Urban,0.0,0.0,0.0,0.0,100.0,0.0,0.0
Water,0.0,0.0,0.0,0.0,0.0,100.0,0.0
Other,0.20473863723908664,0.0,0.0,0.015874831621730777,0.0,0.0,99.77938653113918
