from_label,Crops,TreeCrops,Forest,Grassland,Urban,Water,Other
Crops,99.91927451222926,0.0,0.0029295539916800667,0.0055336019842845705,0.004231577987982319,0.0,0.06803075380679266
TreeCrops,0.0,100.0,0.0,0.0,0.0,0.0,0.0
Forest,0.06440186765416198,0.0,99.85509579777813,0.06440186765416198,0.0,0.0,0.016100466913540494
Grassland,0.09986431478968792,0.0,0.006512890094979648,99.85454545454544,0.006512890094979648,0.0,0.032564450474898234
Urban,0.0,0.0,0.0,0.0,100.0,0.0,0.0
Water,0.0,0.0,0.0,0.0,0.0,100.0,0.0
Other,0.1730928069524414,0.0,0.0,0.013167502603574377,0.0,0.0,99.81373969044398
