from_label,Crops,TreeCrops,Forest,Grassland,Urban,Water,Other
Crops,99.91709885795387,0.0,0.0016580228409226565,0.004310859386398907,0.0026528365454762505,0.0,0.07427942327333502
TreeCrops,0.0,100.0,0.0,0.0,0.0,0.0,0.0
Forest,0.03289396395761378,0.0,99.87312328187777,0.05169051479053594,0.0,0.0,0.04229223937407486
Grassland,0.16259287175621837,0.0,0.006460643910843115,99.7900290728976,0.004307095940562076,0.0,0.03661031549477765
Urban,0.0,0.0,0.0,0.0,100.0,0.0,0.0
Water,0.0,0.0,0.0,0.0,0.0,100.0,0.0
Other,0.3341454596154255,0.0,0.0,0.018432352086282314,0.011579298105485043,0.0,99.6358428901928
