from_label,Crops,TreeCrops,Forest,Grassland,Urban,Water,Other
Crops,99.90847242641759,0.0,0.0,0.007927585113436535,0.0007206895557669578,0.0,0.08287929891320016
TreeCrops,0.0,100.0,0.0,0.0,0.0,0.0,0.0
Forest,0.04867364322219518,0.0,99.94645899245559,0.0048673643222195175,0.0,0.0,0.0
Grassland,0.7397384743017422,0.0,0.003950539248607435,99.20495397621775,0.004938174060759294,0.0,0.04641883617113736
Urban,0.0,0.0,0.0,0.0,100.0,0.0,0.0
Water,0.0,0.0,0.0,0.0,0.0,100.0,0.0
Other,1.6517530530699531,0.0,0.0021645302752849606,0.02142884972532111,0.0,0.0,98.32465356692944
