from_label,Crops,TreeCrops,Forest,Grassland,Urban,Water,Other
Crops,99.91383530137529,0.0,0.001341084803497549,0.0016763560043719366,0.0006705424017487745,0.0,0.08247671541509928
TreeCrops,0.0,99.98767714109673,0.0,0.0,0.012322858903265557,0.0,0.0
Forest,0.002362223324593107,0.0,99.91732218363924,0.03070890321971039,0.0,0.0,0.049606689816455246
Grassland,0.4795206948200989,0.0,0.0032327237853040374,99.47845389597096,0.006465447570608075,0.0,0.032327237853040376
Urban,0.0,0.0,0.0,0.0,100.0,0.0,0.0
Water,0.0,0.0,0.0,0.0,0.0,100.0,0.0
Other,1.183413551245371,0.00023921842556001033,0.0,0.016984508214760732,0.015549197661400671,0.0,98.78381352445291
