from_label,Crops,TreeCrops,Forest,Grassland,Urban,Water,Other
Crops,95.3385950526172,0.0,0.004100041000410004,0.41512915129151295,0.018791854585212518,0.0,4.223383900505671
TreeCrops,0.0,100.0,0.0,0.0,0.0,0.0,0.0
Forest,0.0,0.0,99.92703215449725,0.019458092134066254,0.0,0.0,0.0535097533686822
Grassland,0.015005401944700092,0.0,0.0,99.87595534392382,0.0,0.0,0.10903925413148732
Urban,0.0,0.0,0.0,0.0,100.0,0.0,0.0
Water,0.0,0.0,0.0,0.0,0.0,100.0,0.0
Other,0.050865040323929994,0.0,0.0,0.009592968131267499,0.0,0.0,99.9395419915448
