from_label,Crops,TreeCrops,Forest,Grassland,Urban,Water,Other
Crops,99.90772268162179,0.0,0.0014306560988869496,0.018240865260808606,0.005007296346104324,0.0,0.06759850067240837
TreeCrops,0.0,100.0,0.0,0.0,0.0,0.0,0.0
Forest,0.019460932178651358,0.0,99.96594336868736,0.014595699133988518,0.0,0.0,0.0
Grassland,0.042513643913628094,0.0,0.004943446966700941,99.86553824250574,0.005932136360041129,0.0,0.08107253025389544
Urban,0.0,0.0,0.0,0.0,100.0,0.0,0.0
Water,0.0,0.0,0.0,0.0,0.0,100.0,0.0
Other,0.04192954099101447,0.0,0.0,0.022594156803448215,0.0,0.0,99.93547630220554
