from_label,Crops,TreeCrops,Forest,Grassland,Urban,Water,Other
Crops,98.06173749070952,0.0006491167144308383,0.007789400573170059,0.20576999847457572,0.02174540993343308,0.0,1.7023085835948735
TreeCrops,0.0,100.0,0.0,0.0,0.0,0.0,0.0
Forest,0.03738492452918361,0.0,99.6331604280574,0.07009673349221926,0.0023365577830739754,0.0,0.25702135613813726
Grassland,0.008678578014992243,0.0,0.003254466755622091,99.89694188607197,0.0010848222518740304,0.0,0.09004024690554452
Urban,0.0,0.0,0.0,0.0,100.0,0.0,0.0
Water,0.0,0.0,0.0,0.0,0.0,100.0,0.0
Other,0.055607887691241996,0.0,0.0004793783421658793,0.009587566843317586,0.000719067513248819,0.0,99.93360609961003
