from_label,Crops,TreeCrops,Forest,Grassland,Urban,Water,Other
Crops,99.9163287201668,0.0,0.0003373841928757954,0.002699073543006363,0.0013495367715031816,0.0,0.07928528532581192
TreeCrops,0.0,100.0,0.0,0.0,0.0,0.0,0.0
Forest,0.013751059977539936,0.0,99.95874682006738,0.022918433295899893,0.0,0.0,0.004583686659179978
Grassland,0.3152605472406632,0.0,0.00537987281980654,99.63524462281713,0.006455847383767847,0.0,0.03765910973864578
Urban,0.0,0.0,0.0,0.0,100.0,0.0,0.0
Water,0.0,0.0,0.0,0.0,0.0,100.0,0.0
Other,0.7397950833087826,0.0,0.0,0.016133331462802148,0.011223187104558016,0.0,99.23284839812385
