from_label,Crops,TreeCrops,Forest,Grassland,Urban,Water,Other
Crops,99.83322902983997,0.0,0.004470149715629706,0.02028760255555021,0.011003445453857738,0.0,0.1310097724349937
TreeCrops,0.0,98.56141645149391,0.0,0.0,0.0,0.0,1.4385835485060863
Forest,0.035351511866324146,0.0,99.95050788338715,0.014140604746529659,0.0,0.0,0.0
Grassland,0.018216302519207486,0.0,0.010715472070122049,99.89177373209176,0.0053577360350610245,0.0,0.07393675728384215
Urban,0.0,0.0,0.0,0.0,100.0,0.0,0.0
Water,0.0,0.0,0.0,0.0,0.0,100.0,0.0
Other,0.033390237823144604,0.0030568527584569007,0.00023514251988130007,0.011521983474183702,0.004467707877744701,0.0,99.9473280755466
