from_label,Crops,TreeCrops,Forest,Grassland,Urban,Water,Other
Crops,99.90416134680922,0.0,0.002599014323817692,0.009746303714316347,0.006497535809544231,0.0,0.07699579934309912
TreeCrops,0.0,100.0,0.0,0.0,0.0,0.0,0.0
Forest,0.020723479702502934,0.0,99.83421216237997,0.11052522508001567,0.0,0.0,0.0345391328375049
Grassland,0.020631766404969,0.0,0.003257647327100368,99.90444234507171,0.006515294654200736,0.0,0.06515294654200737
Urban,0.0,0.0,0.0,0.0,100.0,0.0,0.0
Water,0.0,0.0,0.0,0.0,0.0,100.0,0.0
Other,0.0316423076830879,0.0,0.0,0.011026864798651845,0.0009588578085784214,0.0,99.95637196970968
