from_label,Crops,TreeCrops,Forest,Grassland,Urban,Water,Other
Crops,99.91725223603967,0.0,0.0006727460484578978,0.0020182381453736934,0.0013454920969157957,0.0,0.07871128766957405
TreeCrops,0.0,100.0,0.0,0.0,0.0,0.0,0.0
Forest,0.022414823670053798,0.0,99.83313409045627,0.03735803945008966,0.0,0.0,0.10709304642359035
Grassland,0.40766110954719387,0.0,0.001042611533368782,99.54542137145121,0.006255669200212692,0.0,0.03961923826801372
Urban,0.0,0.0,0.0,0.0,100.0,0.0,0.0
Water,0.0,0.0,0.0,0.0,0.0,100.0,0.0
Other,0.9359812242166423,0.0,0.0,0.0177836432601162,0.0004679906121083211,0.0,99.04576714191113
