from_label,Crops,TreeCrops,Forest,Grassland,Urban,Water,Other
Crops,99.4868809768548,0.13291005798153438,0.0038606652625160854,0.04123589879532267,0.009867993537379478,0.0,0.32524440756843487
TreeCrops,0.0018957705359343305,99.47961098788602,0.10331949420842101,0.05118580447022693,0.004739426339835826,0.0,0.35924851655955564
Forest,0.05733951691456999,0.013159889127934097,99.78474181355023,0.053344550572161434,0.0004699960402833606,0.0,0.09094423379483028
Grassland,0.12678127694102137,0.0032369687729622474,0.007283179739165056,99.79574727042608,0.004909402638992742,0.0,0.06204190148177641
Urban,0.0,0.0,0.0,0.0,100.0,0.0,0.0
Water,0.0,0.0,0.0,0.0,0.0,100.0,0.0
Other,0.2991450084033453,0.005263653541310908,0.00010742150084307974,0.014466095446868072,0.006230447048898625,0.0,99.67478737405874
