from_label,Crops,TreeCrops,Forest,Grassland,Urban,Water,Other
Crops,99.92002923069498,0.0,0.0006894031836639021,0.0017235079591597555,0.0010341047754958534,0.0,0.07652375338669315
TreeCrops,0.0,99.88775255674732,0.01247193813918683,0.0,0.0,0.0,0.09977550511349464
Forest,0.014139271827500884,0.0,99.97643454695417,0.009426181218333923,0.0,0.0,0.0
Grassland,0.5816319972578676,0.003213436448938495,0.005355727414897492,99.3669530195591,0.007498018380856487,0.0,0.035347800938323445
Urban,0.0,0.0,0.0,0.0,100.0,0.0,0.0
Water,0.0,0.0,0.0,0.0,0.0,100.0,0.0
Other,1.3820838547156833,0.07324786184326366,0.0004695375759183568,0.021363959704285233,0.013381820913673168,0.0,98.50945296524718
