from_label,Crops,TreeCrops,Forest,Grassland,Urban,Water,Other
Crops,99.9113855600328,0.0,0.0,0.002442130235316692,0.00034887574790238456,0.0,0.0858234339839866
TreeCrops,0.0,100.0,0.0,0.0,0.0,0.0,0.0
Forest,0.058476682422883876,0.0,99.93665026070853,0.004873056868573656,0.0,0.0,0.0
Grassland,1.5943788690061504,0.0,0.0029857282191126417,98.36083520770717,0.0069666991779294965,0.0,0.03483349588964749
Urban,0.0,0.0,0.0,0.0,100.0,0.0,0.0
Water,0.0,0.0,0.0,0.0,0.0,100.0,0.0
Other,3.726373788774117,0.0,0.00044114760137020447,0.0200722158623443,0.0,0.0,96.25311284776217
