from_label,Crops,TreeCrops,Forest,Grassland,Urban,Water,Other
Crops,99.92912827781714,0.0,0.0023623907394283014,0.004724781478856603,0.003374843913469002,0.0,0.060409706051095136
TreeCrops,0.02402691013935608,97.52522825564633,1.2854396924555502,0.6487265737626141,0.0,0.0,0.5165785679961556
Forest,0.0,0.0,99.98114763756332,0.018852362436667845,0.0,0.0,0.0
Grassland,0.13244747865226614,0.0,0.003230426308591857,99.82340336179698,0.006460852617183714,0.0,0.03445788062497981
Urban,0.0,0.0,0.0,0.0,100.0,0.0,0.0
Water,0.0,0.0,0.0,0.0,0.0,100.0,0.0
Other,0.26389434699248565,0.0,0.0,0.015481166565443655,0.01167041787241137,0.0,99.70895406856965
