from_label,Crops,TreeCrops,Forest,Grassland,Urban,Water,Other
Crops,99.65938590254468,0.0,0.0056217860745052,0.03141586335752906,0.013558425238512542,0.0,0.29001802278476824
TreeCrops,0.0,100.0,0.0,0.0,0.0,0.0,0.0
Forest,0.01874853527068198,0.0,99.68596203421608,0.12186547925943285,0.0,0.0,0.1734239512538083
Grassland,0.015087832740597046,0.0,0.008621618708912598,99.86852031468908,0.0032331070158422245,0.0,0.10453712684556525
Urban,0.0,0.0,0.0,0.0,100.0,0.0,0.0
Water,0.0,0.0,0.0,0.0,0.0,100.0,0.0
Other,0.0419065838321085,0.0,0.0,0.013021819834835972,0.00355140540950072,0.0,99.94152019092355
