from_label,Crops,TreeCrops,Forest,Grassland,Urban,Water,Other
Crops,99.8421280002033,0.0,0.04669453515113783,0.013658945656455283,0.01207069616151862,0.0,0.08544782282759235
TreeCrops,0.0,100.0,0.0,0.0,0.0,0.0,0.0
Forest,0.036151656197749564,0.0,99.95932938677753,0.0045189570247186955,0.0,0.0,0.0
Grassland,0.015489627113043298,0.0,0.4502318280857919,99.50742985780522,0.0051632090376811,0.0,0.02168547795826062
Urban,0.0,0.0,0.0,0.0,100.0,0.0,0.0
Water,0.0,0.0,0.0,0.0,0.0,100.0,0.0
Other,0.05408366813699323,0.0,0.009833394206726041,0.012877063842141245,0.0,0.0,99.92320587381414
