from_label,Crops,TreeCrops,Forest,Grassland,Urban,Water,Other
Crops,98.67907460432782,0.0,0.003917546333888912,0.12607376383606136,0.018519309942020314,0.0,1.1724147755602092
TreeCrops,0.0,100.0,0.0,0.0,0.0,0.0,0.0
Forest,0.004865469761105435,0.0,99.90755607453899,0.04378922784994892,0.0,0.0,0.04378922784994892
Grassland,0.019808059899573134,0.0,0.0019808059899573136,99.88511325258249,0.0019808059899573136,0.0,0.09111707553803643
Urban,0.0,0.0,0.0,0.0,100.0,0.0,0.0
Water,0.0,0.0,0.0,0.0,0.0,100.0,0.0
Other,0.04835863811619143,0.0,0.0,0.013723397303243515,0.0,0.0,99.93791796458056
