from_label,Crops,TreeCrops,Forest,Grassland,Urban,Water,Other
Crops,98.98784397225542,0.0,0.0037236509381907796,0.0985074930012288,0.015910144917724238,0.0,0.8940147388874408
TreeCrops,0.0,100.0,0.0,0.0,0.0,0.0,0.0
Forest,0.004864759680871765,0.0,99.94648764351041,0.004864759680871765,0.0,0.0,0.043782837127845885
Grassland,0.027063328187959826,0.0,0.0010023454884429564,99.85365755868733,0.002004690976885913,0.0,0.11627207665938295
Urban,0.0,0.0,0.0,0.0,100.0,0.0,0.0
Water,0.0,0.0,0.0,0.0,0.0,100.0,0.0
Other,0.05226981093134484,0.0,0.0,0.011665365529742195,0.0,0.0,99.93606482353891
