from_label,Crops,TreeCrops,Forest,Grassland,Urban,Water,Other
Crops,99.64872480965862,0.0,0.0042010832331536565,0.03134654412430036,0.01357273044557335,0.0,0.3021548325383591
TreeCrops,0.0,100.0,0.0,0.0,0.0,0.0,0.0
Forest,0.01853782875680686,0.0,99.7566909975669,0.0926891437840343,0.0023172285946008574,0.0,0.129764801297648
Grassland,0.015211604280980062,0.0,0.005432715814635736,99.90221111533656,0.003259629488781442,0.0,0.07388493507904602
Urban,0.0,0.0,0.0,0.0,100.0,0.0,0.0
Water,0.0,0.0,0.0,0.0,0.0,100.0,0.0
Other,0.04449543380642802,0.0,0.0,0.010342181911764352,0.0012025792920656224,0.0,99.94395980498975
