from_label,Crops,TreeCrops,Forest,Grassland,Urban,Water,Other
Crops,99.9164448436891,0.0,0.000990772604476971,0.0016512876741282853,0.0013210301393026282,0.0,0.07959206589298336
TreeCrops,0.0,100.0,0.0,0.0,0.0,0.0,0.0
Forest,0.029885057471264367,0.0,99.9287356321839,0.01839080459770115,0.0,0.0,0.022988505747126436
Grassland,0.415292272751852,0.0,0.005407451468123074,99.53604066403504,0.007570432055372303,0.0,0.035689179689612285
Urban,0.0,0.0,0.0,0.0,100.0,0.0,0.0
Water,0.0,0.0,0.0,0.0,0.0,100.0,0.0
Other,1.013832314600987,0.0,0.0,0.0180194705120849,0.0007112948886349303,0.0,98.96743691999829
