from_label,Crops,TreeCrops,Forest,Grassland,Urban,Water,Other
Crops,99.80344707700675,0.0030980320611895752,0.0048191609840726735,0.019965095505443932,0.010670999321875204,0.0,0.15799963512066834
TreeCrops,0.0,99.60144476273508,0.012454851164528583,0.0,0.0,0.0,0.3861003861003861
Forest,0.01885280671159919,0.0023566008389498986,99.94108497902626,0.03534901258424848,0.0,0.0,0.0023566008389498986
Grassland,0.018213765320990827,0.0,0.011785377560641125,99.89500299991428,0.00535698980029142,0.0,0.06964086740378847
Urban,0.0,0.0,0.0,0.0,100.0,0.0,0.0
Water,0.0,0.0,0.0,0.0,0.0,100.0,0.0
Other,0.03406818806579624,0.002584483232577646,0.0,0.011042791993740851,0.004464107401725025,0.0,99.94784042930615
