from_label,Crops,TreeCrops,Forest,Grassland,Urban,Water,Other
Crops,98.82697947214076,0.0,0.0,1.1730205278592376,0.0,0.0,0.0
TreeCrops,0.0,97.8902953586498,0.0,1.2658227848101267,0.42194092827004215,0.0,0.42194092827004215
Forest,0.0,0.0,99.55089820359282,0.4491017964071856,0.0,0.0,0.0
Grassland,0.436871996505024,0.0,0.043687199650502405,98.07776321537789,0.4805591961555264,0.0,0.9611183923110528
Urban,0.0,0.0,0.0,0.0,100.0,0.0,0.0
Water,0.0,0.0,0.0,0.0,0.0,100.0,0.0
Other,0.0,0.0,0.12406947890818859,2.357320099255583,0.0,0.0,97.51861042183623
