from_label,Crops,TreeCrops,Forest,Grassland,Urban,Water,Other
Crops,98.7220447284345,0.0,0.0,0.9584664536741214,0.0,0.0,0.3194888178913738
TreeCrops,0.0,98.34710743801654,0.0,0.8264462809917356,0.4132231404958678,0.0,0.4132231404958678
Forest,0.07457121551081282,0.0,99.32885906040269,0.5965697240865026,0.0,0.0,0.0
Grassland,0.5534269902085994,0.0,0.21285653469561516,97.7862920391656,0.4257130693912303,0.0,1.0217113665389528
Urban,0.0,0.0,0.0,0.0,100.0,0.0,0.0
Water,0.0,0.0,0.0,0.0,0.0,100.0,0.0
Other,0.1272264631043257,0.0,0.1272264631043257,1.2722646310432568,0.1272264631043257,0.0,98.34605597964376
