from_label,Crops,TreeCrops,Forest,Grassland,Urban,Water,Other
Crops,97.30941704035875,0.0,0.0,2.242152466367713,0.4484304932735426,0.0,0.0
TreeCrops,0.0,98.05825242718447,0.9708737864077669,0.9708737864077669,0.0,0.0,0.0
Forest,0.0,0.0,99.53198127925117,0.46801872074883,0.0,0.0,0.0
Grassland,0.4878048780487805,0.0,0.0,98.22616407982262,0.4434589800443459,0.0,0.8425720620842573
Urban,0.9596928982725527,0.0,0.0,0.9596928982725527,98.0806142034549,0.0,0.0
Water,0.0,0.0,0.0,0.0,0.0,100.0,0.0
Other,1.0090817356205852,0.0,0.20181634712411706,1.513622603430878,0.10090817356205853,0.0,97.17457114026236
