from_label,Crops,TreeCrops,Forest,Grassland,Urban,Water,Other
Crops,95.19650655021834,0.0,0.0,3.9301310043668125,0.0,0.0,0.8733624454148471
TreeCrops,0.0,99.2,0.0,0.8,0.0,0.0,0.0
Forest,0.0,0.0,99.6891996891997,0.3108003108003108,0.0,0.0,0.0
Grassland,2.440106477373558,0.0,0.22182786157941436,95.8740017746229,0.354924578527063,0.0,1.109139307897072
Urban,0.7858546168958742,0.0,0.19646365422396855,0.5893909626719057,98.42829076620825,0.0,0.0
Water,0.0,0.0,0.0,0.0,0.0,100.0,0.0
Other,1.0298661174047374,0.0,0.20597322348094746,2.1627188465499483,0.20597322348094746,0.0,96.39546858908342
