from_label,Crops,TreeCrops,Forest,Grassland,Urban,Water,Other
Crops,100.0,0.0,0.0,0.0,0.0,0.0,0.0
TreeCrops,0.0,100.0,0.0,0.0,0.0,0.0,0.0
Forest,0.15071590052750566,0.0,99.09570459683496,0.6028636021100227,0.15071590052750566,0.0,0.0
Grassland,0.5125815470643057,0.0,0.0,98.27586206896551,0.32618825722274,0.0,0.8853681267474371
Urban,0.0,0.0,0.0,0.2398081534772182,99.76019184652279,0.0,0.0
Water,0.0,0.0,0.0,0.0,0.0,100.0,0.0
Other,0.11494252873563218,0.0,0.0,1.7241379310344827,0.0,0.0,98.16091954022988
