from_label,Crops,TreeCrops,Forest,Grassland,Urban,Water,Other
Crops,95.51724137931035,0.0,0.3448275862068966,2.413793103448276,0.0,0.0,1.7241379310344827
TreeCrops,0.0,99.62962962962963,0.0,0.0,0.3703703703703704,0.0,0.0
Forest,0.0,0.0,99.17910447761194,0.7462686567164178,0.0,0.0,0.0746268656716418
Grassland,0.5341002465078061,0.12325390304026293,0.2054231717337716,98.02793755135579,0.24650780608052586,0.0,0.8627773212818405
Urban,0.0,0.0,0.0,0.3424657534246575,99.65753424657534,0.0,0.0
Water,0.0,0.0,0.0,0.0,0.0,100.0,0.0
Other,0.13351134846461948,0.0,0.0,2.0026702269692924,0.13351134846461948,0.0,97.73030707610147
