from_label,Crops,TreeCrops,Forest,Grassland,Urban,Water,Other
Crops,98.37133550488599,0.0,0.0,1.3029315960912053,0.32573289902280134,0.0,0.0
TreeCrops,0.0,99.26470588235294,0.0,0.0,0.3676470588235294,0.0,0.3676470588235294
Forest,0.0,0.0,99.40298507462687,0.5970149253731344,0.0,0.0,0.0
Grassland,0.6268282490597576,0.0,0.41788549937317176,97.70162975344756,0.3760969494358546,0.0,0.8775595486836606
Urban,0.0,0.0,0.0,0.0,100.0,0.0,0.0
Water,0.0,0.0,0.0,0.0,0.0,100.0,0.0
Other,0.0,0.0,0.0,0.9283819628647214,0.0,0.0,99.07161803713528
