from_label,Crops,TreeCrops,Forest,Grassland,Urban,Water,Other
Crops,63.26086956521739,0.0,1.3043478260869565,25.43478260869565,1.7391304347826086,0.0,8.26086956521739
TreeCrops,0.0,89.05472636815921,0.0,3.482587064676617,1.4925373134328357,0.0,5.970149253731343
Forest,0.0,0.0,99.07904834996162,0.6907137375287797,0.0,0.0,0.23023791250959325
Grassland,0.04812319538017325,0.0,0.04812319538017325,98.31568816169394,0.2406159769008662,0.0,1.3474494706448508
Urban,0.0,0.0,0.21321961620469082,1.4925373134328357,98.29424307036247,0.0,0.0
Water,0.0,0.0,0.0,0.0,0.0,100.0,0.0
Other,0.0,0.0,0.0,2.5462962962962963,0.0,0.0,97.45370370370371
