from_label,Crops,TreeCrops,Forest,Grassland,Urban,Water,Other
Crops,98.00443458980045,0.0,0.4434589800443459,1.1086474501108647,0.22172949002217296,0.0,0.22172949002217296
TreeCrops,0.0,100.0,0.0,0.0,0.0,0.0,0.0
Forest,0.15325670498084293,0.0,99.23371647509579,0.5363984674329502,0.07662835249042146,0.0,0.0
Grassland,0.38095238095238093,0.19047619047619047,0.047619047619047616,97.80952380952381,0.6666666666666667,0.0,0.9047619047619048
Urban,0.0,0.0,0.22471910112359553,1.5730337078651686,98.20224719101124,0.0,0.0
Water,0.0,0.0,0.0,0.0,0.0,100.0,0.0
Other,0.6968641114982579,0.0,0.11614401858304298,2.7874564459930316,0.34843205574912894,0.0,96.05110336817654
