from_label,Crops,TreeCrops,Forest,Grassland,Urban,Water,Other
Crops,97.20930232558139,0.0,0.46511627906976744,1.3953488372093024,0.46511627906976744,0.0,0.46511627906976744
TreeCrops,0.0,99.03846153846155,0.0,0.9615384615384616,0.0,0.0,0.0
Forest,0.0,0.0,99.5323460639127,0.46765393608729544,0.0,0.0,0.0
Grassland,0.1328609388839681,0.0,0.08857395925597875,98.44995571302037,0.44286979627989376,0.0,0.8857395925597875
Urban,0.0,0.0,0.0,0.9746588693957114,99.02534113060429,0.0,0.0
Water,0.0,0.0,0.0,0.0,0.0,100.0,0.0
Other,1.097804391217565,0.0,0.19960079840319359,1.6966067864271457,0.19960079840319359,0.0,96.8063872255489
