from_label,Crops,TreeCrops,Forest,Grassland,Urban,Water,Other
Crops,85.33834586466166,0.0,1.8796992481203008,6.390977443609022,2.631578947368421,0.0,3.7593984962406015
TreeCrops,0.0,87.41258741258741,0.0,10.48951048951049,0.0,0.0,2.097902097902098
Forest,0.0,0.0,99.1499227202473,0.6955177743431221,0.0,0.0,0.1545595054095827
Grassland,0.0,0.0,0.18034265103697023,98.60234445446348,0.2705139765554554,0.0,0.9467989179440938
Urban,0.0,0.0,0.2,1.6,98.2,0.0,0.0
Water,0.0,0.0,0.0,0.0,0.0,100.0,0.0
Other,0.0,0.0,0.0,1.9916142557651992,0.0,0.0,98.0083857442348
