from_label,Crops,TreeCrops,Forest,Grassland,Urban,Water,Other
Crops,99.47916666666666,0.0,0.0,0.26041666666666663,0.0,0.0,0.26041666666666663
TreeCrops,0.0,97.75784753363229,0.0,0.0,0.4484304932735426,0.0,1.7937219730941705
Forest,0.0,0.0,99.3984962406015,0.6015037593984963,0.0,0.0,0.0
Grassland,0.642791551882461,0.0,0.2295684113865932,97.75022956841138,0.4591368227731864,0.0,0.9182736455463728
Urban,0.0,0.0,0.0,0.0,100.0,0.0,0.0
Water,0.0,0.0,0.0,0.0,0.0,100.0,0.0
Other,0.117096018735363,0.0,0.0,0.936768149882904,0.0,0.0,98.94613583138174
