from_label,Crops,TreeCrops,Forest,Grassland,Urban,Water,Other
Crops,98.62542955326461,0.0,0.3436426116838488,1.0309278350515463,0.0,0.0,0.0
TreeCrops,0.0,100.0,0.0,0.0,0.0,0.0,0.0
Forest,0.0,0.0,99.625468164794,0.37453183520599254,0.0,0.0,0.0
Grassland,0.5787515502273667,0.0,0.37205456800330716,98.18106655642828,0.3307151715584952,0.0,0.5374121537825548
Urban,0.0,0.0,0.0,0.0,100.0,0.0,0.0
Water,0.0,0.0,0.0,0.0,0.0,100.0,0.0
Other,0.7905138339920948,0.0,0.0,1.3175230566534915,0.2635046113306983,0.0,97.62845849802372
