from_label,Crops,TreeCrops,Forest,Grassland,Urban,Water,Other
Crops,97.00093720712277,0.0,0.0,2.343017806935333,0.18744142455482662,0.0,0.4686035613870665
TreeCrops,0.0,99.50310559006212,0.0,0.2484472049689441,0.2484472049689441,0.0,0.0
Forest,0.06958942240779402,0.0,99.65205288796103,0.2783576896311761,0.0,0.0,0.0
Grassland,1.2812299807815504,0.12812299807815503,0.38436899423446513,98.07815502882768,0.0,0.0,0.12812299807815503
Urban,0.0,0.0,0.0,0.0,100.0,0.0,0.0
Water,0.0,0.0,0.0,0.0,0.0,100.0,0.0
Other,1.9672131147540985,0.0,0.0,1.639344262295082,0.0,0.0,96.39344262295081
