from_label,Crops,TreeCrops,Forest,Grassland,Urban,Water,Other
Crops,99.07407407407408,0.0,0.0,0.6172839506172839,0.0,0.0,0.30864197530864196
TreeCrops,0.0,99.15966386554622,0.0,0.42016806722689076,0.0,0.0,0.42016806722689076
Forest,0.0,0.0,99.40209267563527,0.5979073243647235,0.0,0.0,0.0
Grassland,0.8189655172413793,0.04310344827586207,0.25862068965517243,97.71551724137932,0.43103448275862066,0.0,0.7327586206896551
Urban,0.0,0.0,0.0,0.0,100.0,0.0,0.0
Water,0.0,0.0,0.0,0.0,0.0,100.0,0.0
Other,0.1251564455569462,0.0,0.0,1.376720901126408,0.0,0.0,98.49812265331664
