from_label,Crops,TreeCrops,Forest,Grassland,Urban,Water,Other
Crops,96.7741935483871,0.3686635944700461,0.0,1.935483870967742,0.18433179723502305,0.0,0.7373271889400922
TreeCrops,0.0,99.50980392156863,0.0,0.0,0.3676470588235294,0.0,0.12254901960784313
Forest,0.06949270326615706,0.0,99.58304378040306,0.27797081306462823,0.0,0.0,0.06949270326615706
Grassland,1.2321660181582361,0.7133592736705577,0.324254215304799,97.60051880674449,0.0,0.0,0.12970168612191957
Urban,0.0,0.0,0.0,0.0,100.0,0.0,0.0
Water,0.0,0.0,0.0,0.0,0.0,100.0,0.0
Other,2.3255813953488373,0.0,0.0,1.3289036544850499,0.0,0.0,96.3455149501661
