from_label,Crops,TreeCrops,Forest,Grassland,Urban,Water,Other
Crops,98.84726224783861,0.0,0.0,0.0,0.2881844380403458,0.0,0.8645533141210375
TreeCrops,0.0,98.70689655172413,0.0,1.293103448275862,0.0,0.0,0.0
Forest,0.0,0.0,99.47447447447448,0.5255255255255256,0.0,0.0,0.0
Grassland,1.2736056214317084,0.0,0.3513394817742644,96.96969696969697,0.5709266578831796,0.0,0.834431269213878
Urban,0.0,0.0,0.0,0.0,100.0,0.0,0.0
Water,0.0,0.0,0.0,0.0,0.0,100.0,0.0
Other,0.0,0.0,0.12360939431396785,0.2472187886279357,0.0,0.0,99.6291718170581
