from_label,Crops,TreeCrops,Forest,Grassland,Urban,Water,Other
Crops,97.83783783783784,0.0,0.0,2.1621621621621623,0.0,0.0,0.0
TreeCrops,0.0,99.43502824858757,0.0,0.5649717514124294,0.0,0.0,0.0
Forest,0.07122507122507123,0.0,99.43019943019942,0.49857549857549854,0.0,0.0,0.0
Grassland,0.8665511265164645,0.0,0.34662045060658575,98.00693240901212,0.21663778162911612,0.0,0.5632582322357019
Urban,0.0,0.0,0.0,0.411522633744856,99.58847736625515,0.0,0.0
Water,0.0,0.0,0.0,0.0,0.0,100.0,0.0
Other,1.0057471264367817,0.0,0.0,0.5747126436781609,0.0,0.0,98.41954022988506
