from_label,Crops,TreeCrops,Forest,Grassland,Urban,Water,Other
Crops,96.60714285714286,0.0,0.0,2.5,0.08928571428571429,0.0,0.8035714285714285
TreeCrops,0.0,99.22779922779922,0.0,0.5148005148005148,0.2574002574002574,0.0,0.0
Forest,0.0,0.0,99.65132496513249,0.3486750348675035,0.0,0.0,0.0
Grassland,1.5218769816106532,0.06341154090044387,0.3804692454026633,97.90741915028536,0.0,0.0,0.12682308180088775
Urban,0.0,0.0,0.0,0.5847953216374269,99.41520467836257,0.0,0.0
Water,0.0,0.0,0.0,0.0,0.0,100.0,0.0
Other,2.364864864864865,0.0,0.0,0.6756756756756757,0.0,0.0,96.95945945945947
