from_label,Crops,TreeCrops,Forest,Grassland,Urban,Water,Other
Crops,99.03614457831326,0.0,0.24096385542168677,0.48192771084337355,0.0,0.0,0.24096385542168677
TreeCrops,0.0,98.6046511627907,0.0,0.9302325581395349,0.0,0.0,0.46511627906976744
Forest,0.45801526717557256,0.0,99.23664122137404,0.22900763358778628,0.07633587786259542,0.0,0.0
Grassland,0.8,0.047058823529411764,0.047058823529411764,97.41176470588235,0.5647058823529412,0.0,1.1294117647058823
Urban,0.9111617312072893,0.0,0.22779043280182232,1.1389521640091116,97.72209567198178,0.0,0.0
Water,0.0,0.0,0.0,0.0,0.0,100.0,0.0
Other,1.4925373134328357,0.0,0.2296211251435132,2.066590126291619,0.3444316877152698,0.0,95.86681974741677
