from_label,Crops,TreeCrops,Forest,Grassland,Urban,Water,Other
Crops,93.13929313929314,0.0,1.2474012474012475,2.7027027027027026,0.8316008316008316,0.0,2.079002079002079
TreeCrops,0.0,97.57281553398059,0.0,0.0,1.4563106796116505,0.0,0.9708737864077669
Forest,0.07674597083653108,0.0,99.46277820414429,0.38372985418265537,0.0,0.0,0.07674597083653108
Grassland,0.43520309477756286,0.0,0.0,98.54932301740811,0.24177949709864605,0.0,0.7736943907156674
Urban,0.0,0.0,0.21505376344086022,1.5053763440860215,98.27956989247312,0.0,0.0
Water,0.0,0.0,0.0,0.0,0.0,100.0,0.0
Other,0.2347417840375587,0.0,0.0,1.7605633802816902,0.0,0.0,98.00469483568075
