from_label,Crops,TreeCrops,Forest,Grassland,Urban,Water,Other
Crops,93.2806324110672,0.0,1.185770750988142,3.557312252964427,0.3952569169960474,0.0,1.5810276679841897
TreeCrops,0.0,96.26168224299066,0.0,1.4018691588785046,1.4018691588785046,0.0,0.9345794392523363
Forest,0.07674597083653108,0.0,99.46277820414429,0.3069838833461243,0.07674597083653108,0.0,0.07674597083653108
Grassland,0.33980582524271846,0.0,0.0,98.25242718446601,0.3883495145631068,0.0,1.0194174757281553
Urban,0.0,0.0,0.2188183807439825,1.0940919037199124,98.6870897155361,0.0,0.0
Water,0.0,0.0,0.0,0.0,0.0,100.0,0.0
Other,0.11976047904191617,0.0,0.0,1.6766467065868262,0.0,0.0,98.20359281437125
