from_label,Crops,TreeCrops,Forest,Grassland,Urban,Water,Other
Crops,99.98669328010645,0.0,0.0,0.01330671989354624,0.0,0.0,0.0
TreeCrops,0.0,100.0,0.0,0.0,0.0,0.0,0.0
Forest,0.0035714285714285718,0.0035714285714285718,99.22857142857143,0.7535714285714286,0.0071428571428571435,0.0,0.0035714285714285718
Grassland,0.0,0.0,0.1288262805612345,99.87117371943877,0.0,0.0,0.0
Urban,0.0,0.0,0.0,0.0,100.0,0.0,0.0
Water,0.0,0.0,0.0,0.0,0.0,100.0,0.0
Other,0.0,0.0,0.0,0.0,0.0,0.0,100.0
