from_label,Crops,TreeCrops,Forest,Grassland,Urban,Water,Other
Crops,99.95955237966832,0.0,0.0,0.040447620331670486,0.0,0.0,0.0
TreeCrops,0.0,100.0,0.0,0.0,0.0,0.0,0.0
Forest,0.02263687223102545,0.0,99.36616757753129,0.6047278724573941,0.0032338388901464927,0.0,0.0032338388901464927
Grassland,0.00607146109711302,0.0,0.12142922194226041,99.87249931696063,0.0,0.0,0.0
Urban,0.0,0.0,0.0,0.0,100.0,0.0,0.0
Water,0.0,0.0,0.0,0.0,0.0,100.0,0.0
Other,0.0,0.0,0.0,0.0,0.0,0.0,100.0
