from_label,Crops,TreeCrops,Forest,Grassland,Urban,Water,Other
Crops,99.95968825584521,0.0,0.0,0.040311744154797095,0.0,0.0,0.0
TreeCrops,0.0,100.0,0.0,0.0,0.0,0.0,0.0
Forest,0.016656117792065026,0.0,99.37372997101835,0.6062826876311669,0.0,0.0,0.0033312235584130054
Grassland,0.005915584607648851,0.0,0.12422727676062587,99.86985713863173,0.0,0.0,0.0
Urban,0.0,0.0,0.0,0.0,100.0,0.0,0.0
Water,0.0,0.0,0.0,0.0,0.0,100.0,0.0
Other,0.0,0.0,0.0,0.0,0.0,0.0,100.0
