from_label,Crops,TreeCrops,Forest,Grassland,Urban,Water,Other
Crops,99.93926141885325,0.0,0.012147716229348881,0.048590864917395525,0.0,0.0,0.0
TreeCrops,0.0,100.0,0.0,0.0,0.0,0.0,0.0
Forest,0.012598160668542392,0.44933439717801205,98.51341704111199,1.0204510141519338,0.0,0.0,0.004199386889514131
Grassland,0.0,0.07973251028806584,0.14146090534979425,99.77623456790124,0.00257201646090535,0.0,0.0
Urban,0.0,0.0,0.0,0.0,100.0,0.0,0.0
Water,0.0,0.0,0.0,0.0,0.0,100.0,0.0
Other,0.0,0.0,0.0,0.0,0.0,0.0,100.0
