from_label,Crops,TreeCrops,Forest,Grassland,Urban,Water,Other
Crops,99.98666666666666,0.0,0.0,0.013333333333333334,0.0,0.0,0.0
TreeCrops,0.0,100.0,0.0,0.0,0.0,0.0,0.0
Forest,0.007362414872078041,0.03313086692435119,99.34842628382108,0.6073992269464384,0.0,0.0,0.0036812074360390206
Grassland,0.0,0.01093972213105787,0.13948145717098787,99.84957882069796,0.0,0.0,0.0
Urban,0.0,0.0,0.0,0.0,100.0,0.0,0.0
Water,0.0,0.0,0.0,0.0,0.0,100.0,0.0
Other,0.0,0.0,0.0,0.0,0.0,0.0,100.0
