from_label,Crops,TreeCrops,Forest,Grassland,Urban,Water,Other
Crops,99.90539262062441,0.0,0.0,0.0946073793755913,0.0,0.0,0.0
TreeCrops,0.0,100.0,0.0,0.0,0.0,0.0,0.0
Forest,0.018713742124633524,0.0,99.32006736947166,0.6549809743621733,0.003118957020772254,0.0,0.003118957020772254
Grassland,0.006282590940503864,0.0,0.10366275051831375,99.89005465854119,0.0,0.0,0.0
Urban,0.0,0.0,0.0,0.0,100.0,0.0,0.0
Water,0.0,0.0,0.0,0.0,0.0,100.0,0.0
Other,0.0,0.0,0.0,0.0,0.0,0.0,100.0
