from_label,Crops,TreeCrops,Forest,Grassland,Urban,Water,Other
Crops,99.78165938864629,0.0,0.012130033964095099,0.19408054342552158,0.012130033964095099,0.0,0.0
TreeCrops,0.0,100.0,0.0,0.0,0.0,0.0,0.0
Forest,0.11095806550352005,0.007652280379553107,99.28451178451179,0.5700948882767064,0.02295684113865932,0.0,0.0038261401897765534
Grassland,0.027153990278871484,0.0,0.11947755722703451,99.84793765443833,0.005430798055774296,0.0,0.0
Urban,0.0,0.0,0.0,0.0,100.0,0.0,0.0
Water,0.0,0.0,0.0,0.0,0.0,100.0,0.0
Other,0.0,0.0,0.0,0.0,0.0,0.0,100.0
