from_label,Crops,TreeCrops,Forest,Grassland,Urban,Water,Other
Crops,99.9395039322444,0.0,0.024198427102238355,0.03629764065335753,0.0,0.0,0.0
TreeCrops,0.0,84.88372093023256,15.11627906976744,0.0,0.0,0.0,0.0
Forest,0.6193737016234516,0.0,99.13826267600216,0.22697545587443257,0.015388166499961529,0.0,0.0
Grassland,0.15973575915096383,0.0,0.08934372969460688,99.74550573965779,0.005414771496642842,0.0,0.0
Urban,0.0,0.0,0.0,0.0,100.0,0.0,0.0
Water,0.0,0.0,0.0,0.0,0.0,100.0,0.0
Other,0.0,0.0,0.0,0.0,0.0,0.0,100.0
