from_label,Crops,TreeCrops,Forest,Grassland,Urban,Water,Other
Crops,99.98658618376928,0.0,0.0,0.013413816230717638,0.0,0.0,0.0
TreeCrops,0.0,100.0,0.0,0.0,0.0,0.0,0.0
Forest,0.013508037282182897,0.010131027961637173,99.47318654599486,0.49979737944076724,0.0,0.0,0.0033770093205457243
Grassland,0.0058479532163742695,0.0,0.10818713450292398,99.8859649122807,0.0,0.0,0.0
Urban,0.0,0.0,0.0,0.0,100.0,0.0,0.0
Water,0.0,0.0,0.0,0.0,0.0,100.0,0.0
Other,0.0,0.0,0.0,0.0,0.0,0.0,100.0
