from_label,Crops,TreeCrops,Forest,Grassland,Urban,Water,Other
Crops,99.98652835780682,0.0,0.0,0.01347164219318335,0.0,0.0,0.0
TreeCrops,0.0,100.0,0.0,0.0,0.0,0.0,0.0
Forest,0.013000942568336204,0.0,99.42145805570904,0.5590405304384568,0.003250235642084051,0.0,0.003250235642084051
Grassland,0.006044304753845689,0.0,0.12088609507691378,99.87306960016925,0.0,0.0,0.0
Urban,0.0,0.0,0.0,0.0,100.0,0.0,0.0
Water,0.0,0.0,0.0,0.0,0.0,100.0,0.0
Other,0.0,0.0,0.0,0.0,0.0,0.0,100.0
