from_label,Crops,TreeCrops,Forest,Grassland,Urban,Water,Other
Crops,99.51461064796112,0.0030604624970925606,0.053252047449410554,0.4223438245987734,0.004896739995348097,0.0,0.0018362774982555365
TreeCrops,0.0552944429084877,86.39756704451203,10.008294166436272,3.538844346143213,0.0,0.0,0.0
Forest,0.18339489640478301,0.09816903792351578,99.0844193988391,0.6214717390655025,0.009558040203506606,0.0,0.0029868875635958143
Grassland,0.07909864579943864,0.026851212537267632,0.11428299326206519,99.77606353287885,0.003571343539439537,0.0,0.00013227198294220508
Urban,0.0,0.0,0.0,0.0,100.0,0.0,0.0
Water,0.0,0.0,0.0,0.0,0.0,100.0,0.0
Other,0.0,0.0,0.0,0.0,0.0,0.0,100.0
