from_label,Crops,TreeCrops,Forest,Grassland,Urban,Water,Other
Crops,99.97297297297297,0.0,0.0,0.02702702702702703,0.0,0.0,0.0
TreeCrops,0.0,100.0,0.0,0.0,0.0,0.0,0.0
Forest,0.015685290334724093,0.0,99.36004015434325,0.6211374972550742,0.0,0.0,0.0031370580669448193
Grassland,0.00624687656171914,0.0,0.10619690154922538,99.88755622188906,0.0,0.0,0.0
Urban,0.0,0.0,0.0,0.0,100.0,0.0,0.0
Water,0.0,0.0,0.0,0.0,0.0,100.0,0.0
Other,0.0,0.0,0.0,0.0,0.0,0.0,100.0
