from_label,Crops,TreeCrops,Forest,Grassland,Urban,Water,Other
Crops,99.94848016486347,0.0,0.025759917568263783,0.025759917568263783,0.0,0.0,0.0
TreeCrops,0.0,100.0,0.0,0.0,0.0,0.0,0.0
Forest,0.026563448694596235,0.0037947783849423197,99.802671523983,0.16317547055251974,0.0037947783849423197,0.0,0.0
Grassland,0.24769135503324985,0.0,0.12384567751662492,99.62307837277548,0.005384594674635867,0.0,0.0
Urban,0.0,0.0,0.0,0.0,100.0,0.0,0.0
Water,0.0,0.0,0.0,0.0,0.0,100.0,0.0
Other,0.0,0.0,0.0,0.0,0.0,0.0,100.0
