from_label,Crops,TreeCrops,Forest,Grassland,Urban,Water,Other
Crops,99.95982860203534,0.0,0.0,0.04017139796464917,0.0,0.0,0.0
TreeCrops,0.0,96.90721649484536,3.0927835051546393,0.0,0.0,0.0,0.0
Forest,0.01027995750950896,0.0,99.4243223794675,0.5619710105198232,0.0,0.0,0.003426652503169654
Grassland,0.005779010633379565,0.0,0.12424872861766065,99.86997226074897,0.0,0.0,0.0
Urban,0.0,0.0,0.0,0.0,100.0,0.0,0.0
Water,0.0,0.0,0.0,0.0,0.0,100.0,0.0
Other,0.0,0.0,0.0,0.0,0.0,0.0,100.0
