from_label,Crops,TreeCrops,Forest,Grassland,Urban,Water,Other
Crops,99.9149453219927,0.0,0.012150668286755772,0.07290400972053464,0.0,0.0,0.0
TreeCrops,0.22779043280182232,56.947608200455576,32.80182232346242,10.022779043280181,0.0,0.0,0.0
Forest,0.00850520944078248,0.0,98.94960663406336,1.0333829470550713,0.00425260472039124,0.0,0.00425260472039124
Grassland,0.0,0.0,0.14344262295081966,99.85399590163935,0.0025614754098360654,0.0,0.0
Urban,0.0,0.0,0.0,0.0,100.0,0.0,0.0
Water,0.0,0.0,0.0,0.0,0.0,100.0,0.0
Other,0.0,0.0,0.0,0.0,0.0,0.0,100.0
