from_label,Crops,TreeCrops,Forest,Grassland,Urban,Water,Other
Crops,95.22405660377359,0.0,0.5188679245283019,4.186320754716981,0.04716981132075472,0.0,0.02358490566037736
TreeCrops,0.0,100.0,0.0,0.0,0.0,0.0,0.0
Forest,0.015493066852583469,0.0,99.02781005500039,0.9412038112944456,0.011619800139437602,0.0,0.0038732667131458672
Grassland,0.01354866681118578,0.0,0.0731628007804032,99.91057879904618,0.0,0.0,0.002709733362237156
Urban,0.0,0.0,0.0,0.0,100.0,0.0,0.0
Water,0.0,0.0,0.0,0.0,0.0,100.0,0.0
Other,0.0,0.0,0.0,0.0,0.0,0.0,100.0
