from_label,Crops,TreeCrops,Forest,Grassland,Urban,Water,Other
Crops,99.95952509444145,0.0,0.0,0.040474905558553695,0.0,0.0,0.0
TreeCrops,0.0,100.0,0.0,0.0,0.0,0.0,0.0
Forest,0.019136314345856987,0.0,99.30471391210052,0.6697710021049945,0.0031893857243094977,0.0,0.0031893857243094977
Grassland,0.006150061500615005,0.0,0.11685116851168512,99.87699876998771,0.0,0.0,0.0
Urban,0.0,0.0,0.0,0.0,100.0,0.0,0.0
Water,0.0,0.0,0.0,0.0,0.0,100.0,0.0
Other,0.0,0.0,0.0,0.0,0.0,0.0,100.0
