from_label,Crops,TreeCrops,Forest,Grassland,Urban,Water,Other
Crops,99.65081276339555,0.012040939193257074,0.012040939193257074,0.325105358217941,0.0,0.0,0.0
TreeCrops,0.0,100.0,0.0,0.0,0.0,0.0,0.0
Forest,0.008250144377526606,0.3960069301212771,98.82847949839122,0.7548882105436845,0.008250144377526606,0.0,0.004125072188763303
Grassland,0.0,0.1278038601982264,0.14606155451225875,99.72352634324466,0.0026082420448617634,0.0,0.0
Urban,0.0,0.0,0.0,0.0,100.0,0.0,0.0
Water,0.0,0.0,0.0,0.0,0.0,100.0,0.0
Other,0.0,0.0,0.0,0.0,0.0,0.0,100.0
