from_label,Crops,TreeCrops,Forest,Grassland,Urban,Water,Other
Crops,94.78252575352919,0.0,1.3735215566577643,3.805799313239221,0.03815337657382679,0.0,0.0
TreeCrops,0.0,100.0,0.0,0.0,0.0,0.0,0.0
Forest,0.5366726296958855,0.0,97.26996966632963,2.1739130434782608,0.019444660496227735,0.0,0.0
Grassland,2.4995027514420207,0.0,2.3138632897964593,95.07392428561957,0.08618975004972486,0.0,0.026519923092223032
Urban,0.6389776357827476,0.0,1.5974440894568689,2.5559105431309903,95.2076677316294,0.0,0.0
Water,0.0,0.0,0.0,0.0,0.0,100.0,0.0
Other,0.0,0.0,0.0,3.0303030303030303,0.0,0.0,96.96969696969697
