from_label,Crops,TreeCrops,Forest,Grassland,Urban,Water,Other
Crops,93.89379671876516,0.0,1.281428987476944,4.766527521599845,0.04853897679836909,0.0,0.009707795359673818
TreeCrops,0.0,91.17647058823529,0.0,8.823529411764707,0.0,0.0,0.0
Forest,0.524706660056189,0.0,96.88894397620228,2.557428524210874,0.024789291026276646,0.0,0.0041315485043794415
Grassland,2.2212908633696564,0.0,2.035684349179739,95.6053167285355,0.08980960364028259,0.0,0.047898455274817384
Urban,0.544959128065395,0.0,0.2724795640326975,2.997275204359673,96.18528610354224,0.0,0.0
Water,0.0,0.0,0.0,0.0,0.0,100.0,0.0
Other,0.0,0.0,0.0,0.0,0.0,0.0,100.0
