from_label,Crops,TreeCrops,Forest,Grassland,Urban,Water,Other
Crops,94.63137996219282,0.0,1.4839319470699432,3.8468809073724004,0.03780718336483932,0.0,0.0
TreeCrops,0.0,100.0,0.0,0.0,0.0,0.0,0.0
Forest,0.5929674812101069,0.0,97.11447671563998,2.2736714884616838,0.018884314688219963,0.0,0.0
Grassland,2.5495552286895005,0.0,3.039854311129789,94.31253064369265,0.08405127127547804,0.0,0.014008545212579673
Urban,1.0526315789473684,0.0,0.7017543859649122,4.2105263157894735,94.03508771929825,0.0,0.0
Water,0.0,0.0,0.0,0.0,0.0,100.0,0.0
Other,0.0,0.0,0.0,4.0,0.0,0.0,96.0
