from_label,Crops,TreeCrops,Forest,Grassland,Urban,Water,Other
Crops,94.25106461766339,0.0,1.8052212553230882,3.9159414923162377,0.02777263469727828,0.0,0.0
TreeCrops,0.0,100.0,0.0,0.0,0.0,0.0,0.0
Forest,0.6656831348278219,0.0,96.89827642042388,2.418049008671872,0.01799143607642762,0.0,0.0
Grassland,2.725137039937353,0.0,3.500391542678152,93.6961628817541,0.06264682850430697,0.0,0.015661707126076743
Urban,1.1673151750972763,0.0,0.7782101167315175,3.11284046692607,94.94163424124513,0.0,0.0
Water,0.0,0.0,0.0,0.0,0.0,100.0,0.0
Other,0.0,0.0,0.0,4.166666666666666,0.0,0.0,95.83333333333334
