from_label,Crops,TreeCrops,Forest,Grassland,Urban,Water,Other
Crops,94.50748978665456,0.0,1.988197911938266,3.477076713572401,0.027235587834770765,0.0,0.0
TreeCrops,0.0,95.65217391304348,0.0,4.3478260869565215,0.0,0.0,0.0
Forest,0.6599378881987578,0.0,97.30025409373235,2.0327498588368154,0.007058159232072275,0.0,0.0
Grassland,3.017205552323165,0.0,4.330479594381182,92.57750810406449,0.0664948882054692,0.0,0.00831186102568365
Urban,0.847457627118644,0.0,1.2711864406779663,3.389830508474576,94.49152542372882,0.0,0.0
Water,0.0,0.0,0.0,0.0,0.0,100.0,0.0
Other,0.0,0.0,0.0,4.166666666666666,0.0,0.0,95.83333333333334
