from_label,Crops,TreeCrops,Forest,Grassland,Urban,Water,Other
Crops,95.1868495742668,0.0,1.490066225165563,3.2284768211920527,0.04730368968779565,0.0,0.04730368968779565
TreeCrops,0.0,90.21892655367232,0.7415254237288136,8.93361581920904,0.1059322033898305,0.0,0.0
Forest,0.4769843475039363,0.0,97.29554505881264,2.1996850977123277,0.02778549597110308,0.0,0.0
Grassland,2.038894121557981,0.0,3.0860435481190094,94.6534434040667,0.09418804365892848,0.0,0.1274308825973738
Urban,1.3888888888888888,0.0,0.6944444444444444,4.6875,93.22916666666666,0.0,0.0
Water,0.0,0.0,0.0,0.0,0.0,100.0,0.0
Other,2.5316455696202533,0.0,0.6329113924050633,13.924050632911392,0.0,0.0,82.91139240506328
