from_label,Crops,TreeCrops,Forest,Grassland,Urban,Water,Other
Crops,94.58709229701596,0.0,1.130167542381283,4.223257658372162,0.0495687518588282,0.0,0.00991375037176564
TreeCrops,0.0,100.0,0.0,0.0,0.0,0.0,0.0
Forest,0.5027460920997042,0.0,96.88212927756655,2.589776087874947,0.025348542458808618,0.0,0.0
Grassland,2.154058245734965,0.0,1.8036647710954103,95.8871847894767,0.0976506404733184,0.0,0.05744155321959906
Urban,0.5115089514066496,0.0,0.2557544757033248,3.8363171355498724,95.39641943734016,0.0,0.0
Water,0.0,0.0,0.0,0.0,0.0,100.0,0.0
Other,0.0,0.0,0.0,8.108108108108109,0.0,0.0,91.8918918918919
