from_label,Crops,TreeCrops,Forest,Grassland,Urban,Water,Other
Crops,94.69874988250776,0.0,1.5320988814738228,3.7409530970955918,0.028198138922831094,0.0,0.0
TreeCrops,0.0,100.0,0.0,0.0,0.0,0.0,0.0
Forest,0.6095294729800045,0.0,97.05641864268193,2.315468668698432,0.018583215639634283,0.0,0.0
Grassland,2.6231884057971016,0.0,2.666666666666667,94.6304347826087,0.07246376811594203,0.0,0.007246376811594203
Urban,1.094890510948905,0.0,0.7299270072992701,2.9197080291970803,95.25547445255475,0.0,0.0
Water,0.0,0.0,0.0,0.0,0.0,100.0,0.0
Other,0.0,0.0,0.0,4.0,0.0,0.0,96.0
