from_label,Crops,TreeCrops,Forest,Grassland,Urban,Water,Other
Crops,94.44153577661432,0.0,1.0209424083769634,4.424083769633508,0.06108202443280978,0.0,0.052356020942408384
TreeCrops,0.0,100.0,0.0,0.0,0.0,0.0,0.0
Forest,0.5016722408026756,0.0,97.27796358231141,2.192493496841323,0.027870680044593088,0.0,0.0
Grassland,2.559803264028616,0.0,1.9953051643192488,95.24368432819136,0.08383635144198524,0.0,0.11737089201877934
Urban,0.9057971014492754,0.0,0.9057971014492754,2.717391304347826,95.47101449275362,0.0,0.0
Water,0.0,0.0,0.0,0.0,0.0,100.0,0.0
Other,2.314814814814815,0.0,0.0,12.037037037037036,0.0,0.0,85.64814814814815
