from_label,Crops,TreeCrops,Forest,Grassland,Urban,Water,Other
Crops,94.6950869814567,0.0,0.8889313706748232,4.339514433186771,0.04779200917606576,0.0,0.02867520550563946
TreeCrops,0.0,91.42857142857143,0.0,8.571428571428571,0.0,0.0,0.0
Forest,0.5178190679256778,0.0,96.88003133022931,2.562986815195161,0.034811365910969935,0.0,0.004351420738871242
Grassland,2.226491862567812,0.0,1.7800632911392407,95.78435804701627,0.10736889692585895,0.0,0.10171790235081375
Urban,0.0,0.0,0.0,0.7425742574257426,99.25742574257426,0.0,0.0
Water,0.0,0.0,0.0,0.0,0.0,100.0,0.0
Other,0.0,0.0,0.0,3.4482758620689653,0.0,0.0,96.55172413793103
