from_label,Crops,TreeCrops,Forest,Grassland,Urban,Water,Other
Crops,94.80298913043478,0.0,1.3134057971014492,3.793025362318841,0.04528985507246377,0.0,0.04528985507246377
TreeCrops,0.0,93.3085501858736,0.53696819496076,6.071871127633209,0.08261049153242463,0.0,0.0
Forest,0.4908376963350785,0.0,97.28403141361257,2.1970830216903514,0.028047868362004486,0.0,0.0
Grassland,2.3542294004927458,0.0,3.0988228852997537,94.29509991787572,0.10949904188338351,0.0,0.1423487544483986
Urban,1.4084507042253522,0.0,0.0,4.225352112676056,94.36619718309859,0.0,0.0
Water,0.0,0.0,0.0,0.0,0.0,100.0,0.0
Other,2.6737967914438503,0.0,1.06951871657754,19.25133689839572,0.0,0.0,77.00534759358288
