from_label,Crops,TreeCrops,Forest,Grassland,Urban,Water,Other
Crops,94.5230656129388,0.0,1.8654659070023893,3.583900018378974,0.027568461679838265,0.0,0.0
TreeCrops,0.0,100.0,0.0,0.0,0.0,0.0,0.0
Forest,0.6694203104970802,0.0,97.20837487537388,2.104401082466885,0.01780373166215639,0.0,0.0
Grassland,2.885235332043843,0.0,3.473565441650548,93.56060606060606,0.07253384912959382,0.0,0.008059316569954868
Urban,1.2195121951219512,0.0,1.2195121951219512,3.6585365853658534,93.90243902439023,0.0,0.0
Water,0.0,0.0,0.0,0.0,0.0,100.0,0.0
Other,0.0,0.0,0.0,4.166666666666666,0.0,0.0,95.83333333333334
