from_label,Crops,TreeCrops,Forest,Grassland,Urban,Water,Other
Crops,90.23652056944289,4.158726600156934,1.3787691962784443,4.125098083174532,0.05604752830400179,0.0,0.044838022643201435
TreeCrops,0.0,99.91146525011067,0.0,0.04426737494466578,0.04426737494466578,0.0,0.0
Forest,0.5160870373814395,0.11158638646085177,97.2056909057095,2.1387390738329923,0.027896596615212942,0.0,0.0
Grassland,1.5574444749108856,0.9706608171099534,3.0819851933095697,94.15409925966549,0.11516314779270634,0.0,0.12064710721140665
Urban,1.056338028169014,0.528169014084507,0.0,2.8169014084507045,95.59859154929578,0.0,0.0
Water,0.0,0.0,0.0,0.0,0.0,100.0,0.0
Other,2.8735632183908044,0.0,1.1494252873563218,20.114942528735632,0.0,0.0,75.86206896551724
