from_label,Crops,TreeCrops,Forest,Grassland,Urban,Water,Other
Crops,94.5945945945946,0.0,1.5991770317029832,3.7781726363041246,0.028055737398297954,0.0,0.0
TreeCrops,0.0,100.0,0.0,0.0,0.0,0.0,0.0
Forest,0.6217540779752762,0.0,97.088727964304,2.2712310730743908,0.01828688464633165,0.0,0.0
Grassland,2.703311556656905,0.0,3.0787714950814746,94.13531576180822,0.07509198768491403,0.0,0.0075091987684914015
Urban,1.1235955056179776,0.0,1.1235955056179776,3.7453183520599254,94.00749063670412,0.0,0.0
Water,0.0,0.0,0.0,0.0,0.0,100.0,0.0
Other,0.0,0.0,0.0,4.0,0.0,0.0,96.0
