from_label,Crops,TreeCrops,Forest,Grassland,Urban,Water,Other
Crops,93.50384245917387,0.0,1.5489913544668588,4.851104707012488,0.06003842459173872,0.0,0.03602305475504323
TreeCrops,0.0,97.1830985915493,0.3603013429413692,2.4238453979692105,0.03275466754012447,0.0,0.0
Forest,0.7780861810074169,0.0,97.2835236838513,1.9065386540474132,0.03185148109387086,0.0,0.0
Grassland,3.7703707909829083,0.0,3.236613480211232,92.7829197660553,0.13060019306115497,0.0,0.07949576968939867
Urban,1.7699115044247788,0.0,1.415929203539823,3.7168141592920354,93.09734513274336,0.0,0.0
Water,0.0,0.0,0.0,0.0,0.0,100.0,0.0
Other,5.343511450381679,0.0,1.5267175572519083,16.030534351145036,0.0,0.0,77.09923664122137
