from_label,Crops,TreeCrops,Forest,Grassland,Urban,Water,Other
Crops,92.49241324713023,0.0,1.490961868320359,5.924264414830453,0.039583058450982984,0.0,0.0527774112679773
TreeCrops,0.0,97.82779377126407,0.36639623135304894,1.6226118817063595,0.18319811567652447,0.0,0.0
Forest,0.41704442429737076,0.06346328195829555,97.28921124206708,2.203082502266546,0.027198549410698096,0.0,0.0
Grassland,2.4119055764625386,0.005701904436081651,2.6912988938305396,94.74284410993272,0.07982666210514311,0.0,0.06842285323297981
Urban,1.090909090909091,0.18181818181818182,1.2727272727272727,5.090909090909091,92.36363636363636,0.0,0.0
Water,0.0,0.0,0.0,0.0,0.0,100.0,0.0
Other,2.564102564102564,0.0,0.0,12.82051282051282,0.0,0.0,84.61538461538461
