from_label,Crops,TreeCrops,Forest,Grassland,Urban,Water,Other
Crops,94.88115374343452,0.0,0.9525505207869669,4.068369981305083,0.05341404789459628,0.0,0.04451170657883023
TreeCrops,0.0,80.0,0.0,20.0,0.0,0.0,0.0
Forest,0.5518510002299379,0.0,97.29133134053805,2.124626350885261,0.027592550011496898,0.0,0.004598758335249482
Grassland,2.8555524631227387,0.0,1.7200111327581407,95.1127191761759,0.15029223490119675,0.0,0.16142499304202615
Urban,1.3725490196078431,0.0,0.0,0.0,98.62745098039215,0.0,0.0
Water,0.0,0.0,0.0,0.0,0.0,100.0,0.0
Other,0.0,0.0,0.0,6.9306930693069315,0.0,0.0,93.06930693069307
