from_label,Crops,TreeCrops,Forest,Grassland,Urban,Water,Other
Crops,95.28015194681862,0.0,0.8262108262108263,3.8461538461538463,0.03798670465337132,0.0,0.00949667616334283
TreeCrops,0.0,100.0,0.0,0.0,0.0,0.0,0.0
Forest,0.5250711451360776,0.0,97.30650527075233,2.148382700709447,0.020040883402140365,0.0,0.0
Grassland,2.556782134246923,0.0,1.9033117624666922,95.41936302499683,0.08882121558177897,0.0,0.0317218627077782
Urban,1.1661807580174928,0.0,0.0,3.206997084548105,95.6268221574344,0.0,0.0
Water,0.0,0.0,0.0,0.0,0.0,100.0,0.0
Other,0.0,0.0,0.0,2.3255813953488373,0.0,0.0,97.67441860465115
