from_label,Crops,TreeCrops,Forest,Grassland,Urban,Water,Other
Crops,94.66972202849458,0.0,0.9963136395337252,4.2941117863903555,0.03985254558134901,0.0,0.0
TreeCrops,0.0,100.0,0.0,0.0,0.0,0.0,0.0
Forest,0.8689696502718206,0.0,96.8665724926159,2.234493386413253,0.02568383202773854,0.0,0.004280638671289757
Grassland,4.207739536979665,0.005632850785782685,1.4025798456598884,94.20379654142963,0.107024164929871,0.0,0.0732270602151749
Urban,2.2443890274314215,0.0,0.7481296758104738,3.4912718204488775,93.51620947630923,0.0,0.0
Water,0.0,0.0,0.0,0.0,0.0,100.0,0.0
Other,1.2658227848101267,0.0,0.0,6.329113924050633,0.0,0.0,92.40506329113924
