from_label,Crops,TreeCrops,Forest,Grassland,Urban,Water,Other
Crops,98.57566765578635,0.0,0.05934718100890207,1.3480288257736328,0.00847816871555744,0.0,0.00847816871555744
TreeCrops,0.0,97.22805543889123,0.041999160016799666,2.6039479210415792,0.041999160016799666,0.0,0.08399832003359933
Forest,0.13591573224600748,0.0,98.84471627590894,1.019367991845056,0.0,0.0,0.0
Grassland,0.10989010989010989,0.0,0.015698587127158554,99.87441130298274,0.0,0.0,0.0
Urban,0.0,0.0,0.0,0.0,100.0,0.0,0.0
Water,0.0,0.0,0.0,0.0,0.0,100.0,0.0
Other,0.0,0.0,0.0,0.0,0.0,0.0,100.0
