from_label,Crops,TreeCrops,Forest,Grassland,Urban,Water,Other
Crops,99.95055624227442,0.0,0.024721878862793575,0.024721878862793575,0.0,0.0,0.0
TreeCrops,0.0,75.77943229409027,4.420660772452304,19.730107026523967,0.06979990693345743,0.0,0.0
Forest,1.1680143755615455,0.0,98.8020365378856,0.02994908655286014,0.0,0.0,0.0
Grassland,0.3972321886212199,0.0,0.05125576627370579,99.53869810353665,0.012813941568426447,0.0,0.0
Urban,0.0,0.0,0.0,0.0,100.0,0.0,0.0
Water,0.0,0.0,0.0,0.0,0.0,100.0,0.0
Other,0.0,0.0,0.0,0.0,0.0,0.0,100.0
