from_label,Crops,TreeCrops,Forest,Grassland,Urban,Water,Other
Crops,99.87931674712218,0.12068325287783142,0.0,0.0,0.0,0.0,0.0
TreeCrops,0.0,99.70513900589722,0.2527379949452401,0.04212299915754002,0.0,0.0,0.0
Forest,1.0803511141120865,0.0,98.91964888588791,0.0,0.0,0.0,0.0
Grassland,13.595125253893025,0.013540961408259987,0.09478672985781991,86.24238320920784,0.05416384563303995,0.0,0.0
Urban,0.0,0.0,0.0,0.0,100.0,0.0,0.0
Water,0.0,0.0,0.0,0.0,0.0,100.0,0.0
Other,0.0,0.0,0.0,0.0,0.0,0.0,100.0
