from_label,Crops,TreeCrops,Forest,Grassland,Urban,Water,Other
Crops,99.94321408290745,0.0,0.04258943781942078,0.014196479273140262,0.0,0.0,0.0
TreeCrops,0.0,100.0,0.0,0.0,0.0,0.0,0.0
Forest,0.9266215877786126,0.0,98.94815927873779,0.10017530678687703,0.025043826696719257,0.0,0.0
Grassland,0.5045651129264777,0.0,0.07208073041806823,99.415345186609,0.008008970046452027,0.0,0.0
Urban,0.0,0.0,0.0,0.0,100.0,0.0,0.0
Water,0.0,0.0,0.0,0.0,0.0,100.0,0.0
Other,0.0,0.0,3.7037037037037033,0.0,0.0,0.0,96.29629629629629
