from_label,Crops,TreeCrops,Forest,Grassland,Urban,Water,Other
Crops,99.89543030429782,0.020913939140437102,0.07319878699152986,0.010456969570218551,0.0,0.0,0.0
TreeCrops,0.0,81.19072708113804,2.072356866877415,16.719353705655077,0.017562346329469618,0.0,0.0
Forest,0.7421150278293136,0.1855287569573284,98.84972170686457,0.07421150278293136,0.14842300556586271,0.0,0.0
Grassland,0.03626473254759746,0.0,0.0,99.9637352674524,0.0,0.0,0.0
Urban,0.0,0.0,0.0,0.0,100.0,0.0,0.0
Water,0.0,0.0,0.0,0.0,0.0,100.0,0.0
Other,0.0,0.0,0.0,0.0,0.0,0.0,100.0
