from_label,Crops,TreeCrops,Forest,Grassland,Urban,Water,Other
Crops,99.96405894333293,0.0,0.023960704444710674,0.011980352222355337,0.0,0.0,0.0
TreeCrops,0.0,100.0,0.0,0.0,0.0,0.0,0.0
Forest,1.0687463893703062,0.0,98.8157134604275,0.028885037550548814,0.08665511265164644,0.0,0.0
Grassland,0.9220948102612602,0.0,0.07093037002009693,98.95968790637191,0.047286913346731296,0.0,0.0
Urban,0.0,0.0,0.0,0.0,100.0,0.0,0.0
Water,0.0,0.0,0.0,0.0,0.0,100.0,0.0
Other,0.0,0.0,0.0,0.0,0.0,0.0,100.0
