from_label,Crops,TreeCrops,Forest,Grassland,Urban,Water,Other
Crops,99.83157421962721,0.05614192679092747,0.06737031214911296,0.03368515607455648,0.011228385358185494,0.0,0.0
TreeCrops,0.01525320317266626,97.04087858450275,0.28981086028065894,2.6235509456985966,0.03050640634533252,0.0,0.0
Forest,0.26345502446368085,0.22581859239744073,99.4354535190064,0.03763643206624012,0.03763643206624012,0.0,0.0
Grassland,0.20657276995305163,0.0,0.15023474178403756,99.6244131455399,0.018779342723004695,0.0,0.0
Urban,0.0,0.0,0.0,0.0,100.0,0.0,0.0
Water,0.0,0.0,0.0,0.0,0.0,100.0,0.0
Other,0.0,0.0,0.0,0.0,0.0,0.0,100.0
