from_label,Crops,TreeCrops,Forest,Grassland,Urban,Water,Other
Crops,99.93641103904363,0.0,0.012717792191275595,0.05087116876510238,0.0,0.0,0.0
TreeCrops,0.0,100.0,0.0,0.0,0.0,0.0,0.0
Forest,0.936768149882904,0.0,99.06323185011709,0.0,0.0,0.0,0.0
Grassland,4.85182049110923,0.0,0.09314140558848434,95.02963590177815,0.02540220152413209,0.0,0.0
Urban,0.0,0.0,0.0,0.0,100.0,0.0,0.0
Water,0.0,0.0,0.0,0.0,0.0,100.0,0.0
Other,9.090909090909092,0.0,0.0,0.0,0.0,0.0,90.9090909090909
