from_label,Crops,TreeCrops,Forest,Grassland,Urban,Water,Other
Crops,99.9206034140532,0.0,0.0,0.07939658594680428,0.0,0.0,0.0
TreeCrops,0.0,99.87463435018805,0.08357709987463435,0.041788549937317176,0.0,0.0,0.0
Forest,0.4441624365482234,0.0,98.50888324873097,1.0469543147208122,0.0,0.0,0.0
Grassland,0.009616309260505818,0.0,0.03846523704202327,99.95191845369747,0.0,0.0,0.0
Urban,0.0,0.0,0.6535947712418301,0.6535947712418301,98.69281045751634,0.0,0.0
Water,0.0,0.0,0.0,0.0,0.0,100.0,0.0
Other,0.0,0.0,0.0,0.0,0.0,0.0,100.0
