from_label,Crops,TreeCrops,Forest,Grassland,Urban,Water,Other
Crops,98.8252046991812,1.1391954432182272,0.023733238400379733,0.0,0.011866619200189867,0.0,0.0
TreeCrops,0.0,99.88500459981601,0.0,0.0,0.11499540018399264,0.0,0.0
Forest,1.1522890065400186,0.03114294612270321,98.81656804733728,0.0,0.0,0.0,0.0
Grassland,0.7442849548112705,0.3588516746411483,0.03987240829346093,98.85699096225412,0.0,0.0,0.0
Urban,0.0,0.0,0.0,0.0,100.0,0.0,0.0
Water,0.0,0.0,0.0,0.0,0.0,100.0,0.0
Other,0.0,0.0,0.0,0.0,0.0,0.0,100.0
