from_label,Crops,TreeCrops,Forest,Grassland,Urban,Water,Other
Crops,99.96881496881497,0.0,0.02079002079002079,0.010395010395010396,0.0,0.0,0.0
TreeCrops,0.0,99.87373737373737,0.07215007215007214,0.03607503607503607,0.018037518037518036,0.0,0.0
Forest,0.22658610271903326,0.3021148036253776,99.47129909365559,0.0,0.0,0.0,0.0
Grassland,1.4169323414806942,1.5763372298972722,0.28338646829613884,96.65249734325187,0.07084661707403471,0.0,0.0
Urban,0.0,0.0,0.0,0.0,100.0,0.0,0.0
Water,0.0,0.0,0.0,0.0,0.0,100.0,0.0
Other,8.0,0.0,0.0,0.0,0.0,0.0,92.0
