from_label,Crops,TreeCrops,Forest,Grassland,Urban,Water,Other
Crops,99.94102904319622,0.0,0.044228217602830605,0.014742739200943536,0.0,0.0,0.0
TreeCrops,0.0,100.0,0.0,0.0,0.0,0.0,0.0
Forest,0.9053095179838513,0.0,98.99681918277466,0.09787129924149743,0.0,0.0,0.0
Grassland,0.5436067123611439,0.0,0.07090522335145355,99.37760970613724,0.007878358150161507,0.0,0.0
Urban,0.0,0.0,0.0,0.0,100.0,0.0,0.0
Water,0.0,0.0,0.0,0.0,0.0,100.0,0.0
Other,0.0,0.0,0.0,0.0,0.0,0.0,100.0
