from_label,Crops,TreeCrops,Forest,Grassland,Urban,Water,Other
Crops,99.94011079502918,0.0,0.04491690372810301,0.014972301242701004,0.0,0.0,0.0
TreeCrops,0.0,100.0,0.0,0.0,0.0,0.0,0.0
Forest,0.8989310009718173,0.0,99.00388726919338,0.09718172983479105,0.0,0.0,0.0
Grassland,0.5560341451953951,0.0,0.07048320150364162,99.36565118646723,0.00783146683373796,0.0,0.0
Urban,0.0,0.0,0.0,0.0,100.0,0.0,0.0
Water,0.0,0.0,0.0,0.0,0.0,100.0,0.0
Other,0.0,0.0,0.0,0.0,0.0,0.0,100.0
