from_label,Crops,TreeCrops,Forest,Grassland,Urban,Water,Other
Crops,99.9633431085044,0.0,0.0,0.036656891495601175,0.0,0.0,0.0
TreeCrops,0.0,99.87421383647799,0.04192872117400419,0.08385744234800838,0.0,0.0,0.0
Forest,1.1028219266947779,0.0,98.86474213428478,0.0,0.03243593902043464,0.0,0.0
Grassland,4.779784858940532,0.0,0.10148163182463973,95.0984371828699,0.02029632636492795,0.0,0.0
Urban,0.0,0.0,0.0,0.0,100.0,0.0,0.0
Water,0.0,0.0,0.0,0.0,0.0,100.0,0.0
Other,13.043478260869565,0.0,0.0,0.0,0.0,0.0,86.95652173913044
