from_label,Crops,TreeCrops,Forest,Grassland,Urban,Water,Other
Crops,76.64126611957795,23.329425556858148,0.029308323563892142,0.0,0.0,0.0,0.0
TreeCrops,0.0,100.0,0.0,0.0,0.0,0.0,0.0
Forest,0.7958287596048299,4.55543358946213,94.62129527991219,0.027442371020856202,0.0,0.0,0.0
Grassland,0.9357454772301934,11.863173216885007,0.0,87.16988978997713,0.031191515907673113,0.0,0.0
Urban,0.0,0.0,0.0,0.0,100.0,0.0,0.0
Water,0.0,0.0,0.0,0.0,0.0,100.0,0.0
Other,0.0,0.0,0.0,0.0,0.0,0.0,100.0
