from_label,Crops,TreeCrops,Forest,Grassland,Urban,Water,Other
Crops,99.94397759103641,0.0,0.04201680672268908,0.014005602240896357,0.0,0.0,0.0
TreeCrops,0.0,100.0,0.0,0.0,0.0,0.0,0.0
Forest,0.9334006054490415,0.0,98.94046417759839,0.12613521695257315,0.0,0.0,0.0
Grassland,0.3462715413110002,0.0,0.06442261233693027,99.57320019326784,0.016105653084232566,0.0,0.0
Urban,0.0,0.0,0.0,0.0,100.0,0.0,0.0
Water,0.0,0.0,0.0,0.0,0.0,100.0,0.0
Other,0.0,0.0,0.0,0.0,0.0,0.0,100.0
