from_label,Crops,TreeCrops,Forest,Grassland,Urban,Water,Other
Crops,90.3303015797032,0.0,0.023934897079942556,9.585926280516993,0.0,0.0,0.059837242699856394
TreeCrops,0.12067578439259855,48.12952534191473,2.8358809332260657,48.813354786806116,0.0,0.0,0.1005631536604988
Forest,0.0,0.0,99.14276294098252,0.8572370590174745,0.0,0.0,0.0
Grassland,0.04200504060487258,0.0,0.02800336040324839,99.92999159899188,0.0,0.0,0.0
Urban,0.0,0.0,0.0,4.968944099378882,95.03105590062113,0.0,0.0
Water,0.0,0.0,0.0,0.0,0.0,100.0,0.0
Other,0.0,0.0,0.0,0.0,0.0,0.0,100.0
