from_label,Crops,TreeCrops,Forest,Grassland,Urban,Water,Other
Crops,99.96811224489795,0.0,0.0,0.03188775510204082,0.0,0.0,0.0
TreeCrops,0.0,0.0,0.0,0.0,0.0,0.0,0.0
Forest,0.2915451895043732,0.0,99.70845481049562,0.0,0.0,0.0,0.0
Grassland,0.4707668944570994,0.0,0.0037965072133637054,99.52543659832955,0.0,0.0,0.0
Urban,0.6172839506172839,0.0,0.0,0.0,99.38271604938271,0.0,0.0
Water,0.0,0.0,0.0,0.0,0.0,100.0,0.0
Other,2.5,0.0,0.0,0.0,0.0,0.0,97.5
