from_label,Crops,TreeCrops,Forest,Grassland,Urban,Water,Other
Crops,99.40440738534842,0.0,0.02977963073257892,0.5360333531864204,0.02977963073257892,0.0,0.0
TreeCrops,0.0,0.0,0.0,0.0,0.0,0.0,0.0
Forest,0.0,0.0,99.70760233918129,0.29239766081871343,0.0,0.0,0.0
Grassland,0.0038258474252046825,0.0,0.0,99.99234830514959,0.0038258474252046825,0.0,0.0
Urban,0.0,0.0,0.0,0.0,100.0,0.0,0.0
Water,0.0,0.0,0.0,0.0,0.0,100.0,0.0
Other,0.0,0.0,0.0,0.0,0.0,0.0,100.0
