from_label,Crops,TreeCrops,Forest,Grassland,Urban,Water,Other
Crops,95.87628865979381,0.0,0.03221649484536082,3.962628865979381,0.06443298969072164,0.0,0.06443298969072164
TreeCrops,0.0,0.0,0.0,0.0,0.0,0.0,0.0
Forest,0.0,0.0,99.70674486803519,0.2932551319648094,0.0,0.0,0.0
Grassland,0.003784295175023652,0.0,0.0,99.99621570482498,0.0,0.0,0.0
Urban,0.0,0.0,0.0,0.0,100.0,0.0,0.0
Water,0.0,0.0,0.0,0.0,0.0,100.0,0.0
Other,0.0,0.0,0.0,0.0,0.0,0.0,100.0
