from_label,Crops,TreeCrops,Forest,Grassland,Urban,Water,Other
Crops,99.96957712199574,0.0,0.0,0.0304228780042592,0.0,0.0,0.0
TreeCrops,0.0,0.0,0.0,0.0,0.0,0.0,0.0
Forest,0.0,0.0,100.0,0.0,0.0,0.0,0.0
Grassland,0.0038179596823457547,0.0,0.0038179596823457547,99.98472816127062,0.007635919364691509,0.0,0.0
Urban,0.0,0.0,0.0,0.0,100.0,0.0,0.0
Water,0.0,0.0,0.0,0.0,0.0,100.0,0.0
Other,0.0,0.0,0.0,0.0,0.0,0.0,100.0
