from_label,Crops,TreeCrops,Forest,Grassland,Urban,Water,Other
Crops,99.96693121693121,0.0,0.0,0.03306878306878307,0.0,0.0,0.0
TreeCrops,0.0,0.0,0.0,0.0,0.0,0.0,0.0
Forest,0.0,0.0,100.0,0.0,0.0,0.0,0.0
Grassland,0.2566812622678544,0.0,0.0037747244451155067,99.72821983995168,0.01132417333534652,0.0,0.0
Urban,0.0,0.0,0.0,0.0,100.0,0.0,0.0
Water,0.0,0.0,0.0,0.0,0.0,100.0,0.0
Other,1.2195121951219512,0.0,0.0,0.0,0.0,0.0,98.78048780487805
