from_label,Crops,TreeCrops,Forest,Grassland,Urban,Water,Other
Crops,96.24796084828712,0.0,0.03262642740619902,3.686786296900489,0.0,0.0,0.03262642740619902
TreeCrops,0.0,0.0,0.0,0.0,0.0,0.0,0.0
Forest,0.0,0.0,99.70845481049562,0.2915451895043732,0.0,0.0,0.0
Grassland,0.0037855844942459114,0.0,0.0,99.99242883101151,0.0037855844942459114,0.0,0.0
Urban,0.0,0.0,0.0,0.0,100.0,0.0,0.0
Water,0.0,0.0,0.0,0.0,0.0,100.0,0.0
Other,0.0,0.0,0.0,0.0,0.0,0.0,100.0
