from_label,Crops,TreeCrops,Forest,Grassland,Urban,Water,Other
Crops,94.01656949984658,0.0,0.03068425897514575,5.8913777232279845,0.0,0.0,0.0613685179502915
TreeCrops,0.0,0.0,0.0,0.0,0.0,0.0,0.0
Forest,0.0,0.0,99.70845481049562,0.2915451895043732,0.0,0.0,0.0
Grassland,0.003813300793166565,0.0,0.0,99.99618669920683,0.0,0.0,0.0
Urban,0.0,0.0,0.0,0.0,100.0,0.0,0.0
Water,0.0,0.0,0.0,0.0,0.0,100.0,0.0
Other,0.0,0.0,0.0,0.0,0.0,0.0,100.0
