from_label,Crops,TreeCrops,Forest,Grassland,Urban,Water,Other
Crops,99.96890547263682,0.0,0.0,0.03109452736318408,0.0,0.0,0.0
TreeCrops,0.0,0.0,0.0,0.0,0.0,0.0,0.0
Forest,0.29239766081871343,0.0,99.70760233918129,0.0,0.0,0.0,0.0
Grassland,0.07609191903819815,0.0,0.003804595951909907,99.90868969715416,0.011413787855729721,0.0,0.0
Urban,0.0,0.0,0.0,0.0,100.0,0.0,0.0
Water,0.0,0.0,0.0,0.0,0.0,100.0,0.0
Other,0.0,0.0,0.0,0.0,0.0,0.0,100.0
