from_label,Crops,TreeCrops,Forest,Grassland,Urban,Water,Other
Crops,99.97211377579475,0.0,0.0,0.027886224205242612,0.0,0.0,0.0
TreeCrops,0.0,0.0,0.0,0.0,0.0,0.0,0.0
Forest,0.2958579881656805,0.0,99.70414201183432,0.0,0.0,0.0,0.0
Grassland,0.18456569385165533,0.0,0.007690237243818972,99.80389895028262,0.003845118621909486,0.0,0.0
Urban,0.0,0.0,0.0,0.0,100.0,0.0,0.0
Water,0.0,0.0,0.0,0.0,0.0,100.0,0.0
Other,2.0408163265306123,0.0,0.0,0.0,0.0,0.0,97.95918367346938
