from_label,Crops,TreeCrops,Forest,Grassland,Urban,Water,Other
Crops,99.97000599880023,0.0,0.0,0.029994001199760045,0.0,0.0,0.0
TreeCrops,0.0,0.0,0.0,0.0,0.0,0.0,0.0
Forest,0.0,0.0,99.70930232558139,0.29069767441860467,0.0,0.0,0.0
Grassland,0.003825262030449086,0.0,0.0,99.99617473796954,0.0,0.0,0.0
Urban,0.0,0.0,0.0,0.0,100.0,0.0,0.0
Water,0.0,0.0,0.0,0.0,0.0,100.0,0.0
Other,0.0,0.0,0.0,0.0,0.0,0.0,100.0
