from_label,Crops,TreeCrops,Forest,Grassland,Urban,Water,Other
Crops,99.9697428139183,0.0,0.0,0.0302571860816944,0.0,0.0,0.0
TreeCrops,0.0,0.0,0.0,0.0,0.0,0.0,0.0
Forest,0.29239766081871343,0.0,99.70760233918129,0.0,0.0,0.0,0.0
Grassland,0.48084261944741263,0.0,0.003816211265455656,99.50389253549076,0.011448633796366967,0.0,0.0
Urban,0.0,0.0,0.0,0.0,100.0,0.0,0.0
Water,0.0,0.0,0.0,0.0,0.0,100.0,0.0
Other,2.564102564102564,0.0,0.0,0.0,0.0,0.0,97.43589743589743
