from_label,Crops,TreeCrops,Forest,Grassland,Urban,Water,Other
Crops,99.96933455995094,0.0,0.0,0.030665440049064706,0.0,0.0,0.0
TreeCrops,0.0,0.0,0.0,0.0,0.0,0.0,0.0
Forest,0.29239766081871343,0.0,99.70760233918129,0.0,0.0,0.0,0.0
Grassland,0.09914582062233068,0.0,0.003813300793166565,99.885600976205,0.011439902379499696,0.0,0.0
Urban,0.0,0.0,0.0,0.0,100.0,0.0,0.0
Water,0.0,0.0,0.0,0.0,0.0,100.0,0.0
Other,0.0,0.0,0.0,0.0,0.0,0.0,100.0
