from_label,Crops,TreeCrops,Forest,Grassland,Urban,Water,Other
Crops,99.96538594669437,0.0,0.0,0.034614053305642094,0.0,0.0,0.0
TreeCrops,0.0,0.0,0.0,0.0,0.0,0.0,0.0
Forest,0.0,0.0,99.41348973607037,0.5865102639296188,0.0,0.0,0.0
Grassland,0.5032485822661209,0.0,0.0037555864348217975,99.4817290719946,0.011266759304465392,0.0,0.0
Urban,0.0,0.0,0.0,0.0,100.0,0.0,0.0
Water,0.0,0.0,0.0,0.0,0.0,100.0,0.0
Other,2.380952380952381,0.0,0.0,0.0,0.0,0.0,97.61904761904762
