from_label,Crops,TreeCrops,Forest,Grassland,Urban,Water,Other
Crops,99.97195737521032,0.0,0.0,0.028042624789680313,0.0,0.0,0.0
TreeCrops,0.0,0.0,0.0,0.0,0.0,0.0,0.0
Forest,0.0,0.0,99.70326409495549,0.2967359050445104,0.0,0.0,0.0
Grassland,0.007682556754888027,0.0,0.0038412783774440136,99.98079360811278,0.007682556754888027,0.0,0.0
Urban,0.0,0.0,0.0,0.0,100.0,0.0,0.0
Water,0.0,0.0,0.0,0.0,0.0,100.0,0.0
Other,0.0,0.0,0.0,0.0,0.0,0.0,100.0
