from_label,Crops,TreeCrops,Forest,Grassland,Urban,Water,Other
Crops,91.15176964607079,0.0,0.029994001199760045,8.698260347930415,0.0,0.0,0.11997600479904018
TreeCrops,0.0,0.0,0.0,0.0,0.0,0.0,0.0
Forest,0.0,0.0,99.70845481049562,0.2915451895043732,0.0,0.0,0.0
Grassland,0.00382511570975022,0.0,0.0,99.99617488429024,0.0,0.0,0.0
Urban,0.0,0.0,0.0,0.0,100.0,0.0,0.0
Water,0.0,0.0,0.0,0.0,0.0,100.0,0.0
Other,0.0,0.0,0.0,0.0,0.0,0.0,100.0
