from_label,Crops,TreeCrops,Forest,Grassland,Urban,Water,Other
Crops,89.10573842120594,0.0,0.029129041654529564,10.661229245557822,0.08738712496358869,0.0,0.11651616661811826
TreeCrops,0.0,0.0,0.0,0.0,0.0,0.0,0.0
Forest,0.0,0.0,99.70760233918129,0.29239766081871343,0.0,0.0,0.0
Grassland,0.011505273250239693,0.0,0.0,99.98849472674975,0.0,0.0,0.0
Urban,0.0,0.0,0.0,0.0,100.0,0.0,0.0
Water,0.0,0.0,0.0,0.0,0.0,100.0,0.0
Other,0.0,0.0,0.0,0.0,0.0,0.0,100.0
