from_label,Crops,TreeCrops,Forest,Grassland,Urban,Water,Other
Crops,99.96640913671482,0.0,0.0,0.03359086328518643,0.0,0.0,0.0
TreeCrops,0.0,0.0,0.0,0.0,0.0,0.0,0.0
Forest,0.0,0.0,100.0,0.0,0.0,0.0,0.0
Grassland,0.21847220129576614,0.0,0.003766762091306313,99.76646075033901,0.01130028627391894,0.0,0.0
Urban,0.0,0.0,0.0,0.0,100.0,0.0,0.0
Water,0.0,0.0,0.0,0.0,0.0,100.0,0.0
Other,1.2048192771084338,0.0,0.0,0.0,0.0,0.0,98.79518072289156
