from_label,Crops,TreeCrops,Forest,Grassland,Urban,Water,Other
Crops,99.80001447263685,0.0,0.0730210313727296,0.11600037716568758,0.002631388517936202,0.0,0.008332730306797972
TreeCrops,0.0,78.88386123680242,8.597285067873303,12.518853695324283,0.0,0.0,0.0
Forest,0.022799520558653395,5.2113189848350616e-05,99.93858460576371,0.034186252540518006,0.0008338110375736099,0.0,0.003543696909687842
Grassland,0.06607658015381963,0.0,0.05237689531886468,99.81265048416999,0.0023495501695833016,0.0,0.06654649018773628
Urban,0.0,0.0,0.0,0.0,100.0,0.0,0.0
Water,0.0,0.0,0.0,0.0,0.0,100.0,0.0
Other,0.03505066460094692,0.0,0.0,0.005850182868647256,0.0,0.0,99.9590991525304
