from_label,Crops,TreeCrops,Forest,Grassland,Urban,Water,Other
Crops,99.80399599710135,0.0,0.08626936747299768,0.10536365414035452,0.0029906714057305866,0.0,0.0013803098795679629
TreeCrops,0.0,82.78787878787878,4.96969696969697,12.242424242424242,0.0,0.0,0.0
Forest,0.01951308859930887,2.601745146574516e-05,99.94359416522227,0.03587806557126258,0.0008325584469038452,0.0,0.000156104708794471
Grassland,0.03883507586900156,0.0,0.045954246514098095,99.86793938453346,0.001708600954823167,0.0,0.045562692128617785
Urban,0.0,0.0,0.0,0.0,100.0,0.0,0.0
Water,0.0,0.0,0.0,0.0,0.0,100.0,0.0
Other,0.000562278187644499,0.0,0.0,0.011501144747273845,5.1116198876772645e-05,0.0,99.98788546086621
