from_label,Crops,TreeCrops,Forest,Grassland,Urban,Water,Other
Crops,99.34784053683384,0.0,0.15130421542721104,0.4026690813394994,0.007589935561447082,0.0,0.09059623083800018
TreeCrops,0.0,97.26822363765038,0.6652512384996461,0.89171974522293,0.09907997169143665,0.0,1.075725406935598
Forest,0.013304102189612258,2.220615976665767e-05,99.94050708549574,0.04012261196427395,0.0007537031873742046,0.0,0.0052902910032331515
Grassland,0.03225645192829109,3.5938334274738e-05,0.03922130111073532,99.86230406914306,0.001723243128473687,0.0,0.06445899635517008
Urban,0.0,0.0,0.0,0.0,100.0,0.0,0.0
Water,0.0,0.0,0.0,0.0,0.0,100.0,0.0
Other,0.0011123154514595308,0.0,0.002382459446707238,0.0701635559662772,0.00012275553405747072,0.0,99.92621891360149
