from_label,Crops,TreeCrops,Forest,Grassland,Urban,Water,Other
Crops,99.80261261572872,0.0006917782159039812,0.0843969423402857,0.10561147429467446,0.002997705602250585,0.0,0.0036894838181545666
TreeCrops,0.0,99.70674486803519,0.2932551319648094,0.0,0.0,0.0,0.0
Forest,0.019874406239106798,0.0010665584500044222,99.94196361214732,0.03597683747210039,0.0008844631048817161,0.0,0.0002341225865863366
Grassland,0.03938031674296677,0.0035929647615534272,0.04610378545518061,99.86357406078656,0.0017786954265115974,0.0,0.04557017682722713
Urban,0.0,0.0,0.0,0.0,100.0,0.0,0.0
Water,0.0,0.0,0.0,0.0,0.0,100.0,0.0
Other,0.0002557168048901236,0.0,5.114336097802472e-05,0.013348417215264453,0.0,0.0,99.98634472261887
