from_label,Crops,TreeCrops,Forest,Grassland,Urban,Water,Other
Crops,99.62905873928004,0.0,0.09584650585995494,0.19387630342514803,0.005239900092571569,0.0,0.07597855134228773
TreeCrops,0.0,92.15358931552588,2.337228714524207,5.509181969949917,0.0,0.0,0.0
Forest,0.009069176708999047,5.212170522413245e-05,99.95475835986545,0.035103968468453206,0.0010163732518705829,0.0,0.0
Grassland,0.016973774974792678,0.0,0.04100487643164201,99.89515346246914,0.0017371880571216388,0.0,0.0451306980673059
Urban,0.0,0.0,0.0,0.0,100.0,0.0,0.0
Water,0.0,0.0,0.0,0.0,0.0,100.0,0.0
Other,0.0003023082748324834,0.0,0.007708861008228327,0.013503102942517591,0.0,0.0,99.97848572777443
