from_label,Crops,TreeCrops,Forest,Grassland,Urban,Water,Other
Crops,99.68018914594012,0.0,0.09452651968218652,0.1349383487355046,0.004180534039998421,0.0,0.08616545160218966
TreeCrops,0.0,97.8125,0.0,0.3125,0.3125,0.0,1.5625
Forest,0.009491161323334581,0.0,99.94849149364471,0.04107607283459677,0.0009412721973554958,0.0,0.0
Grassland,0.015640067047349493,0.0,0.041239441157034186,99.89314418559833,0.0015460296161747776,0.0,0.04843027658110292
Urban,0.0,0.0,0.0,0.0,100.0,0.0,0.0
Water,0.0,0.0,0.0,0.0,0.0,100.0,0.0
Other,0.0,0.0,0.0006487964825249163,0.055347330701548625,0.0,0.0,99.94400387281593
