from_label,Crops,TreeCrops,Forest,Grassland,Urban,Water,Other
Crops,99.76595388653057,0.0,0.09291388512144858,0.13584802635055396,0.0035228013316189037,0.0,0.0017614006658094518
TreeCrops,0.0,100.0,0.0,0.0,0.0,0.0,0.0
Forest,0.01032846878102942,5.216398374257283e-05,99.94616676877767,0.042617974717682,0.0008346237398811653,0.0,0.0
Grassland,0.01591415039233806,0.0,0.041449128067316855,99.89930683024484,0.0012297298030443046,0.0,0.04210016149245796
Urban,0.0,0.0,0.0,0.0,100.0,0.0,0.0
Water,0.0,0.0,0.0,0.0,0.0,100.0,0.0
Other,0.0001005517273278479,0.0,0.0005530345003031635,0.05550455348497204,0.0,0.0,99.94384186028739
