from_label,Crops,TreeCrops,Forest,Grassland,Urban,Water,Other
Crops,99.80399272369215,0.00023114065602340992,0.08505976141661485,0.10563127980269832,0.003467109840351149,0.0,0.0016179845921638694
TreeCrops,0.0,100.0,0.0,0.0,0.0,0.0,0.0
Forest,0.019793543715380803,0.0003901486934700553,99.94251809249542,0.03610175910242912,0.0008843370385321253,0.0,0.00031211895477604426
Grassland,0.03917968686115245,0.0004977455681090148,0.046005911795218936,99.86685306053083,0.0018132159981114112,0.0,0.045650379246569645
Urban,0.0,0.0,0.0,0.0,100.0,0.0,0.0
Water,0.0,0.0,0.0,0.0,0.0,100.0,0.0
Other,0.00066521172921789,0.0,0.0,0.013662425515475127,0.0,0.0,99.98567236275531
