from_label,Crops,TreeCrops,Forest,Grassland,Urban,Water,Other
Crops,98.68311571196817,0.0,0.24775832175113538,0.6342706004304394,0.011853353104416419,0.0,0.42300201274584087
TreeCrops,0.0,95.45454545454545,0.6493506493506493,1.6233766233766231,0.0,0.0,2.272727272727273
Forest,0.007924896047856955,0.0,99.94164870269712,0.04038296863990475,0.0006277145384441153,0.0,0.00941571807666173
Grassland,0.016612233435679552,0.0,0.027219611928158922,99.89284749861834,0.0009708448111760778,0.0,0.062349811206641445
Urban,0.0,0.0,0.0,0.0,100.0,0.0,0.0
Water,0.0,0.0,0.0,0.0,0.0,100.0,0.0
Other,0.0021943254743233996,0.0,0.0,0.07106622274797375,0.00104729170365435,0.0,99.92569216007405
