from_label,Crops,TreeCrops,Forest,Grassland,Urban,Water,Other
Crops,99.07736190845267,0.0,0.22598437260609774,0.5776908587856776,0.011265422363215241,0.0,0.10769743779233772
TreeCrops,0.0,94.70899470899471,1.8518518518518516,1.3227513227513228,0.0,0.0,2.1164021164021163
Forest,0.009163359198720366,0.0,99.93917200303983,0.04599954104884697,0.0007831930939077237,0.0,0.004881903618691477
Grassland,0.016287259803366393,3.595421590147107e-05,0.028907189584782736,99.91058186505303,0.001114580692945603,0.0,0.04307315064996234
Urban,0.0,0.0,0.0,0.0,100.0,0.0,0.0
Water,0.0,0.0,0.0,0.0,0.0,100.0,0.0
Other,0.0,0.0,0.0,0.06540894184042333,0.0,0.0,99.93459105815957
