from_label,Crops,TreeCrops,Forest,Grassland,Urban,Water,Other
Crops,99.74818174020713,0.0,0.09610880308251941,0.15021124143103148,0.003958715001110639,0.0,0.0015395002782096932
TreeCrops,0.0,95.16441005802709,0.7736943907156674,4.061895551257253,0.0,0.0,0.0
Forest,0.009804611818207893,0.0,99.94456222147471,0.04263441575204763,0.0008344350483581186,0.0,0.00216431590667887
Grassland,0.017221193935245415,0.0,0.04236558423985795,99.8861085745627,0.001447159154222304,0.0,0.05285748810796965
Urban,0.0,0.0,0.0,0.0,100.0,0.0,0.0
Water,0.0,0.0,0.0,0.0,0.0,100.0,0.0
Other,0.00015085982557586967,0.0,0.0,0.058382752497861554,0.00010057321705057978,0.0,99.94136581445952
