from_label,Crops,TreeCrops,Forest,Grassland,Urban,Water,Other
Crops,99.74501958012434,0.0,0.06499035818226238,0.14610971036596213,0.0028462930590771843,0.0,0.04103405826836274
TreeCrops,0.0,95.04232164449819,1.8137847642079807,3.143893591293833,0.0,0.0,0.0
Forest,0.026732028945409766,0.0,99.94209359327569,0.03055089022332545,0.0006234875555780704,0.0,0.0
Grassland,0.07511029837795671,0.0,0.04327851153010206,99.822752414411,0.0020844344328783846,0.0,0.05677434124806041
Urban,0.0,0.0,0.0,0.0,100.0,0.0,0.0
Water,0.0,0.0,0.0,0.0,0.0,100.0,0.0
Other,0.02690802600045893,0.0,0.02150584104816794,0.03457398369466234,0.0,0.0,99.9170121492567
