from_label,Crops,TreeCrops,Forest,Grassland,Urban,Water,Other
Crops,99.78857855957143,0.0,0.06649356487454022,0.11706613534250038,0.003277851789590011,0.0,0.024583888421925083
TreeCrops,0.0,99.8730964467005,0.0,0.0,0.12690355329949238,0.0,0.0
Forest,0.013173796150185433,0.00010393527534663064,99.94065295777708,0.04144419104446897,0.0007015631085897568,0.0,0.003923556644335306
Grassland,0.03281573909398824,0.0004247992115726633,0.051117505125910484,99.842930491521,0.002477995400840536,0.0,0.07023346964668034
Urban,0.0,0.0,0.0,0.0,100.0,0.0,0.0
Water,0.0,0.0,0.0,0.0,0.0,100.0,0.0
Other,0.01218892525565885,0.0,0.0,0.03204093010242812,0.0,0.0,99.9557701446419
