from_label,Crops,TreeCrops,Forest,Grassland,Urban,Water,Other
Crops,99.74465406992107,0.00024021254005544108,0.06557802343513541,0.14556879927359728,0.0028825504806652925,0.0,0.041076344349480425
TreeCrops,0.0,99.60578186596584,0.0,0.0,0.39421813403416556,0.0,0.0
Forest,0.027118425697461753,0.0006234120849991208,99.94381498583945,0.027741837782460872,0.0006753630920823808,0.0,2.597550354163003e-05
Grassland,0.07473251121693024,0.001657587554127287,0.043449954610315276,99.82147429363846,0.0019397301165319319,0.0,0.05674592286363415
Urban,0.0,0.0,0.0,0.0,100.0,0.0,0.0
Water,0.0,0.0,0.0,0.0,0.0,100.0,0.0
Other,0.026751572040697374,0.0,0.02109258564747293,0.04594068044681299,0.0,0.0,99.90621516186502
