from_label,Crops,TreeCrops,Forest,Grassland,Urban,Water,Other
Crops,99.74210521352934,0.0,0.08745792118886196,0.11456751940104289,0.0028288276395319234,0.0,0.053040518241223564
TreeCrops,0.0,99.87277353689568,0.0,0.0,0.1272264631043257,0.0,0.0
Forest,0.030345402385751376,5.196130545505373e-05,99.94058224721215,0.028214988862094174,0.0008054002345533329,0.0,0.0
Grassland,0.08532601219882623,3.536096651422554e-05,0.04897493862220237,99.81350626260398,0.0024045457229673367,0.0,0.049752879885515335
Urban,0.0,0.0,0.0,0.0,100.0,0.0,0.0
Water,0.0,0.0,0.0,0.0,0.0,100.0,0.0
Other,0.02150399341504508,0.0,0.0031895875400306094,0.030301081630290792,0.0,0.0,99.94500533741464
