from_label,Crops,TreeCrops,Forest,Grassland,Urban,Water,Other
Crops,99.80120023038478,0.0,0.08569756423833677,0.10543819556695093,0.003483640822696616,0.0,0.00418036898723594
TreeCrops,0.0,96.02356406480118,2.0618556701030926,1.914580265095729,0.0,0.0,0.0
Forest,0.019762023631219837,0.0,99.94269013146946,0.03624771176568481,0.0008840905308703612,0.0,0.0004160426027625229
Grassland,0.03910138552439007,0.0,0.04616875674996102,99.86717603827319,0.001988807983075244,0.0,0.04556501146938461
Urban,0.0,0.0,0.0,0.0,100.0,0.0,0.0
Water,0.0,0.0,0.0,0.0,0.0,100.0,0.0
Other,0.000717081233523138,0.0,0.0,0.019463633481342314,0.0,0.0,99.97981928528513
