from_label,Crops,TreeCrops,Forest,Grassland,Urban,Water,Other
Crops,99.74308542174457,0.0,0.08469711371058056,0.11269421518713357,0.0030585068839931867,0.0,0.05646474247372037
TreeCrops,0.0,99.6923076923077,0.0,0.0,0.3076923076923077,0.0,0.0
Forest,0.026895168435893055,0.0,99.9423674962088,0.029848670897754972,0.000888664457551374,0.0,0.0
Grassland,0.06858026653046262,3.5868340235597606e-05,0.04824291761687878,99.83306874454352,0.002259705434842649,0.0,0.04781249753405161
Urban,0.0,0.0,0.0,0.0,100.0,0.0,0.0
Water,0.0,0.0,0.0,0.0,0.0,100.0,0.0
Other,0.0,0.0,0.0024980739849575976,0.04371629473675796,0.0,0.0,99.95378563127828
