from_label,Crops,TreeCrops,Forest,Grassland,Urban,Water,Other
Crops,99.63112557738127,0.0,0.10509441097250609,0.15775761470486566,0.004871926336473793,0.0,0.10115047060488445
TreeCrops,0.0,98.71794871794873,0.3205128205128205,0.0,0.0,0.0,0.9615384615384616
Forest,0.009414713418738733,0.0,99.94821907619695,0.04113706724354452,0.0009153193601551546,0.0,0.00031382378062462437
Grassland,0.015284124685371799,0.0,0.04020623858410746,99.89337075366558,0.0013665805601038314,0.0,0.049772302504834276
Urban,0.0,0.0,0.0,0.0,100.0,0.0,0.0
Water,0.0,0.0,0.0,0.0,0.0,100.0,0.0
Other,0.0010975217957851172,0.0,0.0,0.05647248512857967,0.0012471838588467242,0.0,99.94118280921678
