from_label,Crops,TreeCrops,Forest,Grassland,Urban,Water,Other
Crops,99.02044788838647,0.0,0.21025328186047376,0.6361151340451987,0.01280612458729353,0.0,0.12037757112055919
TreeCrops,0.0,94.42896935933148,1.392757660167131,3.8997214484679668,0.2785515320334262,0.0,0.0
Forest,0.0068967985531352615,0.0,99.93696221625487,0.042556381981277806,0.0006792301605360485,0.0,0.012905373050184922
Grassland,0.019042468649856696,0.0,0.0352518769921076,99.8564821854299,0.0017572146211732168,0.0,0.08746625430696889
Urban,0.0,0.0,0.0,0.0,100.0,0.0,0.0
Water,0.0,0.0,0.0,0.0,0.0,100.0,0.0
Other,0.0,0.0,0.0,0.07408071991623566,0.0,0.0,99.92591928008376
