from_label,Crops,TreeCrops,Forest,Grassland,Urban,Water,Other
Crops,99.74758533574231,0.0,0.07218135124369789,0.11465391462794694,0.0024207160478069414,0.0,0.06315868233823566
TreeCrops,0.0,98.3679525222552,0.44510385756676557,1.1869436201780417,0.0,0.0,0.0
Forest,0.022899945993642725,0.0,99.93703166158518,0.0352487223315115,0.0007555158518949249,0.0,0.004064154237779596
Grassland,0.06509911276733331,0.0,0.05224537780051654,99.81358473698407,0.0022024658229657973,0.0,0.06686830662512551
Urban,0.0,0.0,0.0,0.0,100.0,0.0,0.0
Water,0.0,0.0,0.0,0.0,0.0,100.0,0.0
Other,0.004392202477505108,0.0,0.00010097017189666916,0.007320337462508513,0.0,0.0,99.9881864898881
