from_label,Crops,TreeCrops,Forest,Grassland,Urban,Water,Other
Crops,99.74440199255211,0.0002418145765826764,0.06528993567732262,0.14605600425593654,0.0029017749189921165,0.0,0.04110847801905499
TreeCrops,0.0,99.69325153374233,0.0,0.0,0.3067484662576687,0.0,0.0
Forest,0.02672708529057069,0.001194796815710643,99.94389649734924,0.02768811751190316,0.0004935030325761352,0.0,0.0
Grassland,0.07470504720689458,0.0022552467081326665,0.043413499131553825,99.82109550723142,0.0022200084783180933,0.0,0.05631069124368752
Urban,0.0,0.0,0.0,0.0,100.0,0.0,0.0
Water,0.0,0.0,0.0,0.0,0.0,100.0,0.0
Other,0.03425666886300264,0.0,0.02119181317050614,0.05277378716732839,0.0,0.0,99.89177773079916
