from_label,Crops,TreeCrops,Forest,Grassland,Urban,Water,Other
Crops,99.76737987351281,0.0,0.09273965269991342,0.1352545053628191,0.0035245473710180876,0.0,0.0011014210534431525
TreeCrops,0.0,96.14604462474645,1.6227180527383367,2.231237322515213,0.0,0.0,0.0
Forest,0.010434116639859681,0.0,99.94511654647434,0.043588522263013824,0.0008608146227884237,0.0,0.0
Grassland,0.01583854233338613,0.0,0.041404408611249124,99.89958074872189,0.0011571537777816348,0.0,0.04201914655569562
Urban,0.0,0.0,0.0,0.0,100.0,0.0,0.0
Water,0.0,0.0,0.0,0.0,0.0,100.0,0.0
Other,0.00035192131441605444,0.0,0.0006032936818560934,0.05545274425727258,0.00035192131441605444,0.0,99.94324011943205
