from_label,Crops,TreeCrops,Forest,Grassland,Urban,Water,Other
Crops,99.18211377409426,0.0,0.22344429137669725,0.5704060944207919,0.010014933378437625,0.0,0.014020906729812675
TreeCrops,0.0,97.20812182741116,0.7614213197969544,0.25380710659898476,0.0,0.0,1.7766497461928936
Forest,0.009343557656145073,0.0,99.93913637861975,0.045882609942745914,0.0007046817226701591,0.0,0.004932772058691114
Grassland,0.01657674981107911,0.0,0.028901202931490094,99.91099006079703,0.0010090195537178586,0.0,0.04252296690668119
Urban,0.0,0.0,0.0,0.0,100.0,0.0,0.0
Water,0.0,0.0,0.0,0.0,0.0,100.0,0.0
Other,0.014652855720731677,0.0,0.0,0.0674232776977997,5.035345608498858e-05,0.0,99.91787351312539
