from_label,Crops,TreeCrops,Forest,Grassland,Urban,Water,Other
Crops,99.80329145070817,0.0,0.08480015199152925,0.10518925957419202,0.0034754160652266087,0.0,0.003243721660878168
TreeCrops,0.0,100.0,0.0,0.0,0.0,0.0,0.0
Forest,0.019894732160991812,0.0,99.94247431694103,0.036278629234749775,0.0009882350615917502,0.0,0.00036408660163906583
Grassland,0.03915774602044304,0.0,0.046015681575747494,99.86714082362029,0.0020254006562298124,0.0,0.04566034812728613
Urban,0.0,0.0,0.0,0.0,100.0,0.0,0.0
Water,0.0,0.0,0.0,0.0,0.0,100.0,0.0
Other,0.000819134154720107,0.0,0.0,0.0160755077863821,0.0,0.0,99.98310535805889
