from_label,Crops,TreeCrops,Forest,Grassland,Urban,Water,Other
Crops,99.80972491593697,0.0,0.05095424446561163,0.13450084349931718,0.00183618898975177,0.0,0.0029838071083466266
TreeCrops,0.0,99.85380116959064,0.14619883040935672,0.0,0.0,0.0,0.0
Forest,0.020894519625106002,0.0,99.93408989014895,0.035830328174060976,0.00046837030292890165,0.0,0.008716891748954559
Grassland,0.09897537867253325,0.0,0.060759984172487125,99.72105967406863,0.0025286980517271896,0.0,0.11667626503462358
Urban,0.0,0.0,0.0,0.0,100.0,0.0,0.0
Water,0.0,0.0,0.0,0.0,0.0,100.0,0.0
Other,0.00015326594400071115,0.0,0.0,0.007050233424032713,5.1088648000237056e-05,0.0,99.99274541198396
