from_label,Crops,TreeCrops,Forest,Grassland,Urban,Water,Other
Crops,100.0,0.0,0.0,0.0,0.0,0.0,0.0
TreeCrops,0.0,50.0,50.0,0.0,0.0,0.0,0.0
Forest,0.0,0.0020675766760810325,99.96815931918836,0.028946073465134455,0.0008270306704324129,0.0,0.0
Grassland,0.0,0.0,0.07993605115907274,99.92006394884093,0.0,0.0,0.0
Urban,0.0,0.0,0.0,0.0,100.0,0.0,0.0
Water,0.0,0.0,0.0,0.0,0.0,100.0,0.0
Other,0.0,0.0,0.23752969121140144,0.0,0.0,0.0,99.7624703087886
