from_label,Crops,TreeCrops,Forest,Grassland,Urban,Water,Other
Crops,100.0,0.0,0.0,0.0,0.0,0.0,0.0
TreeCrops,0.0,100.0,0.0,0.0,0.0,0.0,0.0
Forest,0.0008287269924668716,0.0037292714661009228,99.97472382672976,0.01988944781920492,0.0008287269924668716,0.0,0.0
Grassland,0.0,0.0,0.07176175098672408,99.92823824901328,0.0,0.0,0.0
Urban,0.0,0.0,0.0,0.0,100.0,0.0,0.0
Water,0.0,0.0,0.0,0.0,0.0,100.0,0.0
Other,0.0,0.0,0.24271844660194172,0.0,0.0,0.0,99.75728155339806
