from_label,Crops,TreeCrops,Forest,Grassland,Urban,Water,Other
Crops,100.0,0.0,0.0,0.0,0.0,0.0,0.0
TreeCrops,0.0,20.0,80.0,0.0,0.0,0.0,0.0
Forest,0.00041305757609553194,0.0,99.97397737270597,0.021892051533063193,0.0,0.0,0.0037175181848597876
Grassland,0.0,0.0,0.05611672278338946,99.9438832772166,0.0,0.0,0.0
Urban,0.0,0.0,0.0,0.0,100.0,0.0,0.0
Water,0.0,0.0,0.0,0.0,0.0,100.0,0.0
Other,0.0,0.0,0.0,0.0,0.0,0.0,100.0
