from_label,Crops,TreeCrops,Forest,Grassland,Urban,Water,Other
Crops,100.0,0.0,0.0,0.0,0.0,0.0,0.0
TreeCrops,0.0,0.0,100.0,0.0,0.0,0.0,0.0
Forest,0.0008228827227543529,0.0,99.97325631151048,0.02139495079161318,0.00041144136137717647,0.0,0.004114413613771765
Grassland,0.0,0.0,0.04571279305165546,99.94775680794096,0.0,0.0,0.006530399007379351
Urban,0.0,0.0,0.0,0.0,100.0,0.0,0.0
Water,0.0,0.0,0.0,0.0,0.0,100.0,0.0
Other,0.0,0.0,0.0,0.0,0.0,0.0,100.0
