from_label,Crops,TreeCrops,Forest,Grassland,Urban,Water,Other
Crops,98.78048780487805,0.0,0.0,0.6097560975609756,0.6097560975609756,0.0,0.0
TreeCrops,0.0,90.0,10.0,0.0,0.0,0.0,0.0
Forest,0.0020746113215689044,0.0012447667929413424,99.9456451833749,0.048545904924712356,0.0024895335858826848,0.0,0.0
Grassland,0.0,0.0,0.07639419404125286,99.92360580595874,0.0,0.0,0.0
Urban,0.0,0.0,0.0,0.0,100.0,0.0,0.0
Water,0.0,0.0,0.0,0.0,0.0,100.0,0.0
Other,0.0,0.0,0.24630541871921183,0.24630541871921183,0.0,0.0,99.50738916256158
