from_label,Crops,TreeCrops,Forest,Grassland,Urban,Water,Other
Crops,100.0,0.0,0.0,0.0,0.0,0.0,0.0
TreeCrops,0.0,0.0,100.0,0.0,0.0,0.0,0.0
Forest,0.00041292283298097253,0.0,99.98885108350952,0.009084302325581396,0.0,0.0,0.0016516913319238901
Grassland,0.0,0.0,0.06886190058845623,99.93113809941154,0.0,0.0,0.0
Urban,0.0,0.0,0.0,0.0,100.0,0.0,0.0
Water,0.0,0.0,0.0,0.0,0.0,100.0,0.0
Other,0.0,0.0,0.0,0.0,0.0,0.0,100.0
