from_label,Crops,TreeCrops,Forest,Grassland,Urban,Water,Other
Crops,100.0,0.0,0.0,0.0,0.0,0.0,0.0
TreeCrops,0.0,100.0,0.0,0.0,0.0,0.0,0.0
Forest,0.002075610333218483,0.016604882665747864,99.92859900453729,0.04981464799724359,0.002905854466505876,0.0,0.0
Grassland,0.0,0.0,0.08760147170472464,99.91239852829527,0.0,0.0,0.0
Urban,0.0,0.0,0.0,0.0,100.0,0.0,0.0
Water,0.0,0.0,0.0,0.0,0.0,100.0,0.0
Other,0.0,0.0,0.24752475247524752,0.24752475247524752,0.0,0.0,99.5049504950495
