from_label,Crops,TreeCrops,Forest,Grassland,Urban,Water,Other
Crops,100.0,0.0,0.0,0.0,0.0,0.0,0.0
TreeCrops,0.0,50.0,50.0,0.0,0.0,0.0,0.0
Forest,0.000826675153864913,0.0,99.96403963080688,0.02893363038527196,0.0,0.0,0.006200063653986848
Grassland,0.006178942165101334,0.0,0.17301038062283738,99.77755808205634,0.0,0.0,0.043252595155709346
Urban,0.0,0.0,0.0,0.0,100.0,0.0,0.0
Water,0.0,0.0,0.0,0.0,0.0,100.0,0.0
Other,0.0,0.0,0.0,0.0,0.0,0.0,100.0
