from_label,Crops,TreeCrops,Forest,Grassland,Urban,Water,Other
Crops,100.0,0.0,0.0,0.0,0.0,0.0,0.0
TreeCrops,0.0,100.0,0.0,0.0,0.0,0.0,0.0
Forest,0.0004146143257541835,0.0020730716287709174,99.9701477685457,0.024876859545251005,0.002487685954525101,0.0,0.0
Grassland,0.0,0.0,0.08311071534579995,99.9168892846542,0.0,0.0,0.0
Urban,0.0,0.0,0.0,0.0,100.0,0.0,0.0
Water,0.0,0.0,0.0,0.0,0.0,100.0,0.0
Other,0.0,0.0,0.24449877750611246,0.0,0.0,0.0,99.75550122249389
