from_label,Crops,TreeCrops,Forest,Grassland,Urban,Water,Other
Crops,100.0,0.0,0.0,0.0,0.0,0.0,0.0
TreeCrops,0.0,100.0,0.0,0.0,0.0,0.0,0.0
Forest,0.0029107965602701217,0.004574108880424478,99.9397049283944,0.049899369604630664,0.0029107965602701217,0.0,0.0
Grassland,0.0,0.0,0.08598452278589853,99.91401547721411,0.0,0.0,0.0
Urban,0.0,0.0,0.0,0.0,100.0,0.0,0.0
Water,0.0,0.0,0.0,0.0,0.0,100.0,0.0
Other,0.0,0.0,0.2506265664160401,0.2506265664160401,0.0,0.0,99.49874686716792
