from_label,Crops,TreeCrops,Forest,Grassland,Urban,Water,Other
Crops,100.0,0.0,0.0,0.0,0.0,0.0,0.0
TreeCrops,0.0,100.0,0.0,0.0,0.0,0.0,0.0
Forest,0.0008215138034856831,0.0,99.97453307209194,0.020537845087142077,0.0008215138034856831,0.0,0.0032860552139427324
Grassland,0.0,0.0,0.04668845461215234,99.94664176615754,0.0,0.0,0.006669779230307477
Urban,0.0,0.0,0.0,0.0,100.0,0.0,0.0
Water,0.0,0.0,0.0,0.0,0.0,100.0,0.0
Other,0.0,0.0,0.0,0.0,0.0,0.0,100.0
