from_label,Crops,TreeCrops,Forest,Grassland,Urban,Water,Other
Crops,100.0,0.0,0.0,0.0,0.0,0.0,0.0
TreeCrops,0.0,100.0,0.0,0.0,0.0,0.0,0.0
Forest,0.001243574863206765,0.0,99.97264135300945,0.02404244735533079,0.002072624772011275,0.0,0.0
Grassland,0.005952026665079459,0.0,0.07737634664603298,99.9166716266889,0.0,0.0,0.0
Urban,0.0,0.0,0.0,0.0,100.0,0.0,0.0
Water,0.0,0.0,0.0,0.0,0.0,100.0,0.0
Other,0.0,0.0,0.24390243902439024,0.0,0.0,0.0,99.7560975609756
