from_label,Crops,TreeCrops,Forest,Grassland,Urban,Water,Other
Crops,100.0,0.0,0.0,0.0,0.0,0.0,0.0
TreeCrops,0.0,41.66666666666667,58.333333333333336,0.0,0.0,0.0,0.0
Forest,0.00041390899796770684,0.0,99.96937073415039,0.028973629857739477,0.0012417269939031205,0.0,0.0
Grassland,0.006066488716330988,0.0,0.07886435331230283,99.91506915797137,0.0,0.0,0.0
Urban,0.0,0.0,0.0,0.0,100.0,0.0,0.0
Water,0.0,0.0,0.0,0.0,0.0,100.0,0.0
Other,0.0,0.0,0.0,0.0,0.0,0.0,100.0
