from_label,Crops,TreeCrops,Forest,Grassland,Urban,Water,Other
Crops,99.4186046511628,0.0,0.0,0.0,0.5813953488372093,0.0,0.0
TreeCrops,0.0,100.0,0.0,0.0,0.0,0.0,0.0
Forest,0.001661564279691115,0.004984692839073345,99.93727594844167,0.05275466588019291,0.00332312855938223,0.0,0.0
Grassland,0.0,0.0,0.08706251088281386,99.91293748911718,0.0,0.0,0.0
Urban,0.0,0.0,0.0,0.0,100.0,0.0,0.0
Water,0.0,0.0,0.0,0.0,0.0,100.0,0.0
Other,0.0,0.0,0.24875621890547264,0.0,0.0,0.0,99.75124378109453
