from_label,Crops,TreeCrops,Forest,Grassland,Urban,Water,Other
Crops,99.93358975068486,0.0013835468607321729,0.004150640582196519,0.059492515011483435,0.0013835468607321729,0.0,0.0
TreeCrops,0.0,91.28205128205128,8.717948717948717,0.0,0.0,0.0,0.0
Forest,0.007210325185665873,0.0014420650371331748,99.96394837407168,0.025957170668397145,0.0014420650371331748,0.0,0.0
Grassland,0.7102769967365651,0.0,0.12082613457998802,99.15421705794009,0.01467981074336303,0.0,0.0
Urban,0.0,0.0,0.0,0.0,100.0,0.0,0.0
Water,0.0,0.0,0.0,0.0,0.0,100.0,0.0
Other,11.11111111111111,0.0,0.0,0.0,0.0,0.0,88.88888888888889
