from_label,Crops,TreeCrops,Forest,Grassland,Urban,Water,Other
Crops,99.95371025189338,0.0,0.00128582633629502,0.04243226909773566,0.00257165267259004,0.0,0.0
TreeCrops,0.0,97.43589743589743,0.4273504273504274,2.1367521367521367,0.0,0.0,0.0
Forest,0.14064281167187292,0.05477667401957156,99.25681377411284,0.5477667401957156,0.0,0.0,0.0
Grassland,0.3502419746074569,0.0,0.11595849159300936,99.51605078508632,0.01774874871321572,0.0,0.0
Urban,0.0,0.0,0.0,0.0,100.0,0.0,0.0
Water,0.0,0.0,0.0,0.0,0.0,100.0,0.0
Other,0.0,0.0,0.0,0.0,0.0,0.0,100.0
