from_label,Crops,TreeCrops,Forest,Grassland,Urban,Water,Other
Crops,99.93522130374167,0.0,0.004224697582064751,0.059145766148906515,0.0014082325273549168,0.0,0.0
TreeCrops,0.0,100.0,0.0,0.0,0.0,0.0,0.0
Forest,0.01879454668999118,0.06505804623458486,99.8395234859547,0.07517818675996472,0.0014457343607685524,0.0,0.0
Grassland,0.1561721216148862,0.0,0.11519078473722101,99.70870022705876,0.01993686658913441,0.0,0.0
Urban,0.0,0.0,0.0,0.0,100.0,0.0,0.0
Water,0.0,0.0,0.0,0.0,0.0,100.0,0.0
Other,0.0,0.0,0.0,0.0,0.0,0.0,100.0
