from_label,Crops,TreeCrops,Forest,Grassland,Urban,Water,Other
Crops,99.96121864698702,0.023953188625657287,0.0022812560595864085,0.0034218840893796127,0.009125024238345634,0.0,0.0
TreeCrops,0.4177377892030848,98.45758354755783,0.28920308483290486,0.8354755784061696,0.0,0.0,0.0
Forest,0.04203687780643929,47.08894621190408,52.48304194133945,0.3783319002579536,0.007643068692079869,0.0,0.0
Grassland,0.060257717623064797,0.2908593677574859,0.06605172893297487,99.54574951330305,0.03708167238342449,0.0,0.0
Urban,0.0,0.0,0.0,0.0,100.0,0.0,0.0
Water,0.0,0.0,0.0,0.0,0.0,100.0,0.0
Other,0.0,0.0,0.0,0.0,0.0,0.0,100.0
