from_label,Crops,TreeCrops,Forest,Grassland,Urban,Water,Other
Crops,99.94134973802883,0.0026066783098297837,0.0013033391549148918,0.05213356619659568,0.0026066783098297837,0.0,0.0
TreeCrops,0.0,100.0,0.0,0.0,0.0,0.0,0.0
Forest,0.03800336183585471,0.008770006577504933,99.42702623693634,0.526200394650296,0.0,0.0,0.0
Grassland,0.5532356618774624,0.0,0.12031990940618587,99.30521150352702,0.021232925189326915,0.0,0.0
Urban,0.0,0.0,0.0,0.0,100.0,0.0,0.0
Water,0.0,0.0,0.0,0.0,0.0,100.0,0.0
Other,0.0,0.0,0.0,0.0,0.0,0.0,100.0
