from_label,Crops,TreeCrops,Forest,Grassland,Urban,Water,Other
Crops,99.93540777353404,0.0,0.007020894181082902,0.05476297461244665,0.002808357672433161,0.0,0.0
TreeCrops,0.0,97.84946236559139,2.1505376344086025,0.0,0.0,0.0,0.0
Forest,0.020233553011908892,0.0,99.90605850387328,0.07370794311481096,0.0,0.0,0.0
Grassland,0.15338105188280798,0.0,0.10336549148624018,99.72102431867692,0.022229137954030143,0.0,0.0
Urban,0.0,0.0,0.0,0.0,100.0,0.0,0.0
Water,0.0,0.0,0.0,0.0,0.0,100.0,0.0
Other,0.0,0.0,0.0,0.0,0.0,0.0,100.0
