from_label,Crops,TreeCrops,Forest,Grassland,Urban,Water,Other
Crops,99.93899630242893,0.0,0.003734920259452461,0.05602380389178692,0.001244973419817487,0.0,0.0
TreeCrops,0.0,100.0,0.0,0.0,0.0,0.0,0.0
Forest,0.17975016237934835,0.07401477274443756,99.41543434587557,0.33080071900064956,0.0,0.0,0.0
Grassland,1.4534918669375685,0.0,0.11661597278159151,98.39863427066928,0.031257889611560605,0.0,0.0
Urban,0.0,0.0,0.0,0.0,100.0,0.0,0.0
Water,0.0,0.0,0.0,0.0,0.0,100.0,0.0
Other,0.0,0.0,0.0,12.5,0.0,0.0,87.5
