from_label,Crops,TreeCrops,Forest,Grassland,Urban,Water,Other
Crops,99.87067090896605,0.05951427198022295,0.002289010460777806,0.06065877721061185,0.005722526151944515,0.0,0.001144505230388903
TreeCrops,0.021253232262406573,99.63515284616203,0.06730190216428748,0.27629201941128545,0.0,0.0,0.0
Forest,0.007186231181057094,0.3269735187380978,99.00111386583306,0.6647263842477813,0.0,0.0,0.0
Grassland,0.07548133869057295,0.026708781382818122,0.059223819587988016,99.78516849757298,0.05109506003669554,0.0,0.0023225027289407066
Urban,0.0,0.0,0.0,0.0,100.0,0.0,0.0
Water,0.0,0.0,0.0,0.0,0.0,100.0,0.0
Other,0.0,0.0,0.0,0.0,0.0,0.0,100.0
