from_label,Crops,TreeCrops,Forest,Grassland,Urban,Water,Other
Crops,99.93493266945796,0.0,0.00424352155708951,0.059409301799253134,0.0014145071856965035,0.0,0.0
TreeCrops,0.0,100.0,0.0,0.0,0.0,0.0,0.0
Forest,0.024617701575532898,0.030410101946246527,99.8725671918443,0.0724050046339203,0.0,0.0,0.0
Grassland,0.1475835939909247,0.0,0.11123838054539847,99.73016432441958,0.011013701044098859,0.0,0.0
Urban,0.0,0.0,0.0,0.0,100.0,0.0,0.0
Water,0.0,0.0,0.0,0.0,0.0,100.0,0.0
Other,0.0,0.0,0.0,0.0,0.0,0.0,100.0
