from_label,Crops,TreeCrops,Forest,Grassland,Urban,Water,Other
Crops,99.94211059507677,0.0013156682937097899,0.011841014643388109,0.042101385398713276,0.0026313365874195797,0.0,0.0
TreeCrops,0.0,100.0,0.0,0.0,0.0,0.0,0.0
Forest,0.07019152258304803,0.015757280579867926,99.25367789253534,0.6603733043017376,0.0,0.0,0.0
Grassland,0.16498907985946254,0.0,0.11632323615990885,99.69257430443452,0.026113379546101986,0.0,0.0
Urban,0.0,0.0,0.0,0.0,100.0,0.0,0.0
Water,0.0,0.0,0.0,0.0,0.0,100.0,0.0
Other,0.0,0.0,0.0,0.0,0.0,0.0,100.0
