from_label,Crops,TreeCrops,Forest,Grassland,Urban,Water,Other
Crops,99.85626283367557,0.05703855806525211,0.036504677161761354,0.043349304129591607,0.006844626967830253,0.0,0.0
TreeCrops,0.0,99.66565890094256,0.08180686466299128,0.2525342343944514,0.0,0.0,0.0
Forest,0.01445400014454,1.0190070101900701,98.67384548673846,0.292693502926935,0.0,0.0,0.0
Grassland,0.08039802850051851,0.07224170676858185,0.41946797478531395,99.37429360427858,0.05243349684816424,0.0,0.0011651888188480943
Urban,0.0,0.0,0.0,0.0,100.0,0.0,0.0
Water,0.0,0.0,0.0,0.0,0.0,100.0,0.0
Other,0.0,0.0,0.0,0.0,0.0,0.0,100.0
