from_label,Crops,TreeCrops,Forest,Grassland,Urban,Water,Other
Crops,99.89953879172565,0.0022832092789625094,0.005708023197406274,0.0833371386821316,0.009132837115850037,0.0,0.0
TreeCrops,0.0,99.89741775733994,0.07074637424831977,0.0318358684117439,0.0,0.0,0.0
Forest,0.04291998998533567,0.10014664329911656,99.57437676597876,0.2825566007367932,0.0,0.0,0.0
Grassland,0.07616146230007616,0.01523229246001523,0.155838069014002,99.70355615443202,0.04921202179389536,0.0,0.0
Urban,0.0,0.0,0.0,0.0,100.0,0.0,0.0
Water,0.0,0.0,0.0,0.0,0.0,100.0,0.0
Other,0.0,0.0,0.0,0.0,0.0,0.0,100.0
