from_label,Crops,TreeCrops,Forest,Grassland,Urban,Water,Other
Crops,99.94445473060544,0.0,0.004272713030350504,0.04842408101063905,0.0028484753535670034,0.0,0.0
TreeCrops,0.0,0.0,0.0,0.0,0.0,0.0,0.0
Forest,0.036209318830294164,0.0,99.85805947018524,0.1042828382312472,0.0014483727532117665,0.0,0.0
Grassland,0.15435139573070608,0.0,0.11384783798576903,99.72085385878489,0.010946907498631636,0.0,0.0
Urban,0.0,0.0,0.0,0.0,100.0,0.0,0.0
Water,0.0,0.0,0.0,0.0,0.0,100.0,0.0
Other,0.0,0.0,0.0,0.0,0.0,0.0,100.0
