from_label,Crops,TreeCrops,Forest,Grassland,Urban,Water,Other
Crops,98.41430955925475,1.537194929399558,0.0,0.04398430098795507,0.0045112103577389815,0.0,0.0
TreeCrops,0.0,99.77064220183486,0.163826998689384,0.0655307994757536,0.0,0.0,0.0
Forest,0.10894287188700522,45.0870587335869,53.02650943215917,1.7660212916419793,0.00955639227078993,0.0,0.0019112784541579864
Grassland,0.06430191502794211,0.2724062945729184,0.09586830967802278,99.5498865948044,0.017536885916711483,0.0,0.0
Urban,0.0,0.0,0.0,0.0,100.0,0.0,0.0
Water,0.0,0.0,0.0,0.0,0.0,100.0,0.0
Other,0.0,0.0,0.0,0.0,0.0,0.0,100.0
