from_label,Crops,TreeCrops,Forest,Grassland,Urban,Water,Other
Crops,99.97248337537262,0.0,0.0,0.018344416418252695,0.009172208209126348,0.0,0.0
TreeCrops,1.3024651368952231,10.610658392717106,86.8832895768693,1.2035868935183607,0.0,0.0,0.0
Forest,0.07055852644087938,0.0,99.44667260843731,0.48276886512180633,0.0,0.0,0.0
Grassland,0.08606953022319923,0.0,0.08606953022319923,99.79064168324086,0.0372192563127348,0.0,0.0
Urban,0.0,0.0,0.0,0.0,100.0,0.0,0.0
Water,0.0,0.0,0.0,0.0,0.0,100.0,0.0
Other,0.0,0.0,0.0,0.0,0.0,0.0,100.0
