from_label,Crops,TreeCrops,Forest,Grassland,Urban,Water,Other
Crops,99.94952469083873,0.0,0.007010459605731752,0.040660665713244164,0.002804183842292701,0.0,0.0
TreeCrops,0.0,100.0,0.0,0.0,0.0,0.0,0.0
Forest,0.02311236945122568,0.020223323269822468,99.91910670692072,0.037557600358241724,0.0,0.0,0.0
Grassland,0.15142911224682945,0.0,0.11245838483036599,99.71384351582768,0.02226898709512198,0.0,0.0
Urban,0.0,0.0,0.0,0.0,100.0,0.0,0.0
Water,0.0,0.0,0.0,0.0,0.0,100.0,0.0
Other,0.0,0.0,0.0,0.0,0.0,0.0,100.0
