from_label,Crops,TreeCrops,Forest,Grassland,Urban,Water,Other
Crops,99.89840994441084,0.0045658451950186625,0.00799022909128266,0.08218521351033593,0.006848767792527994,0.0,0.0
TreeCrops,0.0,99.11314446595108,0.7742389582966743,0.10205877177547071,0.01055780397677283,0.0,0.0
Forest,0.046894163480268376,0.1334680037515331,99.5490945819205,0.2705432508477022,0.0,0.0,0.0
Grassland,0.07604473770415088,0.0772146567457532,0.15793907061631335,99.64083485422809,0.04796668070569517,0.0,0.0
Urban,0.0,0.0,0.0,0.0,100.0,0.0,0.0
Water,0.0,0.0,0.0,0.0,0.0,100.0,0.0
Other,0.0,0.0,0.0,0.0,0.0,0.0,100.0
