from_label,Crops,TreeCrops,Forest,Grassland,Urban,Water,Other
Crops,99.95751082325651,0.001148356128202478,0.0034450683846074344,0.034450683846074345,0.002296712256404956,0.0,0.001148356128202478
TreeCrops,0.0,100.0,0.0,0.0,0.0,0.0,0.0
Forest,0.7868089764641489,0.34551176792556104,97.22564313081554,1.6334838533114393,0.0068418171866447735,0.0,0.0017104542966611934
Grassland,0.07061974917813223,0.0012175818823815902,0.10105929623767199,99.79057591623037,0.03652745647144771,0.0,0.0
Urban,0.0,0.0,0.0,0.0,100.0,0.0,0.0
Water,0.0,0.0,0.0,0.0,0.0,100.0,0.0
Other,0.0,0.0,0.0,0.0,0.0,0.0,100.0
