from_label,Crops,TreeCrops,Forest,Grassland,Urban,Water,Other
Crops,99.94734654288486,0.0,0.004156851877511432,0.04711098794512955,0.0013856172925038105,0.0,0.0
TreeCrops,0.0,96.53465346534654,2.9702970297029703,0.49504950495049505,0.0,0.0,0.0
Forest,0.0028873778278256605,0.0,99.95813302149654,0.03897960067564641,0.0,0.0,0.0
Grassland,0.16224803668608384,0.0,0.11041880274469595,99.70930560093744,0.018027559631787097,0.0,0.0
Urban,0.0,0.0,0.0,0.0,100.0,0.0,0.0
Water,0.0,0.0,0.0,0.0,0.0,100.0,0.0
Other,0.0,0.0,0.0,0.0,0.0,0.0,100.0
