from_label,Crops,TreeCrops,Forest,Grassland,Urban,Water,Other
Crops,99.81634031060095,0.0,0.10533423362592842,0.07832545577312627,0.0,0.0,0.0
TreeCrops,0.0,100.0,0.0,0.0,0.0,0.0,0.0
Forest,0.047424873681411225,0.0,99.78969063026327,0.16266288449605532,0.00022161155925893092,0.0,0.0
Grassland,0.10005123731184136,0.0,0.0893190976693947,99.80959107085981,0.00103859415894645,0.0,0.0
Urban,0.0,0.0,0.0,0.0,100.0,0.0,0.0
Water,0.0,0.0,0.0,0.0,0.0,100.0,0.0
Other,0.0,0.0,0.0,0.0,0.0,0.0,100.0
