from_label,Crops,TreeCrops,Forest,Grassland,Urban,Water,Other
Crops,99.82704270929227,0.0,0.06695120930621809,0.10600608140151199,0.0,0.0,0.0
TreeCrops,0.0,100.0,0.0,0.0,0.0,0.0,0.0
Forest,0.04197802197802197,0.0,99.73846153846154,0.21934065934065936,0.0002197802197802198,0.0,0.0
Grassland,0.021655681647508373,0.0,0.1302833750729133,99.84666380252813,0.0013971407514521532,0.0,0.0
Urban,0.0,0.0,0.0,0.0,100.0,0.0,0.0
Water,0.0,0.0,0.0,0.0,0.0,100.0,0.0
Other,0.0,0.0,0.0,0.0,0.0,0.0,100.0
