from_label,Crops,TreeCrops,Forest,Grassland,Urban,Water,Other
Crops,99.82830884209464,0.0,0.0555471393223249,0.11361914861384638,0.0025248699691965866,0.0,0.0
TreeCrops,0.0,100.0,0.0,0.0,0.0,0.0,0.0
Forest,0.02628516483269605,0.0,99.72658935383426,0.24667616227607064,0.00044931905696916327,0.0,0.0
Grassland,0.01231417566855712,0.0,0.13442975104841523,99.85154577110684,0.0017103021761884888,0.0,0.0
Urban,0.0,0.0,0.0,0.0,100.0,0.0,0.0
Water,0.0,0.0,0.0,0.0,0.0,100.0,0.0
Other,0.0,0.0,0.0,0.0,0.0,0.0,100.0
