from_label,Crops,TreeCrops,Forest,Grassland,Urban,Water,Other
Crops,99.82027969915728,0.0,0.03322560183646963,0.14498444437732202,0.0015102546289304376,0.0,0.0
TreeCrops,0.0,100.0,0.0,0.0,0.0,0.0,0.0
Forest,0.04169348513236379,0.0,99.34436994629358,0.6136759842919794,0.00026058428207727366,0.0,0.0
Grassland,0.008260771127687045,0.0,0.13247829252920335,99.85773116391205,0.0015297724310531565,0.0,0.0
Urban,0.0,0.0,0.0,0.0,100.0,0.0,0.0
Water,0.0,0.0,0.0,0.0,0.0,100.0,0.0
Other,0.0,0.0,0.0,0.0,0.0,0.0,100.0
