from_label,Crops,TreeCrops,Forest,Grassland,Urban,Water,Other
Crops,99.81685998113102,0.0,0.06382152172706587,0.11654364837116378,0.002774848770741995,0.0,0.0
TreeCrops,0.0,100.0,0.0,0.0,0.0,0.0,0.0
Forest,0.04447311468119162,0.0,99.73514278731945,0.22016393406530502,0.00022016393406530503,0.0,0.0
Grassland,0.023701968657632033,0.0,0.12896659416652723,99.84593720372538,0.0013942334504489433,0.0,0.0
Urban,0.0,0.0,0.0,0.0,100.0,0.0,0.0
Water,0.0,0.0,0.0,0.0,0.0,100.0,0.0
Other,0.0,0.0,0.0,0.0,0.0,0.0,100.0
