from_label,Crops,TreeCrops,Forest,Grassland,Urban,Water,Other
Crops,99.85850797686912,0.0,0.07587253414264036,0.06356887995734734,0.002050609030882172,0.0,0.0
TreeCrops,0.0,100.0,0.0,0.0,0.0,0.0,0.0
Forest,0.04763696819279634,0.0,99.64081725982632,0.3108312174579961,0.0007145545228919451,0.0,0.0
Grassland,0.06453977304053682,0.0,0.0904854104437677,99.84367753464554,0.0012972818701615441,0.0,0.0
Urban,0.0,0.0,0.0,0.0,100.0,0.0,0.0
Water,0.0,0.0,0.0,0.0,0.0,100.0,0.0
Other,0.0,0.0,0.0,4.444444444444445,0.0,0.0,95.55555555555556
