from_label,Crops,TreeCrops,Forest,Grassland,Urban,Water,Other
Crops,99.78336914253245,0.0,0.09588578937088268,0.11896940533053961,0.0017756627661274572,0.0,0.0
TreeCrops,0.0,100.0,0.0,0.0,0.0,0.0,0.0
Forest,0.18252604153767665,0.0,99.71543769100842,0.10178860661056321,0.0002476608433347037,0.0,0.0
Grassland,0.6114151878436646,0.0,0.12405068085831708,99.2607463242489,0.003787807049108918,0.0,0.0
Urban,0.0,0.0,0.0,0.0,100.0,0.0,0.0
Water,0.0,0.0,0.0,0.0,0.0,100.0,0.0
Other,0.0,0.0,0.0,0.0,0.0,0.0,100.0
