from_label,Crops,TreeCrops,Forest,Grassland,Urban,Water,Other
Crops,99.80939482858075,0.0,0.06520703232764026,0.12289017630978356,0.0025079627818323175,0.0,0.0
TreeCrops,0.0,100.0,0.0,0.0,0.0,0.0,0.0
Forest,0.03297840140587377,0.0,99.72284590051365,0.2437239391571082,0.0002258794616840669,0.0,0.0002258794616840669
Grassland,0.012904890953671441,0.0,0.13448254783299712,99.85091454924574,0.0016980119675883475,0.0,0.0
Urban,0.0,0.0,0.0,0.0,100.0,0.0,0.0
Water,0.0,0.0,0.0,0.0,0.0,100.0,0.0
Other,0.0,0.0,0.0,0.0,0.0,0.0,100.0
