from_label,Crops,TreeCrops,Forest,Grassland,Urban,Water,Other
Crops,99.77236277096591,0.0,0.1414110059151189,0.08277717419421594,0.0017245244623794987,0.0,0.0017245244623794987
TreeCrops,0.0,100.0,0.0,0.0,0.0,0.0,0.0
Forest,0.5211308714535535,0.0,99.35937574059707,0.11949338794937871,0.0,0.0,0.0
Grassland,0.33299583047713677,0.0,0.08772977970077542,99.57675884058335,0.0025155492387319116,0.0,0.0
Urban,0.0,0.0,0.0,0.0,100.0,0.0,0.0
Water,0.0,0.0,0.0,0.0,0.0,100.0,0.0
Other,0.0,0.0,0.0,0.0,0.0,0.0,100.0
