from_label,Crops,TreeCrops,Forest,Grassland,Urban,Water,Other
Crops,99.8006965554728,0.0,0.06442131540273388,0.13286896301813864,0.0020131661063354338,0.0,0.0
TreeCrops,0.0,100.0,0.0,0.0,0.0,0.0,0.0
Forest,0.2321712627348123,0.0,99.3768290165507,0.38711400920427913,0.003885711510206064,0.0,0.0
Grassland,0.07448588888607145,0.0,0.09223571772700763,99.83169358724041,0.0015848061465121585,0.0,0.0
Urban,0.0,0.0,0.0,0.0,100.0,0.0,0.0
Water,0.0,0.0,0.0,0.0,0.0,100.0,0.0
Other,0.0,0.0,0.0,0.0,0.0,0.0,100.0
