from_label,Crops,TreeCrops,Forest,Grassland,Urban,Water,Other
Crops,99.80338088958159,0.0,0.10790073132717899,0.08871837909123606,0.0,0.0,0.0
TreeCrops,0.0,100.0,0.0,0.0,0.0,0.0,0.0
Forest,0.1865829289180702,0.0,99.63665429631745,0.1758492720525264,0.0009135027119611761,0.0,0.0
Grassland,0.08607038271061188,0.0,0.08741523244046517,99.82550574755153,0.0010086372973899828,0.0,0.0
Urban,0.0,0.0,0.0,0.0,100.0,0.0,0.0
Water,0.0,0.0,0.0,0.0,0.0,100.0,0.0
Other,0.0,0.0,0.0,0.0,0.0,0.0,100.0
