from_label,Crops,TreeCrops,Forest,Grassland,Urban,Water,Other
Crops,99.1971489779166,0.0,0.12813582397341183,0.6687088313612429,0.006006366748753679,0.0,0.0
TreeCrops,0.0,100.0,0.0,0.0,0.0,0.0,0.0
Forest,0.02488295348578773,0.0,99.35715010460504,0.6177253598364972,0.00024158207267755075,0.0,0.0
Grassland,0.0076665804176369685,0.0,0.1348040390101167,99.8562516171693,0.0012777634029394948,0.0,0.0
Urban,0.0,0.0,0.0,0.0,100.0,0.0,0.0
Water,0.0,0.0,0.0,0.0,0.0,100.0,0.0
Other,0.0,0.0,6.0606060606060606,24.242424242424242,0.0,0.0,69.6969696969697
