from_label,Crops,TreeCrops,Forest,Grassland,Urban,Water,Other
Crops,99.7869521627041,0.0,0.0787739902606703,0.13248352907476368,0.0017903179604697795,0.0,0.0
TreeCrops,0.0,100.0,0.0,0.0,0.0,0.0,0.0
Forest,0.08194940858197904,0.0,99.5821073833455,0.3359432080725104,0.0,0.0,0.0
Grassland,0.07850038933660841,0.0,0.09464361456308835,99.82527332696046,0.0015826691398509757,0.0,0.0
Urban,0.0,0.0,0.0,0.0,100.0,0.0,0.0
Water,0.0,0.0,0.0,0.0,0.0,100.0,0.0
Other,0.0,0.0,0.0,12.5,0.0,0.0,87.5
