from_label,Crops,TreeCrops,Forest,Grassland,Urban,Water,Other
Crops,99.82209827868064,0.0,0.06010193287816137,0.1153957111260698,0.0024040773151264546,0.0,0.0
TreeCrops,0.0,100.0,0.0,0.0,0.0,0.0,0.0
Forest,0.02986006797154404,0.0,99.7139359900436,0.25574806308452225,0.0004558789003289166,0.0,0.0
Grassland,0.017525589045158725,0.0,0.13211597895581192,99.84901030976478,0.001348122234242979,0.0,0.0
Urban,0.0,0.0,0.0,0.0,100.0,0.0,0.0
Water,0.0,0.0,0.0,0.0,0.0,100.0,0.0
Other,0.0,0.0,0.0,0.0,0.0,0.0,100.0
