from_label,Crops,TreeCrops,Forest,Grassland,Urban,Water,Other
Crops,99.81991445936819,0.0,0.06753207773692504,0.1100522748305445,0.002501188064330557,0.0,0.0
TreeCrops,0.0,100.0,0.0,0.0,0.0,0.0,0.0
Forest,0.028512657583348606,0.0,99.72143586122935,0.2495988993209009,0.0004525818664023589,0.0,0.0
Grassland,0.012535956171586747,0.0,0.1334909927460859,99.85227900295102,0.0016940481312955064,0.0,0.0
Urban,0.0,0.0,0.0,0.0,100.0,0.0,0.0
Water,0.0,0.0,0.0,0.0,0.0,100.0,0.0
Other,0.0,0.0,0.0,0.0,0.0,0.0,100.0
