from_label,Crops,TreeCrops,Forest,Grassland,Urban,Water,Other
Crops,99.80663590419688,0.0,0.08349813227862007,0.10986596352450011,0.0,0.0,0.0
TreeCrops,0.0,100.0,0.0,0.0,0.0,0.0,0.0
Forest,0.1264058600460247,0.0,99.64879544012854,0.22433567469706583,0.00046302512837371687,0.0,0.0
Grassland,0.05575178105240667,0.0,0.10382517309759566,99.84008920284968,0.0003338430003138124,0.0,0.0
Urban,0.0,0.0,0.0,0.0,100.0,0.0,0.0
Water,0.0,0.0,0.0,0.0,0.0,100.0,0.0
Other,0.0,0.0,0.0,0.0,0.0,0.0,100.0
