from_label,Crops,TreeCrops,Forest,Grassland,Urban,Water,Other
Crops,99.81543472360444,0.0,0.047046050845924184,0.13570976205555052,0.001809463494074007,0.0,0.0
TreeCrops,0.0,100.0,0.0,0.0,0.0,0.0,0.0
Forest,0.1337997913214264,0.0,99.36463511937642,0.5010740808936354,0.0004910084085189959,0.0,0.0
Grassland,0.04708622187155006,0.0,0.11612480393997143,99.83519822344957,0.0015907507389037183,0.0,0.0
Urban,0.0,0.0,0.0,0.0,100.0,0.0,0.0
Water,0.0,0.0,0.0,0.0,0.0,100.0,0.0
Other,0.0,0.0,0.0,46.666666666666664,0.0,0.0,53.333333333333336
