from_label,Crops,TreeCrops,Forest,Grassland,Urban,Water,Other
Crops,99.80825958702066,0.0,0.09587020648967551,0.09341199606686333,0.002458210422812193,0.0,0.0
TreeCrops,0.0,100.0,0.0,0.0,0.0,0.0,0.0
Forest,0.17363991536190512,0.0,99.63703803032334,0.1890947769386192,0.00022727737612814806,0.0,0.0
Grassland,0.07761014735804936,0.0,0.0944819185228427,99.82655819242594,0.001349741693183467,0.0,0.0
Urban,0.0,0.0,0.0,0.0,100.0,0.0,0.0
Water,0.0,0.0,0.0,0.0,0.0,100.0,0.0
Other,0.0,0.0,0.0,0.0,0.0,0.0,100.0
