from_label,Crops,TreeCrops,Forest,Grassland,Urban,Water,Other
Crops,98.20109055699943,0.0,0.232720107357013,1.5542985272384446,0.011890808405102855,0.0,0.0
TreeCrops,0.0,100.0,0.0,0.0,0.0,0.0,0.0
Forest,0.024809217120344552,0.0,99.31700225267691,0.6562037928331134,0.001984737369627564,0.0,0.0
Grassland,0.024448946155165078,0.0,0.12668999371312814,99.84759098500676,0.0012700751249436404,0.0,0.0
Urban,0.0,0.0,0.0,0.0,100.0,0.0,0.0
Water,0.0,0.0,0.0,0.0,0.0,100.0,0.0
Other,0.0,0.0,0.0,0.0,0.0,0.0,100.0
