from_label,Crops,TreeCrops,Forest,Grassland,Urban,Water,Other
Crops,99.78690283676153,0.0,0.03929451237021476,0.17229132346940318,0.001511327398854414,0.0,0.0
TreeCrops,0.0,100.0,0.0,0.0,0.0,0.0,0.0
Forest,0.028573032159968162,0.0,99.36322956900642,0.6079422824750369,0.0002551163585711443,0.0,0.0
Grassland,0.008785884848427798,0.0,0.12959180151431002,99.86005340562862,0.001568908008647821,0.0,0.0
Urban,0.0,0.0,0.0,0.0,100.0,0.0,0.0
Water,0.0,0.0,0.0,0.0,0.0,100.0,0.0
Other,16.666666666666664,0.0,0.0,0.0,0.0,0.0,83.33333333333334
