from_label,Crops,TreeCrops,Forest,Grassland,Urban,Water,Other
Crops,99.81758994219004,0.0,0.07015771454229107,0.11225234326766571,0.0,0.0,0.0
TreeCrops,0.0,100.0,0.0,0.0,0.0,0.0,0.0
Forest,0.04475657033034298,0.0,99.73782303164333,0.21720100307372328,0.0002193949525997205,0.0,0.0
Grassland,0.025899663304377044,0.0,0.12984831197194435,99.84285204292345,0.001399981800236597,0.0,0.0
Urban,0.0,0.0,0.0,0.0,100.0,0.0,0.0
Water,0.0,0.0,0.0,0.0,0.0,100.0,0.0
Other,0.0,0.0,0.0,0.0,0.0,0.0,100.0
