from_label,Crops,TreeCrops,Forest,Grassland,Urban,Water,Other
Crops,99.81034138550609,0.0,0.08484727490517069,0.10231583150329407,0.0024955080854461966,0.0,0.0
TreeCrops,0.0,100.0,0.0,0.0,0.0,0.0,0.0
Forest,0.11970101949902402,0.00022670647632390916,99.67014207694871,0.20925007764696812,0.0006801194289717275,0.0,0.0
Grassland,0.05272728501801516,0.0,0.10579256545281246,99.84012816786205,0.0013519816671285938,0.0,0.0
Urban,0.0,0.0,0.0,0.0,100.0,0.0,0.0
Water,0.0,0.0,0.0,0.0,0.0,100.0,0.0
Other,0.0,0.0,0.0,0.0,0.0,0.0,100.0
