from_label,Crops,TreeCrops,Forest,Grassland,Urban,Water,Other
Crops,100.0,0.0,0.0,0.0,0.0,0.0,0.0
TreeCrops,0.0,0.0,0.0,0.0,0.0,0.0,0.0
Forest,0.0,0.0,100.0,0.0,0.0,0.0,0.0
Grassland,0.0,0.0,0.0,99.23076923076923,0.7692307692307693,0.0,0.0
Urban,0.0,0.0,0.0,0.0,100.0,0.0,0.0
Water,0.0,0.0,0.0,0.0,0.0,100.0,0.0
Other,0.0,0.0,0.0,0.0,0.0,0.0,100.0
