from_label,Crops,TreeCrops,Forest,Grassland,Urban,Water,Other
Crops,99.85066053991959,0.12636415852958072,0.011487650775416428,0.0,0.0,0.0,0.011487650775416428
TreeCrops,0.07493443237167478,81.67853128512552,0.9366804046459348,17.291120269763958,0.0,0.0,0.018733608092918696
Forest,0.21626297577854672,1.8598615916955017,97.66435986159169,0.21626297577854672,0.0,0.0,0.043252595155709346
Grassland,0.014734050390452334,0.0,0.058936201561809336,99.85265949609547,0.029468100780904668,0.0,0.04420215117135701
Urban,0.0,0.0,0.0,0.0,100.0,0.0,0.0
Water,0.0,0.0,0.0,0.0,0.0,100.0,0.0
Other,0.0,0.0,0.0,0.04719207173194903,0.0,0.0,99.95280792826804
