from_label,Crops,TreeCrops,Forest,Grassland,Urban,Water,Other
Crops,99.89903522548799,0.02243661655822302,0.02243661655822302,0.01121830827911151,0.04487323311644604,0.0,0.0
TreeCrops,0.0,100.0,0.0,0.0,0.0,0.0,0.0
Forest,0.2807862013638187,12.154031287605296,86.68271159245889,0.601684717208183,0.1604492579221821,0.0,0.12033694344163659
Grassland,0.018615040953090096,25.4746835443038,0.08376768428890544,74.39501116902457,0.0,0.0,0.027922561429635145
Urban,0.0,0.0,0.0,0.0,100.0,0.0,0.0
Water,0.0,0.0,0.0,0.0,0.0,100.0,0.0
Other,0.0,0.0,0.0,0.14071294559099437,0.0,0.0,99.85928705440901
