from_label,Crops,TreeCrops,Forest,Grassland,Urban,Water,Other
Crops,99.90501068629779,0.0,0.03562099263832819,0.03562099263832819,0.011873664212776063,0.0,0.011873664212776063
TreeCrops,0.0,0.0,0.0,0.0,0.0,0.0,0.0
Forest,0.10968921389396709,0.0,99.56124314442413,0.3290676416819013,0.0,0.0,0.0
Grassland,0.02444589308996089,0.008148631029986962,0.11408083441981746,99.82073011734029,0.02444589308996089,0.0,0.008148631029986962
Urban,0.0,0.0,0.0,0.0,100.0,0.0,0.0
Water,0.0,0.0,0.0,0.0,0.0,100.0,0.0
Other,0.0,0.0,0.04873294346978557,0.09746588693957114,0.0,0.0,99.85380116959064
