from_label,Crops,TreeCrops,Forest,Grassland,Urban,Water,Other
Crops,99.95326010750175,0.0,0.011684973124561814,0.03505491937368544,0.0,0.0,0.0
TreeCrops,0.0,0.0,0.0,0.0,0.0,0.0,0.0
Forest,0.14732965009208102,0.0,99.52117863720073,0.3314917127071823,0.0,0.0,0.0
Grassland,0.08190008190008191,0.0,0.09828009828009827,99.77067977067978,0.02457002457002457,0.0,0.02457002457002457
Urban,0.0,0.0,0.0,0.0,100.0,0.0,0.0
Water,0.0,0.0,0.0,0.0,0.0,100.0,0.0
Other,0.09871668311944717,0.0,0.0,0.14807502467917077,0.04935834155972359,0.0,99.70384995064165
