from_label,Crops,TreeCrops,Forest,Grassland,Urban,Water,Other
Crops,96.12939208031233,3.84829894032348,0.011154489682097046,0.011154489682097046,0.0,0.0,0.0
TreeCrops,0.0,99.9756986634265,0.0,0.0,0.024301336573511544,0.0,0.0
Forest,0.12647554806070826,2.4873524451939293,97.25969645868466,0.12647554806070826,0.0,0.0,0.0
Grassland,1.0527683909539902,10.657655315830517,0.05198856251624642,88.13361060566676,0.05198856251624642,0.0,0.05198856251624642
Urban,0.0,0.0,0.0,0.0,100.0,0.0,0.0
Water,0.0,0.0,0.0,0.0,0.0,100.0,0.0
Other,0.14144271570014144,0.0,0.0,0.0942951438000943,0.04714757190004715,0.0,99.71711456859971
