from_label,Crops,TreeCrops,Forest,Grassland,Urban,Water,Other
Crops,99.92872416250891,0.0,0.047517224994060345,0.023758612497030172,0.0,0.0,0.0
TreeCrops,0.0,0.0,0.0,0.0,0.0,0.0,0.0
Forest,0.10917030567685589,0.0,99.70887918486171,0.1819505094614265,0.0,0.0,0.0
Grassland,0.040809663728370874,0.0,0.08161932745674175,99.82043747959517,0.0326477309826967,0.0,0.024485798237022526
Urban,0.0,0.0,0.0,0.0,100.0,0.0,0.0
Water,0.0,0.0,0.0,0.0,0.0,100.0,0.0
Other,0.04875670404680643,0.0,0.0,0.09751340809361286,0.04875670404680643,0.0,99.80497318381278
