from_label,Crops,TreeCrops,Forest,Grassland,Urban,Water,Other
Crops,99.95259540175397,0.0,0.011851149561507466,0.02370229912301493,0.011851149561507466,0.0,0.0
TreeCrops,0.0,0.0,0.0,0.0,0.0,0.0,0.0
Forest,0.10814708002883922,0.0,99.60346070656092,0.2883922134102379,0.0,0.0,0.0
Grassland,0.02464268112370626,0.0,0.03285690816494168,99.89321504846393,0.02464268112370626,0.0,0.02464268112370626
Urban,0.0,0.0,0.0,0.0,100.0,0.0,0.0
Water,0.0,0.0,0.0,0.0,0.0,100.0,0.0
Other,0.0,0.0,0.0,0.09760858955588092,0.04880429477794046,0.0,99.85358711566617
