from_label,Crops,TreeCrops,Forest,Grassland,Urban,Water,Other
Crops,99.94077934383513,0.0,0.035532393698922186,0.011844131232974061,0.011844131232974061,0.0,0.0
TreeCrops,0.0,0.0,0.0,0.0,0.0,0.0,0.0
Forest,0.2878733357322778,0.0,99.60417416336811,0.10795250089960418,0.0,0.0,0.0
Grassland,0.0165016501650165,0.0,0.057755775577557754,99.88448844884489,0.024752475247524754,0.0,0.0165016501650165
Urban,0.0,0.0,0.0,0.0,100.0,0.0,0.0
Water,0.0,0.0,0.0,0.0,0.0,100.0,0.0
Other,0.0,0.0,0.0,0.09727626459143969,0.0,0.0,99.90272373540856
