from_label,Crops,TreeCrops,Forest,Grassland,Urban,Water,Other
Crops,99.84986719020672,0.0,0.10393809908765446,0.023097355352812102,0.023097355352812102,0.0,0.0
TreeCrops,0.0,0.0,0.0,0.0,0.0,0.0,0.0
Forest,0.5023322569070686,0.0,99.21062073914604,0.2870470039468963,0.0,0.0,0.0
Grassland,0.7276419324815975,0.0,0.05076571621964633,99.17928758778238,0.016921905406548778,0.0,0.025382858109823166
Urban,0.0,0.0,0.0,0.0,100.0,0.0,0.0
Water,0.0,0.0,0.0,0.0,0.0,100.0,0.0
Other,0.0,0.0,0.0,0.14443909484833894,0.0,0.0,99.85556090515166
