from_label,Crops,TreeCrops,Forest,Grassland,Urban,Water,Other
Crops,99.89441576724542,0.0,0.07038948850305021,0.035194744251525106,0.0,0.0,0.0
TreeCrops,0.0,0.0,0.0,0.0,0.0,0.0,0.0
Forest,0.14847809948032664,0.0,99.55456570155901,0.2969561989606533,0.0,0.0,0.0
Grassland,0.08149295085975063,0.0,0.08149295085975063,99.78811832776465,0.02444788525792519,0.0,0.02444788525792519
Urban,0.0,0.0,0.0,0.0,100.0,0.0,0.0
Water,0.0,0.0,0.0,0.0,0.0,100.0,0.0
Other,0.04911591355599214,0.0,0.0,0.14734774066797643,0.04911591355599214,0.0,99.75442043222003
