from_label,Crops,TreeCrops,Forest,Grassland,Urban,Water,Other
Crops,99.53835227272727,0.0,0.11837121212121213,0.23674242424242425,0.059185606060606064,0.0,0.04734848484848485
TreeCrops,0.0,0.0,0.0,0.0,0.0,0.0,0.0
Forest,0.28797696184305255,0.0,99.46004319654428,0.21598272138228944,0.0,0.0,0.03599712023038157
Grassland,0.02476882430647292,0.0,0.016512549537648614,99.91743725231176,0.016512549537648614,0.0,0.02476882430647292
Urban,0.0,0.0,0.0,0.0,100.0,0.0,0.0
Water,0.0,0.0,0.0,0.0,0.0,100.0,0.0
Other,0.0,0.0,0.0,0.19455252918287938,0.0,0.0,99.80544747081711
