from_label,Crops,TreeCrops,Forest,Grassland,Urban,Water,Other
Crops,99.98850838887611,0.0,0.0,0.011491611123879567,0.0,0.0,0.0
TreeCrops,3.534209333937471,21.86225645672859,6.298142274580878,68.23742637063887,0.0,0.0,0.06796556411418216
Forest,0.8214440121054908,0.0,98.31387808041504,0.7782101167315175,0.0,0.0,0.08646779074794639
Grassland,0.012976901116013495,0.0,0.06488450558006749,99.88320788995588,0.02595380223202699,0.0,0.012976901116013495
Urban,0.0,0.0,0.0,0.0,100.0,0.0,0.0
Water,0.0,0.0,0.0,0.0,0.0,100.0,0.0
Other,0.0,0.0,0.0,0.09416195856873823,0.0,0.0,99.90583804143127
