from_label,Crops,TreeCrops,Forest,Grassland,Urban,Water,Other
Crops,97.58812615955473,0.0,0.13914656771799627,1.7857142857142856,0.057977736549165125,0.0,0.4290352504638219
TreeCrops,0.0,0.0,0.0,0.0,0.0,0.0,0.0
Forest,0.07320644216691069,0.0,99.59736456808199,0.2562225475841874,0.0,0.0,0.07320644216691069
Grassland,0.03300602359930688,0.0,0.01650301179965344,99.90098192920208,0.00825150589982672,0.0,0.04125752949913359
Urban,0.0,0.0,0.0,0.0,100.0,0.0,0.0
Water,0.0,0.0,0.0,0.0,0.0,100.0,0.0
Other,0.0,0.0,0.0,0.19880715705765406,0.0,0.0,99.80119284294234
