from_label,Crops,TreeCrops,Forest,Grassland,Urban,Water,Other
Crops,99.90645463049579,0.0,0.05846585594013096,0.035079513564078575,0.0,0.0,0.0
TreeCrops,0.0,0.0,0.0,0.0,0.0,0.0,0.0
Forest,0.11082379017362395,0.0,99.63058736608792,0.25858884373845586,0.0,0.0,0.0
Grassland,0.081799591002045,0.0,0.09815950920245399,99.77096114519426,0.024539877300613498,0.0,0.024539877300613498
Urban,0.0,0.0,0.0,0.0,100.0,0.0,0.0
Water,0.0,0.0,0.0,0.0,0.0,100.0,0.0
Other,0.04928536224741252,0.0,0.04928536224741252,0.14785608674223755,0.04928536224741252,0.0,99.70428782651553
