from_label,Crops,TreeCrops,Forest,Grassland,Urban,Water,Other
Crops,99.27466396145067,0.5742948121847437,0.037760306591146056,0.06988474652689718,0.015780426635105812,0.0,0.027615746611435173
TreeCrops,0.6847929729261175,68.24236470282297,2.536912363835996,28.49547805484123,0.011557687306769916,0.0,0.028894218266924787
Forest,0.4738597141241395,1.9831906554084358,97.06908991634329,0.3919580351397204,0.04875099939548761,0.0,0.03315067958893157
Grassland,0.5632636363182814,4.949136645064085,0.07982478459780781,94.34541182105279,0.02943538932044163,0.0,0.03292772364659572
Urban,0.0,0.0,0.0,0.0,100.0,0.0,0.0
Water,0.0,0.0,0.0,0.0,0.0,100.0,0.0
Other,0.030954591994666283,0.0,0.0,0.13096173536204966,0.014286734766769057,0.0,99.82379693787652
