from_label,Crops,TreeCrops,Forest,Grassland,Urban,Water,Other
Crops,99.9168744804655,0.0,0.05937537109606934,0.01187507421921387,0.01187507421921387,0.0,0.0
TreeCrops,0.0,0.0,0.0,0.0,0.0,0.0,0.0
Forest,0.07262164124909223,0.0,99.70951343500363,0.2178649237472767,0.0,0.0,0.0
Grassland,0.024511806520140532,0.0,0.06536481738704142,99.86927036522592,0.016341204346760355,0.0,0.024511806520140532
Urban,0.0,0.0,0.0,0.0,100.0,0.0,0.0
Water,0.0,0.0,0.0,0.0,0.0,100.0,0.0
Other,0.0,0.0,0.0,0.0975609756097561,0.0,0.0,99.90243902439025
