from_label,Crops,TreeCrops,Forest,Grassland,Urban,Water,Other
Crops,99.91700260848944,0.0,0.04742708086317288,0.01185677021579322,0.02371354043158644,0.0,0.0
TreeCrops,0.0,0.0,0.0,0.0,0.0,0.0,0.0
Forest,0.18037518037518038,0.0,99.53102453102453,0.2886002886002886,0.0,0.0,0.0
Grassland,0.016451427161306244,0.0,0.06580570864522498,99.86838858270956,0.024677140741959362,0.0,0.024677140741959362
Urban,0.0,0.0,0.0,0.0,100.0,0.0,0.0
Water,0.0,0.0,0.0,0.0,0.0,100.0,0.0
Other,0.0,0.0,0.0,0.04873294346978557,0.0,0.0,99.95126705653021
