from_label,Crops,TreeCrops,Forest,Grassland,Urban,Water,Other
Crops,99.83433913146374,0.0,0.09466335344929594,0.04733167672464797,0.023665838362323985,0.0,0.0
TreeCrops,0.0,0.0,0.0,0.0,0.0,0.0,0.0
Forest,0.2878733357322778,0.0,99.38826916156891,0.2878733357322778,0.0,0.0,0.035984166966534725
Grassland,0.04963189676565473,0.0,0.04963189676565473,99.81801637852593,0.03308793117710315,0.0,0.04963189676565473
Urban,0.0,0.0,0.0,0.0,100.0,0.0,0.0
Water,0.0,0.0,0.0,0.0,0.0,100.0,0.0
Other,0.0,0.0,0.0,0.1941747572815534,0.0,0.0,99.80582524271846
