from_label,Crops,TreeCrops,Forest,Grassland,Urban,Water,Other
Crops,99.97624703087887,0.0,0.011876484560570071,0.0,0.011876484560570071,0.0,0.0
TreeCrops,0.0,0.0,0.0,0.0,0.0,0.0,0.0
Forest,0.14414414414414414,0.0,99.56756756756758,0.2882882882882883,0.0,0.0,0.0
Grassland,0.016485328058028353,0.0,0.08242664029014178,99.85163204747775,0.03297065611605671,0.0,0.016485328058028353
Urban,0.0,0.0,0.0,0.0,100.0,0.0,0.0
Water,0.0,0.0,0.0,0.0,0.0,100.0,0.0
Other,0.0,0.0,0.0,0.0970873786407767,0.0,0.0,99.90291262135922
