from_label,Crops,TreeCrops,Forest,Grassland,Urban,Water,Other
Crops,99.86049755870727,0.0,0.10462683096954196,0.011625203441060218,0.023250406882120437,0.0,0.0
TreeCrops,0.0,0.0,0.0,0.0,0.0,0.0,0.0
Forest,0.8288288288288289,0.0,99.02702702702703,0.14414414414414414,0.0,0.0,0.0
Grassland,0.03356549467147772,0.0,0.05873961567508601,99.85734664764621,0.02517412100360829,0.0,0.02517412100360829
Urban,0.0,0.0,0.0,0.0,100.0,0.0,0.0
Water,0.0,0.0,0.0,0.0,0.0,100.0,0.0
Other,0.0,0.0,0.0,0.09675858732462506,0.0,0.0,99.90324141267537
