from_label,Crops,TreeCrops,Forest,Grassland,Urban,Water,Other
Crops,99.91859518548668,0.0,0.04651703686475171,0.03488777764856379,0.0,0.0,0.0
TreeCrops,0.0,0.0,0.0,0.0,0.0,0.0,0.0
Forest,0.25688073394495414,0.0,99.5229357798165,0.22018348623853212,0.0,0.0,0.0
Grassland,0.08227743952608195,0.0,0.09050518347869015,99.77785091327958,0.024683231857824586,0.0,0.024683231857824586
Urban,0.0,0.0,0.0,0.0,100.0,0.0,0.0
Water,0.0,0.0,0.0,0.0,0.0,100.0,0.0
Other,0.04957858205255329,0.0,0.04957858205255329,0.1487357461576599,0.04957858205255329,0.0,99.70252850768469
