from_label,Crops,TreeCrops,Forest,Grassland,Urban,Water,Other
Crops,99.95248841905214,0.0,0.03563368571089203,0.011877895236964009,0.0,0.0,0.0
TreeCrops,0.0,0.0,0.0,0.0,0.0,0.0,0.0
Forest,0.14498006524102935,0.0,99.60130482058716,0.25371511417180137,0.0,0.0,0.0
Grassland,0.13080444735120994,0.0,0.11445389143230869,99.68116415958143,0.0408763897972531,0.0,0.032701111837802485
Urban,0.0,0.0,0.0,0.0,100.0,0.0,0.0
Water,0.0,0.0,0.0,0.0,0.0,100.0,0.0
Other,0.09751340809361286,0.0,0.0,0.14627011214041932,0.04875670404680643,0.0,99.70745977571916
