from_label,Crops,TreeCrops,Forest,Grassland,Urban,Water,Other
Crops,99.88793006836266,0.0,0.0784489521461392,0.022413986327468337,0.011206993163734169,0.0,0.0
TreeCrops,0.0,0.0,0.0,0.0,0.0,0.0,0.0
Forest,0.9768451519536903,0.0,98.73371924746743,0.1808972503617945,0.10853835021707671,0.0,0.0
Grassland,0.6314332670184241,0.0,0.07784793702966872,99.23017040048438,0.0345990831242972,0.0,0.025949312343222904
Urban,0.0,0.0,0.0,0.0,100.0,0.0,0.0
Water,0.0,0.0,0.0,0.0,0.0,100.0,0.0
Other,0.0,0.0,0.0,0.09633911368015415,0.04816955684007707,0.0,99.85549132947978
