from_label,Crops,TreeCrops,Forest,Grassland,Urban,Water,Other
Crops,99.04943873895391,0.0,0.10031048483401003,0.8359207069500836,0.009553379508000956,0.0,0.004776689754000478
TreeCrops,0.024850894632206758,97.60188866799204,0.4224652087475149,1.9259443339960238,0.012425447316103379,0.0,0.012425447316103379
Forest,0.1117798796216681,0.008598452278589854,99.10576096302665,0.7609630266552021,0.01289767841788478,0.0,0.0
Grassland,2.535159141376758,0.02775721687638786,1.7024426350851223,95.54034048852702,0.1295336787564767,0.0,0.06476683937823835
Urban,0.4216444132115249,0.0,0.07027406886858749,0.6676036542515812,98.84047786366831,0.0,0.0
Water,0.0,0.0,0.0,0.0,0.0,100.0,0.0
Other,0.28653295128939826,0.0,2.005730659025788,6.017191977077363,0.0,0.0,91.69054441260745
