from_label,Crops,TreeCrops,Forest,Grassland,Urban,Water,Other
Crops,98.6636692893718,0.0,0.09158652845426918,1.215603014029391,0.016652096082594398,0.0,0.012489072061945796
TreeCrops,0.0,99.33184855233853,0.059391239792130665,0.5939123979213066,0.014847809948032666,0.0,0.0
Forest,0.057454754380925024,0.033515273388872925,99.28181557023844,0.6128507133965335,0.014363688595231256,0.0,0.0
Grassland,0.954424061993783,0.008756184054988835,0.8187032091414562,97.99921194343504,0.11383039271485487,0.0,0.10507420865986603
Urban,0.0,0.0,0.041390728476821195,0.9105960264900662,99.04801324503312,0.0,0.0
Water,0.0,0.0,0.0,0.0,0.0,100.0,0.0
Other,0.6451612903225806,0.0,0.0,10.967741935483872,0.0,0.0,88.38709677419355
