from_label,Crops,TreeCrops,Forest,Grassland,Urban,Water,Other
Crops,98.58449649081302,0.0,0.09068685434902611,1.3011592145729831,0.01971453355413611,0.0,0.003942906710827222
TreeCrops,0.0,99.70051340559041,0.08556759840273817,0.19965772960638906,0.014261266400456359,0.0,0.0
Forest,0.05468555804126274,0.019885657469550087,99.29903057419835,0.6164553815560527,0.009942828734775044,0.0,0.0
Grassland,1.081275905568571,0.009010632546404758,0.7749143989908092,97.93205983060011,0.1486754370156785,0.0,0.05406379527842854
Urban,0.0,0.044444444444444446,0.044444444444444446,1.1555555555555554,98.75555555555555,0.0,0.0
Water,0.0,0.0,0.0,0.0,0.0,100.0,0.0
Other,0.0,0.0,0.0,15.126050420168067,0.0,0.0,84.87394957983193
