from_label,Crops,TreeCrops,Forest,Grassland,Urban,Water,Other
Crops,99.09446191974072,0.0,0.061957868649318466,0.8340482318177486,0.0047659898961014205,0.0,0.0047659898961014205
TreeCrops,0.061561191824673726,90.16252154641714,1.206599359763605,8.45850775671017,0.036936715094804236,0.0,0.07387343018960847
Forest,0.13504958852078497,0.0,99.1728212703102,0.6794682422451994,0.012660898923823593,0.0,0.0
Grassland,2.516738686547319,0.0047485635595232445,1.9564081865235765,95.25618500403627,0.2041882330594995,0.0,0.06173132627380217
Urban,0.42134831460674155,0.0,0.21067415730337077,1.1235955056179776,98.20926966292134,0.0,0.0351123595505618
Water,0.0,0.0,0.0,0.0,0.0,100.0,0.0
Other,0.0,0.0,2.0114942528735633,4.885057471264368,0.0,0.0,93.10344827586206
