from_label,Crops,TreeCrops,Forest,Grassland,Urban,Water,Other
Crops,99.08550956915244,0.0,0.0659941548034317,0.820213066842651,0.018855472800980485,0.0,0.009427736400490242
TreeCrops,0.010402579839800271,95.5997087277645,0.6865702694268178,3.6305003640902944,0.062415479038801625,0.0,0.010402579839800271
Forest,0.05140427122762746,0.018692462264591803,99.1915510070564,0.7336791438852284,0.004673115566147951,0.0,0.0
Grassland,0.7181410666910621,0.06861220382398682,0.93770011892782,98.05598755832037,0.1463727014911719,0.0,0.07318635074558595
Urban,0.0,0.0,0.0,0.036603221083455345,99.96339677891655,0.0,0.0
Water,0.0,0.0,0.0,0.0,0.0,100.0,0.0
Other,0.0,0.8547008547008548,0.0,1.7094017094017095,0.0,0.0,97.43589743589743
