from_label,Crops,TreeCrops,Forest,Grassland,Urban,Water,Other
Crops,99.2429456297316,0.009176416609314062,0.0871759577884836,0.6331727460426704,0.009176416609314062,0.0,0.018352833218628125
TreeCrops,0.28061735818801364,95.81078372419323,0.04008819402685909,3.6881138504710362,0.08017638805371818,0.0,0.10022048506714773
Forest,0.05314365137764696,0.00408797318289592,99.292780639359,0.6418117897146595,0.00817594636579184,0.0,0.0
Grassland,0.8255659121171771,0.00887705281846427,0.8610741233910343,97.94496227252553,0.17310252996005326,0.0,0.18641810918774968
Urban,0.1387443635102324,0.0,0.1387443635102324,1.1446409989594173,98.57787027402011,0.0,0.0
Water,0.0,0.0,0.0,0.0,0.0,100.0,0.0
Other,0.0,0.0,0.0,1.7721518987341773,0.0,0.0,98.22784810126582
