from_label,Crops,TreeCrops,Forest,Grassland,Urban,Water,Other
Crops,99.0419557317476,0.0,0.0896691679645099,0.8400585209306717,0.014158289678606824,0.0,0.014158289678606824
TreeCrops,0.010856584518510477,96.39561393985451,0.30398436651829336,3.256975355553143,0.0,0.0,0.03256975355553143
Forest,0.055785412114732,0.023243921714471667,99.0934870531356,0.8135372600065083,0.009297568685788666,0.0,0.004648784342894333
Grassland,0.8453123587379079,0.031642708615857516,0.5560075942500678,98.44950727782297,0.06780580417683754,0.0,0.049724256396347526
Urban,0.0,0.0,0.0,0.0,100.0,0.0,0.0
Water,0.0,0.0,0.0,0.0,0.0,100.0,0.0
Other,0.0,0.0,0.0,0.0,0.0,0.0,100.0
