from_label,Crops,TreeCrops,Forest,Grassland,Urban,Water,Other
Crops,98.96646063430946,0.0,0.1013273887931908,0.9068801296990576,0.01013273887931908,0.0,0.01519910831897862
TreeCrops,0.11432926829268292,74.92378048780488,3.0614837398373984,21.84959349593496,0.025406504065040653,0.0,0.025406504065040653
Forest,0.05089764945400703,0.0,99.05145289653896,0.8837682768832131,0.013881177123820101,0.0,0.0
Grassland,0.5157569850552306,0.0,0.8203378817413904,98.49740090968162,0.09340480831708901,0.0,0.07309941520467836
Urban,0.1400070003500175,0.0,0.0,1.0150507525376269,98.80994049702485,0.0,0.03500175008750438
Water,0.0,0.0,0.0,0.0,0.0,100.0,0.0
Other,0.2849002849002849,0.0,0.2849002849002849,1.9943019943019942,0.0,0.0,97.43589743589743
