from_label,Crops,TreeCrops,Forest,Grassland,Urban,Water,Other
Crops,98.95715896279594,0.0,0.07046223224351747,0.9488913942127021,0.018789928598271326,0.0,0.004697482149567831
TreeCrops,0.0,99.65576592082617,0.12908777969018934,0.15060240963855423,0.0,0.0,0.06454388984509467
Forest,0.05159958720330237,0.07974481658692185,99.17440660474716,0.680176376770804,0.014072614691809739,0.0,0.0
Grassland,1.0094665530082103,0.6909237740589529,0.9690878908878819,97.17798016959038,0.1166494683476154,0.0,0.03589214410695859
Urban,0.0,0.0,0.0,0.11202389843166542,99.88797610156833,0.0,0.0
Water,0.0,0.0,0.0,0.0,0.0,100.0,0.0
Other,0.0,0.0,0.0,0.0,0.0,0.0,100.0
