from_label,Crops,TreeCrops,Forest,Grassland,Urban,Water,Other
Crops,99.0838516804089,0.004821833261005834,0.11572399826414004,0.790780654804957,0.0,0.0,0.004821833261005834
TreeCrops,0.025144581342720643,99.57254211717374,0.10057832537088257,0.26401810409856674,0.025144581342720643,0.0,0.012572290671360321
Forest,0.06514657980456026,0.08251900108577633,99.1313789359392,0.7079261672095548,0.013029315960912051,0.0,0.0
Grassland,1.6460160983992043,0.47481233607669354,1.7861987880980374,95.92565795423712,0.09044044496698923,0.0,0.07687437822194085
Urban,0.17500875043752187,0.07000350017500875,0.03500175008750438,0.9800490024501224,98.73993699684985,0.0,0.0
Water,0.0,0.0,0.0,0.0,0.0,100.0,0.0
Other,0.0,0.273972602739726,1.9178082191780823,7.397260273972603,0.0,0.0,90.41095890410958
