from_label,Crops,TreeCrops,Forest,Grassland,Urban,Water,Other
Crops,99.00255252307089,0.0,0.06283133712939327,0.9228352640879638,0.011780875711761242,0.0,0.0
TreeCrops,0.0,99.11541701769167,0.1825329963493401,0.7020499859590003,0.0,0.0,0.0
Forest,0.04007212983370066,0.025045081146062916,99.25365658184732,0.6762171909436987,0.005009016229212583,0.0,0.0
Grassland,1.1099079588521927,0.009023641941887746,0.7083558924381881,97.94260963724959,0.1534019130120917,0.0,0.07670095650604584
Urban,0.0,0.04504504504504504,0.0,1.2612612612612613,98.69369369369369,0.0,0.0
Water,0.0,0.0,0.0,0.0,0.0,100.0,0.0
Other,0.0,0.0,0.0,15.966386554621847,0.0,0.0,84.03361344537815
