from_label,Crops,TreeCrops,Forest,Grassland,Urban,Water,Other
Crops,98.46110800223839,0.0,0.09992805180270206,1.4149812135262612,0.01998561036054041,0.0,0.003997122072108082
TreeCrops,0.0,99.55363570914328,0.12958963282937366,0.3167746580273578,0.0,0.0,0.0
Forest,0.05914243469689502,0.03449975357318876,99.32479053721045,0.5717102020699852,0.009857072449482505,0.0,0.0
Grassland,1.0663454245304065,0.004461696336947308,0.7584883772810422,97.95208138134119,0.13385089010841922,0.0,0.08477223040199884
Urban,0.0,0.0,0.043859649122807015,1.2280701754385965,98.7280701754386,0.0,0.0
Water,0.0,0.0,0.0,0.0,0.0,100.0,0.0
Other,0.0,0.0,0.0,7.4074074074074066,0.0,0.0,92.5925925925926
