from_label,Crops,TreeCrops,Forest,Grassland,Urban,Water,Other
Crops,98.68590258800836,0.0,0.08439157691689439,1.209612602475486,0.016074586079408457,0.0,0.004018646519852114
TreeCrops,0.0,99.55215255706443,0.23114706732158338,0.20225368390638546,0.014446691707598961,0.0,0.0
Forest,0.049120738775911194,0.014736221632773355,99.27792513999411,0.6483937518420276,0.009824147755182238,0.0,0.0
Grassland,1.0586246775197936,0.008896005693443645,0.6583044213148297,98.10070278444978,0.13788808824837648,0.0,0.03558402277377458
Urban,0.0,0.0,0.0,0.9615384615384616,99.03846153846155,0.0,0.0
Water,0.0,0.0,0.0,0.0,0.0,100.0,0.0
Other,0.0,0.0,0.0,15.0,0.0,0.0,85.0
