from_label,Crops,TreeCrops,Forest,Grassland,Urban,Water,Other
Crops,98.60180359063456,0.0,0.0910068668817738,1.2865061636468933,0.020683378836766773,0.0,0.0
TreeCrops,0.014654161781946071,99.38452520515827,0.20515826494724504,0.3810082063305979,0.014654161781946071,0.0,0.0
Forest,0.06262344043547377,0.028903126354834045,99.28705621658077,0.6166000289031264,0.004817187725805675,0.0,0.0
Grassland,1.0357236899850786,0.008777319406653208,0.807513385412095,97.96805055735979,0.11849381198981832,0.0,0.06144123584657246
Urban,0.0,0.0,0.04189359028068705,0.9635525764558024,98.99455383326351,0.0,0.0
Water,0.0,0.0,0.0,0.0,0.0,100.0,0.0
Other,0.0,0.0,0.0,0.8064516129032258,0.0,0.0,99.19354838709677
