from_label,Crops,TreeCrops,Forest,Grassland,Urban,Water,Other
Crops,98.83165701513767,0.025398760540485624,0.13207355481052527,0.9702326526465509,0.0203190084323885,0.0,0.0203190084323885
TreeCrops,0.0678195998643608,99.57612750084775,0.084774499830451,0.254323499491353,0.0,0.0,0.0169548999660902
Forest,0.03657811714142015,0.7224178135430479,98.47743587398838,0.7544236660417905,0.009144529285355037,0.0,0.0
Grassland,0.6747536012130402,5.67475360121304,1.5200909780136467,91.87642153146322,0.19711902956785443,0.0,0.05686125852918878
Urban,0.14020329477742727,0.0,0.07010164738871363,1.5422362425517,98.24745881528216,0.0,0.0
Water,0.0,0.0,0.0,0.0,0.0,100.0,0.0
Other,0.546448087431694,0.0,1.912568306010929,6.830601092896176,0.0,0.0,90.7103825136612
