from_label,Crops,TreeCrops,Forest,Grassland,Urban,Water,Other
Crops,98.69470927615697,0.0,0.07365276811653504,1.2152706739228283,0.016367281803674454,0.0,0.0
TreeCrops,0.0,99.79520187244002,0.04388531304856641,0.11702750146284377,0.029256875365710942,0.0,0.014628437682855471
Forest,0.05828354946816262,0.02914177473408131,99.33945310602749,0.5634076448589053,0.009713924911360436,0.0,0.0
Grassland,1.0552233556102708,0.04396763981709462,0.7694336967991557,98.00826591628561,0.11871262750615547,0.0,0.004396763981709462
Urban,0.0,0.0,0.0,1.1130136986301369,98.88698630136986,0.0,0.0
Water,0.0,0.0,0.0,0.0,0.0,100.0,0.0
Other,0.0,0.0,0.0,3.6363636363636362,0.0,0.0,96.36363636363636
