from_label,Crops,TreeCrops,Forest,Grassland,Urban,Water,Other
Crops,99.3304181470347,0.0,0.0455497859160062,0.6012571740912818,0.0045549785916006195,0.0,0.018219914366402478
TreeCrops,0.04316857327865314,98.12216706237858,0.06475285991797972,1.6404057845888191,0.06475285991797972,0.0,0.06475285991797972
Forest,0.13028785472904197,0.0,99.08391352143643,0.7735841374536867,0.012214486380847685,0.0,0.0
Grassland,0.6041490826706943,0.0,0.47976544800319837,98.69397183599129,0.10217227133401449,0.0,0.11994136200079959
Urban,0.3100241129865656,0.0,0.17223561832586978,0.20668274199104375,99.27661040303136,0.0,0.03444712366517396
Water,0.0,0.0,0.0,0.0,0.0,100.0,0.0
Other,1.8292682926829267,0.0,0.0,0.0,0.0,0.0,98.17073170731707
