from_label,Crops,TreeCrops,Forest,Grassland,Urban,Water,Other
Crops,98.78223218772953,0.0,0.07345266169250396,1.1249855027641396,0.015463718251053466,0.0,0.0038659295627633664
TreeCrops,0.0,98.96978021978022,0.12362637362637362,0.8928571428571428,0.013736263736263736,0.0,0.0
Forest,0.055780933062880324,0.010141987829614604,99.26977687626774,0.6541582150101419,0.010141987829614604,0.0,0.0
Grassland,1.0916731375325446,0.027406020189101536,0.6897181747590554,97.95825149591192,0.15073311104005846,0.0,0.08221806056730462
Urban,0.0,0.04591368227731864,0.0,1.3314967860422406,98.62258953168043,0.0,0.0
Water,0.0,0.0,0.0,0.0,0.0,100.0,0.0
Other,0.0,0.0,0.0,14.655172413793101,0.0,0.0,85.34482758620689
