from_label,Crops,TreeCrops,Forest,Grassland,Urban,Water,Other
Crops,99.51480752506065,0.0,0.05950473749256191,0.4073785874490777,0.004577287499427839,0.0,0.013731862498283516
TreeCrops,0.08359456635318704,96.80250783699059,0.06269592476489029,2.884012539184953,0.08359456635318704,0.0,0.08359456635318704
Forest,0.069365105271748,0.004080300310102824,99.34307165007344,0.5671617431042925,0.016321201240411295,0.0,0.0
Grassland,0.8279465155406004,0.0,0.8545116443814752,97.80837687062782,0.1903834233596033,0.0,0.3187815460904985
Urban,0.17307026652821045,0.0,0.17307026652821045,0.9691934925579786,98.6846659743856,0.0,0.0
Water,0.0,0.0,0.0,0.0,0.0,100.0,0.0
Other,0.0,0.0,0.0,5.922551252847381,0.0,0.0,94.07744874715262
