from_label,Crops,TreeCrops,Forest,Grassland,Urban,Water,Other
Crops,98.74656907593778,0.0,0.05489478499542544,1.171088746569076,0.01372369624885636,0.0,0.01372369624885636
TreeCrops,0.00969274013763691,99.75768149655909,0.14539110206455366,0.06784918096345836,0.01938548027527382,0.0,0.0
Forest,0.02868068833652008,0.02390057361376673,99.2112810707457,0.7217973231357553,0.01434034416826004,0.0,0.0
Grassland,0.9713749413420928,0.10793054903801033,0.7179727827311122,97.93993430314406,0.1313937118723604,0.0,0.1313937118723604
Urban,0.0,0.04046944556859571,0.0,0.48563334682314846,99.47389720760825,0.0,0.0
Water,0.0,0.0,0.0,0.0,0.0,100.0,0.0
Other,1.1363636363636365,0.0,0.0,3.977272727272727,0.0,0.0,94.88636363636364
