from_label,Crops,TreeCrops,Forest,Grassland,Urban,Water,Other
Crops,99.52668832426153,0.0,0.0602396678212603,0.27968417202727996,0.051634000989651686,0.0,0.08175383490028183
TreeCrops,0.0,99.65986394557824,0.12755102040816327,0.21258503401360546,0.0,0.0,0.0
Forest,0.0148720999405116,0.0,99.44973230220107,0.5205234979179061,0.0,0.0,0.0148720999405116
Grassland,0.02402190072156351,0.0,0.06753326806628232,99.3382646216324,0.01631676275426955,0.0,0.5538634468254832
Urban,0.0,0.0,0.0,0.0,100.0,0.0,0.0
Water,0.0,0.0,0.0,0.0,0.0,100.0,0.0
Other,0.005826675816705726,0.0,0.0,0.027838562235371806,0.001294816848156828,0.0,99.96503994509976
