from_label,Crops,TreeCrops,Forest,Grassland,Urban,Water,Other
Crops,99.3600721045516,0.5205047318611987,0.018026137899954935,0.07886435331230283,0.01577287066246057,0.0,0.0067598017124831
TreeCrops,0.0,100.0,0.0,0.0,0.0,0.0,0.0
Forest,0.0,0.07093204709887928,99.4751028514683,0.4539651014328273,0.0,0.0,0.0
Grassland,0.030626611325446598,0.0018284544074893493,0.06079610904902086,99.84778117057651,0.040225996964765684,0.0,0.01874165767676583
Urban,0.0,0.0,0.0,0.0,100.0,0.0,0.0
Water,0.0,0.0,0.0,0.0,0.0,100.0,0.0
Other,0.02231943576466387,0.0,0.000637698164704682,0.1307281237644598,0.014029359623503004,0.0,99.83228538268267
