from_label,Crops,TreeCrops,Forest,Grassland,Urban,Water,Other
Crops,99.92191621821252,0.0,0.006331117442228554,0.04220744961485702,0.006331117442228554,0.0,0.02321409728817136
TreeCrops,0.0,100.0,0.0,0.0,0.0,0.0,0.0
Forest,0.0,0.0,99.63541666666667,0.3125,0.0,0.0,0.052083333333333336
Grassland,0.03251172589580642,0.0,0.06242251371994833,98.83304578517985,0.04421594721829673,0.0,1.0278040279860936
Urban,0.0,0.0,0.0,0.0,100.0,0.0,0.0
Water,0.0,0.0,0.0,0.0,0.0,100.0,0.0
Other,0.0006903312209197973,0.0,0.0,0.0262325863949523,0.0006903312209197973,0.0,99.97238675116321
