from_label,Crops,TreeCrops,Forest,Grassland,Urban,Water,Other
Crops,99.86726782403505,0.0,0.016854879487611663,0.0800606775661554,0.025282319231417494,0.0,0.010534299679757289
TreeCrops,0.0,99.52019192323071,0.19992003198720512,0.2798880447820872,0.0,0.0,0.0
Forest,0.0,0.0,98.78436506452216,1.215634935477838,0.0,0.0,0.0
Grassland,0.017569571216757087,0.0,0.04499524335998766,99.91600887906135,0.0064278919085696655,0.0,0.01499841445332922
Urban,0.0,0.0,0.0,0.0,100.0,0.0,0.0
Water,0.0,0.0,0.0,0.0,0.0,100.0,0.0
Other,0.00910077356575309,0.0,0.0042003570303475795,0.10430886625363155,0.011200952080926878,0.0,99.87118905106934
