from_label,Crops,TreeCrops,Forest,Grassland,Urban,Water,Other
Crops,99.88386561592701,0.0,0.006221484861053505,0.09954375777685608,0.004147656574035669,0.0,0.006221484861053505
TreeCrops,0.0,99.89799387963278,0.0,0.10200612036722204,0.0,0.0,0.0
Forest,0.0,0.0,99.43502824858757,0.5649717514124294,0.0,0.0,0.0
Grassland,0.01522533495736906,0.0004350095702105446,0.01870541151905342,99.94475378458326,0.003915086131894901,0.0,0.01696537323821124
Urban,0.0,0.0,0.0,0.0,100.0,0.0,0.0
Water,0.0,0.0,0.0,0.0,0.0,100.0,0.0
Other,0.0278873622636376,0.0,0.0034008978370289756,0.5951571214800708,0.0,0.0,99.37355461841926
