from_label,Crops,TreeCrops,Forest,Grassland,Urban,Water,Other
Crops,99.74534357571294,0.0,0.03577817531305903,0.16626328527833317,0.042091970956540034,0.0,0.010522992739135009
TreeCrops,0.0,99.76124154397135,0.07958615200955034,0.15917230401910068,0.0,0.0,0.0
Forest,0.0,0.0,99.15834801330985,0.8416519866901546,0.0,0.0,0.0
Grassland,0.02272444678834965,0.0,0.04802147245839925,99.88895034493996,0.023581973082249633,0.0,0.01672176273104974
Urban,0.0,0.0,0.0,0.0,100.0,0.0,0.0
Water,0.0,0.0,0.0,0.0,0.0,100.0,0.0
Other,0.008371820452357365,0.0,0.008371820452357365,0.09697358690647281,0.0,0.0,99.88628277218882
