from_label,Crops,TreeCrops,Forest,Grassland,Urban,Water,Other
Crops,99.89624618704738,0.0,0.006225228777157562,0.08507812662115333,0.0020750762590525202,0.0,0.010375381295262602
TreeCrops,0.0,99.39106901217862,0.16914749661705006,0.40595399188092013,0.03382949932341001,0.0,0.0
Forest,0.0,0.0,99.45341614906832,0.5465838509316769,0.0,0.0,0.0
Grassland,0.011808905664338417,0.0013121006293709352,0.016182574428908202,99.94751597482517,0.00568576939394072,0.0,0.017494675058279136
Urban,0.0,0.0,0.0,0.0,100.0,0.0,0.0
Water,0.0,0.0,0.0,0.0,0.0,100.0,0.0
Other,0.03505578589004618,0.0,0.015505443759058888,0.8656082515926788,0.0006741497286547342,0.0,99.08315636902955
