from_label,Crops,TreeCrops,Forest,Grassland,Urban,Water,Other
Crops,99.87927732911498,0.0020814253600865873,0.010407126800432936,0.08741986512363667,0.004162850720173175,0.0,0.0166514028806927
TreeCrops,0.0,99.82517482517483,0.0,0.1048951048951049,0.06993006993006994,0.0,0.0
Forest,0.04677268475210477,0.07015902712815715,99.04115996258184,0.841908325537886,0.0,0.0,0.0
Grassland,0.03070920973525201,0.0021626204038909867,0.03589949870459038,99.91133256344047,0.0038927167270037762,0.0,0.0160033909887933
Urban,0.0,0.0,0.0,0.0,100.0,0.0,0.0
Water,0.0,0.0,0.0,0.0,0.0,100.0,0.0
Other,0.009609312796859127,0.0,0.002059138456469813,0.08579743568624221,0.0,0.0,99.90253411306043
