from_label,Crops,TreeCrops,Forest,Grassland,Urban,Water,Other
Crops,99.88153382521044,0.0,0.004156707887353216,0.041567078873532164,0.002078353943676608,0.0,0.07066403408500468
TreeCrops,0.0,99.85959985959985,0.0702000702000702,0.0702000702000702,0.0,0.0,0.0
Forest,0.0,0.0,99.07906558849955,0.5840071877807728,0.0,0.0,0.3369272237196766
Grassland,0.034997865983781476,0.0008536064874093043,0.040973111395646605,99.31583440034144,0.002987622705932565,0.0,0.6043533930857875
Urban,0.0,0.0,0.0,0.0,100.0,0.0,0.0
Water,0.0,0.0,0.0,0.0,0.0,100.0,0.0
Other,0.0007031557630646341,0.0,0.0,0.02742307475952073,0.0007031557630646341,0.0,99.97117061371435
