from_label,Crops,TreeCrops,Forest,Grassland,Urban,Water,Other
Crops,99.26783395280104,0.4545250996372755,0.006717119699073038,0.25972862836415744,0.006717119699073038,0.0,0.004478079799382025
TreeCrops,0.0,100.0,0.0,0.0,0.0,0.0,0.0
Forest,0.0,0.4232505643340858,98.91365688487585,0.6630925507900678,0.0,0.0,0.0
Grassland,0.0041995632454224765,0.0,0.016331634843309628,99.94633891408627,0.011665453459506878,0.0,0.021464434365492658
Urban,0.0,0.0,0.0,0.0,100.0,0.0,0.0
Water,0.0,0.0,0.0,0.0,0.0,100.0,0.0
Other,0.022330705340140065,0.0,0.0,2.7342708094260386,0.0018608921116783385,0.0,97.24153759312215
