from_label,Crops,TreeCrops,Forest,Grassland,Urban,Water,Other
Crops,99.13058366943154,0.0,0.055170839357735334,0.7419526672247165,0.04185374020241991,0.0,0.030439083783578114
TreeCrops,0.0,100.0,0.0,0.0,0.0,0.0,0.0
Forest,0.051586278050038695,0.0,99.09724013412432,0.8511735878256383,0.0,0.0,0.0
Grassland,0.018726591760299626,0.0,0.021467068603270304,99.94062300173564,0.005024207545446241,0.0,0.014159130355348496
Urban,0.0,0.0,0.0,0.0,100.0,0.0,0.0
Water,0.0,0.0,0.0,0.0,0.0,100.0,0.0
Other,0.014012471099278357,0.0,0.007643166054151832,0.23884893919224473,0.0012738610090253053,0.0,99.73822156264531
