from_label,Crops,TreeCrops,Forest,Grassland,Urban,Water,Other
Crops,98.7284041278553,0.0,0.0618405287365207,1.0899393189811772,0.04444788002937425,0.0,0.0753681443976346
TreeCrops,0.0,100.0,0.0,0.0,0.0,0.0,0.0
Forest,0.0,0.0,99.50261129072369,0.4973887092762994,0.0,0.0,0.0
Grassland,0.01618937976687293,0.0,0.017538494747445676,99.94738451575766,0.005396459922290977,0.0,0.013491149805727442
Urban,0.0,0.0,0.0,0.0,100.0,0.0,0.0
Water,0.0,0.0,0.0,0.0,0.0,100.0,0.0
Other,0.014918596354673413,0.0,0.0019459038723487062,0.42420704417201793,0.0019459038723487062,0.0,99.55698255172861
