from_label,Crops,TreeCrops,Forest,Grassland,Urban,Water,Other
Crops,99.77495612676783,0.012387736141220192,0.018581604211830288,0.16310519252606587,0.012387736141220192,0.0,0.018581604211830288
TreeCrops,0.0,99.92790194664744,0.0,0.03604902667627974,0.03604902667627974,0.0,0.0
Forest,0.0,0.07633587786259542,99.3384223918575,0.5852417302798982,0.0,0.0,0.0
Grassland,0.017215654768736374,0.0017657081814088586,0.03178274726535946,99.92716453751689,0.00573855158957879,0.0,0.01633280067803194
Urban,0.0,0.0,0.0,0.0,100.0,0.0,0.0
Water,0.0,0.0,0.0,0.0,0.0,100.0,0.0
Other,0.011956716685598135,0.0,0.006642620380887853,0.10428913997993929,0.0006642620380887853,0.0,99.87644726091548
