from_label,Crops,TreeCrops,Forest,Grassland,Urban,Water,Other
Crops,98.7887779278581,0.33878789220787847,0.06864329842120413,0.2568587940922477,0.05314319877770643,0.0,0.49378888864285553
TreeCrops,0.0,99.89154013015184,0.0,0.10845986984815618,0.0,0.0,0.0
Forest,0.0,0.3170942634765062,99.30815797059671,0.24502738541366387,0.0,0.0,0.12972038051311616
Grassland,0.0217972025377509,0.0009275405335213149,0.07744963454902978,99.3080547619931,0.05472489147775758,0.0,0.5370459689088414
Urban,0.0,0.0,0.0,0.0,100.0,0.0,0.0
Water,0.0,0.0,0.0,0.0,0.0,100.0,0.0
Other,0.0006255317019466547,0.0,0.0,0.02502126807786619,0.0,0.0,99.9743532002202
