from_label,Crops,TreeCrops,Forest,Grassland,Urban,Water,Other
Crops,99.06969650754918,0.0021786967036318875,0.05664611429442907,0.25926490773219457,0.05011002418353341,0.0,0.562103749537027
TreeCrops,0.0,99.63072378138847,0.0,0.3692762186115214,0.0,0.0,0.0
Forest,0.014912019087384433,0.9841932597673724,98.50879809126155,0.4920966298836862,0.0,0.0,0.0
Grassland,0.02154293231394011,0.001833441047994903,0.07379600218179484,99.34316974455582,0.006875403929980886,0.0,0.5527824759704633
Urban,0.0,0.0,0.0,0.0,100.0,0.0,0.0
Water,0.0,0.0,0.0,0.0,0.0,100.0,0.0
Other,0.0006367398917542184,0.0,0.0,0.029926774912448263,0.0,0.0,99.9694364851958
