from_label,Crops,TreeCrops,Forest,Grassland,Urban,Water,Other
Crops,99.87798135402566,0.0,0.005719624030047091,0.0991401498541496,0.005719624030047091,0.0,0.011439248060094182
TreeCrops,0.0,100.0,0.0,0.0,0.0,0.0,0.0
Forest,0.15499870834409715,0.0,98.88917592353397,0.9558253681219323,0.0,0.0,0.0
Grassland,0.03481527291051101,0.0,0.019240019240019238,99.92258182734373,0.004580956961909343,0.0,0.018781923543828304
Urban,0.0,0.0,0.0,0.0,100.0,0.0,0.0
Water,0.0,0.0,0.0,0.0,0.0,100.0,0.0
Other,0.06020965636130864,0.0,0.002535143425739311,0.4594947459152502,0.0012675717128696556,0.0,99.47649288258484
