from_label,Crops,TreeCrops,Forest,Grassland,Urban,Water,Other
Crops,99.11249752861316,0.0,0.04832934250126315,0.2438435008018277,0.050526130796775114,0.0,0.5448034972869664
TreeCrops,0.0,99.38605994944024,0.0,0.577825929938606,0.03611412062116288,0.0,0.0
Forest,0.0,0.1324893272486383,99.42587958192257,0.42691005446783453,0.0,0.0,0.014721036360959812
Grassland,0.019820691880430525,0.0023047316140035494,0.074673304293715,99.29797875037451,0.05254788079928093,0.0,0.5526746410380512
Urban,0.0,0.0,0.0,0.0,100.0,0.0,0.0
Water,0.0,0.0,0.0,0.0,0.0,100.0,0.0
Other,0.0006310501937324095,0.0,0.0,0.029028308911690837,0.0018931505811972285,0.0,99.96844749031338
