from_label,Crops,TreeCrops,Forest,Grassland,Urban,Water,Other
Crops,99.8043876070084,0.0,0.018930231579832993,0.1219948257367015,0.029447026901962436,0.0,0.025240308773110655
TreeCrops,0.0,99.80142970611597,0.07942811755361398,0.11914217633042098,0.0,0.0,0.0
Forest,0.0,0.0,98.72509960159363,0.8565737051792829,0.0,0.0,0.41832669322709165
Grassland,0.02566790015186841,0.0,0.060747363692755234,99.69669097987209,0.02352890847254604,0.0,0.19336484781074204
Urban,0.0,0.0,0.0,0.0,100.0,0.0,0.0
Water,0.0,0.0,0.0,0.0,0.0,100.0,0.0
Other,0.0034979467052839983,0.0,0.0,0.05526755794348717,0.0027983573642271988,0.0,99.938436137987
