from_label,Crops,TreeCrops,Forest,Grassland,Urban,Water,Other
Crops,99.283140381814,0.0,0.04408494978149199,0.6056888752587595,0.030667791152342253,0.0,0.036418001993406425
TreeCrops,0.0,100.0,0.0,0.0,0.0,0.0,0.0
Forest,0.05089058524173028,0.0,99.49109414758269,0.45801526717557256,0.0,0.0,0.0
Grassland,0.016848202251284104,0.0,0.02185712724490911,99.94125897052932,0.004098211358420458,0.0,0.01593748861607956
Urban,0.0,0.0,0.0,0.0,100.0,0.0,0.0
Water,0.0,0.0,0.0,0.0,0.0,100.0,0.0
Other,0.014045033484636649,0.0,0.021067550226954973,0.29877616685499775,0.0006384106129380295,0.0,99.66547283882046
