from_label,Crops,TreeCrops,Forest,Grassland,Urban,Water,Other
Crops,99.834301797712,0.0,0.024968222262574905,0.09987288905029962,0.029507899037588523,0.0,0.011349191937534048
TreeCrops,0.0,97.85794813979707,1.8038331454340473,0.3382187147688839,0.0,0.0,0.0
Forest,0.0,0.0,100.0,0.0,0.0,0.0,0.0
Grassland,0.018298010548803083,0.00045745026372007706,0.06267068612965056,99.85132866429097,0.04894717821804824,0.0,0.018298010548803083
Urban,0.0,0.0,0.0,0.0,100.0,0.0,0.0
Water,0.0,0.0,0.0,0.0,0.0,100.0,0.0
Other,0.0051136182044808085,0.0,0.0044744159289207075,0.05433219342260859,0.012784045511202019,0.0,99.92329572693279
