from_label,Crops,TreeCrops,Forest,Grassland,Urban,Water,Other
Crops,99.66556573398974,0.0,0.01869508319312021,0.29912133108992334,0.012463388795413472,0.0,0.004154462931804491
TreeCrops,0.0,99.61362838075168,0.0,0.3863716192483316,0.0,0.0,0.0
Forest,0.022168033695411215,0.0,99.11327865218355,0.8645533141210375,0.0,0.0,0.0
Grassland,0.013317066465049144,0.0004295827891951337,0.022767887827342084,99.93513299883153,0.011169152519073475,0.0,0.017183311567805348
Urban,0.0,0.0,0.0,0.0,100.0,0.0,0.0
Water,0.0,0.0,0.0,0.0,0.0,100.0,0.0
Other,0.018100807574491784,0.0,0.0034809245335561123,0.45043163464216096,0.004873294346978557,0.0,99.52311333890282
