from_label,Crops,TreeCrops,Forest,Grassland,Urban,Water,Other
Crops,94.78076877865288,4.909682222483445,0.023510050546608676,0.209631284040594,0.01959170878884056,0.0,0.05681595548763763
TreeCrops,0.0,100.0,0.0,0.0,0.0,0.0,0.0
Forest,0.0,5.906560154926168,92.83466473008957,1.2103606874848705,0.0,0.0,0.04841442749939482
Grassland,0.02251039450569822,0.001765521137701821,0.03663456360731279,99.90554461913295,0.0013241408532763657,0.0,0.032220760763058236
Urban,0.0,0.0,0.0,0.0,100.0,0.0,0.0
Water,0.0,0.0,0.0,0.0,0.0,100.0,0.0
Other,0.003987293823681867,0.0,0.0,0.02193011603025027,0.0,0.0,99.97408259014607
