from_label,Crops,TreeCrops,Forest,Grassland,Urban,Water,Other
Crops,99.5259961487187,0.0,0.03385741794866369,0.2645110777239351,0.038089595192246646,0.0,0.13754576041644626
TreeCrops,0.0,99.09762100082034,0.4511894995898278,0.41017227235438886,0.0,0.0,0.04101722723543889
Forest,0.03322259136212625,0.0,99.46843853820599,0.46511627906976744,0.0,0.0,0.03322259136212625
Grassland,0.022933453292935172,0.0,0.06306699655557173,99.33007854707753,0.0317540122517564,0.0,0.5521669908222084
Urban,0.0,0.0,0.0,0.0,100.0,0.0,0.0
Water,0.0,0.0,0.0,0.0,0.0,100.0,0.0
Other,0.0013469827586206897,0.0,0.0,0.026266163793103446,0.0,0.0,99.97238685344828
