from_label,Crops,TreeCrops,Forest,Grassland,Urban,Water,Other
Crops,99.45734160241368,0.0,0.048189741870600065,0.4525645323499832,0.02933288635601743,0.0,0.012571237009721757
TreeCrops,0.0,99.36908517350159,0.1971608832807571,0.4337539432176656,0.0,0.0,0.0
Forest,0.0,0.0,98.9714050606871,1.0285949393128986,0.0,0.0,0.0
Grassland,0.02003290511222689,0.0,0.03154116975116575,99.92967171609537,0.005541016307637226,0.0,0.01321319273359646
Urban,0.0,0.0,0.0,0.0,100.0,0.0,0.0
Water,0.0,0.0,0.0,0.0,0.0,100.0,0.0
Other,0.007036951029857784,0.0,0.005629560823886227,0.07107320540156362,0.0049258657209004485,0.0,99.9113344170238
