from_label,Crops,TreeCrops,Forest,Grassland,Urban,Water,Other
Crops,99.47089947089947,0.20461309523809526,0.01240079365079365,0.10954034391534391,0.01033399470899471,0.0,0.19221230158730157
TreeCrops,0.0,99.92965177629264,0.0,0.07034822370735139,0.0,0.0,0.0
Forest,0.0,0.32451323015476785,98.12780828756866,0.5741387918122817,0.0,0.0,0.9735396904643037
Grassland,0.025213225640981055,0.0013041323607403993,0.03825454924838505,99.34184786861302,0.0026082647214807986,0.0,0.590771959415401
Urban,0.0,0.0,0.0,0.0,100.0,0.0,0.0
Water,0.0,0.0,0.0,0.0,0.0,100.0,0.0
Other,0.0034039308593563846,0.0,0.0,0.0265506607029798,0.0006807861718712769,0.0,99.96936462226579
