from_label,Crops,TreeCrops,Forest,Grassland,Urban,Water,Other
Crops,99.47693175055595,0.0,0.039934851379709965,0.461208381620572,0.014094653428132927,0.0,0.007830363015629404
TreeCrops,0.0,100.0,0.0,0.0,0.0,0.0,0.0
Forest,0.16202649609759712,0.0,99.35295301231614,0.46701754757542707,0.018002944010844128,0.0,0.0
Grassland,3.7308713797900594,0.0,1.132611047876003,94.8189368070486,0.24591430940235798,0.0,0.0716664558829729
Urban,0.5143229166666666,0.0,0.15625,1.25,98.07942708333334,0.0,0.0
Water,0.0,0.0,0.0,0.0,0.0,100.0,0.0
Other,0.0,0.0,0.7261410788381742,1.970954356846473,0.1037344398340249,0.0,97.19917012448133
