from_label,Crops,TreeCrops,Forest,Grassland,Urban,Water,Other
Crops,99.40651323374684,0.0,0.08946403482797075,0.4718912822968315,0.030241363885511238,0.0,0.0018900852428444523
TreeCrops,0.0,100.0,0.0,0.0,0.0,0.0,0.0
Forest,0.09378743022441186,0.0,99.34574792650682,0.5276955411421728,0.03276910212660173,0.0,0.0
Grassland,1.3352462936394072,0.0,1.3218555714968914,96.8780487804878,0.430416068866571,0.0,0.03443328550932568
Urban,0.0,0.0,0.019998000199980003,0.96990300969903,99.01009899010099,0.0,0.0
Water,0.0,0.0,0.0,0.0,0.0,100.0,0.0
Other,2.127659574468085,0.0,1.4184397163120568,12.056737588652481,0.0,0.0,84.39716312056737
