from_label,Crops,TreeCrops,Forest,Grassland,Urban,Water,Other
Crops,98.83311898427911,0.0,0.17911359325358372,0.9355014886982258,0.04932964535508536,0.0,0.002936288413993176
TreeCrops,0.0,0.0,0.0,0.0,0.0,0.0,0.0
Forest,0.10357521682161352,0.0,99.34360766207026,0.5253634491795096,0.02745367192862045,0.0,0.0
Grassland,1.4869085266445365,0.0,1.2590599281098387,96.90636601127459,0.3083812928443755,0.0,0.03928424112667203
Urban,0.08606910119267183,0.0,0.07377351530800443,0.8975777695807206,98.9425796139186,0.0,0.0
Water,0.0,0.0,0.0,0.0,0.0,100.0,0.0
Other,2.1621621621621623,0.0,1.0810810810810811,11.891891891891893,0.0,0.0,84.86486486486487
