from_label,Crops,TreeCrops,Forest,Grassland,Urban,Water,Other
Crops,99.09116429223104,0.0,0.14796359978478021,0.7152548716869019,0.04210821812056986,0.0,0.003509018176714155
TreeCrops,0.0,0.0,0.0,0.0,0.0,0.0,0.0
Forest,0.10540184453227931,0.0,99.35127674258109,0.5144613840266014,0.02886002886002886,0.0,0.0
Grassland,1.4744726986004337,0.0,1.360141927853341,96.88941454760497,0.23457520205006901,0.0,0.04139562389118865
Urban,0.14914243102162564,0.0,0.14914243102162564,1.2925677355207557,98.40914740243599,0.0,0.0
Water,0.0,0.0,0.0,0.0,0.0,100.0,0.0
Other,2.6595744680851063,0.0,1.0638297872340425,11.702127659574469,0.5319148936170213,0.0,84.04255319148936
