from_label,Crops,TreeCrops,Forest,Grassland,Urban,Water,Other
Crops,98.44948558548732,0.0,0.38717417384665725,1.1027496031313242,0.057561105657953734,0.0,0.003029531876734407
TreeCrops,0.0,0.0,0.0,0.0,0.0,0.0,0.0
Forest,0.11019740739863022,0.0,99.32933620873521,0.5355830983245254,0.02488328554162618,0.0,0.0
Grassland,1.3815712445849433,0.0,2.007961597002693,96.37825391250048,0.20294266869609334,0.0,0.029270577215782696
Urban,0.011348161597821153,0.0,0.06808896958692692,0.7830231502496596,99.13753971856559,0.0,0.0
Water,0.0,0.0,0.0,0.0,0.0,100.0,0.0
Other,1.9607843137254901,0.0,2.6143790849673203,11.11111111111111,0.0,0.0,84.31372549019608
