from_label,Crops,TreeCrops,Forest,Grassland,Urban,Water,Other
Crops,96.68366156819621,0.0013329334532973442,0.23726215468692727,2.9377853310673463,0.08197540737778666,0.0,0.05798260521843447
TreeCrops,0.0,100.0,0.0,0.0,0.0,0.0,0.0
Forest,0.042166720726565035,0.0,99.35668720942805,0.5795221104984323,0.01621796951021732,0.0,0.005405989836739107
Grassland,1.307693791347619,0.0,1.0010222385094605,97.29203232588192,0.3413890871217235,0.0,0.05786255713927517
Urban,0.13458950201884254,0.0,0.1480484522207268,0.9690444145356661,98.72139973082099,0.0,0.026917900403768503
Water,0.0,0.0,0.0,0.0,0.0,100.0,0.0
Other,0.2590673575129534,0.0,0.0,10.621761658031089,0.0,0.0,89.11917098445595
