from_label,Crops,TreeCrops,Forest,Grassland,Urban,Water,Other
Crops,99.38105000908313,0.0,0.08693846832585057,0.48919108296784575,0.03698128876547375,0.0,0.005839150857706381
TreeCrops,0.0,100.0,0.0,0.0,0.0,0.0,0.0
Forest,0.09242652641308055,0.0,99.34971336773654,0.5182487373876302,0.039611368462748806,0.0,0.0
Grassland,1.3068341991865007,0.0,1.1900447021867826,97.05207200676573,0.4148040755507229,0.0,0.03624501631025734
Urban,0.28763183125599234,0.0,0.27393507738665934,1.527188056430626,97.91124503492672,0.0,0.0
Water,0.0,0.0,0.0,0.0,0.0,100.0,0.0
Other,1.9886363636363635,0.0,0.5681818181818182,11.363636363636363,0.2840909090909091,0.0,85.79545454545455
