from_label,Crops,TreeCrops,Forest,Grassland,Urban,Water,Other
Crops,99.49052974509158,0.0,0.031192056422964284,0.45315126414473117,0.013863136187984126,0.0,0.011263798152737103
TreeCrops,0.0,72.72727272727273,0.0,27.27272727272727,0.0,0.0,0.0
Forest,0.06844697951775991,0.0,99.36219859994814,0.5527612133782732,0.016593207155820584,0.0,0.0
Grassland,1.229934601664685,0.0,0.8410126833135156,97.78289734443123,0.08050931430836306,0.0,0.06564605628220373
Urban,0.2320634306710501,0.0,0.12892412815058338,1.1345323277251338,98.50448011345323,0.0,0.0
Water,0.0,0.0,0.0,0.0,0.0,100.0,0.0
Other,0.0,0.0,0.2602472348731295,0.715679895901106,0.0,0.0,99.02407286922576
