from_label,Crops,TreeCrops,Forest,Grassland,Urban,Water,Other
Crops,99.48333111967061,0.0026563952716164166,0.06840217824412273,0.41439766237216097,0.02589985389826006,0.0,0.005312790543232833
TreeCrops,0.0,100.0,0.0,0.0,0.0,0.0,0.0
Forest,0.10744752436562548,0.0,99.34120558292994,0.5177017083071046,0.03364518439731707,0.0,0.0
Grassland,1.6115630615833512,0.0,1.236691078433267,96.62228749202913,0.4676238140325791,0.0,0.06183455392166336
Urban,0.34489754514100224,0.0,0.2637451815784135,1.3457766957462636,98.04558057753432,0.0,0.0
Water,0.0,0.0,0.0,0.0,0.0,100.0,0.0
Other,0.7978723404255319,0.0,0.5319148936170213,11.436170212765957,0.0,0.0,87.2340425531915
