from_label,Crops,TreeCrops,Forest,Grassland,Urban,Water,Other
Crops,99.00191658542732,0.0,0.12069845943669631,0.8190252604632964,0.0477488410958359,0.0,0.010610853576852423
TreeCrops,0.0,100.0,0.0,0.0,0.0,0.0,0.0
Forest,0.08341006336998322,0.0,99.33380274061638,0.551373016302876,0.0314141797107729,0.0,0.0
Grassland,1.256183539126709,0.0,1.1081681143613913,97.14486035913215,0.4109375608616056,0.0,0.07985042651813189
Urban,0.2565833896016205,0.0,0.24983119513841998,1.262660364618501,98.23092505064146,0.0,0.0
Water,0.0,0.0,0.0,0.0,0.0,100.0,0.0
Other,0.2717391304347826,0.0,0.5434782608695652,9.782608695652174,0.0,0.0,89.40217391304348
