from_label,Crops,TreeCrops,Forest,Grassland,Urban,Water,Other
Crops,99.15145916120377,0.0,0.11326533194968234,0.68971626717963,0.044926472449315344,0.0,0.0006327672175959907
TreeCrops,0.0,100.0,0.0,0.0,0.0,0.0,0.0
Forest,0.09233199470481572,0.0,99.34143926668372,0.5317432948060472,0.0344854438054131,0.0,0.0
Grassland,1.344824878278624,0.0,1.1661693105073032,97.00801005182976,0.4456572954295587,0.0,0.035338463954766766
Urban,0.02820344081978001,0.0,0.02820344081978001,0.6768825796747203,99.26671053868571,0.0,0.0
Water,0.0,0.0,0.0,0.0,0.0,100.0,0.0
Other,2.2058823529411766,0.0,0.0,8.823529411764707,0.0,0.0,88.97058823529412
