from_label,Crops,TreeCrops,Forest,Grassland,Urban,Water,Other
Crops,99.44213031835764,0.0030992760091242684,0.08492016265000496,0.4425766141029456,0.025414063274819,0.0,0.0018595656054745612
TreeCrops,0.0,0.0,0.0,0.0,0.0,0.0,0.0
Forest,0.09781695570618089,0.0011507877141903634,99.35095572919663,0.5213068345282346,0.02876969285475908,0.0,0.0
Grassland,1.36013965890997,0.0019183916204654017,1.3256086097415927,96.90179753294838,0.37792314923168413,0.0,0.03261265754791183
Urban,0.03277972027972028,0.0,0.09833916083916085,1.3767482517482519,98.49213286713287,0.0,0.0
Water,0.0,0.0,0.0,0.0,0.0,100.0,0.0
Other,2.797202797202797,0.0,1.3986013986013985,11.888111888111888,0.0,0.0,83.91608391608392
