from_label,Crops,TreeCrops,Forest,Grassland,Urban,Water,Other
Crops,99.31864010583233,0.0,0.06999833031505671,0.570261626786884,0.04045775054906947,0.0,0.0006421865166518964
TreeCrops,0.0,84.21052631578947,10.526315789473683,5.263157894736842,0.0,0.0,0.0
Forest,0.1194507457452521,0.0,99.13973545495392,0.6860198792342002,0.052602163263964226,0.0,0.0021917568026651765
Grassland,1.2921144789276657,0.0,0.9117256370003622,97.24670933462141,0.4910840075675241,0.0,0.058366541883025404
Urban,0.0,0.0,0.06258801439524331,0.039117508997027074,99.89829447660773,0.0,0.0
Water,0.0,0.0,0.0,0.0,0.0,100.0,0.0
Other,1.5706806282722512,0.0,0.0,4.18848167539267,0.0,0.0,94.24083769633508
