from_label,Crops,TreeCrops,Forest,Grassland,Urban,Water,Other
Crops,99.47829270525064,0.0,0.04118741800652897,0.45840070781340575,0.014491869298593524,0.0,0.007627299630838698
TreeCrops,0.0,100.0,0.0,0.0,0.0,0.0,0.0
Forest,0.17042307528439352,0.0,99.35452260236036,0.45694687060628014,0.01810745174896681,0.0,0.0
Grassland,3.9473300049633586,0.0,1.1678491138944849,94.51402878748065,0.2919622784736212,0.0,0.07882981518787772
Urban,0.5559552619530381,0.0,0.16351625351559945,1.210020276015436,98.07050820851593,0.0,0.0
Water,0.0,0.0,0.0,0.0,0.0,100.0,0.0
Other,0.0,0.0,0.4761904761904762,2.619047619047619,0.11904761904761905,0.0,96.78571428571429
