from_label,Crops,TreeCrops,Forest,Grassland,Urban,Water,Other
Crops,98.81012980402139,0.0,0.14634767116314584,0.9798931025706287,0.06108424535505218,0.0,0.0025451768897938407
TreeCrops,0.0,100.0,0.0,0.0,0.0,0.0,0.0
Forest,0.08862596519215217,0.0,99.35081480496748,0.5273244928933054,0.033234736947057066,0.0,0.0
Grassland,1.3378649168991394,0.0,1.078543082786531,97.10620407842521,0.4361321755530234,0.0,0.04125574633609681
Urban,0.0,0.0,0.05370569280343716,0.47440028643036164,99.4718940207662,0.0,0.0
Water,0.0,0.0,0.0,0.0,0.0,100.0,0.0
Other,2.158273381294964,0.0,0.0,4.316546762589928,0.0,0.0,93.5251798561151
