from_label,Crops,TreeCrops,Forest,Grassland,Urban,Water,Other
Crops,99.38229014788585,0.0,0.08657050614455322,0.4888304519891689,0.03645073942928557,0.0,0.00585815455113518
TreeCrops,0.0,93.75,6.25,0.0,0.0,0.0,0.0
Forest,0.09098083921603016,0.0,99.3477879598369,0.5239619415091857,0.037269259437891875,0.0,0.0
Grassland,1.3009435856253764,0.0,1.2065850230877335,96.92029712909054,0.4998996185504919,0.0,0.07227464364585424
Urban,0.2869244432299494,0.0,0.2869244432299494,1.448285284874983,97.97786582866512,0.0,0.0
Water,0.0,0.0,0.0,0.0,0.0,100.0,0.0
Other,1.238390092879257,0.0,0.6191950464396285,12.693498452012383,0.0,0.0,85.44891640866872
