from_label,Crops,TreeCrops,Forest,Grassland,Urban,Water,Other
Crops,99.24577389877864,0.0,0.10252861189075577,0.604918810155459,0.044215463877888425,0.0,0.002563215297268894
TreeCrops,0.0,100.0,0.0,0.0,0.0,0.0,0.0
Forest,0.0884310127561736,0.0,99.35334821922048,0.5195321999425198,0.03868856808082594,0.0,0.0
Grassland,1.3164026095060577,0.003883193538365952,1.1960236098167134,96.95945945945947,0.49316557937247596,0.0,0.031065548306927617
Urban,0.0,0.0,0.05235145275281389,0.2966582322659454,99.65099031498124,0.0,0.0
Water,0.0,0.0,0.0,0.0,0.0,100.0,0.0
Other,1.2903225806451613,0.0,0.6451612903225806,10.32258064516129,0.0,0.0,87.74193548387098
