from_label,Crops,TreeCrops,Forest,Grassland,Urban,Water,Other
Crops,99.48269354588042,0.002960265831871702,0.04588412039401138,0.44552000769669114,0.01628146207529436,0.0,0.0066605981217113305
TreeCrops,0.0,100.0,0.0,0.0,0.0,0.0,0.0
Forest,0.08464497326718882,0.0,99.3496265978078,0.545370777126571,0.020357651798437817,0.0,0.0
Grassland,1.8097049260781546,0.0,1.2023802220722655,96.64131034905834,0.2729893871541623,0.0,0.07361511563707748
Urban,0.2823004201680672,0.0,0.19038865546218486,1.444327731092437,98.0829831932773,0.0,0.0
Water,0.0,0.0,0.0,0.0,0.0,100.0,0.0
Other,0.0,0.0,0.9510869565217392,3.260869565217391,0.2717391304347826,0.0,95.5163043478261
