from_label,Crops,TreeCrops,Forest,Grassland,Urban,Water,Other
Crops,97.95477176248625,0.0,0.1952203762905508,1.7438813479377389,0.0818877417326136,0.0,0.024238771552853623
TreeCrops,0.0,100.0,0.0,0.0,0.0,0.0,0.0
Forest,0.06769519691659297,0.0,99.35580377127758,0.5502964394510138,0.025112734340026425,0.0,0.0010918580147837576
Grassland,1.3293327504669554,0.0,0.9001311449350238,97.3274251877757,0.3596550490799984,0.0,0.08345586774232007
Urban,0.20345879959308238,0.0,0.19667683960664634,1.688708036622584,97.90437436419126,0.0,0.00678195998643608
Water,0.0,0.0,0.0,0.0,0.0,100.0,0.0
Other,0.6134969325153374,0.0,0.0,11.349693251533742,0.0,0.0,88.03680981595092
