from_label,Crops,TreeCrops,Forest,Grassland,Urban,Water,Other
Crops,98.65453549736135,0.0,0.16678283381459721,1.1232948322214478,0.052275216568754355,0.0,0.003111620033854426
TreeCrops,0.0,100.0,0.0,0.0,0.0,0.0,0.0
Forest,0.08463526774481323,0.0,99.35151085390123,0.5386920419973924,0.025161836356566096,0.0,0.0
Grassland,1.375581976990265,0.0,1.075455000192389,97.194967101466,0.3212897764438801,0.0,0.03270614490746085
Urban,0.010636034886194426,0.0,0.07445224420336098,1.4039566049776642,98.51095511593279,0.0,0.0
Water,0.0,0.0,0.0,0.0,0.0,100.0,0.0
Other,2.1739130434782608,0.0,0.0,13.043478260869565,0.0,0.0,84.78260869565217
