from_label,Crops,TreeCrops,Forest,Grassland,Urban,Water,Other
Crops,99.31114482020166,0.0,0.18321882156985217,0.47529817673477887,0.028553582582314625,0.0,0.001784598911394664
TreeCrops,0.0,0.0,0.0,0.0,0.0,0.0,0.0
Forest,0.10123206834399151,0.0,99.33705340608874,0.5357892397718574,0.025925285795412457,0.0,0.0
Grassland,1.4395411943573064,0.0,2.5750081792113315,95.6197917669021,0.32524393294971227,0.0,0.04041492657955005
Urban,0.14287415168472437,0.0,0.10715561376354328,0.8096201928801048,98.94035004167164,0.0,0.0
Water,0.0,0.0,0.0,0.0,0.0,100.0,0.0
Other,2.7777777777777777,0.0,4.444444444444445,12.222222222222221,0.5555555555555556,0.0,80.0
