from_label,Crops,TreeCrops,Forest,Grassland,Urban,Water,Other
Crops,97.78642222044995,0.0009522641866533032,0.1235562782182661,1.9981676849941812,0.04590706933157799,0.0,0.044994482819368575
TreeCrops,0.0,92.32283464566929,0.0,7.480314960629922,0.0,0.0,0.19685039370078738
Forest,0.06287113998604503,0.0,99.35263278827445,0.5673158608128874,0.015915410122200838,0.0,0.0012648008044133115
Grassland,1.3047416236846108,6.914003622937899e-05,0.8977833704384861,97.45454042617918,0.2572700748095192,0.0,0.08559536485197118
Urban,0.20525625982566292,0.0,0.1392343418562618,1.0909958523854504,98.55536199294677,0.0,0.009151552985857582
Water,0.0,0.0,0.0,0.0,0.0,100.0,0.0
Other,0.05383097075183922,0.0,0.2646689395298762,3.0818230755427956,0.03140139960523955,0.0,96.56827561457025
