from_label,Crops,TreeCrops,Forest,Grassland,Urban,Water,Other
Crops,98.89208794717021,0.0,0.1714485033728059,0.8868026036524442,0.0461137353899271,0.0,0.0035472104146097774
TreeCrops,0.0,0.0,0.0,0.0,0.0,0.0,0.0
Forest,0.10302496183111354,0.0,99.34461229100208,0.5262961905589414,0.026066556607872098,0.0,0.0
Grassland,1.4442608611138108,0.0,1.2848673340460686,97.00845563222859,0.22353970259500439,0.0,0.0388764700165225
Urban,0.024067388688327314,0.0,0.1684717208182912,1.3116726835138388,98.49578820697954,0.0,0.0
Water,0.0,0.0,0.0,0.0,0.0,100.0,0.0
Other,2.197802197802198,0.0,1.098901098901099,12.087912087912088,0.0,0.0,84.61538461538461
