from_label,Crops,TreeCrops,Forest,Grassland,Urban,Water,Other
Crops,98.96650592988401,0.0,0.12446240062557018,0.8445197445588427,0.05343411964029715,0.0,0.011077805291281115
TreeCrops,0.0,100.0,0.0,0.0,0.0,0.0,0.0
Forest,0.08423401741565659,0.0,99.34691287795913,0.5349407080033256,0.03391239662188772,0.0,0.0
Grassland,1.3103420555488565,0.0,1.0912818039310261,97.08187628120102,0.4481691386309739,0.0,0.06833072068813055
Urban,0.26564947891832985,0.0,0.25202642871738984,1.335058919692119,98.14726517267216,0.0,0.0
Water,0.0,0.0,0.0,0.0,0.0,100.0,0.0
Other,1.8691588785046727,0.0,0.3115264797507788,12.149532710280374,0.0,0.0,85.66978193146417
