from_label,Crops,TreeCrops,Forest,Grassland,Urban,Water,Other
Crops,99.36836786255685,0.0,0.08356979049247872,0.5027143986214223,0.0382218421632267,0.0,0.007126106166025318
TreeCrops,0.0,100.0,0.0,0.0,0.0,0.0,0.0
Forest,0.09038999977953659,0.0,99.34301902599265,0.5280098767609516,0.03858109746687537,0.0,0.0
Grassland,1.319091693938603,0.0,1.1845724496556709,96.88798763226053,0.5179994779850222,0.0,0.09034874616017828
Urban,0.027693159789531983,0.0,0.27693159789531985,1.0384934921074496,98.64995846026031,0.0,0.006923289947382996
Water,0.0,0.0,0.0,0.0,0.0,100.0,0.0
Other,0.6666666666666667,0.0,0.6666666666666667,0.0,0.33333333333333337,0.0,98.33333333333333
