from_label,Crops,TreeCrops,Forest,Grassland,Urban,Water,Other
Crops,99.2267086788142,0.0,0.1117255317947012,0.624533169301841,0.03514960550844532,0.0,0.0018830145808095707
TreeCrops,0.0,100.0,0.0,0.0,0.0,0.0,0.0
Forest,0.09235926614291741,0.0,99.35006442343874,0.5279301262243303,0.029646184194022873,0.0,0.0
Grassland,1.3107694632266838,0.0,1.2295546405771918,97.05549049975447,0.3720772107430212,0.0,0.03210818569863635
Urban,0.01048767697954903,0.0,0.08390141583639224,1.4892501310959623,98.4163607760881,0.0,0.0
Water,0.0,0.0,0.0,0.0,0.0,100.0,0.0
Other,2.158273381294964,0.0,0.7194244604316548,10.79136690647482,0.0,0.0,86.33093525179856
