from_label,Crops,TreeCrops,Forest,Grassland,Urban,Water,Other
Crops,99.49288709012917,0.0,0.1351089353658241,0.3495867968882534,0.020599568620798293,0.0,0.0018176089959527906
TreeCrops,0.0,0.0,0.0,0.0,0.0,0.0,0.0
Forest,0.09368019024284788,0.0,99.34303764022003,0.5356585236962841,0.027623645840839758,0.0,0.0
Grassland,1.4075922363383555,0.0,2.727567093960115,95.48199081922249,0.3428506123692882,0.0,0.03999923810975029
Urban,0.057710064635272396,0.0,0.17313019390581716,0.8079409048938134,98.9612188365651,0.0,0.0
Water,0.0,0.0,0.0,0.0,0.0,100.0,0.0
Other,2.976190476190476,0.0,5.357142857142857,14.285714285714285,0.5952380952380952,0.0,76.78571428571429
