from_label,Crops,TreeCrops,Forest,Grassland,Urban,Water,Other
Crops,97.76252184729724,0.018370099775884784,0.5505781332829468,1.514221081526503,0.02204411973106174,0.0,0.13226471838637044
TreeCrops,0.014407664877714945,98.52321435003421,0.09364982170514714,0.7852177358354645,0.11526131902171956,0.0,0.4682491085257357
Forest,0.2791942277105391,0.0006826264736199,98.47364720498591,1.214392496569802,0.0129699029987781,0.0,0.019113541261357198
Grassland,2.0661191759059236,0.20846116990425917,4.671883799709163,91.74729126564509,0.1370127850580413,0.0,1.169231803777518
Urban,0.018467220683287162,0.0554016620498615,0.110803324099723,0.3878116343490305,99.4275161588181,0.0,0.0
Water,0.0,0.0,0.0,0.0,0.0,100.0,0.0
Other,1.7631834357813003,0.9705596894208993,0.0,2.4749272080232934,0.0,0.0,94.7913296667745
