from_label,Crops,TreeCrops,Forest,Grassland,Urban,Water,Other
Crops,97.47336409177542,0.008331857900163511,0.5816678296551653,1.792911671891436,0.0239540914629701,0.0,0.11977045731485049
TreeCrops,0.02526710944267976,98.72942535373953,0.010828761189719895,0.7580132832803927,0.07941091539127923,0.0,0.3970545769563962
Forest,0.542333118524043,0.016653753973368473,97.4128755240502,1.976728189012867,0.04996126192010542,0.0,0.0014481525194233458
Grassland,2.2147135375834925,0.1466022766471197,4.440402646680674,92.04192668318228,0.13484273573959674,0.0,1.0215121201668287
Urban,0.10101010101010101,0.0808080808080808,0.26262626262626265,0.6464646464646464,98.9090909090909,0.0,0.0
Water,0.0,0.0,0.0,0.0,0.0,100.0,0.0
Other,0.3846842011093219,2.621220254070496,0.07156915369475755,2.504920379316515,0.044730721059223474,0.0,94.37287529074969
