from_label,Crops,TreeCrops,Forest,Grassland,Urban,Water,Other
Crops,96.04705823204837,0.16716733072736642,0.4449416171239678,3.0435766267392315,0.03519312225839293,0.0,0.2620630711026759
TreeCrops,0.05719460464229541,97.1355035508317,0.8150231161527096,0.6386730851722987,0.1906486821409847,0.0,1.1629569610600066
Forest,0.5763152013112103,0.0,98.38440170712758,0.991922008535638,0.030332379016379484,0.0,0.017028704009195497
Grassland,1.9022775870176651,0.024843177442394882,0.9005651822868145,96.06324363171764,0.1898728561668752,0.0,0.9191975653686106
Urban,0.641781270464964,0.0,1.584806810740013,3.510150622134905,94.14538310412574,0.0,0.11787819253438114
Water,0.0,0.0,0.0,0.0,0.0,100.0,0.0
Other,1.7165426097523924,0.12912046179553394,0.0,10.078991341333738,0.0,0.0,88.07534558711833
