from_label,Crops,TreeCrops,Forest,Grassland,Urban,Water,Other
Crops,97.94847377627806,0.07711337218329176,0.4311103290515573,1.4786100961588227,0.013973564086905218,0.0,0.05071886224135968
TreeCrops,0.057859906700900444,98.02914692800057,0.014464976675225111,1.1680468665244277,0.09402234838896323,0.0,0.6364589737099049
Forest,0.2616169466224483,0.0015389232154261663,97.98401058779173,1.7328275405698632,0.0038473080385654154,0.0,0.016158693761974745
Grassland,2.007497794766245,0.16318729785357247,3.762128785651279,93.47324316377535,0.12716847985886504,0.0,0.466774478094678
Urban,0.04561003420752566,0.09122006841505131,0.4104903078677309,1.1402508551881414,98.31242873432156,0.0,0.0
Water,0.0,0.0,0.0,0.0,0.0,100.0,0.0
Other,0.8472925594078692,1.7432800934943513,0.0,3.8955979742890534,0.019477989871445268,0.0,93.49435138293728
