from_label,Crops,TreeCrops,Forest,Grassland,Urban,Water,Other
Crops,96.4818512134327,0.0006200473716191918,0.983395131388038,2.206128548221084,0.04092312652686665,0.0,0.28708193305968577
TreeCrops,0.003931435760339676,97.83377889605283,0.058971536405095136,1.1558421135398649,0.16905173769460607,0.0,0.7784242805472559
Forest,0.4017516818482803,0.001112885545286095,97.50713637855914,1.9647994302026006,0.05675716280959085,0.0,0.06844246103509485
Grassland,1.9259490813101316,0.14674724740370254,3.8562397971588345,93.15584731339655,0.25962974540655065,0.0,0.6555868153242332
Urban,0.4337806696489087,0.25755727260403954,1.6809000948895214,3.0635759793954183,94.38796258641725,0.0,0.1762233970448692
Water,0.0,0.0,0.0,0.0,0.0,100.0,0.0
Other,1.3852400286601385,0.5095135737600509,0.0,6.528142663800653,0.0,0.0,91.57710373377915
