from_label,Crops,TreeCrops,Forest,Grassland,Urban,Water,Other
Crops,96.237566276675,0.0,1.312387713071294,2.1044213662854387,0.038341878094737304,0.0,0.30728276587353753
TreeCrops,0.0,98.95858758441136,0.2725571556423399,0.40273370759092014,0.07729232771946953,0.0,0.2888292246359125
Forest,0.7630711821025123,0.0005980181677919375,97.06552485064496,2.122366477493586,0.04843947159114694,0.0,0.0
Grassland,2.3110543633059963,0.012768256150861858,3.483769582085154,93.01085301772824,0.18955949516279527,0.0,0.9919952855669597
Urban,0.731484303565986,0.0,1.2953367875647668,2.7430661383724475,95.2301127704968,0.0,0.0
Water,0.0,0.0,0.0,0.0,0.0,100.0,0.0
Other,2.2946281211734014,0.08518341053079913,2.0816695948464035,8.75259543203961,0.026619815790874725,0.0,86.75930362561891
