from_label,Crops,TreeCrops,Forest,Grassland,Urban,Water,Other
Crops,98.00860971539358,0.0017993135618761442,0.2653987503767313,1.5995897565078923,0.013944680104540117,0.0,0.11065778405538286
TreeCrops,0.0,97.67441860465115,0.0,2.3255813953488373,0.0,0.0,0.0
Forest,0.6603439106541393,0.0,96.91366778939904,2.4171246232937422,0.008863676653075695,0.0,0.0
Grassland,2.248318187182816,0.0,2.203076438884299,94.95652858098272,0.056388265995252894,0.0,0.5356885269549025
Urban,0.8259212198221092,0.0,0.25412960609911056,2.096569250317662,96.82337992376112,0.0,0.0
Water,0.0,0.0,0.0,0.0,0.0,100.0,0.0
Other,2.261803788521346,0.0,0.3581189331825464,8.321553105268118,0.009424182452172275,0.0,89.04909999057583
