from_label,Crops,TreeCrops,Forest,Grassland,Urban,Water,Other
Crops,98.21135267833489,0.0,0.1695484007700323,1.4967944755479416,0.01633669486586249,0.0,0.1059677504812702
TreeCrops,0.0,100.0,0.0,0.0,0.0,0.0,0.0
Forest,0.4528537594669859,0.0,97.28634758694878,2.2529908301451385,0.007807823439085965,0.0,0.0
Grassland,2.355112083105522,0.0,2.133679606342264,94.97813012575178,0.057408419901585565,0.0,0.4756697648988518
Urban,0.48364153627311524,0.0,0.08534850640113799,2.275960170697013,97.15504978662874,0.0,0.0
Water,0.0,0.0,0.0,0.0,0.0,100.0,0.0
Other,2.339300244100895,0.0,0.2847843775427177,6.8246541903986975,0.0,0.0,90.55126118795769
