from_label,Crops,TreeCrops,Forest,Grassland,Urban,Water,Other
Crops,93.76699845787186,0.0,1.901584186176924,3.6652180008411612,0.06056357773727744,0.0,0.6056357773727744
TreeCrops,0.0,98.17391304347825,0.463768115942029,0.8571428571428572,0.09937888198757765,0.0,0.4057971014492754
Forest,0.5505669146066628,0.0005838461448639055,98.22160464274454,1.1764499819007694,0.050794614603159774,0.0,0.0
Grassland,2.220540729315212,0.014551380926049882,2.5571626747378327,94.1066907249498,0.1697661108039153,0.0,0.9312883792671924
Urban,0.6349206349206349,0.0,0.6198034769463341,3.0385487528344672,95.61602418745277,0.0,0.09070294784580499
Water,0.0,0.0,0.0,0.0,0.0,100.0,0.0
Other,1.9803075561455912,0.027657926761809934,0.5420953645314747,8.087177785153225,0.0,0.0,89.3627613674079
