from_label,Crops,TreeCrops,Forest,Grassland,Urban,Water,Other
Crops,98.07351767888069,0.0038918834770086982,0.5027016157802903,1.275889133212685,0.018810770138875377,0.0,0.12518891851044647
TreeCrops,0.00405038681194054,98.48515533233424,0.21872088784478916,0.6723642107821297,0.11746121754627567,0.0,0.5022479646806269
Forest,0.5091341533985634,0.0021236043937374904,98.68920518796554,0.7331744169378687,0.043002988973184185,0.0,0.023359648331112398
Grassland,1.8946403708207757,0.17624561589030474,1.00636246673364,95.73309363929572,0.260843511517651,0.0,0.9288143957419059
Urban,0.5349686847599164,0.23486430062630478,1.7223382045929019,2.9749478079331944,94.41544885177453,0.0,0.11743215031315239
Water,0.0,0.0,0.0,0.0,0.0,100.0,0.0
Other,1.579107197084725,0.29608259945338594,0.0,7.105982386881263,0.0,0.0,91.01882781658063
