from_label,Crops,TreeCrops,Forest,Grassland,Urban,Water,Other
Crops,98.07095385904444,0.024755774760535487,0.5858866693326732,1.1946248230596868,0.014599559474161953,0.0,0.10917931432851548
TreeCrops,0.008029226384037899,95.43137018748243,0.10036532980047372,3.3281143361837087,0.1645991408727769,0.0,0.9675217792765667
Forest,0.3839877123932034,0.025975639367775527,95.51412001874763,4.009283467634918,0.03388126874057677,0.0,0.03275189311589088
Grassland,1.7196504153604364,0.17296290444631082,5.674513749719351,90.85292332255086,0.18876240052554114,0.0,1.3911872073974902
Urban,0.40451945878086204,0.2789789370902497,1.4646394197238108,1.6738736225414983,96.15009066815455,0.0,0.027897893709024967
Water,0.0,0.0,0.0,0.0,0.0,100.0,0.0
Other,1.5858849375257449,0.43251407387065766,0.0,2.5882191404640946,0.0,0.0,95.3933818481395
