from_label,Crops,TreeCrops,Forest,Grassland,Urban,Water,Other
Crops,98.00992426220945,0.027422303473491772,0.2970749542961609,1.5304256986158267,0.022199007573779055,0.0,0.11295377383128753
TreeCrops,0.014228124258951862,98.61512923879535,0.38890206307801756,0.6118093431349301,0.06165520512212473,0.0,0.30827602561062367
Forest,1.2642554231721705,0.0,97.89184478195713,0.7785347603813492,0.043045266614941485,0.0,0.022319767874414108
Grassland,5.092945622151052,0.0660871333435006,2.592649077321946,91.04519343195567,0.2363885923440598,0.0,0.9667361428837713
Urban,1.526020607799661,0.026085822355549758,1.4868918742663364,2.686839702621625,94.27416199295683,0.0,0.0
Water,0.0,0.0,0.0,0.0,0.0,100.0,0.0
Other,3.7266154878139677,0.4919132443914437,0.0,8.243273459044497,0.0,0.0,87.5381978087501
