from_label,Crops,TreeCrops,Forest,Grassland,Urban,Water,Other
Crops,96.11762635537887,0.0,0.4922907538681599,3.0827959948920887,0.02481759070829404,0.0,0.28246930515258306
TreeCrops,0.0,83.45864661654136,4.511278195488721,12.030075187969924,0.0,0.0,0.0
Forest,0.600544159238177,0.0,95.46414635019511,3.8511796083485486,0.016109977446031574,0.0,0.06801990477213332
Grassland,2.2143570196932574,0.0,2.8139706740305708,94.30204970635137,0.044079706481013316,0.0,0.6255428934437919
Urban,0.6449631449631449,0.0,0.09213759213759214,2.7948402948402946,96.40663390663391,0.0,0.06142506142506143
Water,0.0,0.0,0.0,0.0,0.0,100.0,0.0
Other,2.1187648456057007,0.0,0.0,8.703087885985749,0.0,0.0,89.17814726840855
