from_label,Crops,TreeCrops,Forest,Grassland,Urban,Water,Other
Crops,97.13192179750322,0.001633301937640532,1.0376911643809514,1.5826695775736754,0.026677264981462022,0.0,0.21940689362304483
TreeCrops,0.0,98.31357154302195,0.4085883672488383,0.6809806120813973,0.0801153661272232,0.0,0.5167441115205896
Forest,0.7431575131411999,0.0,97.11558214005196,2.083862002295934,0.05739834451090568,0.0,0.0
Grassland,2.3075564625316405,0.011773247257814493,3.908718089594412,92.3189372682142,0.1913152679394855,0.0,1.2616996644624532
Urban,0.7493500535250038,0.0,1.7892644135188867,2.752714482336749,94.70867105061936,0.0,0.0
Water,0.0,0.0,0.0,0.0,0.0,100.0,0.0
Other,2.791730555702427,0.12689684344101942,1.9774758102892191,5.350816898429652,0.052873684767091415,0.0,89.7002062073706
