from_label,Crops,TreeCrops,Forest,Grassland,Urban,Water,Other
Crops,96.45814306537557,0.01512063240532972,1.0402995094866847,2.1828144940333987,0.042337770734923216,0.0,0.26128452796409757
TreeCrops,0.011588380716934488,98.03770086526576,0.05794190358467243,1.2592707045735476,0.13519777503090236,0.0,0.49830037082818296
Forest,0.6217244993655873,0.03916809179676725,95.65785844320627,3.610636067744249,0.0678545815634137,0.0,0.0027583163237160035
Grassland,2.008536985787326,0.14916271870162764,1.7458605000234533,95.41348093250153,0.14728645808902857,0.0,0.5356724048970402
Urban,0.5430898956695727,0.28583678719451194,1.6149778476489924,3.1013291410604547,94.45476632842646,0.0,0.0
Water,0.0,0.0,0.0,0.0,0.0,100.0,0.0
Other,1.8067607822820877,0.16189612744463153,0.0,9.247506799637353,0.0,0.0,88.78383629063593
