from_label,Crops,TreeCrops,Forest,Grassland,Urban,Water,Other
Crops,97.87151265104117,0.0,0.4419834516328959,1.559835149672697,0.01809553537903361,0.0,0.10857321227420165
TreeCrops,1.3245033112582782,96.02649006622516,0.0,2.6490066225165565,0.0,0.0,0.0
Forest,0.6981584206031359,0.0,95.68916196114525,3.593608782534431,0.019070835717187797,0.0,0.0
Grassland,2.2484777003675465,0.003428602775796807,3.942893192166328,93.28953864721049,0.07680070217784848,0.0,0.4388611553019913
Urban,0.0788229111928534,0.0,0.1576458223857068,2.075669994745139,97.6878612716763,0.0,0.0
Water,0.0,0.0,0.0,0.0,0.0,100.0,0.0
Other,2.3691514670896114,0.0,0.02973830293417922,5.610626486915147,0.019825535289452814,0.0,91.9706582077716
