from_label,Crops,TreeCrops,Forest,Grassland,Urban,Water,Other
Crops,97.5889847094029,0.15277970681447997,0.26768014747660956,1.819467417517898,0.012626422050783468,0.0,0.15846159673733254
TreeCrops,0.07965350724349081,96.90346990590929,0.4132025688256086,1.1948026086523622,0.18917707970329067,0.0,1.219694329665953
Forest,0.5467432401150807,0.12511160837310817,95.34000595244656,3.8090146496323816,0.030313385288638545,0.0,0.14881116414422557
Grassland,1.8377494383507336,0.022300779701334743,5.756079027355623,90.55190299986785,0.19575128848949383,0.0,1.6362164662349676
Urban,0.6095908967759415,0.0270929287455974,1.4765646166350583,3.3595231644540777,94.40531021403413,0.0,0.1219181793551883
Water,0.0,0.0,0.0,0.0,0.0,100.0,0.0
Other,1.817214111922141,0.06082725060827251,0.0,9.686739659367397,0.0,0.0,88.4352189781022
