from_label,Crops,TreeCrops,Forest,Grassland,Urban,Water,Other
Crops,96.92237414292688,0.0,0.23736055067647754,2.5939477538078455,0.02328820497203176,0.0,0.22302934761676574
TreeCrops,0.0,100.0,0.0,0.0,0.0,0.0,0.0
Forest,0.3220653853499314,0.0,97.42087261489314,2.2075802559161066,0.00607670538396097,0.0,0.043405038456864074
Grassland,2.2844969082248587,0.0,1.6728412844098162,95.41760737470439,0.049575592729806314,0.0,0.5754788399311301
Urban,0.49794961921499703,0.0,0.17574692442882248,2.724077328646749,96.5436438195665,0.0,0.05858230814294083
Water,0.0,0.0,0.0,0.0,0.0,100.0,0.0
Other,2.174336973478939,0.0,0.0,8.180577223088923,0.0,0.0,89.64508580343214
