from_label,Crops,TreeCrops,Forest,Grassland,Urban,Water,Other
Crops,97.36109705495394,0.8039419087136929,0.2118965691731606,1.495926525655298,0.01897581216476065,0.0,0.1081621293391357
TreeCrops,0.0,98.54789444694806,0.11015973161083571,0.6409293475539533,0.09513795002753994,0.0,0.6058785238595964
Forest,0.558792255549156,1.587767489256125,93.8914979398343,3.9220681405343143,0.039874174826104294,0.0,0.0
Grassland,1.7039640888536818,0.6163976631349638,5.795953394725551,90.5188632537875,0.1955639172195267,0.0,1.1692576822787735
Urban,0.5738488864598988,0.24593523705424236,1.48927449105069,3.1425058068042087,94.54843557863096,0.0,0.0
Water,0.0,0.0,0.0,0.0,0.0,100.0,0.0
Other,1.466601793285605,0.35448668937235006,0.26412733717939807,10.377424063390562,0.01390143879891569,0.0,87.52345867797317
