from_label,Crops,TreeCrops,Forest,Grassland,Urban,Water,Other
Crops,98.00116345493709,0.005240788004884415,0.5115009092767189,1.3620808024694593,0.01834275801709545,0.0,0.10167128729475763
TreeCrops,0.025112107623318388,98.46457399103139,0.025112107623318388,0.9363228699551569,0.07174887892376682,0.0,0.47713004484304933
Forest,0.46554737192140877,0.0,98.65500675680457,0.8730782020532195,0.006367669220809543,0.0,0.0
Grassland,2.167606768734891,0.12731668009669622,4.865431103948429,91.70024174053182,0.15390813859790492,0.0,0.9854955680902497
Urban,0.038387715930902115,0.05758157389635317,0.21113243761996162,0.6525911708253359,99.04030710172745,0.0,0.0
Water,0.0,0.0,0.0,0.0,0.0,100.0,0.0
Other,1.418730523208135,1.189109398064622,0.18861735279645728,8.520583893718223,0.0,0.0,88.68295883221256
