from_label,Crops,TreeCrops,Forest,Grassland,Urban,Water,Other
Crops,98.47749140673916,0.12969754277463297,0.24470029006248484,1.0471639044710512,0.002555616606396708,0.0,0.09839123934627327
TreeCrops,0.036290322580645164,97.42338709677419,0.07258064516129033,1.7741935483870968,0.2056451612903226,0.0,0.4879032258064516
Forest,0.5760543651307093,0.03656595091161728,95.36681274295262,3.9631865257283656,0.05738041527669174,0.0,0.0
Grassland,1.7242665649791513,0.3506561331664332,5.82271555404498,90.68564465187224,0.18651921976937935,0.0,1.2301978761678176
Urban,0.626391982182628,0.23663697104677062,1.489420935412027,3.2015590200445434,94.44599109131403,0.0,0.0
Water,0.0,0.0,0.0,0.0,0.0,100.0,0.0
Other,1.6809019473864026,0.2733173898189272,0.21865391185514177,10.304065596173556,0.01366586949094636,0.0,87.50939528527503
