from_label,Crops,TreeCrops,Forest,Grassland,Urban,Water,Other
Crops,97.18042085674409,0.0,0.5708048527359266,2.0613391547077984,0.021472282861539564,0.0,0.16596285295064953
TreeCrops,1.342281879194631,96.64429530201343,0.0,2.013422818791946,0.0,0.0,0.0
Forest,0.6657311062431545,0.0,96.14937020810514,3.178908817086528,0.00598986856516977,0.0,0.0
Grassland,2.29543833429571,0.004755273258381169,4.010733331068918,93.16055840494548,0.055704629598179414,0.0,0.4728100268333276
Urban,0.24410089503661514,0.0,0.16273393002441008,2.088418768646596,97.47762408462164,0.0,0.027122321670735017
Water,0.0,0.0,0.0,0.0,0.0,100.0,0.0
Other,2.1726190476190474,0.0,0.00992063492063492,7.490079365079365,0.0,0.0,90.32738095238095
