from_label,Crops,TreeCrops,Forest,Grassland,Urban,Water,Other
Crops,99.26279271465741,0.0,0.08673026886383348,0.5637467476149176,0.08673026886383348,0.0,0.0
TreeCrops,0.0,100.0,0.0,0.0,0.0,0.0,0.0
Forest,0.028977108084613158,0.0,99.21761808171544,0.6664734859461026,0.08693132425383947,0.0,0.0
Grassland,0.24857954545454544,0.0,0.7575757575757576,98.2717803030303,0.6865530303030303,0.0,0.03551136363636364
Urban,0.016914749661705007,0.0,0.050744248985115016,0.3721244925575102,99.56021650879568,0.0,0.0
Water,0.0,0.0,0.0,0.0,0.0,100.0,0.0
Other,0.0,0.0,0.0,10.714285714285714,0.0,0.0,89.28571428571429
