from_label,Crops,TreeCrops,Forest,Grassland,Urban,Water,Other
Crops,99.71285759863873,0.0,0.0425396150164841,0.23396788259066256,0.010634903754121025,0.0,0.0
TreeCrops,0.0,0.0,0.0,0.0,0.0,0.0,0.0
Forest,0.10480610869890701,0.0,99.17652343165145,0.6737535559215451,0.04491690372810301,0.0,0.0
Grassland,0.9335023625677077,0.0,1.2100956551803619,97.48761092543505,0.3457416157658177,0.0,0.02304944105105451
Urban,0.052374301675977654,0.0,0.06983240223463687,0.33170391061452514,99.54608938547486,0.0,0.0
Water,0.0,0.0,0.0,0.0,0.0,100.0,0.0
Other,0.0,0.0,0.0,10.714285714285714,0.0,0.0,89.28571428571429
