from_label,Crops,TreeCrops,Forest,Grassland,Urban,Water,Other
Crops,97.91799447631188,0.0,0.22307202039515617,1.7208413001912046,0.12746972594008923,0.0,0.010622477161674103
TreeCrops,0.0,0.0,0.0,0.0,0.0,0.0,0.0
Forest,0.029489826010026542,0.0,99.20377469772929,0.7225007372456502,0.04423473901503981,0.0,0.0
Grassland,0.22235225277940315,0.0,0.3978935049736688,99.2510239906378,0.11702750146284377,0.0,0.011702750146284377
Urban,0.017406440382941687,0.0,0.05221932114882506,0.38294168842471715,99.54743255004351,0.0,0.0
Water,0.0,0.0,0.0,0.0,0.0,100.0,0.0
Other,0.0,0.0,0.0,13.793103448275861,0.0,0.0,86.20689655172413
