from_label,Crops,TreeCrops,Forest,Grassland,Urban,Water,Other
Crops,99.680817108203,0.0,0.042557718906266626,0.2659857431641664,0.010639429726566656,0.0,0.0
TreeCrops,0.0,0.0,0.0,0.0,0.0,0.0,0.0
Forest,0.045310376076121435,0.0,99.19951668932185,0.7098625585259024,0.045310376076121435,0.0,0.0
Grassland,0.34285714285714286,0.0,1.177142857142857,98.09142857142858,0.35428571428571426,0.0,0.03428571428571429
Urban,0.017488632388947184,0.0,0.06995452955578874,0.3497726477789437,99.56278419027632,0.0,0.0
Water,0.0,0.0,0.0,0.0,0.0,100.0,0.0
Other,0.0,0.0,0.0,7.4074074074074066,0.0,0.0,92.5925925925926
