from_label,Crops,TreeCrops,Forest,Grassland,Urban,Water,Other
Crops,99.44840461642906,0.0,0.1357773251866938,0.3394433129667346,0.07637474541751527,0.0,0.0
TreeCrops,0.0,0.0,0.0,0.0,0.0,0.0,0.0
Forest,0.04767201652629906,0.0,99.22135706340379,0.6832989035436199,0.04767201652629906,0.0,0.0
Grassland,0.3771476463193183,0.0,0.47492666573543796,98.84062019835173,0.2933370582483587,0.0,0.013968431345159939
Urban,0.01897173211914248,0.0,0.03794346423828496,0.13280212483399734,99.81028267880858,0.0,0.0
Water,0.0,0.0,0.0,0.0,0.0,100.0,0.0
Other,0.0,0.0,0.0,12.5,0.0,0.0,87.5
