from_label,Crops,TreeCrops,Forest,Grassland,Urban,Water,Other
Crops,99.05504984828782,0.0,0.11270047680970957,0.7542262678803641,0.07802340702210664,0.0,0.0
TreeCrops,0.0,0.0,0.0,0.0,0.0,0.0,0.0
Forest,0.031710797526557796,0.0,99.1755192643095,0.7452037418741082,0.04756619628983669,0.0,0.0
Grassland,0.3729281767955801,0.0,0.5386740331491713,98.74309392265194,0.3314917127071823,0.0,0.013812154696132598
Urban,0.018433179723502304,0.0,0.03686635944700461,0.11059907834101382,99.83410138248848,0.0,0.0
Water,0.0,0.0,0.0,0.0,0.0,100.0,0.0
Other,0.0,0.0,0.0,12.5,0.0,0.0,87.5
