from_label,Crops,TreeCrops,Forest,Grassland,Urban,Water,Other
Crops,99.38639234795164,0.0,0.16242555495397942,0.4060638873849486,0.04511820970943873,0.0,0.0
TreeCrops,0.0,0.0,0.0,0.0,0.0,0.0,0.0
Forest,0.04512635379061372,0.0,99.17268351383875,0.7370637785800241,0.04512635379061372,0.0,0.0
Grassland,0.3888888888888889,0.0,1.3888888888888888,97.86111111111111,0.3472222222222222,0.0,0.013888888888888888
Urban,0.01793400286944046,0.0,0.10760401721664276,0.3048780487804878,99.56958393113344,0.0,0.0
Water,0.0,0.0,0.0,0.0,0.0,100.0,0.0
Other,0.0,0.0,0.0,11.11111111111111,0.0,0.0,88.88888888888889
