from_label,Crops,TreeCrops,Forest,Grassland,Urban,Water,Other
Crops,99.39914163090128,0.0,0.12017167381974249,0.3948497854077253,0.08583690987124463,0.0,0.0
TreeCrops,0.0,0.0,0.0,0.0,0.0,0.0,0.0
Forest,0.031735956839098696,0.0,99.22246905744208,0.6981910504601714,0.04760393525864805,0.0,0.0
Grassland,0.3750520905681345,0.0,0.5139602722600362,98.80538963744965,0.29170718155299347,0.0,0.013890818169190166
Urban,0.018670649738610906,0.0,0.03734129947722181,0.11202389843166542,99.8319641523525,0.0,0.0
Water,0.0,0.0,0.0,0.0,0.0,100.0,0.0
Other,0.0,0.0,0.0,12.5,0.0,0.0,87.5
