from_label,Crops,TreeCrops,Forest,Grassland,Urban,Water,Other
Crops,99.35723338765163,0.0,0.16295491580662683,0.43454644215100485,0.045265254390729676,0.0,0.0
TreeCrops,0.0,0.0,0.0,0.0,0.0,0.0,0.0
Forest,0.044662795891022775,0.0,99.16629447670091,0.7443799315170463,0.044662795891022775,0.0,0.0
Grassland,0.3492595697122101,0.0,1.3830678960603522,97.91841296451523,0.3352891869237217,0.0,0.013970382788488405
Urban,0.017905102954341987,0.0,0.10743061772605193,0.3043867502238138,99.57027752909579,0.0,0.0
Water,0.0,0.0,0.0,0.0,0.0,100.0,0.0
Other,0.0,0.0,0.0,11.11111111111111,0.0,0.0,88.88888888888889
