from_label,Crops,TreeCrops,Forest,Grassland,Urban,Water,Other
Crops,99.67788514939465,0.0,0.022214817283127845,0.2554703987559702,0.022214817283127845,0.0,0.022214817283127845
TreeCrops,0.0,100.0,0.0,0.0,0.0,0.0,0.0
Forest,0.10105384726432798,0.0,99.24931427746499,0.5918868196910639,0.05774505557961599,0.0,0.0
Grassland,1.070299197275602,0.0,0.6202870347847239,97.65263926052056,0.5959620530284603,0.0,0.06081245439065921
Urban,0.07901390644753477,0.0,0.03160556257901391,0.015802781289506955,99.87357774968395,0.0,0.0
Water,0.0,0.0,0.0,0.0,0.0,100.0,0.0
Other,2.941176470588235,0.0,2.941176470588235,2.941176470588235,0.0,0.0,91.17647058823529
