from_label,Crops,TreeCrops,Forest,Grassland,Urban,Water,Other
Crops,99.44680851063829,0.0,0.1276595744680851,0.34893617021276596,0.07659574468085106,0.0,0.0
TreeCrops,0.0,0.0,0.0,0.0,0.0,0.0,0.0
Forest,0.03176620076238882,0.0,99.1740787801779,0.7465057179161372,0.04764930114358323,0.0,0.0
Grassland,0.40463234268173576,0.0,0.48834937909864656,98.81400865076043,0.27905678805636946,0.0,0.013952839402818475
Urban,0.018889308651303362,0.0,0.037778617302606725,0.207782395164337,99.73554967888175,0.0,0.0
Water,0.0,0.0,0.0,0.0,0.0,100.0,0.0
Other,0.0,0.0,0.0,12.5,0.0,0.0,87.5
