from_label,Crops,TreeCrops,Forest,Grassland,Urban,Water,Other
Crops,99.45219549773174,0.0,0.11983223487118035,0.3509372592655996,0.07703500813147308,0.0,0.0
TreeCrops,0.0,0.0,0.0,0.0,0.0,0.0,0.0
Forest,0.031746031746031744,0.0,99.20634920634922,0.7142857142857143,0.047619047619047616,0.0,0.0
Grassland,0.38953811908736785,0.0,0.5008347245409015,98.8174735670562,0.27824151363383415,0.0,0.01391207568169171
Urban,0.018740629685157422,0.0,0.037481259370314844,0.1686656671664168,99.77511244377811,0.0,0.0
Water,0.0,0.0,0.0,0.0,0.0,100.0,0.0
Other,0.0,0.0,0.0,12.5,0.0,0.0,87.5
