from_label,Crops,TreeCrops,Forest,Grassland,Urban,Water,Other
Crops,96.8152207631062,0.0,0.3722469237927825,2.678109812842519,0.12408230793092752,0.0,0.010340192327577293
TreeCrops,0.0,0.0,0.0,0.0,0.0,0.0,0.0
Forest,0.01565680288085173,0.0,99.17018944731485,0.7828401440425865,0.03131360576170346,0.0,0.0
Grassland,0.2514860539551898,0.0,0.8116140832190215,98.67398262459992,0.2286236854138089,0.0,0.034293552812071325
Urban,0.01759633996128805,0.0,0.052789019883864155,0.38711947914833716,99.5424951610065,0.0,0.0
Water,0.0,0.0,0.0,0.0,0.0,100.0,0.0
Other,0.0,0.0,0.0,7.6923076923076925,0.0,0.0,92.3076923076923
