from_label,Crops,TreeCrops,Forest,Grassland,Urban,Water,Other
Crops,99.70591438841085,0.010892059688487093,0.03267617906546128,0.22873325345822895,0.021784119376974186,0.0,0.0
TreeCrops,0.0,0.0,0.0,0.0,0.0,0.0,0.0
Forest,0.05833454863642993,0.0,99.18331631908998,0.6854309464780517,0.07291818579553741,0.0,0.0
Grassland,0.5341384115188109,0.0,0.8592661402693916,97.93311658151417,0.6502554575011612,0.0,0.023223409196470042
Urban,0.03427592116538132,0.0,0.051413881748071974,0.35989717223650386,99.55441302485004,0.0,0.0
Water,0.0,0.0,0.0,0.0,0.0,100.0,0.0
Other,0.0,0.0,0.0,13.333333333333334,0.0,0.0,86.66666666666667
