from_label,Crops,TreeCrops,Forest,Grassland,Urban,Water,Other
Crops,99.11850236277718,0.0,0.30897855325336243,0.49073064340239914,0.08178844056706652,0.0,0.0
TreeCrops,0.0,0.0,0.0,0.0,0.0,0.0,0.0
Forest,0.04422169811320755,0.0,99.1745283018868,0.7370283018867925,0.04422169811320755,0.0,0.0
Grassland,0.3929824561403509,0.0,1.1649122807017545,98.13333333333333,0.2947368421052632,0.0,0.014035087719298244
Urban,0.017879492222420884,0.0,0.08939746111210442,0.3218308600035759,99.5708921866619,0.0,0.0
Water,0.0,0.0,0.0,0.0,0.0,100.0,0.0
Other,0.0,0.0,0.0,0.0,0.0,0.0,100.0
