from_label,Crops,TreeCrops,Forest,Grassland,Urban,Water,Other
Crops,99.59555106167846,0.0,0.13481631277384565,0.1937984496124031,0.07583417593528817,0.0,0.0
TreeCrops,0.0,0.0,0.0,0.0,0.0,0.0,0.0
Forest,0.047709923664122134,0.0,99.18893129770993,0.7156488549618321,0.047709923664122134,0.0,0.0
Grassland,0.3923766816143498,0.0,0.46244394618834084,98.85089686098655,0.2802690582959641,0.0,0.014013452914798207
Urban,0.019175455417066153,0.0,0.03835091083413231,0.24928092042186004,99.69319271332694,0.0,0.0
Water,0.0,0.0,0.0,0.0,0.0,100.0,0.0
Other,0.0,0.0,0.0,12.5,0.0,0.0,87.5
