from_label,Crops,TreeCrops,Forest,Grassland,Urban,Water,Other
Crops,0.0,0.0,0.0,0.0,0.0,0.0,0.0
TreeCrops,0.0,90.9090909090909,3.557312252964427,5.533596837944664,0.0,0.0,0.0
Forest,0.0,0.5958291956305859,99.40417080436941,0.0,0.0,0.0,0.0
Grassland,0.0,5.533596837944664,0.0,94.46640316205533,0.0,0.0,0.0
Urban,0.0,0.0,0.0,0.0,0.0,0.0,0.0
Water,0.0,0.0,0.0,0.0,0.0,100.0,0.0
Other,0.0,0.0,0.0,0.0,0.0,0.0,0.0
