from_label,Crops,TreeCrops,Forest,Grassland,Urban,Water,Other
Crops,99.78796089056426,0.0,0.026595970771149564,0.16558724267791064,0.004554104584100953,0.0,0.015301791402579201
TreeCrops,0.0,92.56354174522966,4.336676974130779,2.1042310883173694,0.00754204691153179,0.0,0.9880081454106645
Forest,0.04510793617556172,0.0,99.55133433601056,0.39600316727301677,0.007554560540868918,0.0,0.0
Grassland,0.08414158656670183,0.0,0.372322253742921,99.44687858323546,0.014165824918937631,0.0,0.08249175153598219
Urban,0.0,0.0,0.0,0.0,100.0,0.0,0.0
Water,0.0,0.0,0.0,0.0,0.0,100.0,0.0
Other,0.025644962901870027,0.00047490672040500045,0.015197015052960014,0.4788642764083755,0.011397761289720011,0.0,99.46842107762667
