from_label,Crops,TreeCrops,Forest,Grassland,Urban,Water,Other
Crops,99.72410780645626,0.00011002679702641578,0.11607827086286865,0.12311998587255926,0.007371795400769858,0.0,0.02921211461051339
TreeCrops,0.0,98.8880063542494,0.006109855196431844,1.0020162522148224,0.030549275982159223,0.0,0.07331826235718213
Forest,0.028537724415429115,0.0,99.88875781717111,0.07785660035874149,0.004847858054716158,0.0,0.0
Grassland,0.09684452746035241,0.0007670291115956336,0.3135728642145409,99.4881927231664,0.015312173746298018,0.0,0.08531068230080324
Urban,0.0,0.0,0.0,0.0,100.0,0.0,0.0
Water,0.0,0.0,0.0,0.0,0.0,100.0,0.0
Other,0.16774708589964482,0.002694732303608752,0.029642055339696268,1.4044607924870862,0.029473634570720726,0.0,98.36598169939924
