from_label,Crops,TreeCrops,Forest,Grassland,Urban,Water,Other
Crops,99.79753828900027,0.0,0.04568653230283581,0.11611528197750078,0.0027367238176515337,0.0,0.03792317290174268
TreeCrops,0.0,99.64858199753391,0.02466091245376079,0.20961775585696668,0.0,0.0,0.11713933415536376
Forest,0.13414283513384354,3.270978667004232e-05,99.66459384748538,0.1579882696163044,0.0031728493069941048,0.0,0.04006948867080184
Grassland,0.620927594672697,0.004502697866471661,0.4125527434076473,98.63340340309458,0.02090141231843635,0.0,0.3077121486401714
Urban,0.0,0.0,0.0,0.0,100.0,0.0,0.0
Water,0.0,0.0,0.0,0.0,0.0,100.0,0.0
Other,0.19578857574516995,0.0008564679603900696,0.0,0.4109333273951555,0.00650915649896453,0.0,99.38591247240032
