from_label,Crops,TreeCrops,Forest,Grassland,Urban,Water,Other
Crops,99.56047780156045,0.0051370572395221985,0.14295380791272527,0.2655250983912173,0.00795415314506663,0.0,0.017952081751018433
TreeCrops,0.0,99.95396478305904,0.0,0.03452641270571988,0.0,0.0,0.011508804235239959
Forest,0.044326123305040814,0.0,99.65426288381639,0.2972574955673877,0.002193046580309366,0.0,0.001960450730882615
Grassland,0.0982907987032416,0.0002468239922793455,0.3408090835617141,99.41584988493888,0.013465620023239852,0.0,0.13133778878064287
Urban,0.0,0.0,0.0,0.0,100.0,0.0,0.0
Water,0.0,0.0,0.0,0.0,0.0,100.0,0.0
Other,0.05901886347027445,0.00034716978511926147,0.0,0.48169807685297533,0.00919999930566043,0.0,99.44973589058597
