from_label,Crops,TreeCrops,Forest,Grassland,Urban,Water,Other
Crops,99.36789728521718,0.0,0.14603246183602792,0.33070157823100493,0.010099551039725293,0.0,0.14526912367604866
TreeCrops,0.0,99.92435703479576,0.0,0.0605143721633888,0.0,0.0,0.0151285930408472
Forest,0.030112881528704994,0.0,99.62507624307545,0.32796637784814886,0.002138983815579489,0.0,0.014705513732108988
Grassland,0.09994593175286202,0.00042137942240995846,0.33813065027009104,99.25434277583169,0.01861970322774004,0.0,0.28853955949521903
Urban,0.0,0.0,0.0,0.0,100.0,0.0,0.0
Water,0.0,0.0,0.0,0.0,0.0,100.0,0.0
Other,0.04466960636927592,0.0,0.0,0.5491311851259181,0.008431612447212723,0.0,99.39776759605759
