from_label,Crops,TreeCrops,Forest,Grassland,Urban,Water,Other
Crops,99.80167721279403,0.0,0.0827305015509226,0.08947841381270209,0.005431246454603009,0.0,0.02068262538773065
TreeCrops,0.0,99.85873892384744,0.02568383202773854,0.006420958006934635,0.006420958006934635,0.0,0.10273532811095416
Forest,0.04998755936625419,0.0,99.54249328302217,0.39845388961075284,0.009065268000825518,0.0,0.0
Grassland,0.09476313370339082,0.0001145866187465427,0.38552667877274294,99.42437412072674,0.017245286121354675,0.0,0.0779761940570223
Urban,0.0,0.0,0.0,0.0,100.0,0.0,0.0
Water,0.0,0.0,0.0,0.0,0.0,100.0,0.0
Other,0.07836280468364583,0.00016780043829474483,0.020975054786843104,0.5134693411819191,0.014095236816758566,0.0,99.37292976209254
