from_label,Crops,TreeCrops,Forest,Grassland,Urban,Water,Other
Crops,99.71100023776128,0.0,0.08275567171248947,0.18504831714774927,0.004730650869978982,0.0,0.016465122508498277
TreeCrops,0.0,94.87887939343315,2.5959005333161986,2.120413801966202,0.0,0.0,0.40480627128445673
Forest,0.08520889031565536,0.0,99.54157115412589,0.3655392424873221,0.007680713071131553,0.0,0.0
Grassland,0.18028361794578482,0.0010746317618729134,0.42162328783587544,99.29173282957613,0.01682647100827325,0.0,0.0884591618720651
Urban,0.0,0.0,0.0,0.0,100.0,0.0,0.0
Water,0.0,0.0,0.0,0.0,0.0,100.0,0.0
Other,0.0055189291385266985,0.0,0.0018922042760662963,0.5085298991928172,0.020971930726401453,0.0,99.46308703666618
