from_label,Crops,TreeCrops,Forest,Grassland,Urban,Water,Other
Crops,99.40634200223589,0.30236861913691043,0.08000436488671336,0.18567470904466882,0.004620989760332088,0.0,0.020989314935484303
TreeCrops,0.0,99.98897828722583,0.0,0.011021712774165107,0.0,0.0,0.0
Forest,0.04823723089939191,0.012759951030802918,99.7577257876632,0.1777490852895569,0.003527945117043701,0.0,0.0
Grassland,0.09112162943797107,0.009741349240340334,0.3656179492500541,99.44369444947303,0.01454303413501234,0.0,0.0752815884635933
Urban,0.0,0.0,0.0,0.0,100.0,0.0,0.0
Water,0.0,0.0,0.0,0.0,0.0,100.0,0.0
Other,0.07695917409666823,0.00034128236849963737,0.011774241713237491,0.520455611961947,0.01313937118723604,0.0,99.3773303186724
