from_label,Crops,TreeCrops,Forest,Grassland,Urban,Water,Other
Crops,99.36699385059221,0.00038672046132436294,0.1627540684373676,0.45135802414572074,0.012430300542568806,0.0,0.006077035820811417
TreeCrops,0.0,99.68934451693072,0.0,0.30444237340789065,0.006213109661385524,0.0,0.0
Forest,0.041230246380401486,0.0011871744093967741,99.53777203941162,0.3740882821393781,0.008374392455474543,0.0,0.037347865203725544
Grassland,0.10508680996964478,0.0008322002974111683,0.36278193654731,99.32382291007244,0.020231076195685302,0.0,0.1872450669175129
Urban,0.0,0.0,0.0,0.0,100.0,0.0,0.0
Water,0.0,0.0,0.0,0.0,0.0,100.0,0.0
Other,0.009639771703613584,0.00016620296040713075,0.0,0.48714087695330033,0.012299019070127678,0.0,99.49075412931255
