from_label,Crops,TreeCrops,Forest,Grassland,Urban,Water,Other
Crops,99.71513469007408,0.0008564801861873728,0.07571284845896376,0.1818592928671188,0.006737644131340665,0.0,0.019699044282309574
TreeCrops,0.0,98.65450135704799,0.034648033724086154,1.2069065080556678,0.04042270601143386,0.0,0.06352139516082463
Forest,0.042706490201997856,3.201386072113782e-05,99.54463484510254,0.4015818688859528,0.01104478194879255,0.0,0.0
Grassland,0.09014663872244447,0.0010836989153599776,0.37898091805838796,99.42221736775807,0.02358471060533425,0.0,0.08398666594039828
Urban,0.0,0.0,0.0,0.0,100.0,0.0,0.0
Water,0.0,0.0,0.0,0.0,0.0,100.0,0.0
Other,0.013508536912881194,0.00032163183125907607,0.023961571428801166,0.7638755992403056,0.027177889741391924,0.0,99.17115477084536
