from_label,Crops,TreeCrops,Forest,Grassland,Urban,Water,Other
Crops,99.65896113541874,0.04947771966906889,0.08019187973451797,0.18556937072270419,0.004746733828296676,0.0,0.021053160626680553
TreeCrops,0.0,99.61298786487373,0.0,0.3542144965562479,0.02623811085601837,0.0,0.006559527714004592
Forest,0.04828416877882496,0.0011511893101218483,99.788049602445,0.15971929399861987,0.002795745467438775,0.0,0.0
Grassland,0.09127757066681862,0.001051075056163366,0.36762733082808674,99.44973454822858,0.01479803039598423,0.0,0.07551144482436811
Urban,0.0,0.0,0.0,0.0,100.0,0.0,0.0
Water,0.0,0.0,0.0,0.0,0.0,100.0,0.0
Other,0.0770306807565062,0.00017079973560200928,0.03911313945286013,0.5081292134159776,0.013663978848160743,0.0,99.36189218779089
