from_label,Crops,TreeCrops,Forest,Grassland,Urban,Water,Other
Crops,98.47417410924653,0.0418558495628697,0.3228167046418414,1.1260055105582074,0.02877243168626407,0.0,0.006375394304278166
TreeCrops,0.0,98.83806713389893,0.0,1.1127505225624001,0.02459117176933481,0.0,0.02459117176933481
Forest,0.038410140790158795,0.0005771139684664927,99.53135139571808,0.352520449071616,0.00721392460583116,0.0,0.0699269758458567
Grassland,0.10492177735018024,0.0012651570850665745,0.28632805120665794,99.33432609826419,0.018632313434616826,0.0,0.25452660265930266
Urban,0.0,0.0,0.0,0.0,100.0,0.0,0.0
Water,0.0,0.0,0.0,0.0,0.0,100.0,0.0
Other,0.011642130739488468,0.0,0.0,0.45207541477140434,0.008034709946970914,0.0,99.52824774454213
