from_label,Crops,TreeCrops,Forest,Grassland,Urban,Water,Other
Crops,99.77260044719709,0.0,0.08196960624291098,0.11975935750812396,0.005068013289212238,0.0,0.020602575762667143
TreeCrops,0.0,99.61998161201349,0.0,0.26356114005516396,0.01225865767698437,0.0,0.10419859025436716
Forest,0.04969208480261796,0.000715930494864175,99.86166270301511,0.08506555970795242,0.0028637219794567,0.0,0.0
Grassland,0.0932103389302781,0.001579358239060688,0.3770999824014368,99.43518200975592,0.01570897391351434,0.0,0.07721933675978863
Urban,0.0,0.0,0.0,0.0,100.0,0.0,0.0
Water,0.0,0.0,0.0,0.0,0.0,100.0,0.0
Other,0.07818555589256226,0.0005055100596501871,0.003875577123984767,0.43002055740909245,0.014491288376638694,0.0,99.47292151113807
