from_label,Crops,TreeCrops,Forest,Grassland,Urban,Water,Other
Crops,99.80283661227199,0.0,0.08294988403441955,0.08765859032284205,0.005694249465069064,0.0,0.02086066390568571
TreeCrops,0.0,99.89712595640712,0.0,0.025718510898218992,0.0,0.0,0.07715553269465698
Forest,0.050085601722764786,0.0,99.54518161411855,0.39769702612322344,0.0070357580354621484,0.0,0.0
Grassland,0.09519231459094138,5.7396632252602585e-05,0.3862793350600154,99.42273337111945,0.0178216543144331,0.0,0.077915928282908
Urban,0.0,0.0,0.0,0.0,100.0,0.0,0.0
Water,0.0,0.0,0.0,0.0,0.0,100.0,0.0
Other,0.08072993314552411,0.0,0.005550182903754783,0.5153260732455955,0.01698692343270403,0.0,99.38140688727242
