from_label,Crops,TreeCrops,Forest,Grassland,Urban,Water,Other
Crops,99.70972656266845,0.0,0.08254804881669836,0.1854866977515513,0.004928241720399902,0.0,0.017310449042904658
TreeCrops,0.0,99.2436382283187,0.012819691045445804,0.3204922761361451,0.019229536568168705,0.0,0.4038202679315429
Forest,0.08525007159182818,0.0010059005497560847,99.75826952413675,0.14752160250016583,0.007952901221509046,0.0,0.0
Grassland,0.17903809887948446,0.0013514434260442293,0.420045509857372,99.29502516781831,0.017371679038943533,0.0,0.0871681009798528
Urban,0.0,0.0,0.0,0.0,100.0,0.0,0.0
Water,0.0,0.0,0.0,0.0,0.0,100.0,0.0
Other,0.004268531751552481,0.0,0.0012647501486081425,0.25642809263030086,0.02181694006349046,0.0,99.71622168540605
