from_label,Crops,TreeCrops,Forest,Grassland,Urban,Water,Other
Crops,99.70566823312103,0.0025142235211756286,0.078220287325464,0.18856676408817213,0.0046373456057239365,0.0,0.020393146338424543
TreeCrops,0.0,99.80180849746067,0.00619348445435402,0.16722408026755853,0.01858045336306206,0.0,0.00619348445435402
Forest,0.05320045682858367,0.00013119718083497823,99.79228206344301,0.15133594809314738,0.0030503344544132436,0.0,0.0
Grassland,0.10366932286381306,0.001136785835093965,0.366266850770519,99.43740191756362,0.015166386629180462,0.0,0.07635873633777512
Urban,0.0,0.0,0.0,0.0,100.0,0.0,0.0
Water,0.0,0.0,0.0,0.0,0.0,100.0,0.0
Other,0.09438269103518321,0.0027357301749328464,0.011113903835664688,0.5912596840573614,0.015217499098063957,0.0,99.28529049179879
