from_label,Crops,TreeCrops,Forest,Grassland,Urban,Water,Other
Crops,99.76456782159634,0.0,0.03820609912690863,0.17699932091544002,0.00455557620750103,0.0,0.01567118215380354
TreeCrops,0.0,96.47769449093953,1.7102103194818425,0.8732988865439196,0.02183247216359799,0.0,0.9169638308711157
Forest,0.04485183380060523,0.0,99.54746975792233,0.39984265813719144,0.00783575013986814,0.0,0.0
Grassland,0.08412641486950025,5.688060505037204e-05,0.3725110824748865,99.4464663919523,0.014419233380269313,0.0,0.0824199967179891
Urban,0.0,0.0,0.0,0.0,100.0,0.0,0.0
Water,0.0,0.0,0.0,0.0,0.0,100.0,0.0
Other,0.0030079806476024018,0.0,0.015356532779864894,0.48096027407453146,0.012348552132262493,0.0,99.48832666036573
