from_label,Crops,TreeCrops,Forest,Grassland,Urban,Water,Other
Crops,99.72563026438934,0.0,0.06964348385587273,0.18900620028076742,0.004508851973171113,0.0,0.0112111995008579
TreeCrops,0.0,97.86133149361848,0.3656433252845809,0.6278026905829596,0.0,0.0,1.1452224905139703
Forest,0.10618623267780322,0.0,99.45485221920146,0.4299117630296551,0.009049785091089687,0.0,0.0
Grassland,0.17240717875416134,2.841720434385386e-05,0.37198120486104697,99.36291469581514,0.014492774215365465,0.0,0.07817572914994196
Urban,0.0,0.0,0.0,0.0,100.0,0.0,0.0
Water,0.0,0.0,0.0,0.0,0.0,100.0,0.0
Other,0.01423809576543212,0.0,0.017402117046639257,0.5255439348085056,0.014396296829492474,0.0,99.42841955554994
