from_label,Crops,TreeCrops,Forest,Grassland,Urban,Water,Other
Crops,99.37385533107127,0.0,0.3872497516893734,0.18951985623819448,0.021644648834231846,0.0,0.027730412166933636
TreeCrops,0.0,99.41935483870967,0.12316715542521994,0.21114369501466276,0.03519061583577712,0.0,0.21114369501466276
Forest,0.040374419278609665,9.574961093741422e-05,99.52974174414938,0.4229579480475378,0.006830138913535549,0.0,0.0
Grassland,0.0960834226828262,0.0005710753205517158,0.35266756420671214,99.47398252223981,0.013905684055434282,0.0,0.06278973149466116
Urban,0.0,0.0,0.0,0.0,100.0,0.0,0.0
Water,0.0,0.0,0.0,0.0,0.0,100.0,0.0
Other,0.0631186389501427,0.007387932294418738,0.1496859325738753,0.7808723220753022,0.014454650141254053,0.0,98.984480523965
