from_label,Crops,TreeCrops,Forest,Grassland,Urban,Water,Other
Crops,99.7576478688715,0.0,0.04153761465063074,0.18096415854925288,0.0032590139882805857,0.0,0.016591343940337528
TreeCrops,0.0,99.95448338643604,0.015172204521316946,0.030344409042633892,0.0,0.0,0.0
Forest,0.12611079466209105,0.0,99.57780007989919,0.29156842515210485,0.002076173464962731,0.0,0.002444526821649667
Grassland,0.6102496067952456,0.0009908342615885888,0.38337463547729006,98.6418530478062,0.02576169080130331,0.0,0.3377701848583837
Urban,0.0,0.0,0.0,0.0,100.0,0.0,0.0
Water,0.0,0.0,0.0,0.0,0.0,100.0,0.0
Other,0.18424485404122665,0.00036848970808245324,0.0,0.4338966312670887,0.008106773577813971,0.0,99.37338325140578
