from_label,Crops,TreeCrops,Forest,Grassland,Urban,Water,Other
Crops,99.21085674656356,0.0,0.4318180000525563,0.310138896981787,0.025706852761430126,0.0,0.021479503640661615
TreeCrops,0.0,99.49084099022649,0.14045765786855505,0.0936384385790367,0.023409609644759174,0.0,0.2516533036811611
Forest,0.04818055270479293,0.00019182701806818686,99.54162934032607,0.3835900937970176,0.007545196044015348,0.0,0.01886299011003837
Grassland,0.09266935431592169,0.000542594062250389,0.3457752055646162,99.4333033383528,0.01373619704960195,0.0,0.11397331065480537
Urban,0.0,0.0,0.0,0.0,100.0,0.0,0.0
Water,0.0,0.0,0.0,0.0,0.0,100.0,0.0
Other,0.05250239964955454,0.004026257641837004,0.0,0.46205332697721463,0.010790370480123171,0.0,99.47062764525127
