from_label,Crops,TreeCrops,Forest,Grassland,Urban,Water,Other
Crops,98.97208739437175,5.891967245375689e-05,0.2299045619145594,0.7237692564219497,0.014847757458346739,0.0,0.05933211016093319
TreeCrops,0.0,99.6677239087751,0.0,0.30206917384080956,0.030206917384080954,0.0,0.0
Forest,0.04138599010808085,0.0,99.65943335236867,0.2961768356605722,0.0030038218626832875,0.0,0.0
Grassland,0.08824344841243646,7.921314938279754e-05,0.2898409135916562,99.5502541421876,0.013096574031289193,0.0,0.05848570862763219
Urban,0.0,0.0,0.0,0.0,100.0,0.0,0.0
Water,0.0,0.0,0.0,0.0,0.0,100.0,0.0
Other,0.05546360531042011,0.0,0.019368243124273692,0.5234707891678698,0.010916646124590626,0.0,99.39078071627284
