from_label,Crops,TreeCrops,Forest,Grassland,Urban,Water,Other
Crops,99.80144660331868,0.0,0.028364770954474542,0.13236893112088122,0.014182385477237271,0.0,0.023637309128728787
TreeCrops,0.0,100.0,0.0,0.0,0.0,0.0,0.0
Forest,0.035586443658286414,0.018142108531675423,99.42573248763196,0.46750818139317435,0.0013955468101288788,0.0,0.05163523197476851
Grassland,0.006247579063113043,0.0024990316252452172,0.07996901200784695,99.8950406717397,0.0049980632504904345,0.0,0.011245642313603478
Urban,0.0,0.0,0.0,0.0,100.0,0.0,0.0
Water,0.0,0.0,0.0,0.0,0.0,100.0,0.0
Other,0.0,0.0,0.0,0.09439899307740718,0.0,0.0,99.9056010069226
