from_label,Crops,TreeCrops,Forest,Grassland,Urban,Water,Other
Crops,99.80292792792793,0.0,0.03284534534534535,0.15015015015015015,0.009384384384384385,0.0,0.004692192192192192
TreeCrops,0.0,92.7710843373494,7.228915662650602,0.0,0.0,0.0,0.0
Forest,0.06885194701949149,0.0,99.81473857554549,0.10789171079342998,0.0007098138867988813,0.0,0.007807952754787695
Grassland,0.015853658536585366,0.0,0.05,99.92682926829268,0.004878048780487805,0.0,0.0024390243902439024
Urban,0.0,0.0,0.0,0.0,100.0,0.0,0.0
Water,0.0,0.0,0.0,0.0,0.0,100.0,0.0
Other,0.015142337976983646,0.0,0.0,0.10599636583888553,0.0,0.0,99.87886129618413
