from_label,Crops,TreeCrops,Forest,Grassland,Urban,Water,Other
Crops,99.63503649635037,0.2037005601765405,0.05092514004413513,0.09336275674758104,0.008487523340689187,0.0,0.008487523340689187
TreeCrops,0.0,99.89550259233954,0.012057393191591978,0.06028696595795988,0.020095655319319963,0.0,0.012057393191591978
Forest,0.08655858134248595,0.12344006382754519,99.49946559484563,0.26569721055563084,0.008279516476237788,0.0,0.016559032952475575
Grassland,0.03847378475907451,0.06500742942050519,0.035820420292931435,99.85406495436213,0.003980046699214604,0.0,0.0026533644661430695
Urban,0.0,0.0,0.0,0.0,100.0,0.0,0.0
Water,0.0,0.0,0.0,0.0,0.0,100.0,0.0
Other,0.0,0.0,0.0,0.05359056806002144,0.0,0.0,99.94640943193997
