from_label,Crops,TreeCrops,Forest,Grassland,Urban,Water,Other
Crops,98.99892446430049,0.04964010920824026,0.09928021841648052,0.7611483411930173,0.01654670306941342,0.0,0.07446016381236038
TreeCrops,0.00786503598253962,99.33147194148412,0.00786503598253962,0.5387549648039639,0.05898776986904715,0.0,0.055055251877777336
Forest,0.01834581868215869,0.038984864699587216,99.3479590276716,0.5526677878000306,0.012994954899862406,0.0,0.029047546246751262
Grassland,0.005238413284616089,0.007857619926924134,0.04976492620385285,99.92404300737306,0.005238413284616089,0.0,0.007857619926924134
Urban,0.0,0.0,0.0,0.0,100.0,0.0,0.0
Water,0.0,0.0,0.0,0.0,0.0,100.0,0.0
Other,0.0,0.0,0.0,0.12227074235807861,0.0,0.0,99.87772925764192
