from_label,Crops,TreeCrops,Forest,Grassland,Urban,Water,Other
Crops,99.2729399966572,0.041785057663379574,0.041785057663379574,0.5264917265585827,0.016714023065351833,0.0,0.10028413839211098
TreeCrops,0.0,99.19131238447319,0.15403573629081946,0.5198706099815157,0.07316697473813924,0.0,0.06161429451632779
Forest,0.006960879855213699,0.05336674555663836,99.35727876003527,0.5081442294306,0.012374897520379909,0.0,0.06187448760189955
Grassland,0.003877572122841485,0.018095336573260262,0.046530865474097814,99.91727846137938,0.0025850480818943233,0.0,0.011632716368524454
Urban,0.0,0.0,0.0,0.0,100.0,0.0,0.0
Water,0.0,0.0,0.0,0.0,0.0,100.0,0.0
Other,0.0,0.0,0.0,0.10442046641141664,0.0,0.0,99.89557953358859
