from_label,Crops,TreeCrops,Forest,Grassland,Urban,Water,Other
Crops,99.81472904122278,0.0,0.02779064381658175,0.15284854099119963,0.004631773969430292,0.0,0.0
TreeCrops,0.0,84.04255319148936,12.76595744680851,3.1914893617021276,0.0,0.0,0.0
Forest,0.0750503909767987,0.0,99.85061398367475,0.07219132846339685,0.002144296885051392,0.0,0.0
Grassland,0.11134779240898529,0.0,0.11497869868319131,99.74946746707978,0.019364833462432226,0.0,0.0048412083656080565
Urban,0.0,0.0,0.0,0.0,100.0,0.0,0.0
Water,0.0,0.0,0.0,0.0,0.0,100.0,0.0
Other,0.16573753201747776,0.0,0.0,0.15067048365225252,0.030134096730450505,0.0,99.65345788759981
