from_label,Crops,TreeCrops,Forest,Grassland,Urban,Water,Other
Crops,99.74655740474783,0.08448086508405846,0.03379234603362338,0.1267212976260877,0.008448086508405846,0.0,0.0
TreeCrops,0.0,99.74115945338967,0.10277492291880781,0.11038788017205282,0.019032393133112557,0.0,0.02664535038635758
Forest,0.008659508139937652,0.04172308467424505,99.3442390654029,0.5242938564725887,0.024404068394369743,0.0,0.05668041691595554
Grassland,0.006334967755014127,0.012669935510028254,0.05828170334612997,99.90750947077679,0.005067974204011302,0.0,0.010135948408022604
Urban,0.0,0.0,0.0,0.0,100.0,0.0,0.0
Water,0.0,0.0,0.0,0.0,0.0,100.0,0.0
Other,0.0,0.0,0.0,0.11365481409319694,0.0,0.0,99.8863451859068
