from_label,Crops,TreeCrops,Forest,Grassland,Urban,Water,Other
Crops,99.83833914745172,0.04254232961796988,0.008508465923593977,0.09359312515953373,0.0,0.0,0.017016931847187954
TreeCrops,0.0,99.85107967237528,0.012410027302060065,0.08273351534706709,0.020683378836766773,0.0,0.03309340613882684
Forest,0.033655176540098274,0.08974713744026207,99.32614857638603,0.5040797552894719,0.0059831424960174705,0.0,0.04038621184811793
Grassland,0.003981737099171798,0.8202378424293906,0.061053302187300915,99.10012741558717,0.003981737099171798,0.0,0.010617965597791464
Urban,0.0,0.0,0.0,0.0,100.0,0.0,0.0
Water,0.0,0.0,0.0,0.0,0.0,100.0,0.0
Other,0.0,0.0,0.0,0.0903995660820828,0.0,0.0,99.90960043391792
