from_label,Crops,TreeCrops,Forest,Grassland,Urban,Water,Other
Crops,99.73430753902358,0.10793756227167055,0.04981733643307871,0.08302889405513118,0.008302889405513119,0.0,0.016605778811026237
TreeCrops,0.0,99.8914676907664,0.0,0.029220237101352478,0.058440474202704956,0.0,0.020871597929537484
Forest,0.04023625514340809,0.21864229210002886,99.28561667754818,0.3978075036819969,0.01594266713229377,0.0,0.04175460439410273
Grassland,0.02594908788956068,1.5543503645846848,0.042815995017775124,98.36391000856321,0.005189817577912137,0.0,0.007784726366868205
Urban,0.0,0.0,0.0,0.0,100.0,0.0,0.0
Water,0.0,0.0,0.0,0.0,0.0,100.0,0.0
Other,0.03531073446327684,0.0,0.0,0.0882768361581921,0.0,0.0,99.87641242937853
