from_label,Crops,TreeCrops,Forest,Grassland,Urban,Water,Other
Crops,99.80417754569191,0.0,0.03729951510630362,0.14453562103692652,0.009324878776575904,0.0,0.004662439388287952
TreeCrops,0.0,98.96907216494846,1.0309278350515463,0.0,0.0,0.0,0.0
Forest,0.07263870788557267,0.0,99.78065958795337,0.1367316854316662,0.0,0.0,0.009970018729392327
Grassland,0.01701507049100632,0.0,0.04861448711716091,99.92707826932426,0.004861448711716091,0.0,0.0024307243558580457
Urban,0.0,0.0,0.0,0.0,100.0,0.0,0.0
Water,0.0,0.0,0.0,0.0,0.0,100.0,0.0
Other,0.015110305228165609,0.0,0.0,0.10577213659715926,0.0,0.0,99.87911755817468
