from_label,Crops,TreeCrops,Forest,Grassland,Urban,Water,Other
Crops,98.34944981660554,1.450483494498166,0.04168056018672891,0.15005001667222406,0.00833611203734578,0.0,0.0
TreeCrops,0.0,99.72356054024168,0.003949135139404471,0.1895584866914146,0.08293183792749388,0.0,0.0
Forest,0.03845591798121813,0.10921480706665948,99.39239649589675,0.447626885301379,0.010767657034741076,0.0,0.0015382367192487251
Grassland,0.15143670722236605,0.5151436707222367,0.0763655190266632,99.25317111053586,0.0025886616619207868,0.0,0.0012943308309603934
Urban,0.0,0.0,0.0,0.0,100.0,0.0,0.0
Water,0.0,0.0,0.0,0.0,0.0,100.0,0.0
Other,0.017286084701815037,0.034572169403630074,0.0,0.6395851339671564,0.034572169403630074,0.0,99.27398444252377
