from_label,Crops,TreeCrops,Forest,Grassland,Urban,Water,Other
Crops,99.19170209783675,0.0,0.028033453254216696,0.7662477222819231,0.014016726627108348,0.0,0.0
TreeCrops,0.0,99.02912621359224,0.9708737864077669,0.0,0.0,0.0,0.0
Forest,0.007868045720498405,0.0007152768836816731,99.92775703474815,0.06365964264766892,0.0,0.0,0.0
Grassland,0.034967142943268824,0.0012057635497678904,0.12178211852655693,99.80346054138784,0.030144088744197266,0.0,0.008440344848375234
Urban,0.0,0.0,0.0,0.0,100.0,0.0,0.0
Water,0.0,0.0,0.0,0.0,0.0,100.0,0.0
Other,0.06126512482769183,0.0,0.12253024965538366,0.6126512482769184,0.04594884362076888,0.0,99.15760453361924
