from_label,Crops,TreeCrops,Forest,Grassland,Urban,Water,Other
Crops,99.9224672639559,0.0,0.043073742246726394,0.025844245348035835,0.008614748449345278,0.0,0.0
TreeCrops,0.019036740909956214,98.89586902722255,0.2569960022844089,0.8090614886731391,0.0,0.0,0.019036740909956214
Forest,0.2655616670366442,0.008221723437667004,99.40063636139408,0.27707207984937804,0.017265619219100706,0.0,0.03124254906313461
Grassland,0.3491145278327498,0.002029735626934592,0.08017455726391637,99.51793778860304,0.01725275282894403,0.0,0.033490637844420766
Urban,0.0,0.0,0.0,0.0,100.0,0.0,0.0
Water,0.0,0.0,0.0,0.0,0.0,100.0,0.0
Other,0.0,0.0,0.026434047052603753,0.05286809410520751,0.0,0.0,99.92069785884219
