from_label,Crops,TreeCrops,Forest,Grassland,Urban,Water,Other
Crops,99.79955137689115,0.0,0.03340810385147711,0.1384050016704052,0.004772586264496731,0.0,0.023862931322483655
TreeCrops,0.0,100.0,0.0,0.0,0.0,0.0,0.0
Forest,0.03692004758583911,0.008888159603998304,99.45098521830687,0.45466354897375943,0.0006837045849229465,0.0,0.04785932094460625
Grassland,0.007726582017668117,0.0,0.07855358384629252,99.8982666701007,0.0038632910088340585,0.0,0.011589873026502176
Urban,0.0,0.0,0.0,0.0,100.0,0.0,0.0
Water,0.0,0.0,0.0,0.0,0.0,100.0,0.0
Other,0.0,0.0,0.0,0.09902624195411786,0.0,0.0,99.90097375804588
