from_label,Crops,TreeCrops,Forest,Grassland,Urban,Water,Other
Crops,97.8420467185762,0.007415647015202077,0.20022246941045607,1.7426770485724878,0.02224694104560623,0.0,0.18539117538005193
TreeCrops,0.0421017177500842,76.05254294375212,1.1283260357022566,21.918154260693836,0.10104412260020208,0.0,0.7578309195015157
Forest,0.007640976007335337,0.0,99.42692679944986,0.49156945647190664,0.008489973341483709,0.0,0.06537279472942456
Grassland,0.029127829560585888,0.007281957390146472,0.06553761651131824,99.70039946737683,0.021845872170439415,0.0,0.1758072569906791
Urban,0.0,0.0,0.0,0.0,100.0,0.0,0.0
Water,0.0,0.0,0.0,0.0,0.0,100.0,0.0
Other,0.0,0.0,0.0,0.1364256480218281,0.0,0.0,99.86357435197817
