from_label,Crops,TreeCrops,Forest,Grassland,Urban,Water,Other
Crops,99.73621103117506,0.0639488409272582,0.023980815347721823,0.16786570743405274,0.007993605115907274,0.0,0.0
TreeCrops,0.010130685847431872,99.75686353966164,0.010130685847431872,0.22287508864350117,0.0,0.0,0.0
Forest,0.14206106934778748,0.11500181804344702,99.51969828934796,0.2164740104347238,0.005919211222824478,0.0,0.0008456016032606399
Grassland,0.8464525023568887,1.9108538526260301,0.08515210802153132,97.1139517674131,0.0314251827222318,0.0,0.01216458686021876
Urban,0.0,0.0,0.0,0.0,100.0,0.0,0.0
Water,0.0,0.0,0.0,0.0,0.0,100.0,0.0
Other,0.0388651379712398,0.0,0.06801399144966964,0.28177225029148856,0.02914885347842985,0.0,99.58219976680918
