from_label,Crops,TreeCrops,Forest,Grassland,Urban,Water,Other
Crops,99.76226863644082,0.06792324673119375,0.025471217524197655,0.10188487009679062,0.008490405841399219,0.0,0.033961623365596876
TreeCrops,0.0,95.36076555023924,0.570334928229665,4.0114832535885165,0.042105263157894736,0.0,0.015311004784688994
Forest,0.006374755966373161,0.05259173672257859,99.29319893222838,0.5593848360492449,0.01832742340332284,0.0,0.07012231563010479
Grassland,0.00994184023462743,0.004970920117313715,0.06462196152507829,99.89436794750708,0.004970920117313715,0.0,0.021126410498583287
Urban,0.0,0.0,0.0,0.0,100.0,0.0,0.0
Water,0.0,0.0,0.0,0.0,0.0,100.0,0.0
Other,0.0,0.0,0.0,0.09561752988047809,0.0,0.0,99.90438247011953
