from_label,Crops,TreeCrops,Forest,Grassland,Urban,Water,Other
Crops,98.2729352719758,0.0,0.20665731788323863,1.4466012251826703,0.03690309247914975,0.0,0.03690309247914975
TreeCrops,0.07666192092870441,87.5917205125397,0.6242470704194503,10.612200197130655,0.16427554484722376,0.0,0.9308947541342679
Forest,0.01284367534613705,0.005993715161530624,99.41347215919308,0.4872034181301321,0.015412410415364461,0.0,0.06507462175376105
Grassland,0.019121998349469614,0.0,0.05032104828807794,99.86815885348523,0.011070630623377146,0.0,0.0513274692538395
Urban,0.0,0.0,0.0,0.0,100.0,0.0,0.0
Water,0.0,0.0,0.0,0.0,0.0,100.0,0.0
Other,0.0,0.0,0.0,0.12250282698831512,0.0,0.0,99.87749717301169
