from_label,Crops,TreeCrops,Forest,Grassland,Urban,Water,Other
Crops,99.97130285058351,0.0,0.01913143294432753,0.009565716472163765,0.0,0.0,0.0
TreeCrops,0.0,0.0,0.0,0.0,0.0,0.0,0.0
Forest,0.016310736401626575,0.0,99.77221212956348,0.19629127600578186,0.001687317558788956,0.0,0.013498540470311649
Grassland,0.047661769653470895,0.0,0.2411124817763822,99.69440394751598,0.0056072670180554,0.0,0.0112145340361108
Urban,0.0,0.0,0.0,0.0,100.0,0.0,0.0
Water,0.0,0.0,0.0,0.0,0.0,100.0,0.0
Other,0.0,0.0,0.0,0.07132667617689016,0.0,0.0,99.92867332382312
