from_label,Crops,TreeCrops,Forest,Grassland,Urban,Water,Other
Crops,99.97142040583023,0.0,0.01905306277984186,0.00952653138992093,0.0,0.0,0.0
TreeCrops,0.0,0.0,0.0,0.0,0.0,0.0,0.0
Forest,0.030989407257155734,0.0,99.72391255352716,0.22425061978814512,0.0033806626098715348,0.0,0.0174667568176696
Grassland,0.09189384868146251,0.0,0.27289688396313105,99.61293197070535,0.008353986243769318,0.0,0.013923310406282197
Urban,0.0,0.0,0.0,0.0,100.0,0.0,0.0
Water,0.0,0.0,0.0,0.0,0.0,100.0,0.0
Other,0.0353356890459364,0.0,0.0,0.0,0.0,0.0,99.96466431095406
