from_label,Crops,TreeCrops,Forest,Grassland,Urban,Water,Other
Crops,99.97037622198084,0.0,0.019749185346104474,0.009874592673052237,0.0,0.0,0.0
TreeCrops,0.0,0.0,0.0,0.0,0.0,0.0,0.0
Forest,0.007158353798883296,0.0,99.76873010803608,0.2081429027675297,0.0,0.0,0.015968635397508892
Grassland,0.027606515137572465,0.0,0.2760651513757247,99.67792399006166,0.0030673905708413856,0.0,0.015336952854206925
Urban,0.0,0.0,0.0,0.0,100.0,0.0,0.0
Water,0.0,0.0,0.0,0.0,0.0,100.0,0.0
Other,0.0,0.0,0.0,0.04137360364087712,0.0,0.0,99.95862639635912
