from_label,Crops,TreeCrops,Forest,Grassland,Urban,Water,Other
Crops,99.95318717328549,0.0,0.02340641335725989,0.0078021377857532955,0.0078021377857532955,0.0,0.0078021377857532955
TreeCrops,0.0,0.0,0.0,0.0,0.0,0.0,0.0
Forest,0.2174690355746517,0.0,99.65884911400418,0.1107861124625584,0.005275529164883733,0.0,0.007620208793720947
Grassland,0.25654568776880704,0.0,0.24900022636384217,99.48439347066072,0.002515153801654971,0.0,0.007545461404964914
Urban,0.0,0.0,0.0,0.0,100.0,0.0,0.0
Water,0.0,0.0,0.0,0.0,0.0,100.0,0.0
Other,0.02979737783075089,0.0,0.0,0.0,0.0,0.0,99.97020262216924
