from_label,Crops,TreeCrops,Forest,Grassland,Urban,Water,Other
Crops,99.97224021467568,0.0,0.018506523549551217,0.009253261774775609,0.0,0.0,0.0
TreeCrops,0.0,0.0,0.0,0.0,0.0,0.0,0.0
Forest,0.014873971693687716,0.0,99.70881340030434,0.2557178979645542,0.0,0.0,0.020594730037413758
Grassland,0.010535465009086838,0.0,0.29762688650670316,99.67076671846604,0.005267732504543419,0.0,0.015803197513630258
Urban,0.0,0.0,0.0,0.0,100.0,0.0,0.0
Water,0.0,0.0,0.0,0.0,0.0,100.0,0.0
Other,0.0,0.0,0.0,0.0,0.0,0.0,100.0
