from_label,Crops,TreeCrops,Forest,Grassland,Urban,Water,Other
Crops,99.96307919512645,0.0,0.018460402436773122,0.009230201218386561,0.0,0.0,0.009230201218386561
TreeCrops,0.0,0.0,0.0,0.0,0.0,0.0,0.0
Forest,0.009173891105912574,0.0,99.70815558919315,0.264322737489106,0.0,0.0,0.018347782211825148
Grassland,0.005223295899712719,0.0,0.29250457038391225,99.68137895011753,0.005223295899712719,0.0,0.015669887699138157
Urban,0.0,0.0,0.0,0.0,100.0,0.0,0.0
Water,0.0,0.0,0.0,0.0,0.0,100.0,0.0
Other,0.0,0.0,0.0,0.0,0.0,0.0,100.0
