from_label,Crops,TreeCrops,Forest,Grassland,Urban,Water,Other
Crops,99.97043169722058,0.0,0.019712201852946976,0.009856100926473488,0.0,0.0,0.0
TreeCrops,0.0,0.0,0.0,0.0,0.0,0.0,0.0
Forest,0.004964750273061265,0.0,99.76776001500458,0.21127770606471827,0.0,0.0,0.015997528657641855
Grassland,0.015208662854361845,0.0,0.27679766394938554,99.68670154520015,0.0030417325708723686,0.0,0.018250395425234215
Urban,0.0,0.0,0.0,0.0,100.0,0.0,0.0
Water,0.0,0.0,0.0,0.0,0.0,100.0,0.0
Other,0.0,0.0,0.0,0.0,0.0,0.0,100.0
