from_label,Crops,TreeCrops,Forest,Grassland,Urban,Water,Other
Crops,99.97063429913861,0.0,0.01957713390759593,0.009788566953797965,0.0,0.0,0.0
TreeCrops,0.0,0.0,0.0,0.0,0.0,0.0,0.0
Forest,0.005528099328888742,0.0,99.865667186308,0.1199597554368857,0.0005528099328888741,0.0,0.008292148993333111
Grassland,0.09955652095212236,0.0,0.22928168461700907,99.65909433734576,0.006033728542552871,0.0,0.006033728542552871
Urban,0.0,0.0,0.0,0.0,100.0,0.0,0.0
Water,0.0,0.0,0.0,0.0,0.0,100.0,0.0
Other,0.04020908725371934,0.0,0.0,0.0,0.0,0.0,99.95979091274629
