from_label,Crops,TreeCrops,Forest,Grassland,Urban,Water,Other
Crops,99.97117878758766,0.0,0.019214141608223653,0.009607070804111826,0.0,0.0,0.0
TreeCrops,0.0,0.0,0.0,0.0,0.0,0.0,0.0
Forest,0.0033489057450478052,0.0,99.73152938943866,0.24614457226101372,0.0,0.0,0.0189771325552709
Grassland,0.014491913512260158,0.0,0.28983827024520314,99.66958437192048,0.008695148107356096,0.0,0.017390296214712192
Urban,0.0,0.0,0.0,0.0,100.0,0.0,0.0
Water,0.0,0.0,0.0,0.0,0.0,100.0,0.0
Other,0.0,0.0,0.0,0.0,0.0,0.0,100.0
