from_label,Crops,TreeCrops,Forest,Grassland,Urban,Water,Other
Crops,99.91295697587664,0.0435215120616762,0.02486943546381497,0.012434717731907486,0.0,0.0,0.006217358865953743
TreeCrops,0.0,100.0,0.0,0.0,0.0,0.0,0.0
Forest,0.0024077384714472315,0.018659973153716043,99.70264429877626,0.2510067356483739,0.007223215414341694,0.0,0.018058038535854238
Grassland,0.0025518015719097685,0.0561396345820149,0.2653873634786159,99.65295498622028,0.005103603143819537,0.0,0.01786261100336838
Urban,0.0,0.0,0.0,0.0,100.0,0.0,0.0
Water,0.0,0.0,0.0,0.0,0.0,100.0,0.0
Other,0.0,0.0,0.0,0.0,0.0,0.0,100.0
