from_label,Crops,TreeCrops,Forest,Grassland,Urban,Water,Other
Crops,99.972647702407,0.0,0.01823486506199854,0.00911743253099927,0.0,0.0,0.0
TreeCrops,0.0,0.0,0.0,0.0,0.0,0.0,0.0
Forest,0.010979422251243853,0.0,99.80063680649057,0.1820272636390428,0.005778643290128343,0.0,0.0005778643290128343
Grassland,0.2134959969500572,0.0,0.360909899606049,99.41034438937604,0.007624857033930614,0.0,0.007624857033930614
Urban,0.0,0.0,0.0,0.0,100.0,0.0,0.0
Water,0.0,0.0,0.0,0.0,0.0,100.0,0.0
Other,0.12300123001230012,0.0,0.0,0.18450184501845018,0.0,0.0,99.69249692496925
