from_label,Crops,TreeCrops,Forest,Grassland,Urban,Water,Other
Crops,98.59005832680421,0.47671280578044745,0.24340558892661268,0.6062505440933228,0.010098372072777924,0.0,0.07347436232262558
TreeCrops,0.0,99.70364643731477,0.019327406262079627,0.1610617188506636,0.019327406262079627,0.0,0.09663703131039815
Forest,0.12459018537248215,0.0058847463510857505,99.68617658221659,0.1673288987707716,0.0043689783515636635,0.0,0.011650608937503101
Grassland,0.2084988837174102,0.04641717435451117,0.27055662769137623,99.45585953759412,0.005423745916423859,0.0,0.013244030726151284
Urban,0.0,0.0,0.0,0.0,100.0,0.0,0.0
Water,0.0,0.0,0.0,0.0,0.0,100.0,0.0
Other,0.039004940625812605,0.001444627430585652,0.005778509722342608,0.039004940625812605,0.001444627430585652,0.0,99.91332235416486
