from_label,Crops,TreeCrops,Forest,Grassland,Urban,Water,Other
Crops,99.94528542768558,0.0,0.009119095385737734,0.036476381542950936,0.009119095385737734,0.0,0.0
TreeCrops,0.0,0.0,0.0,0.0,0.0,0.0,0.0
Forest,0.004611456009591829,0.0,99.68987958335495,0.27899308858030564,0.005764320011989786,0.0,0.020751552043163226
Grassland,0.0,0.0,0.27454904677597314,99.70235804274753,0.005131757883663049,0.0,0.017961152592820672
Urban,0.0,0.0,0.0,0.0,100.0,0.0,0.0
Water,0.0,0.0,0.0,0.0,0.0,100.0,0.0
Other,0.0,0.0,0.0,0.0,0.0,0.0,100.0
