from_label,Crops,TreeCrops,Forest,Grassland,Urban,Water,Other
Crops,99.98524203069657,0.0,0.007378984651711924,0.0,0.0,0.0,0.007378984651711924
TreeCrops,0.0,0.0,0.0,0.0,0.0,0.0,0.0
Forest,0.029434446544101635,0.0,99.86989974627507,0.09477891787200725,0.0005886889308820326,0.0,0.005298200377938294
Grassland,0.3349704067497796,0.0,0.27704319355244933,99.3703563782899,0.007555723460521345,0.0,0.010074297947361793
Urban,0.0,0.0,0.0,0.0,100.0,0.0,0.0
Water,0.0,0.0,0.0,0.0,0.0,100.0,0.0
Other,0.14775413711583923,0.0,0.0,0.02955082742316785,0.0,0.0,99.822695035461
