from_label,Crops,TreeCrops,Forest,Grassland,Urban,Water,Other
Crops,99.95424178640066,0.0,0.01830328543973643,0.009151642719868215,0.009151642719868215,0.0,0.009151642719868215
TreeCrops,0.0,0.0,0.0,0.0,0.0,0.0,0.0
Forest,0.014383853261682565,0.0,99.75604984868185,0.21173032001196734,0.0023014165218692103,0.0,0.015534561522617172
Grassland,0.04906264525125238,0.0,0.250477715230078,99.68496617259723,0.0025822444869080204,0.0,0.012911222434540104
Urban,0.0,0.0,0.0,0.0,100.0,0.0,0.0
Water,0.0,0.0,0.0,0.0,0.0,100.0,0.0
Other,0.0,0.0,0.0,0.0,0.0,0.0,100.0
