from_label,Crops,TreeCrops,Forest,Grassland,Urban,Water,Other
Crops,99.98085024894677,0.0,0.019149751053236307,0.0,0.0,0.0,0.0
TreeCrops,0.0,0.0,0.0,0.0,0.0,0.0,0.0
Forest,0.002806781183338947,0.0,99.74514426855282,0.23464690692713597,0.0,0.0,0.01740204333670147
Grassland,0.019788545259229944,0.0,0.30813591903658055,99.64946005540793,0.005653870074065698,0.0,0.016961610222197096
Urban,0.0,0.0,0.0,0.0,100.0,0.0,0.0
Water,0.0,0.0,0.0,0.0,0.0,100.0,0.0
Other,0.0,0.0,0.0,0.0,0.0,0.0,100.0
