from_label,Crops,TreeCrops,Forest,Grassland,Urban,Water,Other
Crops,94.4199066874028,1.2130637636080872,1.026438569206843,3.0046656298600314,0.03732503888024884,0.0,0.2986003110419907
TreeCrops,0.0,99.61538461538461,0.0,0.0641025641025641,0.0641025641025641,0.0,0.2564102564102564
Forest,0.004223355154001629,0.007240037406859935,99.6102446529307,0.3463151226281336,0.0036200187034299675,0.0,0.02835681317686808
Grassland,0.005067011223429859,0.1114742469154569,0.2558840667832079,99.60223961896075,0.0025335056117149297,0.0,0.02280155050543437
Urban,0.0,0.0,0.0,0.0,100.0,0.0,0.0
Water,0.0,0.0,0.0,0.0,0.0,100.0,0.0
Other,0.0,0.0,0.0,0.02821670428893905,0.0,0.0,99.97178329571106
