from_label,Crops,TreeCrops,Forest,Grassland,Urban,Water,Other
Crops,99.97120092157051,0.0,0.01919938561966017,0.009599692809830085,0.0,0.0,0.0
TreeCrops,0.0,0.0,0.0,0.0,0.0,0.0,0.0
Forest,0.002796670843028459,0.0,99.74718095579023,0.23212367997136207,0.0,0.0,0.017898693395382137
Grassland,0.025839793281653745,0.0,0.2957220786678151,99.65259833476888,0.008613264427217915,0.0,0.01722652885443583
Urban,0.0,0.0,0.0,0.0,100.0,0.0,0.0
Water,0.0,0.0,0.0,0.0,0.0,100.0,0.0
Other,0.0,0.0,0.0,0.0,0.0,0.0,100.0
