from_label,Crops,TreeCrops,Forest,Grassland,Urban,Water,Other
Crops,99.96290938763399,0.0,0.0,0.03709061236601016,0.0,0.0,0.0
TreeCrops,0.0,94.73684210526315,0.0,0.0,5.263157894736842,0.0,0.0
Forest,0.02044832962707359,0.023004370830457786,99.92331876389848,0.033228535643994576,0.0,0.0,0.0
Grassland,1.6287038903446887,0.0,0.010078613182826043,98.34106027010682,0.020157226365652085,0.0,0.0
Urban,0.0,0.0,0.0,0.0,100.0,0.0,0.0
Water,0.0,0.0,0.0,0.0,0.0,100.0,0.0
Other,0.0,0.0,0.0,0.0,0.0,0.0,100.0
