from_label,Crops,TreeCrops,Forest,Grassland,Urban,Water,Other
Crops,99.95814625979757,0.0,0.007609770945894529,0.034243969256525376,0.0,0.0,0.0
TreeCrops,0.0,94.28571428571428,4.8979591836734695,0.8163265306122449,0.0,0.0,0.0
Forest,0.00690894016857814,0.0,99.96545529915711,0.02763576067431256,0.0,0.0,0.0
Grassland,0.04804542476523258,0.0,0.004367765887748417,99.94758680934702,0.0,0.0,0.0
Urban,0.0,0.0,0.0,0.0,100.0,0.0,0.0
Water,0.0,0.0,0.0,0.0,0.0,100.0,0.0
Other,0.0,0.0,0.0,0.0,0.0,0.0,100.0
