from_label,Crops,TreeCrops,Forest,Grassland,Urban,Water,Other
Crops,99.93537104622871,0.0,0.01900851581508516,0.04562043795620438,0.0,0.0,0.0
TreeCrops,0.0,100.0,0.0,0.0,0.0,0.0,0.0
Forest,0.002314707652423499,0.4374797463080413,99.22457293643812,0.33563260960140734,0.0,0.0,0.0
Grassland,0.039174719247845394,0.026116479498563595,0.0,99.93470880125359,0.0,0.0,0.0
Urban,0.0,0.0,0.0,0.0,100.0,0.0,0.0
Water,0.0,0.0,0.0,0.0,0.0,100.0,0.0
Other,0.0,0.0,0.0,0.0,0.0,0.0,100.0
