from_label,Crops,TreeCrops,Forest,Grassland,Urban,Water,Other
Crops,99.95599144976738,0.0,0.02514774299006664,0.01571733936879165,0.00314346787375833,0.0,0.0
TreeCrops,0.0,96.22641509433963,3.7735849056603774,0.0,0.0,0.0,0.0
Forest,0.056456579757749946,0.0,99.80240197084788,0.14114144939437487,0.0,0.0,0.0
Grassland,0.06468738149940889,0.0,0.0,99.93531261850059,0.0,0.0,0.0
Urban,0.0,0.0,0.0,0.0,100.0,0.0,0.0
Water,0.0,0.0,0.0,0.0,0.0,100.0,0.0
Other,0.0,0.0,0.0,0.0,0.0,0.0,100.0
