from_label,Crops,TreeCrops,Forest,Grassland,Urban,Water,Other
Crops,99.94722955145119,0.0,0.0,0.04900113079532605,0.003769317753486619,0.0,0.0
TreeCrops,5.0,95.0,0.0,0.0,0.0,0.0,0.0
Forest,0.043035795655916156,0.00506303478304896,99.1721938129715,0.7797073565895398,0.0,0.0,0.0
Grassland,0.048318904771491845,0.0,0.004026575397624321,99.94765451983089,0.0,0.0,0.0
Urban,0.0,0.0,0.0,0.0,100.0,0.0,0.0
Water,0.0,0.0,0.0,0.0,0.0,100.0,0.0
Other,0.0,0.0,0.0,0.0,0.0,0.0,100.0
