from_label,Crops,TreeCrops,Forest,Grassland,Urban,Water,Other
Crops,99.87361290159501,0.0050554839361997925,0.02274967771289907,0.09605419478779606,0.0025277419680998963,0.0,0.0
TreeCrops,0.0,99.3984962406015,0.30075187969924816,0.30075187969924816,0.0,0.0,0.0
Forest,0.11172450052576235,0.013144058885383806,98.35370662460568,1.5181388012618295,0.0,0.0,0.0032860147213459516
Grassland,0.006701514542286557,0.0,0.008935352723048743,99.9821292945539,0.0022338381807621857,0.0,0.0
Urban,0.0,0.0,0.0,0.0,100.0,0.0,0.0
Water,0.0,0.0,0.0,0.0,0.0,100.0,0.0
Other,0.0,0.0,0.0,0.0,0.0,0.0,100.0
