from_label,Crops,TreeCrops,Forest,Grassland,Urban,Water,Other
Crops,99.97700444580715,0.003832592365476008,0.0,0.01916296182738004,0.0,0.0,0.0
TreeCrops,0.0,99.79508196721312,0.0,0.0,0.20491803278688525,0.0,0.0
Forest,0.009206407659731172,0.018412815319462345,99.89872951574296,0.0713496593629166,0.002301601914932793,0.0,0.0
Grassland,0.05468186093309128,0.0,0.0,99.94531813906691,0.0,0.0,0.0
Urban,0.0,0.0,0.0,0.0,100.0,0.0,0.0
Water,0.0,0.0,0.0,0.0,0.0,100.0,0.0
Other,0.0,0.0,0.0,0.0,0.0,0.0,100.0
