from_label,Crops,TreeCrops,Forest,Grassland,Urban,Water,Other
Crops,99.92011928852914,0.0346149749707104,0.002662690382362339,0.04260304611779742,0.0,0.0,0.0
TreeCrops,0.0,98.44961240310077,0.7751937984496124,0.0,0.7751937984496124,0.0,0.0
Forest,1.5261627906976742,0.3118943798449612,98.13771802325581,0.02119670542635659,0.0030281007751937986,0.0,0.0
Grassland,3.4278373749211215,0.020283061390065808,0.01126836743892545,96.51131344090868,0.029297755341206166,0.0,0.0
Urban,0.0,0.0,0.0,0.0,100.0,0.0,0.0
Water,0.0,0.0,0.0,0.0,0.0,100.0,0.0
Other,1.7857142857142856,0.0,0.0,0.0,0.0,0.0,98.21428571428571
