from_label,Crops,TreeCrops,Forest,Grassland,Urban,Water,Other
Crops,99.90649009300445,0.010109179134654266,0.017691063485644965,0.06318236959158917,0.0025272947836635666,0.0,0.0
TreeCrops,0.0,99.53632148377125,0.46367851622874806,0.0,0.0,0.0,0.0
Forest,0.11776313695534549,0.07320411216143098,98.35131608262516,1.4481683058022217,0.006365574970559216,0.0,0.003182787485279608
Grassland,0.006849471449119842,0.0,0.011415785748533072,99.97945158565264,0.0022831571497066144,0.0,0.0
Urban,0.0,0.0,0.0,0.0,100.0,0.0,0.0
Water,0.0,0.0,0.0,0.0,0.0,100.0,0.0
Other,0.0,0.0,0.0,0.0,0.0,0.0,100.0
