from_label,Crops,TreeCrops,Forest,Grassland,Urban,Water,Other
Crops,99.74420193339904,0.004673366074386243,0.010308895752322593,0.23641734258659816,0.004123558300929037,0.0,0.0002749038867286025
TreeCrops,0.0,98.01546767838903,1.51758354005545,0.32102728731942215,0.14592149423610098,0.0,0.0
Forest,0.5365123642175776,0.09962346692573618,98.52455463947213,0.8217118074896486,0.01585249327723393,0.0,0.0017452286176771299
Grassland,0.6360687327926018,0.001800937838379336,0.00832933750250443,99.34389583375543,0.00990515811108635,0.0,0.0
Urban,0.0,0.0,0.0,0.0,100.0,0.0,0.0
Water,0.0,0.0,0.0,0.0,0.0,100.0,0.0
Other,0.18315018315018314,0.0,0.0,0.0,0.0,0.0,99.81684981684981
