from_label,Crops,TreeCrops,Forest,Grassland,Urban,Water,Other
Crops,99.93185431967896,0.0037858711289467705,0.0,0.0643598091920951,0.0,0.0,0.0
TreeCrops,0.0,100.0,0.0,0.0,0.0,0.0,0.0
Forest,0.0656024491581019,0.0,98.83859367786768,1.0958038729742208,0.0,0.0,0.0
Grassland,0.027275397591372583,0.0,0.00839243002811464,99.96223406487348,0.00209810750702866,0.0,0.0
Urban,0.0,0.0,0.0,0.0,100.0,0.0,0.0
Water,0.0,0.0,0.0,0.0,0.0,100.0,0.0
Other,0.0,0.0,0.0,0.0,0.0,0.0,100.0
