from_label,Crops,TreeCrops,Forest,Grassland,Urban,Water,Other
Crops,99.9338246352835,0.0,0.0,0.06316739359302151,0.0030079711234772145,0.0,0.0
TreeCrops,0.0,100.0,0.0,0.0,0.0,0.0,0.0
Forest,0.36479332949340354,0.04662771880742752,98.55728352395842,0.9764392879673057,0.05211333278477193,0.0,0.0027428069886722074
Grassland,0.030576364470264485,0.0,0.00873610413436128,99.95850350536179,0.00218402603359032,0.0,0.0
Urban,0.0,0.0,0.0,0.0,100.0,0.0,0.0
Water,0.0,0.0,0.0,0.0,0.0,100.0,0.0
Other,0.0,0.0,0.0,0.0,0.0,0.0,100.0
