from_label,Crops,TreeCrops,Forest,Grassland,Urban,Water,Other
Crops,99.95198825124265,0.0,0.0056484410302756445,0.03953908721192951,0.0028242205151378223,0.0,0.0
TreeCrops,0.0,100.0,0.0,0.0,0.0,0.0,0.0
Forest,1.3704823532736161,0.1525897877871655,98.43171606996525,0.03673457854135466,0.008477210432620305,0.0,0.0
Grassland,1.2064132750308332,0.004484807713869268,0.004484807713869268,98.75995066711515,0.024666442426280973,0.0,0.0
Urban,0.0,0.0,0.0,0.0,100.0,0.0,0.0
Water,0.0,0.0,0.0,0.0,0.0,100.0,0.0
Other,0.0,0.0,0.0,0.0,0.0,0.0,100.0
