from_label,Crops,TreeCrops,Forest,Grassland,Urban,Water,Other
Crops,99.95099886920468,0.0,0.0,0.04523181304183943,0.003769317753486619,0.0,0.0
TreeCrops,2.564102564102564,79.48717948717949,12.82051282051282,5.128205128205128,0.0,0.0,0.0
Forest,0.004928414775387497,0.0,99.49976590029817,0.4953056849264434,0.0,0.0,0.0
Grassland,0.004117259552042161,0.0,0.014410408432147562,99.98147233201581,0.0,0.0,0.0
Urban,0.0,0.0,0.0,0.0,100.0,0.0,0.0
Water,0.0,0.0,0.0,0.0,0.0,100.0,0.0
Other,0.0,0.0,0.0,0.0,0.0,0.0,100.0
