from_label,Crops,TreeCrops,Forest,Grassland,Urban,Water,Other
Crops,99.96507024761313,0.0,0.0,0.031048668788325698,0.0038810835985407122,0.0,0.0
TreeCrops,0.0,98.38709677419355,1.6129032258064515,0.0,0.0,0.0,0.0
Forest,0.00920513646614811,0.0,99.96317945413541,0.02761540939844433,0.0,0.0,0.0
Grassland,0.7190025197671388,0.0,0.004344426101312017,99.26796420192893,0.008688852202624034,0.0,0.0
Urban,0.0,0.0,0.0,0.0,100.0,0.0,0.0
Water,0.0,0.0,0.0,0.0,0.0,100.0,0.0
Other,0.0,0.0,0.0,0.0,0.0,0.0,100.0
