from_label,Crops,TreeCrops,Forest,Grassland,Urban,Water,Other
Crops,96.14526919401084,0.0,0.00868834892409279,3.7968084798285497,0.043441744620463955,0.0,0.005792232616061862
TreeCrops,0.0,100.0,0.0,0.0,0.0,0.0,0.0
Forest,0.08113151418449306,0.0054087676122995375,98.59101603699597,1.3062173783703384,0.013521919030748845,0.0,0.0027043838061497688
Grassland,0.03862758463985458,0.0,0.0,99.96137241536015,0.0,0.0,0.0
Urban,0.0,0.0,0.0,0.0,100.0,0.0,0.0
Water,0.0,0.0,0.0,0.0,0.0,100.0,0.0
Other,0.0,0.0,0.0,0.0,0.0,0.0,100.0
