from_label,Crops,TreeCrops,Forest,Grassland,Urban,Water,Other
Crops,99.96767546163481,0.0,0.024243403773889855,0.008081134591296618,0.0,0.0,0.0
TreeCrops,0.0,98.19277108433735,1.6064257028112447,0.0,0.2008032128514056,0.0,0.0
Forest,0.009179996787001125,0.0,99.94492001927799,0.04589998393500562,0.0,0.0,0.0
Grassland,0.1001256896955753,0.0,0.0,99.89774397648111,0.0021303338233101127,0.0,0.0
Urban,0.0,0.0,0.0,0.0,100.0,0.0,0.0
Water,0.0,0.0,0.0,0.0,0.0,100.0,0.0
Other,0.0,0.0,0.0,0.0,0.0,0.0,100.0
