from_label,Crops,TreeCrops,Forest,Grassland,Urban,Water,Other
Crops,99.93620599663632,0.0,0.0028997274256219916,0.057994548512439834,0.0028997274256219916,0.0,0.0
TreeCrops,0.0,100.0,0.0,0.0,0.0,0.0,0.0
Forest,0.11517342975760012,0.05089058524173028,99.03575733226195,0.7955002008838891,0.0026784518548279095,0.0,0.0
Grassland,0.05032367271313219,0.0,0.002287439668778736,99.94510144794931,0.002287439668778736,0.0,0.0
Urban,0.0,0.0,0.0,0.0,100.0,0.0,0.0
Water,0.0,0.0,0.0,0.0,0.0,100.0,0.0
Other,0.0,0.0,0.0,0.0,0.0,0.0,100.0
