from_label,Crops,TreeCrops,Forest,Grassland,Urban,Water,Other
Crops,99.94314305208096,0.0,0.0,0.05685694791903571,0.0,0.0,0.0
TreeCrops,0.0,100.0,0.0,0.0,0.0,0.0,0.0
Forest,0.02161746691326592,0.0,99.92794177695578,0.050440756130953814,0.0,0.0,0.0
Grassland,0.061409452820599696,0.0,0.012705404031848212,99.91953244113164,0.006352702015924106,0.0,0.0
Urban,0.0,0.0,0.0,0.0,100.0,0.0,0.0
Water,0.0,0.0,0.0,0.0,0.0,100.0,0.0
Other,0.0,0.0,0.0,0.0,0.0,0.0,100.0
