from_label,Crops,TreeCrops,Forest,Grassland,Urban,Water,Other
Crops,99.95919866171612,0.0,0.016320535313558284,0.024480802970337424,0.0,0.0,0.0
TreeCrops,0.0,99.79674796747967,0.0,0.0,0.20325203252032523,0.0,0.0
Forest,0.01147025762198619,0.016058360670780668,99.94494276341447,0.027528618292766854,0.0,0.0,0.0
Grassland,0.5193648909333729,0.0,0.004239713395374473,99.4700358255782,0.006359570093061709,0.0,0.0
Urban,0.0,0.0,0.0,0.0,100.0,0.0,0.0
Water,0.0,0.0,0.0,0.0,0.0,100.0,0.0
Other,0.0,0.0,0.0,0.0,0.0,0.0,100.0
