from_label,Crops,TreeCrops,Forest,Grassland,Urban,Water,Other
Crops,99.80972876507408,0.0,0.002624430826564489,0.055113047357854265,0.005248861653128978,0.0,0.1272848950883777
TreeCrops,0.0,100.0,0.0,0.0,0.0,0.0,0.0
Forest,0.0,0.0,99.98246690628562,0.017533093714385904,0.0,0.0,0.0
Grassland,0.01420545827823081,0.0,0.0006764503942014672,99.94554574326678,0.0013529007884029345,0.0,0.0382194472723829
Urban,0.0,0.0,0.0,0.0,100.0,0.0,0.0
Water,0.0,0.0,0.0,0.0,0.0,100.0,0.0
Other,0.03983848010396683,0.0,0.0,0.044479856426759085,0.003867813602326876,0.0,99.91181384986695
