from_label,Crops,TreeCrops,Forest,Grassland,Urban,Water,Other
Crops,99.78158220336843,0.0,0.0025250612327348937,0.059338938969270005,0.0012625306163674469,0.0,0.15529126581319597
TreeCrops,0.0,100.0,0.0,0.0,0.0,0.0,0.0
Forest,0.0,0.0,99.98237419582269,0.017625804177315588,0.0,0.0,0.0
Grassland,0.014532574935701805,0.0,0.0006759337179396189,99.94693920314174,0.00033796685896980943,0.0,0.037514321345648846
Urban,0.0,0.0,0.0,0.0,100.0,0.0,0.0
Water,0.0,0.0,0.0,0.0,0.0,100.0,0.0
Other,0.04031216488066817,0.0,0.0,0.027005236667632073,0.0003913802415598851,0.0,99.93229121821014
