from_label,Crops,TreeCrops,Forest,Grassland,Urban,Water,Other
Crops,99.81224521289592,0.0,0.002571983384987333,0.056583634469721325,0.0038579750774809995,0.0,0.12474119417188564
TreeCrops,0.0,100.0,0.0,0.0,0.0,0.0,0.0
Forest,0.0,0.0,100.0,0.0,0.0,0.0,0.0
Grassland,0.014547619772583488,0.0,0.0006766334777945809,99.94485437155974,0.0010149502166918712,0.0,0.0389064249731884
Urban,0.0,0.0,0.0,0.0,100.0,0.0,0.0
Water,0.0,0.0,0.0,0.0,0.0,100.0,0.0
Other,0.03735641129408835,0.0,0.0,0.03852379914702861,0.002723904990193942,0.0,99.92139588456868
