from_label,Crops,TreeCrops,Forest,Grassland,Urban,Water,Other
Crops,99.76977195848178,0.0,0.00257238035215887,0.05787855792357458,0.00257238035215887,0.0,0.16720472289032656
TreeCrops,0.0,100.0,0.0,0.0,0.0,0.0,0.0
Forest,0.0,0.0,100.0,0.0,0.0,0.0,0.0
Grassland,0.014210889601689066,0.0,0.0006767090286518602,99.94620163222217,0.0010150635429777904,0.0,0.03789570560450417
Urban,0.0,0.0,0.0,0.0,100.0,0.0,0.0
Water,0.0,0.0,0.0,0.0,0.0,100.0,0.0
Other,0.038522300131520575,0.0,0.0,0.03930052841700585,0.0023346848564557926,0.0,99.91984248659503
