from_label,Crops,TreeCrops,Forest,Grassland,Urban,Water,Other
Crops,98.28326180257511,0.0,0.008968035359682276,0.15886234065722887,0.02049836653641663,0.0,1.528409454871565
TreeCrops,0.0,99.81343283582089,0.0,0.0,0.0,0.0,0.18656716417910446
Forest,0.0,0.0,99.93854258121159,0.00877963125548727,0.0,0.0,0.05267778753292361
Grassland,0.0064260613993256015,0.0,0.0003382137578592422,99.93844509606961,0.0006764275157184844,0.0,0.054114201257478754
Urban,0.0,0.0,0.0,0.0,100.0,0.0,0.0
Water,0.0,0.0,0.0,0.0,0.0,100.0,0.0
Other,0.048288296708217965,0.0,0.0,0.014019182915289086,0.0015576869905876765,0.0,99.9361348333859
