from_label,Crops,TreeCrops,Forest,Grassland,Urban,Water,Other
Crops,99.80184683926282,0.009065830883400463,0.0012951186976286376,0.025902373952572753,0.0012951186976286376,0.0,0.16059471850595106
TreeCrops,0.0,100.0,0.0,0.0,0.0,0.0,0.0
Forest,0.026200873362445413,0.0,99.9650655021834,0.008733624454148471,0.0,0.0,0.0
Grassland,0.03723071195275084,0.0023692271242659628,0.00033846101775228036,99.94618469817739,0.00033846101775228036,0.0,0.013538440710091216
Urban,0.0,0.0,0.0,0.0,100.0,0.0,0.0
Water,0.0,0.0,0.0,0.0,0.0,100.0,0.0
Other,0.39299305063773826,0.0011673060910031828,0.0003891020303343943,0.05175057003447443,0.005058326394347126,0.0,99.54864164481211
