from_label,Crops,TreeCrops,Forest,Grassland,Urban,Water,Other
Crops,99.69947218223602,0.0,0.0037881657701341015,0.07702603732606006,0.0,0.0,0.21971361466777786
TreeCrops,0.0,100.0,0.0,0.0,0.0,0.0,0.0
Forest,0.0,0.0,99.9736147757256,0.01759014951627089,0.0,0.0,0.008795074758135445
Grassland,0.013524662221561018,0.0,0.0006762331110780508,99.94488700144714,0.0,0.0,0.040912103220222075
Urban,0.0,0.0,0.0,0.0,99.04761904761905,0.0,0.9523809523809524
Water,0.0,0.0,0.0,0.0,0.0,100.0,0.0
Other,0.04068061803246626,0.0,0.0,0.03872481908859769,0.0,0.0,99.92059456287893
