from_label,Crops,TreeCrops,Forest,Grassland,Urban,Water,Other
Crops,99.81664737779742,0.0,0.0013003732071104408,0.03641044979909234,0.0,0.0,0.14564179919636935
TreeCrops,0.0,0.0,0.0,0.0,0.0,0.0,0.0
Forest,0.0,0.0,99.99115200849407,0.008847991505928155,0.0,0.0,0.0
Grassland,0.03311325408678376,0.0,0.00033789034782432406,99.94593754434811,0.0,0.0,0.020611311217283768
Urban,0.0,0.0,0.0,0.0,100.0,0.0,0.0
Water,0.0,0.0,0.0,0.0,0.0,100.0,0.0
Other,0.20627334120242266,0.0,0.0015480175699994192,0.049536562239981416,0.0007740087849997096,0.0,99.7418680702026
