from_label,Crops,TreeCrops,Forest,Grassland,Urban,Water,Other
Crops,99.65604634322955,0.15775318092479568,0.002586117720078618,0.05560153098169029,0.005172235440157236,0.0,0.12284059170373435
TreeCrops,0.0,100.0,0.0,0.0,0.0,0.0,0.0
Forest,0.0,0.06983849847228285,99.93016150152772,0.0,0.0,0.0,0.0
Grassland,0.014215266519324301,0.0,0.00033845872665057855,99.9465235211892,0.0013538349066023142,0.0,0.03756891865821422
Urban,0.0,0.0,0.0,0.0,100.0,0.0,0.0
Water,0.0,0.0,0.0,0.0,0.0,100.0,0.0
Other,0.03929670569101895,0.0003890762939704847,0.0,0.04396562121866476,0.0031126103517638776,0.0,99.91323598644458
