from_label,Crops,TreeCrops,Forest,Grassland,Urban,Water,Other
Crops,99.81049360100059,0.0,0.0025267519866587498,0.059378671686480616,0.0,0.0,0.12760097532626685
TreeCrops,0.0,100.0,0.0,0.0,0.0,0.0,0.0
Forest,0.017618040873854827,0.0,99.97357293868922,0.008809020436927413,0.0,0.0,0.0
Grassland,0.01723939777037122,0.0,0.0006760548145243616,99.94659166965258,0.0,0.0,0.03549287776252898
Urban,0.42194092827004215,0.0,0.0,0.42194092827004215,98.73417721518987,0.0,0.42194092827004215
Water,0.0,0.0,0.0,0.0,0.0,100.0,0.0
Other,0.053207305049999216,0.0,0.00039123018419117073,0.04029670897169058,0.0,0.0,99.90610475579412
