from_label,Crops,TreeCrops,Forest,Grassland,Urban,Water,Other
Crops,99.81312659410591,0.0,0.0025253162958660575,0.058082274804919315,0.0,0.0,0.12626581479330284
TreeCrops,0.0,100.0,0.0,0.0,0.0,0.0,0.0
Forest,0.0,0.0,99.9824021117466,0.01759788825340959,0.0,0.0,0.0
Grassland,0.015213598928962636,0.0,0.0006761599523983393,99.94590720380813,0.0,0.0,0.03820303731050617
Urban,0.4608294930875576,0.0,0.0,0.4608294930875576,97.6958525345622,0.0,1.3824884792626728
Water,0.0,0.0,0.0,0.0,0.0,100.0,0.0
Other,0.03912179396898424,0.0,0.0,0.03951301190867408,0.0003912179396898424,0.0,99.92097397618265
