from_label,Crops,TreeCrops,Forest,Grassland,Urban,Water,Other
Crops,99.80557028507941,0.0,0.0025250612327348937,0.05807640835290256,0.0012625306163674469,0.0,0.13256571471858195
TreeCrops,0.0,100.0,0.0,0.0,0.0,0.0,0.0
Forest,0.0,0.0,99.98236798025214,0.017632019747862118,0.0,0.0,0.0
Grassland,0.014532427591334619,0.0,0.0006759268647132381,99.94660177768765,0.00033796343235661903,0.0,0.03785190442394133
Urban,0.0,0.0,0.0,0.0,100.0,0.0,0.0
Water,0.0,0.0,0.0,0.0,0.0,100.0,0.0
Other,0.039527702657748805,0.0,0.0,0.0430499731916076,0.0007827267853019565,0.0,99.91663959736535
