from_label,Crops,TreeCrops,Forest,Grassland,Urban,Water,Other
Crops,99.81597817120375,0.0,0.0012691160606637477,0.04188083000190367,0.0012691160606637477,0.0,0.13960276667301225
TreeCrops,0.0,99.8069498069498,0.0,0.19305019305019305,0.0,0.0,0.0
Forest,0.0,0.0,99.9823493072103,0.017650692789691995,0.0,0.0,0.0
Grassland,0.028046983766540964,0.0006758309341335172,0.0006758309341335172,99.94593352526931,0.0003379154670667586,0.0,0.02432991362880662
Urban,0.0,0.0,0.0,0.0,100.0,0.0,0.0
Water,0.0,0.0,0.0,0.0,0.0,100.0,0.0
Other,0.13948254709977886,0.0,0.0011721222445359569,0.04024286372906785,0.0011721222445359569,0.0,99.81793034468208
