from_label,Crops,TreeCrops,Forest,Grassland,Urban,Water,Other
Crops,99.81393185254099,0.0,0.00129213991290977,0.033595637735654015,0.0,0.0,0.15118036981044308
TreeCrops,0.0,0.0,0.0,0.0,0.0,0.0,0.0
Forest,0.0,0.0,99.99115592111082,0.008844078889183692,0.0,0.0,0.0
Grassland,0.034803058614432794,0.0,0.00033789377295565816,99.94661278387301,0.0,0.0,0.018246263739605546
Urban,0.0,0.0,0.0,0.0,100.0,0.0,0.0
Water,0.0,0.0,0.0,0.0,0.0,100.0,0.0
Other,0.2547489152814452,0.0,0.0019387284267994309,0.050406939096785196,0.0011632370560796584,0.0,99.69174218013889
