from_label,Crops,TreeCrops,Forest,Grassland,Urban,Water,Other
Crops,98.36712002896002,0.0,0.009050007757149507,0.15514299012256297,0.0064642912551067895,0.0,1.462222681905156
TreeCrops,0.0,98.31144465290807,0.0,0.0,0.0,0.0,1.6885553470919326
Forest,0.0,0.0,99.93862341078474,0.008768084173608068,0.0,0.0,0.05260850504164839
Grassland,0.00608801236542956,0.0,0.00033822290919053113,99.94520788871112,0.00033822290919053113,0.0,0.04802765310505542
Urban,0.0,0.0,0.0,0.0,100.0,0.0,0.0
Water,0.0,0.0,0.0,0.0,0.0,100.0,0.0
Other,0.04739244440128193,0.0,0.0,0.01825774497426435,0.00038846265902690104,0.0,99.93396134796542
