from_label,Crops,TreeCrops,Forest,Grassland,Urban,Water,Other
Crops,98.62371962877148,0.0,0.007596763778630303,0.14687076638685254,0.020258036743014143,0.0,1.2015548043200264
TreeCrops,0.0,99.25925925925925,0.0,0.0,0.0,0.0,0.7407407407407408
Forest,0.0,0.0,99.94731296101159,0.008781173164734809,0.0,0.0,0.04390586582367404
Grassland,0.007102609025048535,0.0,0.00033821947738326357,99.94622310309606,0.0006764389547665271,0.0,0.045659629446740575
Urban,0.0,0.0,0.0,0.0,100.0,0.0,0.0
Water,0.0,0.0,0.0,0.0,0.0,100.0,0.0
Other,0.054710794830611476,0.0,0.00039079139164722483,0.018367195407419566,0.001953956958236124,0.0,99.92457726141208
