from_label,Crops,TreeCrops,Forest,Grassland,Urban,Water,Other
Crops,99.80433986796096,0.0,0.0025246468650197552,0.05806687789545438,0.0012623234325098776,0.0,0.13380628384604704
TreeCrops,0.0,100.0,0.0,0.0,0.0,0.0,0.0
Forest,0.0,0.0,99.98236487082268,0.017635129177321223,0.0,0.0,0.0
Grassland,0.01385650072662138,0.0,0.0006759268647132381,99.94592585082293,0.00033796343235661903,0.0,0.03920375815336781
Urban,0.0,0.0,0.0,0.0,100.0,0.0,0.0
Water,0.0,0.0,0.0,0.0,0.0,100.0,0.0
Other,0.03952863086129364,0.0,0.0,0.043833729271929585,0.0011741177483552568,0.0,99.91546352211842
