from_label,Crops,TreeCrops,Forest,Grassland,Urban,Water,Other
Crops,98.62012948977281,0.0018743996063760827,0.5482618848650042,0.7964636327426371,0.03217719324278941,0.0,0.0010933997703860482
TreeCrops,0.037676135935498456,98.74161705975435,0.18084545249039258,0.9682766935423103,0.06404943109034737,0.0,0.007535227187099691
Forest,0.0165506944918718,0.002263830625899706,99.89065127363301,0.09000153521959252,0.0005326660296234603,0.0,0.0
Grassland,0.015285944736431283,0.001870088983712338,0.0693559088307228,99.90991049591507,0.0034149451006920957,0.0,0.00016261643336629026
Urban,0.0,0.0,0.0,0.0,100.0,0.0,0.0
Water,0.0,0.0,0.0,0.0,0.0,100.0,0.0
Other,0.01463057790782736,0.0,0.043891733723482075,0.20482809070958302,0.0,0.0,99.73664959765911
