from_label,Crops,TreeCrops,Forest,Grassland,Urban,Water,Other
Crops,99.9315434421395,0.000490142419048895,0.06077765996206298,0.005064804996838581,0.0013070464507970534,0.0,0.0008169040317481583
TreeCrops,0.003460327346967023,99.93079345306066,0.0449842555105713,0.006920654693934046,0.0,0.0,0.013841309387868091
Forest,0.024658197833652796,0.0028707693699935016,99.94823109275171,0.023973775997098053,0.00017110545913868552,0.0,9.505858841038085e-05
Grassland,0.10506481821446297,0.0020980685664946518,0.10312813953769866,99.78337442050943,0.0032681452670397463,0.0,0.003066407904876799
Urban,0.0,0.0,0.0,0.0,100.0,0.0,0.0
Water,0.0,0.0,0.0,0.0,0.0,100.0,0.0
Other,0.06058403004967891,0.0,0.0,0.0,0.0,0.0,99.93941596995032
