from_label,Crops,TreeCrops,Forest,Grassland,Urban,Water,Other
Crops,99.82322789194181,0.0,0.05356730547217733,0.12172708381436158,0.001477718771646271,0.0,0.0
TreeCrops,0.08770926286084735,98.98562330778324,0.484307668840331,0.4347328680928956,0.007626892422682378,0.0,0.0
Forest,0.010740498720165782,0.0,99.68874215221543,0.30028268270581143,0.00021661510023863762,0.0,1.8051258353219803e-05
Grassland,0.10786719296374003,4.390199143823363e-05,0.11857927887466903,99.76775846529175,0.005487748929779204,0.0,0.00026341194862940177
Urban,0.0,0.0,0.0,0.0,100.0,0.0,0.0
Water,0.0,0.0,0.0,0.0,0.0,100.0,0.0
Other,0.27689873417721517,0.0,0.0,0.21097046413502107,0.013185654008438817,0.0,99.49894514767934
