from_label,Crops,TreeCrops,Forest,Grassland,Urban,Water,Other
Crops,99.81568836272817,0.00017929147594535912,0.0824740789348652,0.1000446435775104,0.0016136232835082323,0.0,0.0
TreeCrops,0.011841326228537596,99.78290901914347,0.04341819617130452,0.16183145845668048,0.0,0.0,0.0
Forest,0.011470508130663219,0.0,99.64373519386811,0.3445740642451231,0.00022023375610873383,0.0,0.0
Grassland,0.2116669280625718,0.0,0.11339906909055052,99.66923854735282,0.0054404350987970265,0.0,0.0002550203952561106
Urban,0.0,0.0,0.0,0.0,100.0,0.0,0.0
Water,0.0,0.0,0.0,0.0,0.0,100.0,0.0
Other,0.2843601895734597,0.0,0.0,0.1083276912660799,0.013540961408259987,0.0,99.5937711577522
