from_label,Crops,TreeCrops,Forest,Grassland,Urban,Water,Other
Crops,99.82572497001341,0.0005291751922669865,0.0746137021096451,0.09754462710788117,0.0015875255768009594,0.0,0.0
TreeCrops,0.015849116411760046,99.6235834852207,0.1386797686029004,0.2179253506617006,0.0039622791029400115,0.0,0.0
Forest,0.017320062005083382,0.0012556121709442112,99.62385183037787,0.3573878465974295,0.0001661839638014397,0.0,1.8464884866826633e-05
Grassland,0.19305189889769386,0.0019776458692658265,0.10645625636686257,99.69304411454694,0.005259696460813368,0.0,0.00021038785843253472
Urban,0.0,0.0,0.0,0.0,100.0,0.0,0.0
Water,0.0,0.0,0.0,0.0,0.0,100.0,0.0
Other,0.5493750858398572,0.0,0.0,0.5905782172778464,0.01373437714599643,0.0,98.8463123197363
