from_label,Crops,TreeCrops,Forest,Grassland,Urban,Water,Other
Crops,99.84899756734221,0.0,0.04856719608253272,0.10100257592385123,0.0010028624559815015,0.0,0.00042979819542064354
TreeCrops,0.051922877219703,96.64924365675517,1.5853785177749318,1.6892242722143378,0.0103845754439406,0.0,0.0138461005919208
Forest,0.06893872220362282,1.961272324427392e-05,99.82576056669788,0.10257454256755258,0.00100024888545797,0.0,0.0017063069222518308
Grassland,0.01945060663540191,0.0,0.06811633815663934,99.91074681310046,0.0009803733183166286,0.0,0.0007058687891879725
Urban,0.0,0.0,0.0,0.0,100.0,0.0,0.0
Water,0.0,0.0,0.0,0.0,0.0,100.0,0.0
Other,0.0,0.0,0.0,0.08022462896109105,0.0,0.0,99.91977537103891
