from_label,Crops,TreeCrops,Forest,Grassland,Urban,Water,Other
Crops,99.8262991376993,0.0017497339609045806,0.07762456117467595,0.09194056630934978,0.0022269341320603755,0.0,0.00015906672371859823
TreeCrops,0.02636634148178839,99.48397303099928,0.30132961693472443,0.18456439037251873,0.0037666202116840557,0.0,0.0
Forest,0.19588814811363672,0.0013257440170119472,99.51140651213038,0.28427739564784754,0.007007504089920293,0.0,9.469600121513909e-05
Grassland,0.09312645101630367,0.0020014017981574033,0.07160117045244752,99.82971746741799,0.0033901295764707036,0.0,0.00016337973862509415
Urban,0.0,0.0,0.0,0.0,100.0,0.0,0.0
Water,0.0,0.0,0.0,0.0,0.0,100.0,0.0
Other,0.0,0.0,0.0,0.3503649635036496,0.014598540145985403,0.0,99.63503649635037
