from_label,Crops,TreeCrops,Forest,Grassland,Urban,Water,Other
Crops,99.64314378602953,0.003255987353745118,0.2769217244360223,0.0454210235847444,0.01351234751804224,0.0,0.017745131077910894
TreeCrops,0.015699483344275397,99.86869523021151,0.005708903034281963,0.04995290154996717,0.02426283789569834,0.0,0.03568064396426227
Forest,0.01920676814306397,0.009814236815617518,99.95420661767088,0.016580693057635064,0.00013417901896352075,0.0,5.750529384150889e-05
Grassland,0.006773221263399286,0.014393095184723483,0.08043200250286651,99.89566013910907,0.0012498205902701065,0.0,0.0014917213496772237
Urban,0.0,0.0,0.0,0.0,100.0,0.0,0.0
Water,0.0,0.0,0.0,0.0,0.0,100.0,0.0
Other,0.0,0.0,0.0,0.013943112102621306,0.0,0.0,99.98605688789738
