from_label,Crops,TreeCrops,Forest,Grassland,Urban,Water,Other
Crops,99.81411682319987,0.0,0.12151919591365959,0.06299088262756082,0.0013730982589114076,0.0,0.0
TreeCrops,0.0,99.84687965568615,0.057937427578215524,0.09518291673563979,0.0,0.0,0.0
Forest,0.016073878962948967,0.011415052612255906,99.70959363711974,0.26275038175462534,0.00016704955042325716,0.0,0.0
Grassland,0.4088597578810428,0.005983721766143601,0.09603245771538156,99.48372615978546,0.005188681811201443,0.0,0.00020922104077425173
Urban,0.0,0.0,0.0,0.0,100.0,0.0,0.0
Water,0.0,0.0,0.0,0.0,0.0,100.0,0.0
Other,0.11166945840312675,0.0,0.0,0.5443886097152428,0.013958682300390844,0.0,99.32998324958125
