from_label,Crops,TreeCrops,Forest,Grassland,Urban,Water,Other
Crops,99.82514158312112,0.0,0.05201012612921627,0.12154337719085664,0.0013049135587975408,0.0,0.0
TreeCrops,0.22356281050390348,95.20936834634493,2.1362668559261886,2.4201561391057487,0.0106458481192335,0.0,0.0
Forest,0.015453564835918705,0.0,99.93755387760814,0.04666759941688067,0.00030690490912455373,0.0,1.8053229948503162e-05
Grassland,0.11719558075362806,8.765563257563804e-05,0.12639942217407005,99.74996230807798,0.0060920664640068435,0.0,0.00026296689772691413
Urban,0.0,0.0,0.0,0.0,100.0,0.0,0.0
Water,0.0,0.0,0.0,0.0,0.0,100.0,0.0
Other,0.2876945207270825,0.0,0.0,0.23538642604943116,0.013077023669412841,0.0,99.46384202955407
