from_label,Crops,TreeCrops,Forest,Grassland,Urban,Water,Other
Crops,99.82807398706434,0.0,0.030911355065487915,0.1396898855102287,0.0002943938577665515,0.0,0.0010303785021829304
TreeCrops,2.623659010727914,43.4358125134999,49.61048311613507,4.319965440276477,0.005759953920368637,0.0,0.004319965440276478
Forest,0.060423676833193156,0.00015543067995676694,99.80992770724787,0.12906575086910035,0.00023314601993515045,0.0,0.0001942883499459587
Grassland,0.0933184023889511,0.00016124130002410559,0.08025785708699855,99.82448884492376,0.0006852755251024487,0.0,0.0010883787751627125
Urban,0.0,0.0,0.0,0.0,100.0,0.0,0.0
Water,0.0,0.0,0.0,0.0,0.0,100.0,0.0
Other,0.010503098414032139,0.0,0.0,0.021006196828064278,0.0,0.0,99.96849070475791
