from_label,Crops,TreeCrops,Forest,Grassland,Urban,Water,Other
Crops,99.91560520498504,0.006233706449968112,0.058980453334313676,0.016783055826837225,0.0012787090153780743,0.0,0.001118870388455815
TreeCrops,0.0014878295542462654,98.17294530738559,1.6633934416473248,0.15473427364161163,0.002975659108492531,0.0,0.004463488662738796
Forest,0.024996226623260703,0.004960936931359787,99.9356610534655,0.03357730672074791,0.0005937800960314803,0.0,0.00021069616310794465
Grassland,0.10105702155626191,0.013874548925026724,0.09825777045735301,99.7801573665944,0.002961526524932605,0.0,0.0036917659420392748
Urban,0.0,0.0,0.0,0.0,100.0,0.0,0.0
Water,0.0,0.0,0.0,0.0,0.0,100.0,0.0
Other,0.05859603890776984,0.0,0.0,0.023438415563107932,0.0,0.0,99.91796554552911
