from_label,Crops,TreeCrops,Forest,Grassland,Urban,Water,Other
Crops,99.80817911969355,0.015521969335487246,0.10194676156147178,0.0703279351373311,0.003832585021107962,0.0,0.00019162925105539811
TreeCrops,0.011355463870699118,99.82966804193951,0.003785154623566373,0.13878900286410034,0.015140618494265491,0.0,0.0012617182078554575
Forest,0.02107472362381964,0.0008546264109745669,99.93977611333729,0.03787631519276644,0.0004182214351577668,0.0,0.0
Grassland,0.08802643593123613,0.0030187992441626705,0.14971494222499504,99.75088343628606,0.008006380604083605,0.0,0.0003500057094681357
Urban,0.0,0.0,0.0,0.0,100.0,0.0,0.0
Water,0.0,0.0,0.0,0.0,0.0,100.0,0.0
Other,0.1918403887965213,0.01278935925310142,0.0639467962655071,0.2557871850620284,0.01278935925310142,0.0,99.46284691136974
