from_label,Crops,TreeCrops,Forest,Grassland,Urban,Water,Other
Crops,99.80210566392627,0.00014206341426686042,0.08324916076038022,0.11151978019948545,0.0015626975569354648,0.0,0.0014206341426686044
TreeCrops,0.007356998344675372,99.34890564649623,0.2942799337870149,0.3494574213720802,0.0,0.0,0.0
Forest,0.021534291632338783,0.0016580022888326835,99.68825609345448,0.28282755710337526,0.0030988852303182298,0.0,0.002625170290651749
Grassland,0.007953770358742203,0.0007371787161761066,0.09455287006953536,99.89462224246661,0.001125167514163531,0.0,0.0010087708747673037
Urban,0.0,0.0,0.0,0.0,100.0,0.0,0.0
Water,0.0,0.0,0.0,0.0,0.0,100.0,0.0
Other,0.019293845263360986,0.0,0.0,0.03858769052672197,0.0,0.0,99.94211846420991
