from_label,Crops,TreeCrops,Forest,Grassland,Urban,Water,Other
Crops,99.81877572522171,0.0,0.05527618616574323,0.1248351452669302,0.0011129433456189912,0.0,0.0
TreeCrops,0.08944543828264759,97.71914132379248,1.4124925462134765,0.7640131186642815,0.01490757304710793,0.0,0.0
Forest,0.012401883858794715,0.0,99.94335209381529,0.043884977672095996,0.00032494018844003616,0.0,3.6104465382226244e-05
Grassland,0.11004926557795822,0.0001315854112131824,0.12105857831612782,99.76266377997516,0.005833619897117753,0.0,0.0002631708224263648
Urban,0.0,0.0,0.0,0.0,100.0,0.0,0.0
Water,0.0,0.0,0.0,0.0,0.0,100.0,0.0
Other,0.27584395113621435,0.0,0.0,0.19703139366872455,0.013135426244581635,0.0,99.51398922895048
