from_label,Crops,TreeCrops,Forest,Grassland,Urban,Water,Other
Crops,99.56738122959614,0.001630677611774797,0.27900893937466775,0.12018093998780253,0.014513030744795692,0.0,0.01728518268481285
TreeCrops,0.0014111736731439537,96.95045369233591,2.437096933519608,0.5320124747752706,0.03245699448231094,0.0,0.04656873121375048
Forest,0.019201942730684894,0.00032578146349465393,99.89440847859673,0.08056383956067795,0.004848394721420438,0.0,0.0006515629269893079
Grassland,0.006736728644570197,0.0038322707858333455,0.07289382431579848,99.91371339778003,0.001169851081991232,0.0,0.0016539273917807067
Urban,0.0,0.0,0.0,0.0,100.0,0.0,0.0
Water,0.0,0.0,0.0,0.0,0.0,100.0,0.0
Other,0.0,0.0,0.0,0.25867937372362154,0.0,0.0,99.74132062627638
