from_label,Crops,TreeCrops,Forest,Grassland,Urban,Water,Other
Crops,99.8216868565453,0.0,0.07132525738187998,0.10414624235242634,0.0015629040462164935,0.0,0.001278739674177131
TreeCrops,0.0,99.44305104750664,0.07376807317792859,0.4794924756565359,0.0,0.0,0.0036884036588964294
Forest,0.02123219132638271,0.003482633432845626,99.69984053100663,0.27006239256521086,0.002987941183861873,0.0,0.002394310485081368
Grassland,0.008262896006048131,0.0029730980956341408,0.09695388724853672,99.88960925382574,0.001158349907389925,0.0,0.0010425149166509323
Urban,0.0,0.0,0.0,0.0,100.0,0.0,0.0
Water,0.0,0.0,0.0,0.0,0.0,100.0,0.0
Other,0.018995156235160033,0.0,0.0,0.15196124988128026,0.0,0.0,99.82904359388355
