from_label,Crops,TreeCrops,Forest,Grassland,Urban,Water,Other
Crops,99.81763687628032,0.0009448866513972984,0.05329160713880762,0.12680378861751743,0.0013228413119562177,0.0,0.0
TreeCrops,0.20771475539357484,90.09723089470263,6.874976106431512,2.799689065028736,0.02038917844354109,0.0,0.0
Forest,0.014268436364773212,9.08817602851797e-05,99.94901533248002,0.0362618223537867,0.0003635270411407188,0.0,0.0
Grassland,0.12001152672936083,0.002767469320625817,0.13424422609257933,99.73621185285147,0.006413500330339195,0.0,0.0003514246756350244
Urban,0.0,0.0,0.0,0.0,100.0,0.0,0.0
Water,0.0,0.0,0.0,0.0,0.0,100.0,0.0
Other,0.2981205443940376,0.012961762799740767,0.012961762799740767,0.24627349319507452,0.012961762799740767,0.0,99.41672067401166
