from_label,Crops,TreeCrops,Forest,Grassland,Urban,Water,Other
Crops,99.81282270540545,0.00848580585781706,0.08828501863613517,0.08795864148775759,0.0022846400386430546,0.0,0.0001631885741887896
TreeCrops,0.003892262182780632,99.72364938502257,0.0856297680211739,0.1829363225906897,0.003892262182780632,0.0,0.0
Forest,0.011848478951514599,0.005699268356424744,99.746307567766,0.2360134517731286,0.00011248555966627784,0.0,1.8747593277712976e-05
Grassland,0.10193265643635471,0.004105505690479705,0.07742403155682434,99.81243230062586,0.003939626672682546,0.0,0.0001658790177971598
Urban,0.0,0.0,0.0,0.0,100.0,0.0,0.0
Water,0.0,0.0,0.0,0.0,0.0,100.0,0.0
Other,0.27146735247892556,0.0,0.0,0.35719388484069153,0.014287755393627661,0.0,99.35705100728676
