from_label,Crops,TreeCrops,Forest,Grassland,Urban,Water,Other
Crops,99.86647626297099,0.008492675853435288,0.05819055677353808,0.06448142777608275,0.001100902425445315,0.0,0.0012581742005089314
TreeCrops,0.011889899530348969,99.79192675821889,0.17091730574876643,0.017834849295523453,0.0,0.0,0.0074311872064681045
Forest,0.04815128173162722,0.017649689502269122,99.89866843112179,0.03483694172500281,0.0003275597396709335,0.0,0.0003660961796322198
Grassland,0.16377795090041655,0.019597017712162868,0.10116407090015904,99.7094249180708,0.0026960989460265137,0.0,0.0033399434704507553
Urban,0.0,0.0,0.0,0.0,100.0,0.0,0.0
Water,0.0,0.0,0.0,0.0,0.0,100.0,0.0
Other,0.0,0.0,0.0,0.0,0.0,0.0,100.0
