from_label,Crops,TreeCrops,Forest,Grassland,Urban,Water,Other
Crops,99.15745909776568,0.031426066552350994,0.4032206077640112,0.3814641001508451,0.02175650761316607,0.0,0.0046736201539393785
TreeCrops,0.022630578437584863,99.50665339006065,0.019613167979240217,0.40885911710569994,0.03168280981261881,0.0,0.01056093660420627
Forest,0.018441058413345122,0.029796767280545183,99.87275095206991,0.07862823036884223,0.0003446926806232733,0.0,3.8299186735919256e-05
Grassland,0.008772532674652231,0.010066178046029519,0.06427800439030898,99.91457897907125,0.0016574831320771497,0.0,0.0006468226856886438
Urban,0.0,0.0,0.0,0.0,100.0,0.0,0.0
Water,0.0,0.0,0.0,0.0,0.0,100.0,0.0
Other,0.014654161781946071,0.0,0.0,0.11723329425556857,0.0,0.0,99.86811254396248
