from_label,Crops,TreeCrops,Forest,Grassland,Urban,Water,Other
Crops,99.80462758141863,0.01679234010947314,0.08105533398995689,0.09510277235076614,0.0022605073224290766,0.0,0.00016146480874493403
TreeCrops,0.007820748445626247,99.69499081062058,0.2189809564775349,0.07429711023344934,0.003910374222813123,0.0,0.0
Forest,0.15573505568933893,0.011056547447777152,99.5793040299606,0.2531496537659148,0.000641506165911985,0.0,0.00011320697045505619
Grassland,0.0931634740134595,0.01492583826624087,0.07241491862137742,99.8158873246829,0.003444424215286355,0.0,0.00016402020072792166
Urban,0.0,0.0,0.0,0.0,100.0,0.0,0.0
Water,0.0,0.0,0.0,0.0,0.0,100.0,0.0
Other,0.2760023242300988,0.0,0.0,0.36316095293434053,0.014526438117373619,0.0,99.34631028471819
