from_label,Crops,TreeCrops,Forest,Grassland,Urban,Water,Other
Crops,93.04060717807984,6.937952917970927,0.0,0.0,0.0,0.0,0.02143990394923031
TreeCrops,0.0,0.0,0.0,0.0,0.0,0.0,0.0
Forest,0.0,3.8522125161105545,96.14778748388945,0.0,0.0,0.0,0.0
Grassland,0.028534370946822308,0.0,0.0,99.97146562905318,0.0,0.0,0.0
Urban,0.0,0.0,0.0,0.0,100.0,0.0,0.0
Water,0.0,0.0,0.0,0.0,0.0,100.0,0.0
Other,3.810891952093489,0.0,0.03551021725796558,0.04680892274913646,0.020983310197888756,0.0,96.08580559770152
