from_label,Crops,TreeCrops,Forest,Grassland,Urban,Water,Other
Crops,99.77921122126499,0.049785705008874845,0.021645958699510803,0.010822979349755402,0.01515217108965756,0.0,0.12338196458721157
TreeCrops,0.0,99.91443240159727,0.0,0.028522532800912718,0.057045065601825436,0.0,0.0
Forest,0.0,0.0,99.9407758365413,0.0,0.0,0.0,0.059224163458691144
Grassland,0.028590736601341166,0.0,0.015594947237095182,99.94801684254301,0.005198315745698393,0.0,0.0025991578728491965
Urban,0.0,0.0,0.0,0.0,100.0,0.0,0.0
Water,0.0,0.0,0.0,0.0,0.0,100.0,0.0
Other,0.021968736797634135,0.0,0.0,0.0033798056611744824,0.0,0.0,99.97465145754119
