from_label,Crops,TreeCrops,Forest,Grassland,Urban,Water,Other
Crops,97.29814262342413,2.6633625252622464,0.0024059282071023,0.0048118564142046,0.0096237128284092,0.0,0.0216533538639207
TreeCrops,0.0,99.9533037590474,0.0,0.011674060238150829,0.03502218071445249,0.0,0.0
Forest,0.04456990046055564,8.497994354479275,91.44257911157332,0.0,0.014856633486851881,0.0,0.0
Grassland,0.005126759119222783,0.0,0.0025633795596113917,99.98718310220194,0.0025633795596113917,0.0,0.0025633795596113917
Urban,0.0,0.0,0.0,0.0,100.0,0.0,0.0
Water,0.0,0.0,0.0,0.0,0.0,100.0,0.0
Other,0.041288191577208914,0.0,0.013762730525736306,0.0034406826314340765,0.010322047894302229,0.0,99.93118634737131
