from_label,Crops,TreeCrops,Forest,Grassland,Urban,Water,Other
Crops,99.96119937056757,0.0,0.008622362096096226,0.0021555905240240565,0.004311181048048113,0.0,0.02371149576426462
TreeCrops,0.0,0.0,0.0,0.0,0.0,0.0,0.0
Forest,0.0,0.0,100.0,0.0,0.0,0.0,0.0
Grassland,0.028518835394467344,0.0,0.0025926213994970316,99.96888854320603,0.0,0.0,0.0
Urban,0.0,0.0,0.0,0.0,100.0,0.0,0.0
Water,0.0,0.0,0.0,0.0,0.0,100.0,0.0
Other,0.3364575823119442,0.0,0.028839221341023794,0.006408715853560842,0.012817431707121685,0.0,99.61547704878635
