from_label,Crops,TreeCrops,Forest,Grassland,Urban,Water,Other
Crops,99.92039800995025,0.0,0.029850746268656716,0.007462686567164179,0.009950248756218905,0.0,0.03233830845771144
TreeCrops,0.0,0.0,0.0,0.0,0.0,0.0,0.0
Forest,0.0,0.0,100.0,0.0,0.0,0.0,0.0
Grassland,0.023060736214003633,0.0,0.017295552160502724,99.9481133435185,0.002882592026750454,0.0,0.008647776080251362
Urban,0.0,0.0,0.0,0.0,100.0,0.0,0.0
Water,0.0,0.0,0.0,0.0,0.0,100.0,0.0
Other,0.023013401922295923,0.0,0.00406118857452281,0.014891024773250307,0.00406118857452281,0.0,99.95397319615542
