from_label,Crops,TreeCrops,Forest,Grassland,Urban,Water,Other
Crops,99.96698113207547,0.0,0.0023584905660377358,0.0023584905660377358,0.0,0.0,0.02830188679245283
TreeCrops,0.0,0.0,0.0,0.0,0.0,0.0,0.0
Forest,0.0,0.0,99.98369742419302,0.016302575806977502,0.0,0.0,0.0
Grassland,0.05768842481756036,0.0,0.0,99.93654273270069,0.0,0.0,0.005768842481756036
Urban,0.0,0.0,0.0,0.0,100.0,0.0,0.0
Water,0.0,0.0,0.0,0.0,0.0,100.0,0.0
Other,2.4508912967493885,0.0,0.0,0.005592450192240476,0.016777350576721427,0.0,97.52673890248164
