from_label,Crops,TreeCrops,Forest,Grassland,Urban,Water,Other
Crops,98.73120101673373,0.0,0.052954882440160986,0.010590976488032196,0.03177292946409659,0.0,1.1734801948739673
TreeCrops,0.0,0.0,0.0,0.0,0.0,0.0,0.0
Forest,0.0,0.0,100.0,0.0,0.0,0.0,0.0
Grassland,0.002892514173319449,0.0,0.002892514173319449,99.98842994330673,0.0,0.0,0.005785028346638898
Urban,0.0,0.0,0.0,0.0,100.0,0.0,0.0
Water,0.0,0.0,0.0,0.0,0.0,100.0,0.0
Other,0.018023159760291976,0.0,0.0,0.022528949700364967,0.0,0.0,99.95944789053934
