from_label,Crops,TreeCrops,Forest,Grassland,Urban,Water,Other
Crops,99.96712761061559,0.0,0.00438298525125463,0.0,0.002191492625627315,0.0,0.026297911507527773
TreeCrops,0.0,0.0,0.0,0.0,0.0,0.0,0.0
Forest,0.061595318755774564,0.0,99.93840468124424,0.0,0.0,0.0,0.0
Grassland,0.052101424105592216,0.0,0.00289452356142179,99.94210952877157,0.00289452356142179,0.0,0.0
Urban,0.0,0.0,0.0,0.0,100.0,0.0,0.0
Water,0.0,0.0,0.0,0.0,0.0,100.0,0.0
Other,0.7041733713222811,0.0,0.035430106733196534,0.005905017788866089,0.028048834497113925,0.0,99.22644266965854
