from_label,Crops,TreeCrops,Forest,Grassland,Urban,Water,Other
Crops,99.92844752818733,0.0,0.006504770164787511,0.0411968777103209,0.002168256721595837,0.0,0.02168256721595837
TreeCrops,0.0,99.8298355076574,0.0,0.14180374361883152,0.02836074872376631,0.0,0.0
Forest,0.0,0.0,99.98522021874076,0.014779781259237365,0.0,0.0,0.0
Grassland,0.012999844001871977,0.0,0.0025999688003743955,99.98440018719775,0.0,0.0,0.0
Urban,0.0,0.0,0.0,0.0,100.0,0.0,0.0
Water,0.0,0.0,0.0,0.0,0.0,100.0,0.0
Other,0.153659113167404,0.0,0.025328425247374286,0.16547904494951202,0.016885616831582857,0.0,99.63864779980412
