from_label,Crops,TreeCrops,Forest,Grassland,Urban,Water,Other
Crops,99.95402202762858,0.0,0.004179815670128947,0.0,0.0020899078350644735,0.0,0.039708248866224996
TreeCrops,0.0,0.0,0.0,0.0,0.0,0.0,0.0
Forest,0.0,0.0,100.0,0.0,0.0,0.0,0.0
Grassland,0.052060737527114966,0.0,0.0028922631959508315,99.94504699927693,0.0,0.0,0.0
Urban,0.0,0.0,0.0,0.0,100.0,0.0,0.0
Water,0.0,0.0,0.0,0.0,0.0,100.0,0.0
Other,0.6634353226295062,0.0,0.036352620418055134,0.010602847621932747,0.019691002726446534,0.0,99.26991820660406
