from_label,Crops,TreeCrops,Forest,Grassland,Urban,Water,Other
Crops,99.42751816111894,0.0,0.05204380353464166,0.010842459069717012,0.04120134446492464,0.0,0.4683942318117749
TreeCrops,0.0,0.0,0.0,0.0,0.0,0.0,0.0
Forest,0.0,0.0,100.0,0.0,0.0,0.0,0.0
Grassland,0.00868759411560292,0.0,0.005791729410401946,99.96235375883239,0.002895864705200973,0.0,0.02027105293640681
Urban,0.0,0.0,0.0,0.0,100.0,0.0,0.0
Water,0.0,0.0,0.0,0.0,0.0,100.0,0.0
Other,0.014874975828164279,0.0,0.0,0.0,0.0014874975828164279,0.0,99.98363752658902
