from_label,Crops,TreeCrops,Forest,Grassland,Urban,Water,Other
Crops,99.9718340374824,0.0,0.0043332250027082655,0.0021666125013541327,0.0021666125013541327,0.0,0.019499512512187196
TreeCrops,0.0,0.0,0.0,0.0,0.0,0.0,0.0
Forest,0.030349013657056147,0.0,99.9393019726859,0.030349013657056147,0.0,0.0,0.0
Grassland,0.09555124638169912,0.0,0.0028103307759323273,99.8960177612905,0.0028103307759323273,0.0,0.0028103307759323273
Urban,0.0,0.0,0.0,0.0,100.0,0.0,0.0
Water,0.0,0.0,0.0,0.0,0.0,100.0,0.0
Other,0.9832439475199224,0.0,0.036360330879011,0.03333030330576008,0.02575523437263279,0.0,98.92131018392267
