from_label,Crops,TreeCrops,Forest,Grassland,Urban,Water,Other
Crops,99.94791548721665,0.0,0.015851808238411196,0.004529088068117484,0.006793632102176227,0.0,0.024909984374646168
TreeCrops,0.0,0.0,0.0,0.0,0.0,0.0,0.0
Forest,0.0,0.0,100.0,0.0,0.0,0.0,0.0
Grassland,0.04328629555882608,0.0,0.008657259111765216,99.93939918621764,0.0028857530372550714,0.0,0.005771506074510143
Urban,0.0,0.0,0.0,0.0,100.0,0.0,0.0
Water,0.0,0.0,0.0,0.0,0.0,100.0,0.0
Other,0.12326214705460799,0.0,0.001433280779704744,0.002866561559409488,0.01003296545793321,0.0,99.86240504514834
