from_label,Crops,TreeCrops,Forest,Grassland,Urban,Water,Other
Crops,99.9243348791799,0.0,0.02928972418843056,0.00732243104710764,0.0122040517451794,0.0,0.02684891383939468
TreeCrops,0.0,0.0,0.0,0.0,0.0,0.0,0.0
Forest,0.016404199475065617,0.0,99.98359580052494,0.0,0.0,0.0,0.0
Grassland,0.023063395508403726,0.0,0.017297546631302795,99.94234151122899,0.008648773315651398,0.0,0.008648773315651398
Urban,0.0,0.0,0.0,0.0,100.0,0.0,0.0
Water,0.0,0.0,0.0,0.0,0.0,100.0,0.0
Other,0.03972167433705895,0.0,0.002739425816348893,0.0013697129081744466,0.005478851632697786,0.0,99.95069033530572
