from_label,Crops,TreeCrops,Forest,Grassland,Urban,Water,Other
Crops,99.96901009385515,0.0,0.0022135647246325483,0.0,0.0022135647246325483,0.0,0.026562776695590578
TreeCrops,0.0,0.0,0.0,0.0,0.0,0.0,0.0
Forest,0.0,0.0,100.0,0.0,0.0,0.0,0.0
Grassland,0.057773412675486746,0.0,0.002888670633774337,99.93933791669075,0.0,0.0,0.0
Urban,0.0,0.0,0.0,0.0,100.0,0.0,0.0
Water,0.0,0.0,0.0,0.0,0.0,100.0,0.0
Other,1.2276185073671655,0.0,0.0014545242978283952,0.007272621489141976,0.015999767276112346,0.0,98.74765457956975
