from_label,Crops,TreeCrops,Forest,Grassland,Urban,Water,Other
Crops,99.90238426434341,0.0,0.029284720696976352,0.007321180174244088,0.009761573565658785,0.0,0.051248261219708616
TreeCrops,0.0,0.0,0.0,0.0,0.0,0.0,0.0
Forest,0.0,0.0,100.0,0.0,0.0,0.0,0.0
Grassland,0.023074038822070316,0.0,0.017305529116552736,99.94231490294483,0.005768509705517579,0.0,0.011537019411035158
Urban,0.0,0.0,0.0,0.0,100.0,0.0,0.0
Water,0.0,0.0,0.0,0.0,0.0,100.0,0.0
Other,0.026032389773381195,0.0,0.0,0.04110377332639136,0.004110377332639136,0.0,99.92875345956759
