from_label,Crops,TreeCrops,Forest,Grassland,Urban,Water,Other
Crops,99.94993905624239,0.0,0.004353125544140694,0.00652968831621104,0.002176562772070347,0.0,0.037001567125195894
TreeCrops,0.0,0.0,0.0,0.0,0.0,0.0,0.0
Forest,0.0,0.0,99.90552668871044,0.0944733112895607,0.0,0.0,0.0
Grassland,0.057831882716941854,0.0,0.0,99.94216811728306,0.0,0.0,0.0
Urban,0.0,0.0,0.0,0.0,100.0,0.0,0.0
Water,0.0,0.0,0.0,0.0,0.0,100.0,0.0
Other,1.4928020337580183,0.0,0.029560436312039966,0.005912087262407993,0.02512637086523397,0.0,98.4465990718023
