from_label,Crops,TreeCrops,Forest,Grassland,Urban,Water,Other
Crops,99.94979042961928,0.0,0.013098148794970312,0.004366049598323437,0.008732099196646874,0.0,0.024013272790778903
TreeCrops,0.0,0.0,0.0,0.0,0.0,0.0,0.0
Forest,0.03103180760279286,0.0,99.96896819239721,0.0,0.0,0.0,0.0
Grassland,0.04339649934905251,0.0,0.008679299869810501,99.93924490091133,0.005786199913207001,0.0,0.0028930999566035005
Urban,0.0,0.0,0.0,0.0,100.0,0.0,0.0
Water,0.0,0.0,0.0,0.0,0.0,100.0,0.0
Other,0.22325388846176591,0.0,0.026613046306700576,0.01182802058075581,0.022177538588917144,0.0,99.71612750606185
