from_label,Crops,TreeCrops,Forest,Grassland,Urban,Water,Other
Crops,99.93800637037987,0.0,0.002137711366211334,0.03420338185938134,0.002137711366211334,0.0,0.023514825028324676
TreeCrops,0.0,0.0,0.0,0.0,0.0,0.0,0.0
Forest,0.01484560570071259,0.0,99.97030878859857,0.01484560570071259,0.0,0.0,0.0
Grassland,0.014039028499227854,0.0,0.0,99.98315316580093,0.0,0.0,0.002807805699845571
Urban,0.0,0.0,0.0,0.0,100.0,0.0,0.0
Water,0.0,0.0,0.0,0.0,0.0,100.0,0.0
Other,0.9675933036399939,0.0,0.03839655966825373,0.48994010136691757,0.01382276148057134,0.0,98.49024727384426
