from_label,Crops,TreeCrops,Forest,Grassland,Urban,Water,Other
Crops,99.97190647015603,0.0,0.004322081514457363,0.010805203786143407,0.0021610407572286816,0.0,0.010805203786143407
TreeCrops,0.0,0.0,0.0,0.0,0.0,0.0,0.0
Forest,0.0,0.0,100.0,0.0,0.0,0.0,0.0
Grassland,1.1803781297904956,0.0,0.05620848237097598,98.63055697496168,0.02554931016862545,0.0,0.10730710270822688
Urban,0.0,0.0,0.0,0.0,100.0,0.0,0.0
Water,0.0,0.0,0.0,0.0,0.0,100.0,0.0
Other,0.017778927122561457,0.0,0.0,0.0,0.0,0.0,99.98222107287744
