from_label,Crops,TreeCrops,Forest,Grassland,Urban,Water,Other
Crops,99.46186637403453,0.0,0.03165491917443971,0.47271345967163303,0.010551639724813237,0.0,0.02321360739458912
TreeCrops,0.0,0.0,0.0,0.0,0.0,0.0,0.0
Forest,0.0,0.0,99.95562130177514,0.04437869822485207,0.0,0.0,0.0
Grassland,0.013910140492418973,0.0,0.0,99.98608985950757,0.0,0.0,0.0
Urban,0.0,0.0,0.0,0.0,100.0,0.0,0.0
Water,0.0,0.0,0.0,0.0,0.0,100.0,0.0
Other,0.04833252779120348,0.0,0.018709365596594894,0.24322175275573363,0.0077955689985812066,0.0,99.68194078485789
