from_label,Crops,TreeCrops,Forest,Grassland,Urban,Water,Other
Crops,99.96835228428691,0.0,0.002260551122363632,0.002260551122363632,0.0,0.0,0.02712661346836359
TreeCrops,0.0,0.0,0.0,0.0,0.0,0.0,0.0
Forest,0.0,0.0,100.0,0.0,0.0,0.0,0.0
Grassland,0.060630557801131774,0.0,0.002887169419101513,99.93359510336066,0.0,0.0,0.002887169419101513
Urban,0.0,0.0,0.0,0.0,100.0,0.0,0.0
Water,0.0,0.0,0.0,0.0,0.0,100.0,0.0
Other,1.3374086988964944,0.0,0.0,0.005739951497409847,0.018654842366582002,0.0,98.63819650723951
