from_label,Crops,TreeCrops,Forest,Grassland,Urban,Water,Other
Crops,99.94974654780633,0.0,0.004369865408145429,0.008739730816290857,0.0021849327040727143,0.0,0.03495892326516343
TreeCrops,0.0,99.97146932952924,0.0,0.028530670470756064,0.0,0.0,0.0
Forest,0.01484560570071259,0.0,99.98515439429929,0.0,0.0,0.0,0.0
Grassland,0.2540966604438913,0.005185646131507985,0.01037129226301597,99.72516075503007,0.0,0.0,0.005185646131507985
Urban,0.0,0.0,0.0,0.0,100.0,0.0,0.0
Water,0.0,0.0,0.0,0.0,0.0,100.0,0.0
Other,0.5945682661784712,0.0,0.021834427854011657,0.011756999613698584,0.013436570987084097,0.0,99.35840373536674
