from_label,Crops,TreeCrops,Forest,Grassland,Urban,Water,Other
Crops,99.79243517297328,0.0,0.10409383861017209,0.09241539747963669,0.0004671376452214155,0.0,0.010588453291685417
TreeCrops,0.0,100.0,0.0,0.0,0.0,0.0,0.0
Forest,0.014461775941823157,0.0,99.89163198044253,0.09360843109624908,0.0002978125193950403,0.0,0.0
Grassland,0.023690445278702434,0.0,0.125504491098412,99.84252631809974,0.0004357234485864889,0.0,0.0078430220745568
Urban,0.0,0.0,0.0,0.001547029702970297,99.99845297029702,0.0,0.0
Water,0.0,0.0,0.0,0.0,0.0,100.0,0.0
Other,0.013020141816755208,0.0,0.0,0.07486581544634245,0.0005139529664508635,0.0,99.91160008977045
