from_label,Crops,TreeCrops,Forest,Grassland,Urban,Water,Other
Crops,99.68799320736672,0.00014022777197001088,0.16567911258256784,0.13482900274916546,0.0,0.0,0.011358449529570882
TreeCrops,0.0,99.75961538461539,0.0,0.2403846153846154,0.0,0.0,0.0
Forest,0.011949421621358544,4.842724061340848e-05,99.92088199564785,0.06712015549018417,0.0,0.0,0.0
Grassland,0.027715270178740117,0.00029021225318052476,0.1444773333750379,99.81853672724739,0.0,0.0,0.008980456945641794
Urban,0.01208532237597438,0.0,0.01812798356396157,0.0015106652969967974,99.96374403287209,0.0,0.004531995890990392
Water,0.0,0.0,0.0,0.0,0.0,100.0,0.0
Other,0.026147598808090665,0.0,0.014740928187111516,0.10125613766623029,0.0,0.0,99.85785533533857
