from_label,Crops,TreeCrops,Forest,Grassland,Urban,Water,Other
Crops,99.15019498697748,0.0,0.2868867288488421,0.5113746711140879,0.0,0.0,0.05154361305958604
TreeCrops,0.0,98.35680751173709,0.0,1.1737089201877933,0.0,0.0,0.4694835680751174
Forest,0.012995515586271307,0.0,99.88476989229696,0.09903976111311755,0.0,0.0,0.0031948310036489535
Grassland,0.024867099794204983,1.6136988834656056e-05,0.09746741256132258,99.86461066367724,3.227397766931211e-05,0.0,0.013006413000732782
Urban,0.0015383195397347938,0.0,0.004614958619204381,0.0015383195397347938,99.98923176322185,0.0,0.0030766390794695875
Water,0.0,0.0,0.0,0.0,0.0,100.0,0.0
Other,0.014789159889734773,0.0,0.0,0.10661952478646002,0.0,0.0,99.8785913153238
