from_label,Crops,TreeCrops,Forest,Grassland,Urban,Water,Other
Crops,99.01278871964718,0.0,0.35713399778849036,0.5840730715252727,0.0,0.0,0.04600421103905622
TreeCrops,0.0,99.34426229508196,0.0,0.6557377049180327,0.0,0.0,0.0
Forest,0.014186593309256933,0.0,99.88631521842193,0.09822595570470281,0.0,0.0,0.0012722325641127197
Grassland,0.022403340930404955,0.0008530007681835219,0.08258013097263493,99.8861807276869,0.0,0.0,0.007982799641868432
Urban,0.021615946392452946,0.0,0.0833757932280328,0.007719980854447481,99.87339231398707,0.0,0.013895965538005466
Water,0.0,0.0,0.0,0.0,0.0,100.0,0.0
Other,0.014055367864972482,0.0,0.0,0.10541525898729362,0.0,0.0,99.88052937314774
