from_label,Crops,TreeCrops,Forest,Grassland,Urban,Water,Other
Crops,99.79754593580672,0.0,0.10407026924287321,0.08911406288461599,0.0007789690811592306,0.0,0.008490762984635613
TreeCrops,0.0,100.0,0.0,0.0,0.0,0.0,0.0
Forest,0.01443811605457751,0.0,99.89220254770802,0.09294239394209053,0.0004169422953054561,0.0,0.0
Grassland,0.03257728432272649,0.0003549778380881539,0.1260009971650179,99.832660220054,0.0006454142510693708,0.0,0.007761106369109183
Urban,0.0,0.0,0.0,0.0,100.0,0.0,0.0
Water,0.0,0.0,0.0,0.0,0.0,100.0,0.0
Other,0.006511208703087169,0.0,0.0,0.07642102846254942,0.0006853903897986494,0.0,99.91638237244457
