from_label,Crops,TreeCrops,Forest,Grassland,Urban,Water,Other
Crops,99.46787588510261,0.0,0.31304600485758377,0.20169095844934426,0.0,0.0,0.01738715159046071
TreeCrops,0.08665511265164644,99.39341421143848,0.08665511265164644,0.34662045060658575,0.0,0.0,0.08665511265164644
Forest,0.013853442077465528,0.0,99.89987685164066,0.08626970628188342,0.0,0.0,0.0
Grassland,0.021699508037484938,0.0,0.15918322538149085,99.81231209542133,1.6049931980388264e-05,0.0,0.006789121227704237
Urban,0.029672200271734887,0.0,0.18271828588384115,0.009370168506863648,99.76574578732841,0.0,0.01249355800915153
Water,0.0,0.0,0.0,0.0,0.0,100.0,0.0
Other,0.01594215568800687,0.0,0.009428156589681482,0.07559667374635516,0.0,0.0,99.89903301397595
