from_label,Crops,TreeCrops,Forest,Grassland,Urban,Water,Other
Crops,99.64845730330308,0.004112439775801128,0.1928592446582598,0.14102832265635246,0.0,0.0,0.01354268960651751
TreeCrops,0.0,99.8109640831758,0.0,0.1890359168241966,0.0,0.0,0.0
Forest,0.01501583735599395,0.0,99.9045128152676,0.08047134737640557,0.0,0.0,0.0
Grassland,0.023687586834342553,0.0002255960650889767,0.13173198800731317,99.83744192109874,0.0,0.0,0.006912907994512214
Urban,0.010582650500408188,0.0,0.018141686572128325,0.0,99.96522843407008,0.0,0.006047228857376107
Water,0.0,0.0,0.0,0.0,0.0,100.0,0.0
Other,0.02049765503322547,0.0,0.006482164412216602,0.08076426470356361,0.0,0.0,99.892255915851
