from_label,Crops,TreeCrops,Forest,Grassland,Urban,Water,Other
Crops,99.629668513658,0.0,0.22506075629435207,0.13267230485078255,0.0,0.0,0.012598425196850394
TreeCrops,0.08726003490401396,97.90575916230367,0.2617801047120419,1.7452006980802792,0.0,0.0,0.0
Forest,0.012877790367269321,0.0,99.89868754152101,0.08843466811172135,0.0,0.0,0.0
Grassland,0.022385429237393943,0.0,0.1795170110795028,99.79038952092131,0.0,0.0,0.007708038761799924
Urban,0.01568356832546541,0.0,0.09723812361788553,0.05646084597167548,99.82434403475479,0.0,0.006273427330186164
Water,0.0,0.0,0.0,0.0,0.0,100.0,0.0
Other,0.0010281137710699067,0.0,0.01610711574676187,0.0858474998843372,0.00017135229517831776,0.0,99.89684591830266
