from_label,Crops,TreeCrops,Forest,Grassland,Urban,Water,Other
Crops,99.81342539011054,0.0,0.10305075855620614,0.07653977502722364,0.0,0.0,0.00698407630602227
TreeCrops,0.0,99.94011976047904,0.0,0.0,0.0,0.0,0.059880239520958084
Forest,0.01760145258303422,0.0,99.88533189024682,0.09706665717014361,0.0,0.0,0.0
Grassland,0.034015965777798245,4.8640561169396916e-05,0.1528124296738553,99.80409203313005,1.6213520389798973e-05,0.0,0.009014717336728229
Urban,0.01832368794759425,0.0015269739956328544,0.06260593382094704,0.0,99.9114355082533,0.0,0.006107895982531418
Water,0.0,0.0,0.0,0.0,0.0,100.0,0.0
Other,0.009738808630671334,0.0,0.0024347021576678336,0.07304106473003501,0.0,0.0,99.91478542448162
