from_label,Crops,TreeCrops,Forest,Grassland,Urban,Water,Other
Crops,99.55555366106988,0.0,0.22691202150620138,0.19707387215347608,7.104321274458402e-05,0.0,0.020389402057695613
TreeCrops,0.0,99.52295766249254,0.0,0.41741204531902204,0.0,0.0,0.05963029218843172
Forest,0.016058830495490214,0.0,99.8918649193342,0.09207625017031637,0.0,0.0,0.0
Grassland,0.022488999576287173,0.0,0.12201375148084963,99.84719137652915,1.619078443217219e-05,0.0,0.00828968162927216
Urban,0.0030429821224800305,0.0,0.062381133510840625,0.0,99.92696842906048,0.0,0.007607455306200076
Water,0.0,0.0,0.0,0.0,0.0,100.0,0.0
Other,0.01099864175503406,0.0,0.0006983264606370833,0.0322975988044651,0.0,0.0,99.95600543297986
