from_label,Crops,TreeCrops,Forest,Grassland,Urban,Water,Other
Crops,98.98614089346054,0.0,0.38987125077914603,0.5662042987984003,0.0,0.0,0.057783556961912064
TreeCrops,0.0,99.02597402597402,0.0,0.974025974025974,0.0,0.0,0.0
Forest,0.013817110672895691,0.0,99.89899464013749,0.08538758315925894,0.0,0.0,0.0018006660303513063
Grassland,0.023498308218509126,0.0,0.07578123816421804,99.89277486654477,1.6116809477715448e-05,0.0,0.007929470263036002
Urban,0.016968500293092277,0.0,0.06478881930089778,0.0,99.90744454385586,0.0,0.010798136550149632
Water,0.0,0.0,0.0,0.0,0.0,100.0,0.0
Other,0.013558670426480256,0.0,0.0,0.10143258508923836,0.0,0.0,99.88500874448428
