from_label,Crops,TreeCrops,Forest,Grassland,Urban,Water,Other
Crops,98.88703582037589,0.0,0.41385196790260714,0.6353076936035444,7.019198912866472e-05,0.0,0.06373432612882757
TreeCrops,0.0,99.54441913439635,0.0,0.45558086560364464,0.0,0.0,0.0
Forest,0.014580083315798919,0.0,99.90310596913451,0.08017230875558808,0.0,0.0,0.0021416387941049033
Grassland,0.02508409220105731,0.0,0.07926895760514187,99.8865650570046,0.0,0.0,0.009081893189193096
Urban,0.0030224264039170647,0.0,0.010578492413709726,0.0,99.97884301517259,0.0,0.007556066009792661
Water,0.0,0.0,0.0,0.0,0.0,100.0,0.0
Other,0.012461518479905362,0.0,0.0,0.09635737528828231,0.0,0.0,99.89118110623181
