from_label,Crops,TreeCrops,Forest,Grassland,Urban,Water,Other
Crops,99.40580862910335,0.0,0.2813308396213571,0.2831222993744223,0.0,0.0,0.029738231900882116
TreeCrops,0.0,99.93311036789298,0.0,0.06688963210702341,0.0,0.0,0.0
Forest,0.01567008981220647,0.0,99.88576696797942,0.09787797662609027,0.0,0.0,0.0006849655822820313
Grassland,0.022628753960234713,0.0,0.11012660260647558,99.8586797817193,0.0,0.0,0.00856486171398131
Urban,0.01382042659050076,0.0,0.05681730931650313,0.0,99.92168424932049,0.0,0.007678014772500422
Water,0.0,0.0,0.0,0.0,0.0,100.0,0.0
Other,0.008673914589697818,0.0,0.0,0.08864740710671169,0.0,0.0,99.90267867830359
