from_label,Crops,TreeCrops,Forest,Grassland,Urban,Water,Other
Crops,99.80959955223412,0.0,0.10473095495783633,0.07845897716336886,0.0,0.0,0.007210515644677211
TreeCrops,0.0,94.05182567726737,0.17667844522968199,5.771495877502945,0.0,0.0,0.0
Forest,0.01683440866430166,0.0,99.89763282685607,0.08553276447963856,0.0,0.0,0.0
Grassland,0.031480209145122146,0.0,0.15241600489440374,99.80715337174081,1.618519750391884e-05,0.0,0.0089342290221632
Urban,0.0015237398671298836,0.0,0.06399707441945511,0.0,99.92838422624489,0.0,0.006094959468519534
Water,0.0,0.0,0.0,0.0,0.0,100.0,0.0
Other,0.0078409096849174,0.0,0.0005227273123278268,0.024045456367080026,0.0,0.0,99.96759090663568
