from_label,Crops,TreeCrops,Forest,Grassland,Urban,Water,Other
Crops,99.70980084594652,0.009235223996806033,0.1543703211158424,0.1158665410676203,0.0,0.0,0.010727067873213163
TreeCrops,0.0,99.85052316890882,0.0,0.14947683109118087,0.0,0.0,0.0
Forest,0.01576130737931126,0.0,99.90006968792612,0.08416900469457485,0.0,0.0,0.0
Grassland,0.022421716351738338,0.0005807063227788345,0.13033630800147175,99.83970892418186,1.613073118830096e-05,0.0,0.006936214410969414
Urban,0.006056660054812773,0.0,0.0666232606029405,0.0,99.92126341928743,0.0,0.006056660054812773
Water,0.0,0.0,0.0,0.0,0.0,100.0,0.0
Other,0.02050027684134538,0.0,0.0014017283310321627,0.06991120051022912,0.0,0.0,99.90818679431739
