from_label,Crops,TreeCrops,Forest,Grassland,Urban,Water,Other
Crops,99.26947103116562,0.0,0.3500466158596563,0.34519970690456436,0.0,0.0,0.03528264607015473
TreeCrops,0.0,98.7450462351387,0.06605019815059446,0.7926023778071334,0.0,0.0,0.3963011889035667
Forest,0.015708471914225735,0.0,99.8851130198714,0.09874583416012138,0.0,0.0,0.00043267405425564373
Grassland,0.022682887068773475,0.0,0.09495313069304744,99.87484631816314,0.0,0.0,0.007517664075048045
Urban,0.012275963663147557,0.0,0.05217284556837712,0.0015344954578934446,99.92787871347902,0.0,0.006137981831573778
Water,0.0,0.0,0.0,0.0,0.0,100.0,0.0
Other,0.01579699301634034,0.0,0.0,0.09217805815029363,0.0,0.0,99.89202494883337
