from_label,Crops,TreeCrops,Forest,Grassland,Urban,Water,Other
Crops,99.58700682879737,0.007382483637860784,0.15126992915655124,0.23148345329869247,0.0,0.0,0.022857305109530504
TreeCrops,0.0,99.67574578469521,0.0,0.06485084306095978,0.0,0.0,0.25940337224383914
Forest,0.012215829713504425,2.4118123817382872e-05,99.89050371786908,0.09485658097376684,0.0,0.0,0.0023997533198295957
Grassland,0.028034173884307786,0.001002375306128652,0.13211953228521522,99.82233706066052,0.0,0.0,0.016506857863828283
Urban,0.004555186079351341,0.0,0.050107046872864755,0.0,99.93622739488907,0.0,0.009110372158702681
Water,0.0,0.0,0.0,0.0,0.0,100.0,0.0
Other,0.012611489066539618,0.0,0.0,0.054124307243899196,0.0,0.0,99.93326420368956
