from_label,Crops,TreeCrops,Forest,Grassland,Urban,Water,Other
Crops,99.79733182124075,0.0,0.10281398768724609,0.09027379676478652,0.0007788938461155006,0.0,0.008801500461105158
TreeCrops,0.0,97.34151329243353,0.0,2.658486707566462,0.0,0.0,0.0
Forest,0.014775484135419695,0.0,99.88720586062428,0.09713689247737206,0.00047662852049740954,0.0,0.00040513424242279806
Grassland,0.02060840926301232,0.0,0.12532750922702018,99.84609807667746,0.0006772716659205928,0.0,0.007288733166573999
Urban,0.0,0.0,0.00157035175879397,0.00157035175879397,99.99685929648241,0.0,0.0
Water,0.0,0.0,0.0,0.0,0.0,100.0,0.0
Other,0.0012012754112652175,0.0,0.0,0.0758519616827466,0.0,0.0,99.92294676290598
