from_label,Crops,TreeCrops,Forest,Grassland,Urban,Water,Other
Crops,99.79500469050461,0.0,0.12575538940538114,0.07105880739634919,0.0,0.0,0.008181112693658624
TreeCrops,0.0,88.04638715432648,0.0,11.953612845673506,0.0,0.0,0.0
Forest,0.014639106618070247,0.0,99.89163956561256,0.09372132776935838,0.0,0.0,0.0
Grassland,0.03330402814713015,0.0,0.20889392835887044,99.7489413387576,0.0,0.0,0.008860704736392427
Urban,0.00157254957462534,0.0,0.007862747873126701,0.00314509914925068,99.987419603403,0.0,0.0
Water,0.0,0.0,0.0,0.0,0.0,100.0,0.0
Other,0.009941294939366671,0.0,0.007884475296739083,0.09667052320349659,0.0,0.0,99.8855037065604
