from_label,Crops,TreeCrops,Forest,Grassland,Urban,Water,Other
Crops,99.80163458807782,7.1354464720212e-05,0.11459527034066049,0.07627792278590663,0.0,0.0,0.007420864330902049
TreeCrops,0.0,99.87476518472135,0.0,0.0,0.0,0.0,0.12523481527864747
Forest,0.019887199132378804,0.0,99.89177607736073,0.0883367235068981,0.0,0.0,0.0
Grassland,0.033587001020889365,0.0002105260430431831,0.14803219688136438,99.81038081246211,0.0,0.0,0.0077894635925977755
Urban,0.0030496172730322345,0.0,0.06556677137019304,0.0,99.92528437681071,0.0,0.006099234546064469
Water,0.0,0.0,0.0,0.0,0.0,100.0,0.0
Other,0.009401376082899246,0.0,0.0,0.053448564026853114,0.0,0.0,99.93715005989024
