from_label,Crops,TreeCrops,Forest,Grassland,Urban,Water,Other
Crops,99.08715228520323,0.0,0.2713871584530932,0.25288348855856413,0.10485412940233146,0.0,0.2837229383827793
TreeCrops,0.0,98.91774891774891,0.21645021645021645,0.0,0.6493506493506493,0.0,0.21645021645021645
Forest,0.04456533431684416,0.0,99.76641617875309,0.0783735189710018,0.03073471332196149,0.0,0.07991025463709987
Grassland,0.0,0.0,0.41293874741913283,99.2429456297316,0.13764624913971094,0.0,0.20646937370956642
Urban,0.0,0.0,0.0,0.0,100.0,0.0,0.0
Water,0.0,0.0,0.0,0.0,0.0,100.0,0.0
Other,0.08904719501335707,0.0,0.0,0.0,0.0,0.0,99.91095280498664
