from_label,Crops,TreeCrops,Forest,Grassland,Urban,Water,Other
Crops,98.66896232037612,0.0,0.30461558837163105,0.4436792265412886,0.03311039004039467,0.0,0.5496324746705517
TreeCrops,0.0,100.0,0.0,0.0,0.0,0.0,0.0
Forest,0.0371626329725461,0.0,99.7754757591242,0.08051903810718324,0.006193772162091018,0.0,0.10064879763397903
Grassland,0.19065776930409914,0.0,0.42897998093422307,99.14204003813155,0.0,0.0,0.23832221163012393
Urban,0.0,0.0,0.0,0.0,100.0,0.0,0.0
Water,0.0,0.0,0.0,0.0,0.0,100.0,0.0
Other,0.3530005042864347,0.0,0.0,0.0,0.0,0.0,99.64699949571356
