from_label,Crops,TreeCrops,Forest,Grassland,Urban,Water,Other
Crops,98.5981593222405,0.0,0.3352227707685744,0.4083622843908088,0.17675382458706648,0.0,0.4815017980130432
TreeCrops,0.0,97.26315789473684,0.631578947368421,1.0526315789473684,0.42105263157894735,0.0,0.631578947368421
Forest,0.04449558879938627,0.0,99.74836977368624,0.08285385500575373,0.03222094361334867,0.0,0.09205983889528192
Grassland,0.14914243102162564,0.0,0.2982848620432513,98.95600298284862,0.14914243102162564,0.0,0.44742729306487694
Urban,0.0,0.0,0.0,0.0,100.0,0.0,0.0
Water,0.0,0.0,0.0,0.0,0.0,100.0,0.0
Other,0.5102040816326531,0.0,0.0,0.0,0.0,0.0,99.48979591836735
