from_label,Crops,TreeCrops,Forest,Grassland,Urban,Water,Other
Crops,99.20049200492005,0.0,0.36341272503634126,0.027954825002795485,0.4025494800402549,0.0,0.005590965000559097
TreeCrops,0.0,98.87096774193549,0.3225806451612903,0.0,0.8064516129032258,0.0,0.0
Forest,0.060470460180201975,0.0,99.90022374070267,0.0030235230090100984,0.03477051460361613,0.0,0.0015117615045050492
Grassland,0.14306151645207438,0.0,0.14306151645207438,99.4277539341917,0.14306151645207438,0.0,0.14306151645207438
Urban,0.0,0.0,0.0,0.0,100.0,0.0,0.0
Water,0.0,0.0,0.0,0.0,0.0,100.0,0.0
Other,1.8867924528301887,0.0,0.0,0.0,0.0,0.0,98.11320754716981
