from_label,Crops,TreeCrops,Forest,Grassland,Urban,Water,Other
Crops,99.46071266569226,0.0,0.2268030845219495,0.0907212338087798,0.22176301597701728,0.0,0.0
TreeCrops,0.0,0.0,0.0,0.0,0.0,0.0,0.0
Forest,0.05826896355948664,0.0,99.85358055310694,0.0074703799435239275,0.08068010339005842,0.0,0.0
Grassland,0.44150110375275936,0.0,0.8830022075055187,97.57174392935983,1.1037527593818985,0.0,0.0
Urban,0.0,0.0,0.0,0.0,100.0,0.0,0.0
Water,0.0,0.0,0.0,0.0,0.0,100.0,0.0
Other,0.0,0.0,5.660377358490567,0.0,1.8867924528301887,0.0,92.45283018867924
