from_label,Crops,TreeCrops,Forest,Grassland,Urban,Water,Other
Crops,99.64785189656908,0.0,0.16098199013985312,0.01006137438374082,0.17607405171546434,0.0,0.00503068719187041
TreeCrops,0.0,0.0,0.0,0.0,0.0,0.0,0.0
Forest,0.05509888015248987,0.0,99.83023588277341,0.004467476769120801,0.11019776030497974,0.0,0.0
Grassland,0.7782101167315175,0.0,1.1673151750972763,96.10894941634241,1.9455252918287937,0.0,0.0
Urban,0.0,0.0,0.0,0.0,100.0,0.0,0.0
Water,0.0,0.0,0.0,0.0,0.0,100.0,0.0
Other,6.153846153846154,0.0,0.0,0.0,0.0,0.0,93.84615384615384
