from_label,Crops,TreeCrops,Forest,Grassland,Urban,Water,Other
Crops,98.63760217983652,0.0,0.34948465821585123,0.43833668996564384,0.12439284444970976,0.0,0.4501836275322829
TreeCrops,0.0,99.3963782696177,0.4024144869215292,0.2012072434607646,0.0,0.0,0.0
Forest,0.05027269126473904,0.0,99.76691752231804,0.08074098900094452,0.01980439352853356,0.0,0.08226440388775479
Grassland,0.09652509652509653,0.0,0.28957528957528955,99.22779922779922,0.09652509652509653,0.0,0.28957528957528955
Urban,0.0,0.0,0.0,0.0,100.0,0.0,0.0
Water,0.0,0.0,0.0,0.0,0.0,100.0,0.0
Other,0.5504587155963303,0.0,0.0,0.0,0.1834862385321101,0.0,99.26605504587155
