from_label,Crops,TreeCrops,Forest,Grassland,Urban,Water,Other
Crops,99.58427616692101,0.005262327000999842,0.2262800610429932,0.015786981002999526,0.16839446403199496,0.0,0.0
TreeCrops,0.0,100.0,0.0,0.0,0.0,0.0,0.0
Forest,0.06327778949588694,0.0,99.8523518245096,0.0060264561424654235,0.0783439298520505,0.0,0.0
Grassland,0.13404825737265416,0.0,0.40214477211796246,99.32975871313673,0.0,0.0,0.13404825737265416
Urban,0.0,0.0,0.0,0.0,100.0,0.0,0.0
Water,0.0,0.0,0.0,0.0,0.0,100.0,0.0
Other,0.0,0.0,0.0,0.0,0.0,0.0,100.0
