from_label,Crops,TreeCrops,Forest,Grassland,Urban,Water,Other
Crops,99.36036550542548,0.0,0.37692747001713306,0.022844089091947458,0.21701884637350088,0.0,0.022844089091947458
TreeCrops,0.0,99.17491749174917,0.49504950495049505,0.0,0.33003300330033003,0.0,0.0
Forest,0.05759321006365565,0.003031221582297666,99.89239163382844,0.012124886329190664,0.0318278266141255,0.0,0.003031221582297666
Grassland,0.0,0.0,0.2808988764044944,99.43820224719101,0.1404494382022472,0.0,0.1404494382022472
Urban,0.0,0.0,0.0,0.0,100.0,0.0,0.0
Water,0.0,0.0,0.0,0.0,0.0,100.0,0.0
Other,1.9607843137254901,0.0,0.0,0.0,0.0,0.0,98.0392156862745
