from_label,Crops,TreeCrops,Forest,Grassland,Urban,Water,Other
Crops,99.61095631144524,0.005257347142631828,0.18926449713474583,0.015772041427895483,0.17349245570685032,0.0,0.005257347142631828
TreeCrops,0.0,100.0,0.0,0.0,0.0,0.0,0.0
Forest,0.0631370073058537,0.0015032620787108024,99.82862812302696,0.00601304831484321,0.09771203511620215,0.0,0.003006524157421605
Grassland,0.0,0.0,0.39473684210526316,99.21052631578947,0.39473684210526316,0.0,0.0
Urban,0.0,0.0,0.0,0.0,100.0,0.0,0.0
Water,0.0,0.0,0.0,0.0,0.0,100.0,0.0
Other,0.0,0.0,0.0,0.0,0.0,0.0,100.0
