from_label,Crops,TreeCrops,Forest,Grassland,Urban,Water,Other
Crops,99.76644830532612,0.0,0.18798063229849046,0.0,0.04557106237539162,0.0,0.0
TreeCrops,0.0,99.84152139461173,0.0,0.0,0.15847860538827258,0.0,0.0
Forest,0.1649590629114518,0.0015133858982701999,99.7866125883439,0.0030267717965403998,0.043888191049835795,0.0,0.0
Grassland,5.172413793103448,0.0,1.4367816091954022,91.0919540229885,2.2988505747126435,0.0,0.0
Urban,0.0,0.0,0.0,0.0,100.0,0.0,0.0
Water,0.0,0.0,0.0,0.0,0.0,100.0,0.0
Other,46.835443037974684,0.0,1.2658227848101267,0.0,10.126582278481013,0.0,41.77215189873418
