from_label,Crops,TreeCrops,Forest,Grassland,Urban,Water,Other
Crops,99.77355310969509,0.0,0.13692137553320344,0.005266206751277055,0.08425930802043288,0.0,0.0
TreeCrops,0.0,100.0,0.0,0.0,0.0,0.0,0.0
Forest,0.0767529008081629,0.0,99.83294956882929,0.006019835357502972,0.0842776950050416,0.0,0.0
Grassland,0.657030223390276,0.0,0.9198423127463863,97.3718791064389,1.0512483574244416,0.0,0.0
Urban,0.0,0.0,0.0,0.0,100.0,0.0,0.0
Water,0.0,0.0,0.0,0.0,0.0,100.0,0.0
Other,1.9607843137254901,0.0,9.803921568627452,0.0,15.686274509803921,0.0,72.54901960784314
