from_label,Crops,TreeCrops,Forest,Grassland,Urban,Water,Other
Crops,99.51419813775952,0.0,0.266034353131687,0.06361691053149038,0.12723382106298076,0.0,0.028916777514313804
TreeCrops,0.0,96.64429530201343,3.1879194630872485,0.0,0.16778523489932887,0.0,0.0
Forest,0.06367688529063949,0.0,99.81654992571029,0.030322326328875954,0.03790290791109494,0.0,0.05154795475908912
Grassland,0.13003901170351106,0.0,0.3901170351105332,99.34980494148245,0.13003901170351106,0.0,0.0
Urban,0.0,0.0,0.0,0.0,100.0,0.0,0.0
Water,0.0,0.0,0.0,0.0,0.0,100.0,0.0
Other,0.546448087431694,0.0,0.0,0.0,0.0,0.0,99.4535519125683
