from_label,Crops,TreeCrops,Forest,Grassland,Urban,Water,Other
Crops,99.7737111373475,0.0,0.12298307752853206,0.0,0.10330578512396695,0.0,0.0
TreeCrops,0.0,0.0,0.0,0.0,0.0,0.0,0.0
Forest,0.09643487678589974,0.0,99.87537646692284,0.005934453956055369,0.022254202335207633,0.0,0.0
Grassland,3.7037037037037033,0.0,2.9629629629629632,87.5925925925926,5.7407407407407405,0.0,0.0
Urban,0.0,0.0,0.0,0.0,100.0,0.0,0.0
Water,0.0,0.0,0.0,0.0,0.0,100.0,0.0
Other,18.055555555555554,0.0,6.944444444444445,1.3888888888888888,2.7777777777777777,0.0,70.83333333333334
