from_label,Crops,TreeCrops,Forest,Grassland,Urban,Water,Other
Crops,98.18744759078888,0.0,0.3354189511707411,0.6321357156679352,0.05160291556472941,0.0,0.7933948268077147
TreeCrops,0.0,97.55011135857461,0.4454342984409799,0.8908685968819599,0.4454342984409799,0.0,0.6681514476614699
Forest,0.03551684733932487,0.0,99.77763365144074,0.07566632694030082,0.0061768430155347605,0.0,0.10500633126409092
Grassland,0.05367686527106817,0.0,0.2683843263553409,99.35587761674718,0.05367686527106817,0.0,0.2683843263553409
Urban,0.0,0.0,0.0,0.0,100.0,0.0,0.0
Water,0.0,0.0,0.0,0.0,0.0,100.0,0.0
Other,0.48455481526347666,0.0,0.0,0.0,0.0,0.0,99.51544518473654
