from_label,Crops,TreeCrops,Forest,Grassland,Urban,Water,Other
Crops,99.33024721757117,0.0,0.29547916871860536,0.014773958435930268,0.35949965527430316,0.0,0.0
TreeCrops,0.0,0.0,0.0,0.0,0.0,0.0,0.0
Forest,0.06537501485795792,0.0,99.83804825864733,0.002971591584452633,0.09360513491025793,0.0,0.0
Grassland,0.4166666666666667,0.0,0.20833333333333334,98.95833333333334,0.4166666666666667,0.0,0.0
Urban,0.0,0.0,0.0,0.0,100.0,0.0,0.0
Water,0.0,0.0,0.0,0.0,0.0,100.0,0.0
Other,0.0,0.0,0.0,0.0,0.0,0.0,100.0
