from_label,Crops,TreeCrops,Forest,Grassland,Urban,Water,Other
Crops,99.16692538549104,0.0,0.300113836282728,0.19662630653006313,0.33633447169616065,0.0,0.0
TreeCrops,0.0,0.0,0.0,0.0,0.0,0.0,0.0
Forest,0.06146557927560566,0.0,99.81110578076277,0.04047733269369153,0.08695130726792996,0.0,0.0
Grassland,0.4784688995215311,0.0,0.0,99.36204146730464,0.1594896331738437,0.0,0.0
Urban,0.0,0.0,0.0,0.0,100.0,0.0,0.0
Water,0.0,0.0,0.0,0.0,0.0,100.0,0.0
Other,0.0,0.0,0.0,0.0,0.0,0.0,100.0
