from_label,Crops,TreeCrops,Forest,Grassland,Urban,Water,Other
Crops,99.12020407100837,0.0,0.31235358425737936,0.2342651881930345,0.33317715654120467,0.0,0.0
TreeCrops,0.0,0.0,0.0,0.0,0.0,0.0,0.0
Forest,0.061528303019388914,0.0,99.82291854252956,0.03601656762110571,0.07953658682994177,0.0,0.0
Grassland,0.29069767441860467,0.0,0.0,99.70930232558139,0.0,0.0,0.0
Urban,0.0,0.0,0.0,0.0,100.0,0.0,0.0
Water,0.0,0.0,0.0,0.0,0.0,100.0,0.0
Other,0.0,0.0,0.0,0.0,0.0,0.0,100.0
