from_label,Crops,TreeCrops,Forest,Grassland,Urban,Water,Other
Crops,99.44977204842006,0.0,0.26201331027616204,0.026201331027616202,0.26201331027616204,0.0,0.0
TreeCrops,0.0,0.0,0.0,0.0,0.0,0.0,0.0
Forest,0.06308390158911352,0.0015019976568836553,99.83928625071344,0.006007990627534621,0.08711586409925201,0.0,0.0030039953137673105
Grassland,0.13245033112582782,0.0,0.13245033112582782,99.47019867549669,0.26490066225165565,0.0,0.0
Urban,0.0,0.0,0.0,0.0,100.0,0.0,0.0
Water,0.0,0.0,0.0,0.0,0.0,100.0,0.0
Other,0.0,0.0,0.0,0.0,0.0,0.0,100.0
