from_label,Crops,TreeCrops,Forest,Grassland,Urban,Water,Other
Crops,98.72287522603979,0.0,0.3786166365280289,0.33340867992766726,0.2147377938517179,0.0,0.35036166365280286
TreeCrops,0.0,95.24564183835183,4.120443740095087,0.0,0.6339144215530903,0.0,0.0
Forest,0.059108820854804484,0.007578053955744165,99.85753258563201,0.028796605031827825,0.03485904819642316,0.0,0.012124886329190664
Grassland,0.0,0.0,0.15723270440251574,99.68553459119497,0.15723270440251574,0.0,0.0
Urban,0.0,0.0,0.0,0.0,100.0,0.0,0.0
Water,0.0,0.0,0.0,0.0,0.0,100.0,0.0
Other,3.0303030303030303,0.0,0.0,0.0,0.0,0.0,96.96969696969697
