from_label,Crops,TreeCrops,Forest,Grassland,Urban,Water,Other
Crops,99.31965139162216,0.01686814731515322,0.3486083778464999,0.022490863086870958,0.2923812201293225,0.0,0.0
TreeCrops,0.0,99.673735725938,0.0,0.0,0.3262642740619902,0.0,0.0
Forest,0.052910052910052914,0.007558578987150416,99.88510959939532,0.006046863189720332,0.048374905517762655,0.0,0.0
Grassland,0.2849002849002849,0.0,0.7122507122507122,97.00854700854701,0.8547008547008548,0.0,1.1396011396011396
Urban,0.0,0.0,0.0,0.0,100.0,0.0,0.0
Water,0.0,0.0,0.0,0.0,0.0,100.0,0.0
Other,1.8181818181818181,0.0,0.0,0.0,0.0,0.0,98.18181818181819
