from_label,Crops,TreeCrops,Forest,Grassland,Urban,Water,Other
Crops,98.75349162011173,0.0,0.10824022346368714,1.0928770949720672,0.034916201117318434,0.0,0.01047486033519553
TreeCrops,0.0,100.0,0.0,0.0,0.0,0.0,0.0
Forest,0.051805802249851984,0.0,99.08969804618117,0.8325932504440497,0.025902901124925992,0.0,0.0
Grassland,0.7560483870967742,0.0,1.2712813620071686,97.54704301075269,0.39202508960573473,0.0,0.03360215053763441
Urban,0.10613457864572277,0.0,0.16981532583315645,1.719380174060709,98.0046699214604,0.0,0.0
Water,0.0,0.0,0.0,0.0,0.0,100.0,0.0
Other,0.0,0.0,0.0,0.9009009009009009,0.0,0.0,99.09909909909909
