from_label,Crops,TreeCrops,Forest,Grassland,Urban,Water,Other
Crops,98.98475197838256,0.0,0.08878594865856013,0.8839992279482725,0.027021810461300907,0.0,0.015441034549314805
TreeCrops,0.0,100.0,0.0,0.0,0.0,0.0,0.0
Forest,0.0403981049616218,0.0,99.11124169084432,0.8226523192184803,0.025707884975577508,0.0,0.0
Grassland,0.6072274881516588,0.0,1.1897709320695105,97.79324644549763,0.370260663507109,0.0,0.03949447077409163
Urban,0.08396305625524769,0.0,0.16792611251049538,1.5323257766582703,98.21578505457599,0.0,0.0
Water,0.0,0.0,0.0,0.0,0.0,100.0,0.0
Other,0.0,0.0,0.0,1.0416666666666665,0.0,0.0,98.95833333333334
