from_label,Crops,TreeCrops,Forest,Grassland,Urban,Water,Other
Crops,99.45243889535499,0.0,0.1825203682150037,0.335943286424717,0.029097450005290446,0.0,0.0
TreeCrops,0.0,0.0,0.0,0.0,0.0,0.0,0.0
Forest,0.4370527944304777,0.0,99.09882034422742,0.4409205182749952,0.02320634306710501,0.0,0.0
Grassland,2.728062554300608,0.0,1.7028670721112076,95.24761077324067,0.31277150304083406,0.0,0.008688097306689836
Urban,0.0,0.0,0.09428032683846638,0.6913890634820867,99.21433060967945,0.0,0.0
Water,0.0,0.0,0.0,0.0,0.0,100.0,0.0
Other,25.0,0.0,0.0,25.0,0.0,0.0,50.0
