from_label,Crops,TreeCrops,Forest,Grassland,Urban,Water,Other
Crops,98.77876237992405,0.0,0.10425199195770347,1.0574130612852781,0.04467942512473006,0.0,0.014893141708243355
TreeCrops,0.0,100.0,0.0,0.0,0.0,0.0,0.0
Forest,0.040530582166543844,0.0,99.08621960206338,0.8437730287398674,0.029476787030213707,0.0,0.0
Grassland,0.6569155760841673,0.0,1.180395175776238,97.67000256607646,0.4824223761868104,0.0,0.010264305876315114
Urban,0.08488964346349745,0.0,0.14855687606112053,1.5916808149405774,98.1748726655348,0.0,0.0
Water,0.0,0.0,0.0,0.0,0.0,100.0,0.0
Other,0.0,0.0,0.0,0.6756756756756757,0.0,0.0,99.32432432432432
