from_label,Crops,TreeCrops,Forest,Grassland,Urban,Water,Other
Crops,99.45765863484931,0.0,0.04261253583326877,0.4764856279538235,0.015495467575734098,0.0,0.007747733787867049
TreeCrops,0.0,100.0,0.0,0.0,0.0,0.0,0.0
Forest,0.05130460275579009,0.0,99.091175608326,0.8318674875403107,0.025652301377895044,0.0,0.0
Grassland,0.7994078460399704,0.0,1.2139156180606958,97.49321490254133,0.4243770046878855,0.0,0.0690846286701209
Urban,0.10501995379122034,0.0,0.14702793530770847,0.609115731989078,99.138836378912,0.0,0.0
Water,0.0,0.0,0.0,0.0,0.0,100.0,0.0
Other,0.0,0.0,0.45662100456621,0.91324200913242,0.45662100456621,0.0,98.17351598173516
