from_label,Crops,TreeCrops,Forest,Grassland,Urban,Water,Other
Crops,99.45036160420776,0.0,0.19460880999342536,0.3234714003944773,0.031558185404339245,0.0,0.0
TreeCrops,0.0,0.0,0.0,0.0,0.0,0.0,0.0
Forest,0.47122441096948625,0.0,99.07686365392043,0.4248744689069139,0.027037466203167246,0.0,0.0
Grassland,2.725572281108043,0.0,1.629999109290104,95.33268014607643,0.3117484635254298,0.0,0.0
Urban,0.0,0.0,0.09345794392523366,0.46728971962616817,99.4392523364486,0.0,0.0
Water,0.0,0.0,0.0,0.0,0.0,100.0,0.0
Other,0.0,0.0,0.0,33.33333333333333,0.0,0.0,66.66666666666666
