from_label,Crops,TreeCrops,Forest,Grassland,Urban,Water,Other
Crops,99.26690409961786,0.0,0.27816050120882835,0.4029427821249382,0.05199261704837913,0.0,0.0
TreeCrops,0.0,0.0,0.0,0.0,0.0,0.0,0.0
Forest,0.304478532336391,0.0,99.2291682725661,0.4316657673629847,0.03468742773452555,0.0,0.0
Grassland,1.0684161199625117,0.0,1.4339268978444235,97.27272727272728,0.22492970946579194,0.0,0.0
Urban,0.03057169061449098,0.0,0.06114338122898196,0.3362885967594008,99.57199633139713,0.0,0.0
Water,0.0,0.0,0.0,0.0,0.0,100.0,0.0
Other,0.0,0.0,0.0,0.0,0.0,0.0,100.0
