from_label,Crops,TreeCrops,Forest,Grassland,Urban,Water,Other
Crops,99.44937764163015,0.0,0.04653146690449417,0.4808251580131063,0.015510488968164721,0.0,0.007755244484082361
TreeCrops,0.0,88.88888888888889,0.0,11.11111111111111,0.0,0.0,0.0
Forest,0.051327174072444644,0.0,99.10544068045168,0.8139023317201936,0.029329813755682648,0.0,0.0
Grassland,0.7292077256602286,0.0,1.1677177769018527,97.75817895151754,0.31040599132834057,0.0,0.03448955459203784
Urban,0.10475591870940709,0.0,0.14665828619316992,1.571338780641106,98.17724701445631,0.0,0.0
Water,0.0,0.0,0.0,0.0,0.0,100.0,0.0
Other,0.0,0.0,0.0,0.9433962264150944,0.0,0.0,99.05660377358491
