from_label,Crops,TreeCrops,Forest,Grassland,Urban,Water,Other
Crops,99.27590048273302,0.0,0.2731950559652008,0.39520449843509625,0.05569996286669142,0.0,0.0
TreeCrops,0.0,0.0,0.0,0.0,0.0,0.0,0.0
Forest,0.28251779862131315,0.0,99.32949109127208,0.38045730214336837,0.007533807963235017,0.0,0.0
Grassland,1.06544901065449,0.0,1.417427701674277,97.26978691019787,0.24733637747336376,0.0,0.0
Urban,0.0278473962684489,0.0,0.0835421888053467,0.3620161514898357,99.52659426343637,0.0,0.0
Water,0.0,0.0,0.0,0.0,0.0,100.0,0.0
Other,0.0,0.0,0.0,0.0,0.0,0.0,100.0
