from_label,Crops,TreeCrops,Forest,Grassland,Urban,Water,Other
Crops,99.41736259467858,0.0,0.05049524179452321,0.5010681685764227,0.019421246844047387,0.0,0.011652748106428433
TreeCrops,0.0,87.5,0.0,12.5,0.0,0.0,0.0
Forest,0.04393833986305884,0.0,99.05166416462231,0.8751052689392552,0.02929222657537256,0.0,0.0
Grassland,0.5963822761102076,0.0,1.2420523436344817,97.58982699985214,0.40908866873675387,0.0,0.16264971166642023
Urban,0.08396305625524769,0.0,0.16792611251049538,1.3014273719563392,98.44668345927792,0.0,0.0
Water,0.0,0.0,0.0,0.0,0.0,100.0,0.0
Other,0.0,0.0,0.0,1.680672268907563,0.0,0.0,98.31932773109243
