from_label,Crops,TreeCrops,Forest,Grassland,Urban,Water,Other
Crops,99.45694336695112,0.0,0.0465477114041893,0.4732350659425911,0.01551590380139643,0.0,0.007757951900698215
TreeCrops,0.0,100.0,0.0,0.0,0.0,0.0,0.0
Forest,0.04402215781943578,0.0,99.09754576470156,0.8327524854176602,0.02567959206133754,0.0,0.0
Grassland,0.6539804297585682,0.0,1.19978364557211,97.70369277671239,0.39337168707282294,0.0,0.04917146088410287
Urban,0.08389261744966443,0.0,0.14681208053691275,1.5729865771812082,98.19630872483222,0.0,0.0
Water,0.0,0.0,0.0,0.0,0.0,100.0,0.0
Other,0.0,0.0,0.0,0.9900990099009901,0.0,0.0,99.00990099009901
