from_label,Crops,TreeCrops,Forest,Grassland,Urban,Water,Other
Crops,99.03091832025842,0.0,0.1701661282879557,0.7412321181356715,0.05479926165205353,0.0,0.002884171665897554
TreeCrops,0.0,100.0,0.0,0.0,0.0,0.0,0.0
Forest,0.12632361136912504,0.0,99.07858071707226,0.743080066877206,0.05201560468140442,0.0,0.0
Grassland,1.1924616410940627,0.0,1.5260173448965977,96.79786524349566,0.45030020013342226,0.0,0.033355570380253496
Urban,0.23305084745762714,0.0,0.2966101694915254,0.9957627118644067,98.47457627118644,0.0,0.0
Water,0.0,0.0,0.0,0.0,0.0,100.0,0.0
Other,2.2222222222222223,0.0,0.0,0.0,0.0,0.0,97.77777777777777
