from_label,Crops,TreeCrops,Forest,Grassland,Urban,Water,Other
Crops,98.95827354646157,0.0,0.18366527004534236,0.7949262469149975,0.05739539688916948,0.0,0.005739539688916949
TreeCrops,0.0,100.0,0.0,0.0,0.0,0.0,0.0
Forest,0.12268570153914789,0.0,99.10774035244256,0.7175254665774407,0.05204847944085062,0.0,0.0
Grassland,1.2253866306093129,0.0,1.5042677258514323,96.84779852953605,0.4225471140032113,0.0,0.0
Urban,0.23285351397121082,0.0,0.31752751905165116,1.2912785774767146,98.13717188823031,0.0,0.021168501270110076
Water,0.0,0.0,0.0,0.0,0.0,100.0,0.0
Other,0.0,0.0,0.0,2.3255813953488373,0.0,0.0,97.67441860465115
