from_label,Crops,TreeCrops,Forest,Grassland,Urban,Water,Other
Crops,98.74459331153075,0.0,0.11252945106727151,1.0971621479058973,0.03164890811267011,0.0,0.014066181383408939
TreeCrops,0.0,92.3076923076923,0.0,0.0,7.6923076923076925,0.0,0.0
Forest,0.04437213429965981,0.0,99.08667356899868,0.8393728738352315,0.025883745008134892,0.0,0.0036976778583049843
Grassland,0.7484200022175407,0.0,1.252910522230846,97.60505599290387,0.38806963077946555,0.0,0.0055438518682780795
Urban,0.08503401360544217,0.0,0.1488095238095238,1.6156462585034015,98.15051020408163,0.0,0.0
Water,0.0,0.0,0.0,0.0,0.0,100.0,0.0
Other,0.0,0.0,0.0,0.8403361344537815,0.0,0.0,99.15966386554622
