from_label,Crops,TreeCrops,Forest,Grassland,Urban,Water,Other
Crops,99.2569365761113,0.0,0.2766725514479197,0.41105636215119495,0.05533451028958393,0.0,0.0
TreeCrops,0.0,0.0,0.0,0.0,0.0,0.0,0.0
Forest,0.29577945470403094,0.0,99.24917523036669,0.42091691630958245,0.03412839861969588,0.0,0.0
Grassland,1.0613095802141572,0.0,1.4403487160049275,97.25196626551691,0.24637543826400077,0.0,0.0
Urban,0.028760425654299683,0.0,0.20132297958009776,0.2876042565429969,99.4823123382226,0.0,0.0
Water,0.0,0.0,0.0,0.0,0.0,100.0,0.0
Other,0.0,0.0,0.0,0.0,0.0,0.0,100.0
