from_label,Crops,TreeCrops,Forest,Grassland,Urban,Water,Other
Crops,98.8872721047676,0.0028531484493138177,0.18830779765471198,0.8616508316927729,0.05706296898627636,0.0,0.0028531484493138177
TreeCrops,0.0,100.0,0.0,0.0,0.0,0.0,0.0
Forest,0.12271763787140678,0.0,99.081477074114,0.7474619761258414,0.04834331188873601,0.0,0.0
Grassland,1.2288390478645699,0.0,1.4866374495144796,96.82907965970611,0.4468505628598436,0.0,0.008593280054996991
Urban,0.23270573302305902,0.0,0.31732599957689867,1.3116141315845145,98.13835413581553,0.0,0.0
Water,0.0,0.0,0.0,0.0,0.0,100.0,0.0
Other,0.0,0.0,0.0,0.0,0.0,0.0,100.0
