from_label,Crops,TreeCrops,Forest,Grassland,Urban,Water,Other
Crops,99.06790159872574,0.008849035455135391,0.1651819951625273,0.7108725148958763,0.047194855760722076,0.0,0.0
TreeCrops,0.0,100.0,0.0,0.0,0.0,0.0,0.0
Forest,0.1260239445494644,0.0,99.09188628192298,0.7264909744616183,0.055598799065940174,0.0,0.0
Grassland,1.0963874428143239,0.0,1.3961192617132039,97.07367092601356,0.4259346900141978,0.0,0.007887679444707368
Urban,0.23255813953488372,0.0,0.3594080338266385,1.3530655391120507,98.05496828752642,0.0,0.0
Water,0.0,0.0,0.0,0.0,0.0,100.0,0.0
Other,0.0,0.0,0.0,1.8518518518518516,0.0,0.0,98.14814814814815
