from_label,Crops,TreeCrops,Forest,Grassland,Urban,Water,Other
Crops,98.49926253687316,0.0,0.1290560471976401,1.2979351032448379,0.05530973451327434,0.0,0.018436578171091445
TreeCrops,0.0,100.0,0.0,0.0,0.0,0.0,0.0
Forest,0.044255946892863725,0.0,99.0927530886963,0.8297990042411949,0.033191960169647795,0.0,0.0
Grassland,0.6697471574684596,0.0,1.1889310004672655,97.77270131353512,0.358236851669176,0.0,0.010383676859976118
Urban,0.08501594048884166,0.0,0.1487778958554729,1.5940488841657812,98.17215727948991,0.0,0.0
Water,0.0,0.0,0.0,0.0,0.0,100.0,0.0
Other,0.0,0.0,0.0,0.7042253521126761,0.0,0.0,99.29577464788733
