from_label,Crops,TreeCrops,Forest,Grassland,Urban,Water,Other
Crops,98.88387824126268,0.0,0.20574971815107101,0.8399098083427283,0.06200676437429538,0.0,0.008455467869222097
TreeCrops,0.0,100.0,0.0,0.0,0.0,0.0,0.0
Forest,0.13402829486224868,0.0,99.07297096053611,0.7371556217423678,0.05212211466865227,0.0,0.0037230081906180195
Grassland,1.2048192771084338,0.0,1.5302084249406385,96.79008002814177,0.43971506463811444,0.0,0.035177205171049164
Urban,0.0,0.0,0.3251680034684587,0.0,99.65315412963365,0.0,0.021677866897897247
Water,0.0,0.0,0.0,0.0,0.0,100.0,0.0
Other,0.0,0.0,0.0,0.0,0.0,0.0,100.0
