from_label,Crops,TreeCrops,Forest,Grassland,Urban,Water,Other
Crops,98.89383668491364,0.0,0.19570581728451086,0.8395495929886264,0.062398956235641144,0.0,0.00850894857758743
TreeCrops,0.0,100.0,0.0,0.0,0.0,0.0,0.0
Forest,0.13024225058609012,0.0,99.09574666021658,0.7181929818032969,0.052096900234436055,0.0,0.003721207159602575
Grassland,1.2345679012345678,0.0,1.5388628064684404,96.71361502347418,0.45209528777603897,0.0,0.06085898104677448
Urban,0.10676916506512919,0.0,0.3203074951953876,0.5124919923126201,99.06043134742686,0.0,0.0
Water,0.0,0.0,0.0,0.0,0.0,100.0,0.0
Other,0.0,0.0,0.0,0.0,0.0,0.0,100.0
