from_label,Crops,TreeCrops,Forest,Grassland,Urban,Water,Other
Crops,99.27500196299107,0.0,0.277436071923993,0.3952155364200277,0.05234642866490433,0.0,0.0
TreeCrops,0.0,0.0,0.0,0.0,0.0,0.0,0.0
Forest,0.30214946836992274,0.0,99.28096075881588,0.39776638874015147,0.019123384074045745,0.0,0.0
Grassland,1.1009692293215394,0.0,1.4114990119506916,97.26169191681566,0.22583984191211068,0.0,0.0
Urban,0.02965599051008304,0.0,0.02965599051008304,0.41518386714116245,99.52550415183867,0.0,0.0
Water,0.0,0.0,0.0,0.0,0.0,100.0,0.0
Other,0.0,0.0,0.0,0.0,0.0,0.0,100.0
