from_label,Crops,TreeCrops,Forest,Grassland,Urban,Water,Other
Crops,98.20417650807933,0.0,0.14621527387245528,1.5671278071458028,0.0599857533835714,0.0,0.022494657518839275
TreeCrops,0.0,100.0,0.0,0.0,0.0,0.0,0.0
Forest,0.04418750230143241,0.0,99.05733328423611,0.8690208785948373,0.029458334867621606,0.0,0.0
Grassland,0.6320081549439347,0.0,1.1416921508664628,97.77777777777777,0.4434250764525994,0.0,0.0050968399592252805
Urban,0.08438818565400844,0.0,0.14767932489451477,1.6033755274261603,98.16455696202532,0.0,0.0
Water,0.0,0.0,0.0,0.0,0.0,100.0,0.0
Other,0.0,0.0,0.0,0.6535947712418301,0.0,0.0,99.34640522875817
