from_label,Crops,TreeCrops,Forest,Grassland,Urban,Water,Other
Crops,99.27880926806813,0.0,0.06137793463249962,0.6329599508976523,0.01918060457265613,0.0,0.007672241829062452
TreeCrops,0.0,100.0,0.0,0.0,0.0,0.0,0.0
Forest,0.040439689717289805,0.0,99.06253446564465,0.8712914966361531,0.025734348001911694,0.0,0.0
Grassland,0.610391543843978,0.0,1.1959704233040542,97.70234727805072,0.40196516301920504,0.0,0.08932559178204555
Urban,0.08410428931875526,0.0,0.1471825063078217,1.59798149705635,98.17073170731707,0.0,0.0
Water,0.0,0.0,0.0,0.0,0.0,100.0,0.0
Other,0.0,0.0,0.5988023952095809,0.5988023952095809,0.0,0.0,98.80239520958084
