from_label,Crops,TreeCrops,Forest,Grassland,Urban,Water,Other
Crops,98.16377604469794,0.0,0.26772203468746364,1.481201257129554,0.08730066348504249,0.0,0.0
TreeCrops,0.0,100.0,0.0,0.0,0.0,0.0,0.0
Forest,0.11879570850503027,0.0,99.07190852730446,0.7684597393919145,0.040836024798604154,0.0,0.0
Grassland,1.1595623060591214,0.0,1.2330556916544178,97.23174914257717,0.3593009962436714,0.0,0.016331863465621425
Urban,0.21074815595363539,0.0,0.25289778714436245,1.4330874604847208,98.10326659641728,0.0,0.0
Water,0.0,0.0,0.0,0.0,0.0,100.0,0.0
Other,1.9607843137254901,0.0,0.0,1.9607843137254901,0.0,0.0,96.07843137254902
