from_label,Crops,TreeCrops,Forest,Grassland,Urban,Water,Other
Crops,99.85393413256166,0.0,0.05236323549676175,0.09370263194157366,0.0,0.0,0.0
TreeCrops,0.0,99.19354838709677,0.0,0.8064516129032258,0.0,0.0,0.0
Forest,0.09761468306442002,0.043132069261022796,99.61010879496945,0.2485769254779998,0.000567527227118721,0.0,0.0
Grassland,0.33240360008051295,0.005750927337033096,0.2633924720361158,99.39442735141041,0.0034505564022198577,0.0,0.0005750927337033097
Urban,0.0,0.0,0.0,0.0,100.0,0.0,0.0
Water,0.0,0.0,0.0,0.0,0.0,100.0,0.0
Other,0.0,0.0,0.0,0.9259259259259258,0.0,0.0,99.07407407407408
