from_label,Crops,TreeCrops,Forest,Grassland,Urban,Water,Other
Crops,99.8543026255881,0.0,0.08499013507360753,0.06070723933829109,0.0,0.0,0.0
TreeCrops,0.0,0.0,0.0,0.0,0.0,0.0,0.0
Forest,0.013940034617752634,0.0,99.93668900944436,0.04879012116213422,0.0005808347757396931,0.0,0.0
Grassland,0.1894137534207353,0.0,0.1861100251633969,99.6206218717823,0.003854349633561474,0.0,0.0
Urban,0.0,0.0,0.0,0.0,100.0,0.0,0.0
Water,0.0,0.0,0.0,0.0,0.0,100.0,0.0
Other,0.2695417789757413,0.0,0.2695417789757413,0.2695417789757413,0.0,0.0,99.19137466307278
