from_label,Crops,TreeCrops,Forest,Grassland,Urban,Water,Other
Crops,99.85561738607309,0.0,0.06316739359302151,0.07820724921040757,0.0030079711234772145,0.0,0.0
TreeCrops,0.0,0.0,0.0,0.0,0.0,0.0,0.0
Forest,0.011006389498745852,0.0,99.95076088908455,0.03823272141669611,0.0,0.0,0.0
Grassland,0.005529872370545688,0.0,0.1078325112256409,99.88442566745559,0.002211948948218275,0.0,0.0
Urban,0.0,0.0,0.0,0.0,100.0,0.0,0.0
Water,0.0,0.0,0.0,0.0,0.0,100.0,0.0
Other,0.0,0.0,0.0,0.0,0.0,0.0,100.0
