from_label,Crops,TreeCrops,Forest,Grassland,Urban,Water,Other
Crops,99.84942933718794,0.0,0.05721685186858193,0.09034239768723462,0.003011413256241154,0.0,0.0
TreeCrops,0.0,0.0,0.0,0.0,0.0,0.0,0.0
Forest,0.00636069782637608,0.0,99.94333196481956,0.050307337354065354,0.0,0.0,0.0
Grassland,0.008307717869901138,0.0,0.1445542909362798,99.84436875190386,0.002769239289967046,0.0,0.0
Urban,0.0,0.0,0.0,0.0,100.0,0.0,0.0
Water,0.0,0.0,0.0,0.0,0.0,100.0,0.0
Other,0.0,0.0,0.0,0.2724795640326975,0.0,0.0,99.72752043596729
