from_label,Crops,TreeCrops,Forest,Grassland,Urban,Water,Other
Crops,99.85219304276089,0.0,0.07562216416884367,0.07218479307025986,0.0,0.0,0.0
TreeCrops,0.0,0.0,0.0,0.0,0.0,0.0,0.0
Forest,0.008278586253998852,0.0,99.92017077540787,0.07155063833813294,0.0,0.0,0.0
Grassland,0.10606478437029337,0.0,0.19409855539763687,99.69665471670096,0.0031819435311088015,0.0,0.0
Urban,0.0,0.0,0.0,0.0,100.0,0.0,0.0
Water,0.0,0.0,0.0,0.0,0.0,100.0,0.0
Other,0.24330900243309003,0.0,0.24330900243309003,0.24330900243309003,0.0,0.0,99.27007299270073
