from_label,Crops,TreeCrops,Forest,Grassland,Urban,Water,Other
Crops,99.8535270681978,0.0,0.08202484180923365,0.06151863135692524,0.0029294586360440592,0.0,0.0
TreeCrops,0.0,99.59349593495935,0.0,0.40650406504065045,0.0,0.0,0.0
Forest,0.024681578932263415,0.0,99.8748701347155,0.10044828635223484,0.0,0.0,0.0
Grassland,0.13029169615077896,0.0,0.169603845851445,99.69561164088913,0.00449281710864755,0.0,0.0
Urban,0.0,0.0,0.0,0.0,100.0,0.0,0.0
Water,0.0,0.0,0.0,0.0,0.0,100.0,0.0
Other,0.2801120448179272,0.0,0.0,0.2801120448179272,0.0,0.0,99.43977591036415
