from_label,Crops,TreeCrops,Forest,Grassland,Urban,Water,Other
Crops,99.82951953321968,0.002401133334934089,0.0648306000432204,0.09364420006242946,0.002401133334934089,0.0,0.007203400004802267
TreeCrops,0.0,85.94771241830065,13.725490196078432,0.32679738562091504,0.0,0.0,0.0
Forest,0.004490572604139186,0.0,99.70193824340026,0.2935711839955992,0.0,0.0,0.0
Grassland,0.007206384856983287,0.0012010641428305477,0.08947927864087582,99.90031167614507,0.0018015962142458217,0.0,0.0
Urban,0.0,0.0,0.0,0.0,100.0,0.0,0.0
Water,0.0,0.0,0.0,0.0,0.0,100.0,0.0
Other,0.0,0.0,0.0,0.0,0.0,0.0,100.0
