from_label,Crops,TreeCrops,Forest,Grassland,Urban,Water,Other
Crops,99.8522076482542,0.0,0.08621220518504834,0.06158014656074881,0.0,0.0,0.0
TreeCrops,0.0,0.0,0.0,0.0,0.0,0.0,0.0
Forest,0.00932444403002471,0.0,99.94755000233111,0.043125553638864285,0.0,0.0,0.0
Grassland,0.19215293402749264,0.0,0.18832082423207258,99.615694131945,0.0038321097954200816,0.0,0.0
Urban,0.0,0.0,0.0,0.0,100.0,0.0,0.0
Water,0.0,0.0,0.0,0.0,0.0,100.0,0.0
Other,0.26595744680851063,0.0,0.26595744680851063,0.26595744680851063,0.0,0.0,99.20212765957447
