from_label,Crops,TreeCrops,Forest,Grassland,Urban,Water,Other
Crops,99.85306178239475,0.0,0.08542919628212138,0.06150902132312739,0.0,0.0,0.0
TreeCrops,0.0,0.0,0.0,0.0,0.0,0.0,0.0
Forest,0.01358013757269802,0.0,99.9084816815753,0.07734774008797568,0.0005904407640303487,0.0,0.0
Grassland,0.2158024822600792,0.0,0.19135195471337071,99.58965636378133,0.0031891992452228457,0.0,0.0
Urban,0.0,0.0,0.0,0.0,100.0,0.0,0.0
Water,0.0,0.0,0.0,0.0,0.0,100.0,0.0
Other,0.49019607843137253,0.0,0.24509803921568626,0.24509803921568626,0.0,0.0,99.01960784313727
