from_label,Crops,TreeCrops,Forest,Grassland,Urban,Water,Other
Crops,99.18032301502801,0.00011843331671319122,0.2104560037993408,0.6037730486038488,0.002250233017550633,0.0,0.0030792662345429716
TreeCrops,0.0,90.48850574712644,9.224137931034484,0.2729885057471264,0.014367816091954023,0.0,0.0
Forest,0.014267626979071527,0.008397678084138556,99.73408288929558,0.24246540100457575,0.0007302328768816136,0.0,5.617175976012412e-05
Grassland,0.2122010643477821,0.001475500518382478,0.15062150189692153,99.63443721850687,0.0011442657081333503,0.0,0.00012044902190877372
Urban,0.0,0.0,0.0,0.0,100.0,0.0,0.0
Water,0.0,0.0,0.0,0.0,0.0,100.0,0.0
Other,0.6787781992413655,0.0,0.31942503493711316,0.35935316430425235,0.0,0.0,98.64244360151727
