from_label,Crops,TreeCrops,Forest,Grassland,Urban,Water,Other
Crops,99.82623167478401,0.0,0.03181673560292714,0.14195158961305954,0.0,0.0,0.0
TreeCrops,0.0,82.14285714285714,17.17687074829932,0.6802721088435374,0.0,0.0,0.0
Forest,0.012942070168528262,0.0005626987029794897,99.46993782179332,0.5159947106321919,0.0005626987029794897,0.0,0.0
Grassland,0.021496515773068447,0.0,0.2896058374982832,99.6883005212905,0.0005971254381407902,0.0,0.0
Urban,0.0,0.0,0.0,0.0,100.0,0.0,0.0
Water,0.0,0.0,0.0,0.0,0.0,100.0,0.0
Other,0.0,0.0,0.7042253521126761,2.464788732394366,0.0,0.0,96.83098591549296
