from_label,Crops,TreeCrops,Forest,Grassland,Urban,Water,Other
Crops,99.84488232870405,0.0,0.033931990595991175,0.12118568069996849,0.0,0.0,0.0
TreeCrops,0.0,98.08362369337979,1.2195121951219512,0.6968641114982579,0.0,0.0,0.0
Forest,0.003949112860003949,0.0033849538800033853,99.87532086541987,0.11621674988011622,0.0,0.0,0.0011283179600011283
Grassland,0.022082696715049657,0.0035809778456837283,0.2787194423223835,99.69502005347593,0.000596829640947288,0.0,0.0
Urban,0.0,0.0,0.0,0.0,100.0,0.0,0.0
Water,0.0,0.0,0.0,0.0,0.0,100.0,0.0
Other,0.0,0.0,0.7380073800738007,0.0,0.0,0.0,99.2619926199262
