from_label,Crops,TreeCrops,Forest,Grassland,Urban,Water,Other
Crops,99.8792270531401,0.0,0.0,0.12077294685990338,0.0,0.0,0.0
TreeCrops,0.0,100.0,0.0,0.0,0.0,0.0,0.0
Forest,0.08328128253175099,0.0,99.87507807620237,0.041640641265875494,0.0,0.0,0.0
Grassland,1.2673908900323996,0.0,0.657518582046884,98.07509052792072,0.0,0.0,0.0
Urban,0.0,0.0,0.0,0.0,100.0,0.0,0.0
Water,0.0,0.0,0.0,0.0,0.0,100.0,0.0
Other,0.0,0.0,0.0,0.0,0.0,0.0,0.0
