from_label,Crops,TreeCrops,Forest,Grassland,Urban,Water,Other
Crops,91.43426294820716,0.0,0.2656042496679947,8.300132802124834,0.0,0.0,0.0
TreeCrops,0.0,100.0,0.0,0.0,0.0,0.0,0.0
Forest,0.0,0.0,98.94296410482272,1.0570358951772738,0.0,0.0,0.0
Grassland,0.009167583425009167,0.0,0.03667033370003667,99.95416208287496,0.0,0.0,0.0
Urban,0.0,0.0,0.0,0.0,100.0,0.0,0.0
Water,0.0,0.0,0.0,0.0,0.0,100.0,0.0
Other,0.0,0.0,0.0,0.0,0.0,0.0,0.0
