from_label,Crops,TreeCrops,Forest,Grassland,Urban,Water,Other
Crops,99.84579799537394,0.0,0.0,0.15420200462606012,0.0,0.0,0.0
TreeCrops,0.0,100.0,0.0,0.0,0.0,0.0,0.0
Forest,0.0,0.0,99.9061473486626,0.09385265133740028,0.0,0.0,0.0
Grassland,0.008774238834781083,0.0,0.1491620601912784,99.84206370097394,0.0,0.0,0.0
Urban,0.0,0.0,0.0,0.0,100.0,0.0,0.0
Water,0.0,0.0,0.0,0.0,0.0,100.0,0.0
Other,0.0,0.0,0.0,0.0,0.0,0.0,0.0
