from_label,Crops,TreeCrops,Forest,Grassland,Urban,Water,Other
Crops,99.91386735572783,0.0,0.0,0.08613264427217916,0.0,0.0,0.0
TreeCrops,0.0,0.0,0.0,0.0,0.0,0.0,0.0
Forest,0.23501762632197415,0.0,99.71797884841364,0.04700352526439483,0.0,0.0,0.0
Grassland,0.38108435821929676,0.0,0.05196604884808592,99.56694959293262,0.0,0.0,0.0
Urban,0.0,0.0,0.0,0.0,100.0,0.0,0.0
Water,0.0,0.0,0.0,0.0,0.0,100.0,0.0
Other,0.0,0.0,0.0,0.0,0.0,0.0,0.0
