from_label,Crops,TreeCrops,Forest,Grassland,Urban,Water,Other
Crops,99.89561586638831,0.0,0.052192066805845504,0.052192066805845504,0.0,0.0,0.0
TreeCrops,0.0,100.0,0.0,0.0,0.0,0.0,0.0
Forest,0.02,0.0,99.9,0.08,0.0,0.0,0.0
Grassland,0.00996412913511359,0.0,0.03985651654045436,99.95017935432443,0.0,0.0,0.0
Urban,0.0,0.0,0.0,0.0,100.0,0.0,0.0
Water,0.0,0.0,0.0,0.0,0.0,100.0,0.0
Other,0.0,0.0,0.0,0.0,0.0,0.0,0.0
