from_label,Crops,TreeCrops,Forest,Grassland,Urban,Water,Other
Crops,99.92636229749633,0.0,0.0,0.07363770250368189,0.0,0.0,0.0
TreeCrops,0.0,100.0,0.0,0.0,0.0,0.0,0.0
Forest,0.04633920296570899,0.0,99.86098239110287,0.09267840593141798,0.0,0.0,0.0
Grassland,2.171793280737523,0.0,3.129155216736105,94.69905150252637,0.0,0.0,0.0
Urban,0.0,0.0,0.0,0.0,100.0,0.0,0.0
Water,0.0,0.0,0.0,0.0,0.0,100.0,0.0
Other,0.0,0.0,0.0,0.0,0.0,0.0,0.0
