from_label,Crops,TreeCrops,Forest,Grassland,Urban,Water,Other
Crops,99.89462592202318,0.0,0.052687038988408846,0.052687038988408846,0.0,0.0,0.0
TreeCrops,0.0,100.0,0.0,0.0,0.0,0.0,0.0
Forest,0.019956096587507483,0.0,99.92017561364997,0.059868289762522446,0.0,0.0,0.0
Grassland,0.009957184108334164,0.0,0.039828736433336655,99.95021407945833,0.0,0.0,0.0
Urban,0.0,0.0,0.0,0.0,100.0,0.0,0.0
Water,0.0,0.0,0.0,0.0,0.0,100.0,0.0
Other,0.0,0.0,0.0,0.0,0.0,0.0,0.0
