from_label,Crops,TreeCrops,Forest,Grassland,Urban,Water,Other
Crops,99.86816084377061,0.0,0.0,0.13183915622940012,0.0,0.0,0.0
TreeCrops,0.0,100.0,0.0,0.0,0.0,0.0,0.0
Forest,0.08445945945945946,0.0,99.8733108108108,0.04222972972972973,0.0,0.0,0.0
Grassland,1.280373831775701,0.0,0.6822429906542057,98.03738317757009,0.0,0.0,0.0
Urban,0.0,0.0,0.0,0.0,100.0,0.0,0.0
Water,0.0,0.0,0.0,0.0,0.0,100.0,0.0
Other,0.0,0.0,0.0,0.0,0.0,0.0,0.0
