from_label,Crops,TreeCrops,Forest,Grassland,Urban,Water,Other
Crops,99.90783410138249,0.0,0.0,0.09216589861751152,0.0,0.0,0.0
TreeCrops,0.0,0.0,0.0,0.0,0.0,0.0,0.0
Forest,0.023618327822390175,0.0,99.88190836088805,0.0944733112895607,0.0,0.0,0.0
Grassland,0.04294425835265825,0.0,0.14601047839903805,99.8110452632483,0.0,0.0,0.0
Urban,0.0,0.0,0.0,0.0,100.0,0.0,0.0
Water,0.0,0.0,0.0,0.0,0.0,100.0,0.0
Other,0.0,0.0,0.0,0.0,0.0,0.0,0.0
