from_label,Crops,TreeCrops,Forest,Grassland,Urban,Water,Other
Crops,99.03846153846155,0.0,0.22189349112426035,0.7396449704142012,0.0,0.0,0.0
TreeCrops,0.0,100.0,0.0,0.0,0.0,0.0,0.0
Forest,0.0,0.0,99.91651012314757,0.08348987685243164,0.0,0.0,0.0
Grassland,0.0,0.0,0.055499028766996576,99.94450097123301,0.0,0.0,0.0
Urban,0.0,0.0,0.0,0.0,100.0,0.0,0.0
Water,0.0,0.0,0.0,0.0,0.0,100.0,0.0
Other,0.0,0.0,0.0,0.0,0.0,0.0,0.0
