from_label,Crops,TreeCrops,Forest,Grassland,Urban,Water,Other
Crops,94.04019404019404,0.0,4.158004158004158,1.8018018018018018,0.0,0.0,0.0
TreeCrops,0.0,100.0,0.0,0.0,0.0,0.0,0.0
Forest,0.0,0.0,99.97647612326512,0.023523876734885908,0.0,0.0,0.0
Grassland,0.008880206020779682,0.0,0.05328123612467809,99.93783855785455,0.0,0.0,0.0
Urban,0.0,0.0,0.0,0.0,100.0,0.0,0.0
Water,0.0,0.0,0.0,0.0,0.0,100.0,0.0
Other,0.0,0.0,0.0,0.0,0.0,0.0,0.0
