from_label,Crops,TreeCrops,Forest,Grassland,Urban,Water,Other
Crops,99.8342672243706,0.018414752847709992,0.08418172730381712,0.06313629547786283,0.0,0.0,0.0
TreeCrops,0.0,98.51485148514851,1.4851485148514851,0.0,0.0,0.0,0.0
Forest,0.025965984560226103,0.006990841996983951,99.89513737004523,0.0719058033975492,0.0,0.0,0.0
Grassland,0.011457949325973677,0.0,0.036864706527045744,99.95167734414699,0.0,0.0,0.0
Urban,0.0,0.0,0.0,0.0,100.0,0.0,0.0
Water,0.0,0.0,0.0,0.0,0.0,100.0,0.0
Other,0.0,0.0,0.0,0.0,0.0,0.0,0.0
