from_label,Crops,TreeCrops,Forest,Grassland,Urban,Water,Other
Crops,100.0,0.0,0.0,0.0,0.0,0.0,0.0
TreeCrops,0.0,0.0,0.0,0.0,0.0,0.0,0.0
Forest,0.0,0.0,100.0,0.0,0.0,0.0,0.0
Grassland,0.0,0.0,0.13477088948787064,99.86522911051213,0.0,0.0,0.0
Urban,0.0,0.0,0.0,0.0,100.0,0.0,0.0
Water,0.0,0.0,0.0,0.0,0.0,100.0,0.0
Other,0.0,0.0,0.0,0.0,0.0,0.0,100.0
