from_label,Crops,TreeCrops,Forest,Grassland,Urban,Water,Other
Crops,99.43420880700378,0.4494969293087678,0.003920031360250882,0.045733699202926956,0.0013066771200836273,0.0,0.06533385600418136
TreeCrops,0.0,99.76962608541557,0.0,0.12404749246854509,0.053163211057947905,0.0,0.053163211057947905
Forest,0.0,0.15126897865426633,99.80951313799092,0.039217883354809795,0.0,0.0,0.0
Grassland,0.033410484113072694,0.0014526297440466392,0.013557877611101965,99.80922129361521,0.004842099146822131,0.0,0.1375156157697485
Urban,0.0,0.0,0.0,0.0,100.0,0.0,0.0
Water,0.0,0.0,0.0,0.0,0.0,100.0,0.0
Other,0.007484825878661555,0.0001982735332095776,0.0003965470664191552,0.01799332313876917,0.0011400728159550713,0.0,99.97278695756698
