from_label,Crops,TreeCrops,Forest,Grassland,Urban,Water,Other
Crops,99.83780173647553,0.0,0.002726021235705426,0.013630106178527132,0.001363010617852713,0.0,0.1444791254923876
TreeCrops,0.0,0.0,0.0,0.0,0.0,0.0,0.0
Forest,0.0,0.0,99.98841587025775,0.011584129742253113,0.0,0.0,0.0
Grassland,0.05273844368852675,0.0,0.027951375154919182,99.83967513118688,0.006855997679508478,0.0,0.07277905229016692
Urban,0.0,0.0,0.0,0.0,100.0,0.0,0.0
Water,0.0,0.0,0.0,0.0,0.0,100.0,0.0
Other,0.0007826475302823451,0.0,0.0,0.01672909095978512,9.783094128529314e-05,0.0,99.98239043056864
