from_label,Crops,TreeCrops,Forest,Grassland,Urban,Water,Other
Crops,99.76512937031696,0.0,0.0012764708134948494,0.05871765742076308,0.0012764708134948494,0.0,0.17360003063529952
TreeCrops,0.0,0.0,0.0,0.0,0.0,0.0,0.0
Forest,0.0058572014291571484,0.0,99.90042757570433,0.09371522286651437,0.0,0.0,0.0
Grassland,0.2370154521762328,0.0,0.0030781227555354905,99.72809915659437,0.005130204592559151,0.0,0.02667706388130759
Urban,0.0,0.0,0.0,0.0,100.0,0.0,0.0
Water,0.0,0.0,0.0,0.0,0.0,100.0,0.0
Other,0.03672620540125961,0.0,0.0,0.01509363461604645,0.00024582466801378584,0.0,99.94793433531468
