from_label,Crops,TreeCrops,Forest,Grassland,Urban,Water,Other
Crops,99.36421435059037,0.0,0.00667842068707592,0.1429182027034247,0.014692525511567025,0.0,0.4714965005075599
TreeCrops,0.0,0.0,0.0,0.0,0.0,0.0,0.0
Forest,0.0,0.0,99.87835254590743,0.12164745409256791,0.0,0.0,0.0
Grassland,0.02475508269251027,0.0,0.0036869272095228067,99.87885810597282,0.0079005583061203,0.0,0.08479932581902455
Urban,0.0,0.0,0.0,0.0,100.0,0.0,0.0
Water,0.0,0.0,0.0,0.0,0.0,100.0,0.0
Other,0.004259527633073518,0.0,0.0,0.011407700442599193,0.0004896008773647723,0.0,99.98384317104696
