from_label,Crops,TreeCrops,Forest,Grassland,Urban,Water,Other
Crops,93.42710934821997,6.433328436413496,0.025708829146466876,0.04652073845551148,0.0036726898780666956,0.0,0.0636599578864894
TreeCrops,0.0,0.0,0.0,0.0,0.0,0.0,0.0
Forest,0.0,2.0946170001105338,97.86669614236764,0.038686857521830445,0.0,0.0,0.0
Grassland,0.037259266427949286,0.003387206038904481,0.05613084293041712,99.75321784573697,0.0058066389238362525,0.0,0.1441981999419336
Urban,0.0,0.0,0.0,0.0,100.0,0.0,0.0
Water,0.0,0.0,0.0,0.0,0.0,100.0,0.0
Other,0.006839948670646062,9.912969087892845e-05,0.0001982593817578569,0.0162077044587048,0.0011399914451076772,0.0,99.9755149663529
