from_label,Crops,TreeCrops,Forest,Grassland,Urban,Water,Other
Crops,99.82540810854627,0.0,0.006235424694775961,0.12969683365134,0.0012470849389551923,0.0,0.03741254816865577
TreeCrops,0.0,0.0,0.0,0.0,0.0,0.0,0.0
Forest,0.011436413540713633,0.0,99.89707227813358,0.09149130832570906,0.0,0.0,0.0
Grassland,0.014618114364061617,0.0,0.008065166545689168,99.8003871279942,0.000504072909105573,0.0,0.17642551818695054
Urban,0.0,0.0,0.0,0.0,100.0,0.0,0.0
Water,0.0,0.0,0.0,0.0,0.0,100.0,0.0
Other,0.029091066872966708,0.0,0.0008875240740905097,0.3805999071058136,0.0009861378601005663,0.0,99.58843536408702
