from_label,Crops,TreeCrops,Forest,Grassland,Urban,Water,Other
Crops,99.84052476379611,0.0,0.0030089667208280674,0.05115243425407715,0.004513450081242101,0.0,0.10080038514774026
TreeCrops,0.0,0.0,0.0,0.0,0.0,0.0,0.0
Forest,0.005698979882601015,0.0,99.82333162363936,0.17096939647803042,0.0,0.0,0.0
Grassland,0.018185826077372423,0.0,0.003306513832249531,99.95866857709687,0.0,0.0,0.01983908299349719
Urban,0.0,0.0,0.0,0.0,100.0,0.0,0.0
Water,0.0,0.0,0.0,0.0,0.0,100.0,0.0
Other,0.002962180242354904,0.0,0.0,0.01413105656598815,0.0005341636502607204,0.0,99.98237259954139
