from_label,Crops,TreeCrops,Forest,Grassland,Urban,Water,Other
Crops,99.76121353793563,0.0,0.0012567708529703779,0.04398697985396323,0.0025135417059407557,0.0,0.19102916965149744
TreeCrops,0.0,0.0,0.0,0.0,0.0,0.0,0.0
Forest,0.029397930385700845,0.0,99.82949200376294,0.14111006585136407,0.0,0.0,0.0
Grassland,0.09042838531688252,0.0,0.005619843155286484,99.89373387488185,0.00766342248448157,0.0,0.0025544741614938566
Urban,0.0,0.0,0.0,0.0,100.0,0.0,0.0
Water,0.0,0.0,0.0,0.0,0.0,100.0,0.0
Other,0.005019793735691128,0.0,0.0,0.015551517847827413,0.00029528198445241926,0.0,99.97913340643203
