from_label,Crops,TreeCrops,Forest,Grassland,Urban,Water,Other
Crops,99.41536434715367,0.3875295547769748,0.01922054944040834,0.07624575572718276,0.00350043118947834,0.0,0.09813936171228364
TreeCrops,0.0,99.66388428698866,0.1513317191283293,0.10354275519306741,0.02867337836115713,0.0,0.052567860328788074
Forest,0.006196066061329788,0.15124033976973164,99.78144785165492,0.060552463781177485,0.0005632787328481625,0.0,0.0
Grassland,0.05204219883047785,0.0016347057297899743,0.030815422936190114,99.79148962437634,0.005367690456026782,0.0,0.11865035767117382
Urban,0.0,0.0,0.0,0.0,100.0,0.0,0.0
Water,0.0,0.0,0.0,0.0,0.0,100.0,0.0
Other,0.01026706424080061,3.713671656908829e-05,0.0005892359028962009,0.03929064613009541,0.0010026913473653839,0.0,99.94881322566226
