from_label,Crops,TreeCrops,Forest,Grassland,Urban,Water,Other
Crops,99.85759357697927,0.0,0.024552831555299113,0.0638373620437777,0.0024552831555299114,0.0,0.051560946266128144
TreeCrops,0.0,0.0,0.0,0.0,0.0,0.0,0.0
Forest,0.005619871866921434,0.0,99.93818140946387,0.056198718669214345,0.0,0.0,0.0
Grassland,0.025299458007764987,0.0,0.03697613093442575,99.80782142474871,0.0029191682316651907,0.0,0.1269838180774358
Urban,0.0,0.0,0.0,0.0,100.0,0.0,0.0
Water,0.0,0.0,0.0,0.0,0.0,100.0,0.0
Other,0.008963471131432714,0.0,0.0012875704387693403,0.03476440184677219,0.0011390046189113394,0.0,99.95384555196412
