from_label,Crops,TreeCrops,Forest,Grassland,Urban,Water,Other
Crops,99.02486518873576,0.0,0.005991611743559017,0.1183343319352906,0.010485320551228281,0.0,0.8403235470341521
TreeCrops,0.0,0.0,0.0,0.0,0.0,0.0,0.0
Forest,0.0,0.0,99.90350229891583,0.09649770108418006,0.0,0.0,0.0
Grassland,0.03274575970162508,0.0,0.006105141639286032,99.94838380250421,0.0005550128762987301,0.0,0.012210283278572064
Urban,0.0,0.0,0.0,0.0,100.0,0.0,0.0
Water,0.0,0.0,0.0,0.0,0.0,100.0,0.0
Other,0.0018929631279905176,0.0,0.0,0.011066553671329181,0.00019415006440928387,0.0,99.98684633313627
