from_label,Crops,TreeCrops,Forest,Grassland,Urban,Water,Other
Crops,99.76414167223554,0.108756895580277,0.006551620215679338,0.053723285768570564,0.002620648086271735,0.0,0.06420587811365751
TreeCrops,0.0,99.93342210386152,0.0,0.016644474034620507,0.033288948069241014,0.0,0.016644474034620507
Forest,0.005600985773496135,0.0,99.95519211381203,0.039206900414472945,0.0,0.0,0.0
Grassland,0.027113392079016172,0.007746683451147477,0.013072528323811367,99.8828314128014,0.006294180304057325,0.0,0.06294180304057326
Urban,0.0,0.0,0.0,0.0,100.0,0.0,0.0
Water,0.0,0.0,0.0,0.0,0.0,100.0,0.0
Other,0.007584759689530503,4.957359274202943e-05,0.0006444567056463826,0.017152463088742183,0.0011897662258087065,0.0,99.97337898069752
