from_label,Crops,TreeCrops,Forest,Grassland,Urban,Water,Other
Crops,99.85006173928383,0.0,0.020159766146712697,0.04535947383010357,0.0012599853841695435,0.0,0.08315903535518988
TreeCrops,0.0,0.0,0.0,0.0,0.0,0.0,0.0
Forest,0.0,0.0,99.96478459913135,0.03521540086864655,0.0,0.0,0.0
Grassland,0.21186760539281058,0.0,0.14342581362696205,99.58985249787378,0.008051975501864535,0.0,0.04680210760458761
Urban,0.0,0.0,0.0,0.0,100.0,0.0,0.0
Water,0.0,0.0,0.0,0.0,0.0,100.0,0.0
Other,0.0054703975106241524,0.0,0.0002956971627364407,0.016608323973696753,0.0001971314418242938,0.0,99.97742844991112
