from_label,Crops,TreeCrops,Forest,Grassland,Urban,Water,Other
Crops,99.84165806624914,0.0,0.0,0.03534418164081829,0.0014137672656327315,0.0,0.12158398484441492
TreeCrops,0.0,0.0,0.0,0.0,0.0,0.0,0.0
Forest,0.0,0.0,99.91896741332408,0.08103258667592754,0.0,0.0,0.0
Grassland,0.1347217599416734,0.0,0.0010566412544444972,99.8314657199161,0.0021132825088889945,0.0,0.03064259637889042
Urban,0.0,0.0,0.0,0.0,100.0,0.0,0.0
Water,0.0,0.0,0.0,0.0,0.0,100.0,0.0
Other,0.12167209005395382,0.0,0.0,0.030088320944695126,0.0,0.0,99.84823958900135
