from_label,Crops,TreeCrops,Forest,Grassland,Urban,Water,Other
Crops,99.85459832788078,0.0,0.028829641885709273,0.04387119417390541,0.001253462690683012,0.0,0.07144737336893167
TreeCrops,0.0,0.0,0.0,0.0,0.0,0.0,0.0
Forest,0.00576734529096257,0.0,99.95962858296326,0.03460407174577542,0.0,0.0,0.0
Grassland,0.05396599637873034,0.0,0.03883534318843211,99.82599748831157,0.002017420425373097,0.0,0.07918375169589405
Urban,0.0,0.0,0.0,0.0,100.0,0.0,0.0
Water,0.0,0.0,0.0,0.0,0.0,100.0,0.0
Other,0.020504691433967995,0.0,0.0027602469238033837,0.020455401310328646,0.0008379321018688844,0.0,99.95544172823003
