from_label,Crops,TreeCrops,Forest,Grassland,Urban,Water,Other
Crops,98.70589635271017,0.0,0.013387279109894687,0.3674064377937764,0.02528708276313441,0.0,0.8880228476230143
TreeCrops,0.0,0.0,0.0,0.0,0.0,0.0,0.0
Forest,0.0,0.0,99.87468671679198,0.12531328320802004,0.0,0.0,0.0
Grassland,0.015467220540468877,0.0,0.0022096029343526965,99.97017036038623,0.0,0.0,0.012152816138939832
Urban,0.0,0.0,0.0,0.0,100.0,0.0,0.0
Water,0.0,0.0,0.0,0.0,0.0,100.0,0.0
Other,0.003982560271435767,0.0,0.0,0.01053921437684831,0.00014570342456472318,0.0,99.98533252192715
