from_label,Crops,TreeCrops,Forest,Grassland,Urban,Water,Other
Crops,99.94105656114154,0.0014735859714615517,0.048628337058231205,0.004420757914384656,0.0029471719429231035,0.0,0.0014735859714615517
TreeCrops,0.0,98.86180624380574,0.8950693756194252,0.216798810703667,0.020131318136769077,0.0,0.0061942517343904855
Forest,0.1129169819933451,0.007207466935745433,99.73092123439883,0.13814311626845413,0.010210578158972696,0.0,0.0006006222446454526
Grassland,0.867733946921982,0.009749819628336875,0.36269329017413177,98.7032739894312,0.031199422810678,0.0,0.025349531033675876
Urban,0.0,0.0,0.0,0.0,100.0,0.0,0.0
Water,0.0,0.0,0.0,0.0,0.0,100.0,0.0
Other,0.0,0.0,0.0,0.043902974426517395,0.0,0.0,99.95609702557348
