from_label,Crops,TreeCrops,Forest,Grassland,Urban,Water,Other
Crops,99.82661096897985,0.11092900543652064,0.03347857371282379,0.02698273105212664,0.0009993604093380237,0.0,0.0009993604093380237
TreeCrops,0.0,99.95672868887927,0.021635655560363478,0.0,0.010817827780181739,0.0,0.010817827780181739
Forest,0.012120956606975347,1.4950936475647416,98.41215468448623,0.07694172454862612,0.0036889867934272796,0.0,0.0
Grassland,2.525200517168389,0.513735855101317,1.42793395805444,95.42900948523439,0.06636231535829928,0.0,0.03775786908317029
Urban,0.0,0.0,0.0,0.0,100.0,0.0,0.0
Water,0.0,0.0,0.0,0.0,0.0,100.0,0.0
Other,0.34182379534678575,0.011026574043444702,0.04410629617377881,0.16539861065167052,0.06615944426066822,0.0,99.37148527952365
