from_label,Crops,TreeCrops,Forest,Grassland,Urban,Water,Other
Crops,99.63872038056786,0.31131010083848853,0.03447896782962393,0.012992074834351046,0.0009993903718731574,0.0,0.001499085557809736
TreeCrops,0.0,99.95500449955004,0.019998000199980003,0.0024997500249975004,0.011248875112488751,0.0,0.011248875112488751
Forest,0.2639438771966382,0.3896013689720712,99.22142870673815,0.11618582154110388,0.008840225552040514,0.0,0.0
Grassland,0.7071177541601389,0.393784138544269,0.4340094000084685,98.42909768387179,0.01905407121988398,0.0,0.016936952195452427
Urban,0.0,0.0,0.0,0.0,100.0,0.0,0.0
Water,0.0,0.0,0.0,0.0,0.0,100.0,0.0
Other,0.7888681932727074,0.15339103758080422,0.10956502684343157,0.20817355100252,0.021913005368686317,0.0,98.71808918593185
