from_label,Crops,TreeCrops,Forest,Grassland,Urban,Water,Other
Crops,99.9283336298254,0.0,0.022363973671503723,0.04371140308521182,0.0050827212889781185,0.0,0.0005082721288978118
TreeCrops,0.0,0.0,0.0,0.0,0.0,0.0,0.0
Forest,0.003628371794074351,0.0,99.88492878024508,0.11144284796085506,0.0,0.0,0.0
Grassland,1.7209726980885718,0.0,0.3426237716103317,97.76067385947516,0.14824123069673378,0.0,0.027488440129195667
Urban,0.0,0.0,0.0,0.0,100.0,0.0,0.0
Water,0.0,0.0,0.0,0.0,0.0,100.0,0.0
Other,1.8300653594771243,0.0,0.0,0.013071895424836603,0.0,0.0,98.15686274509804
