from_label,Crops,TreeCrops,Forest,Grassland,Urban,Water,Other
Crops,99.88798781307406,0.05924200108527363,0.014934958256791671,0.034848235932513905,0.001991327767572223,0.0,0.0009956638837861115
TreeCrops,0.0,99.94959923260767,0.011380818443429204,0.0016258312062041721,0.021135805680654235,0.0,0.01625831206204172
Forest,0.008346697986657207,0.16574157430647882,99.78596681591357,0.03636775551329212,0.0035771562799959463,0.0,0.0
Grassland,4.693604495584694,0.23548300776023548,0.4673980911604674,94.49469271251449,0.06243867630006244,0.0,0.046383016680046386
Urban,0.0,0.0,0.0,0.0,100.0,0.0,0.0
Water,0.0,0.0,0.0,0.0,0.0,100.0,0.0
Other,0.02204585537918871,0.011022927689594356,0.011022927689594356,0.0992063492063492,0.08818342151675485,0.0,99.76851851851852
