from_label,Crops,TreeCrops,Forest,Grassland,Urban,Water,Other
Crops,99.22993449216494,0.01045337793441252,0.5012643609501622,0.200107520458754,0.03683571272126317,0.0,0.02140453577046373
TreeCrops,0.0,100.0,0.0,0.0,0.0,0.0,0.0
Forest,0.03513998300693359,0.17360200560141817,99.6412574869143,0.1363641131612348,0.011014024524561274,0.0,0.002622386791562208
Grassland,0.10105050419991159,0.06947222163743921,0.35367676469969056,99.44316961748174,0.0199995789562325,0.0,0.012631313024988948
Urban,0.0,0.0,0.0,0.0,100.0,0.0,0.0
Water,0.0,0.0,0.0,0.0,0.0,100.0,0.0
Other,0.0,0.0,0.0,0.011112345816201801,0.011112345816201801,0.0,99.9777753083676
