from_label,Crops,TreeCrops,Forest,Grassland,Urban,Water,Other
Crops,99.34686271601275,0.0,0.12098568567826151,0.4570570347845435,0.03013053474745976,0.0,0.04496402877697842
TreeCrops,0.0,100.0,0.0,0.0,0.0,0.0,0.0
Forest,0.03586949741115801,0.0,99.59191948597451,0.3363415192031773,0.009357260194215133,0.0,0.02651223721694288
Grassland,0.08793463525446085,0.013434458163875965,0.16732006985918244,99.68123694720258,0.019541030056546855,0.0,0.03053285946335446
Urban,0.0,0.0,0.0,0.0,100.0,0.0,0.0
Water,0.0,0.0,0.0,0.0,0.0,100.0,0.0
Other,0.013812154696132598,0.0,0.0,0.22099447513812157,0.0,0.0,99.76519337016575
