from_label,Crops,TreeCrops,Forest,Grassland,Urban,Water,Other
Crops,99.32565948567718,0.0,0.12574792377741237,0.47305171325788453,0.02947936674635308,0.0,0.04606151054117669
TreeCrops,0.0,100.0,0.0,0.0,0.0,0.0,0.0
Forest,0.009343223308227747,0.0,99.6356142909791,0.32908908763424394,0.0015572038847046243,0.0,0.02439619419370578
Grassland,0.08948768301474061,0.0024857689726316833,0.17400382808421785,99.67933580253052,0.023614805240000994,0.0,0.031072112157896046
Urban,0.0,0.0,0.0,0.0,100.0,0.0,0.0
Water,0.0,0.0,0.0,0.0,0.0,100.0,0.0
Other,0.014108352144469524,0.0,0.0,0.25395033860045146,0.014108352144469524,0.0,99.7178329571106
