from_label,Crops,TreeCrops,Forest,Grassland,Urban,Water,Other
Crops,99.93103545340671,0.0,0.011963237674346596,0.05207526987656754,0.004222319179181151,0.0,0.0007037198631968586
TreeCrops,0.0,0.0,0.0,0.0,0.0,0.0,0.0
Forest,0.030998628704730184,0.0,99.84710845842243,0.11874050995371221,0.0026270024326042526,0.0,0.0005254004865208505
Grassland,1.2755793361189365,0.0,0.23507465038160238,98.3551076742735,0.10839903449232069,0.0,0.025839304733634584
Urban,0.0,0.0,0.0,0.0,100.0,0.0,0.0
Water,0.0,0.0,0.0,0.0,0.0,100.0,0.0
Other,1.2940005429372907,0.0,0.0,0.02714686453714596,0.009048954845715319,0.0,98.66980363767985
