from_label,Crops,TreeCrops,Forest,Grassland,Urban,Water,Other
Crops,99.8460751674622,0.08924631984276604,0.04713007901808993,0.014540130760900084,0.002005535277365529,0.0,0.0010027676386827646
TreeCrops,0.0,99.98057875315595,0.019421246844047387,0.0,0.0,0.0,0.0
Forest,0.019269026862065015,1.7342124175858513,98.11892635065462,0.12186357528981658,0.00572862960764095,0.0,0.0
Grassland,1.0443516131899386,0.6532752644209404,1.392098480135099,96.80695049328949,0.06554972891298552,0.0,0.037774420051550975
Urban,0.0,0.0,0.0,0.0,100.0,0.0,0.0
Water,0.0,0.0,0.0,0.0,0.0,100.0,0.0
Other,0.11048502927853275,0.0,0.0,0.022097005855706554,0.06629101756711965,0.0,99.80112694729864
