from_label,Crops,TreeCrops,Forest,Grassland,Urban,Water,Other
Crops,98.30390993882725,0.0,0.15723489870444024,1.3509175912357827,0.051171120880143285,0.0,0.13676645035238294
TreeCrops,0.0,100.0,0.0,0.0,0.0,0.0,0.0
Forest,0.019796718954316464,0.000520966288271486,99.60198175576058,0.3454006491239952,0.006251595459257832,0.0,0.0260483144135743
Grassland,0.11374086443056969,0.0060500459803494505,0.10285078166594067,99.7229078941,0.014520110352838681,0.0,0.03993030347030638
Urban,0.0,0.0,0.0,0.0,100.0,0.0,0.0
Water,0.0,0.0,0.0,0.0,0.0,100.0,0.0
Other,0.0,0.0,0.0,0.013480722566729577,0.013480722566729577,0.0,99.97303855486655
