from_label,Crops,TreeCrops,Forest,Grassland,Urban,Water,Other
Crops,99.93117278601669,0.0,0.01287415513356936,0.05100146072144785,0.004456438315466316,0.0,0.0004951598128295908
TreeCrops,0.0,0.0,0.0,0.0,0.0,0.0,0.0
Forest,0.0067239756281744925,0.0,99.9275879547735,0.06413638291489515,0.001551686683424883,0.0,0.0
Grassland,3.80455674108859,0.0,0.3771311024071977,95.62195464037484,0.1703842997101389,0.0,0.025973216419228493
Urban,0.0,0.0,0.0,0.0,100.0,0.0,0.0
Water,0.0,0.0,0.0,0.0,0.0,100.0,0.0
Other,4.139254385964912,0.0,0.0,0.0,0.0,0.0,95.8607456140351
