from_label,Crops,TreeCrops,Forest,Grassland,Urban,Water,Other
Crops,99.93585389781904,0.0,0.009810580333559731,0.04754358161648178,0.0037733001282922044,0.0,0.0030186401026337634
TreeCrops,0.0,0.0,0.0,0.0,0.0,0.0,0.0
Forest,0.03474927868921508,0.0,99.86416191057852,0.0989827938420066,0.00210601689025546,0.0,0.0
Grassland,1.6793522075212217,0.0,0.22288613837909613,97.9726845924029,0.10136577037985488,0.0,0.02371129131692512
Urban,0.0,0.0,0.0,0.0,100.0,0.0,0.0
Water,0.0,0.0,0.0,0.0,0.0,100.0,0.0
Other,1.702237967683401,0.0,0.0,0.043204009332066015,0.0,0.0,98.25455802298453
