from_label,Crops,TreeCrops,Forest,Grassland,Urban,Water,Other
Crops,93.03183239134297,6.917746714238381,0.03361392961243139,0.012965372850509251,0.002881193966779834,0.0,0.0009603979889266113
TreeCrops,0.0,99.96658711217184,0.00954653937947494,0.00477326968973747,0.00477326968973747,0.0,0.01431980906921241
Forest,0.0972411909314395,7.918055176181371,91.87325867249385,0.1059819721387599,0.004370390603660202,0.0,0.0010925976509150504
Grassland,1.8849607636922578,11.130437127524742,1.2013591133403447,85.6767251840466,0.0660680096000863,0.0,0.0404498017959712
Urban,0.0,0.0,0.0,0.0,100.0,0.0,0.0
Water,0.0,0.0,0.0,0.0,0.0,100.0,0.0
Other,0.12176223156962586,0.05534646889528448,0.0,0.011069293779056896,0.07748505645339827,0.0,99.73433694930264
