from_label,Crops,TreeCrops,Forest,Grassland,Urban,Water,Other
Crops,99.93022915949709,0.0,0.027342626683575094,0.03677111864342858,0.0051856705779194144,0.0,0.0004714245979926741
TreeCrops,0.0,0.0,0.0,0.0,0.0,0.0,0.0
Forest,0.06928322880527793,0.0,99.8180022646309,0.1085781943963311,0.00413631216747928,0.0,0.0
Grassland,1.6210029663887138,0.0,0.3935720458739168,97.79856585616518,0.15883026183635812,0.0,0.028028869735827903
Urban,0.0,0.0,0.0,0.0,100.0,0.0,0.0
Water,0.0,0.0,0.0,0.0,0.0,100.0,0.0
Other,0.9812286689419796,0.0,0.0,0.21331058020477817,0.0,0.0,98.80546075085324
