from_label,Crops,TreeCrops,Forest,Grassland,Urban,Water,Other
Crops,99.75195507630826,0.0034450683846074344,0.07333074132950111,0.13583412487880742,0.022146868186762078,0.0,0.013288120912057248
TreeCrops,0.0,100.0,0.0,0.0,0.0,0.0,0.0
Forest,0.02777166451829262,0.04296748095283009,99.57294515882248,0.3117762337430964,0.028295658188449084,0.0,0.0162438037748504
Grassland,0.05758955709364702,0.02772830526731153,0.2687512664370194,99.57874305459276,0.039459511341943324,0.0,0.02772830526731153
Urban,0.0,0.0,0.0,0.0,100.0,0.0,0.0
Water,0.0,0.0,0.0,0.0,0.0,100.0,0.0
Other,0.0,0.0,0.0,0.19605581824472376,0.03459808557259832,0.0,99.76934609618267
