from_label,Crops,TreeCrops,Forest,Grassland,Urban,Water,Other
Crops,99.89497471429141,0.00796400270776092,0.07068052403137817,0.018914506430932187,0.005475251861585633,0.0,0.00199100067694023
TreeCrops,0.0,100.0,0.0,0.0,0.0,0.0,0.0
Forest,0.02843077895069366,0.10108721404691078,99.66041014031116,0.19532998130939533,0.011582909942875193,0.0,0.0031589754389659617
Grassland,0.15088135522673826,0.021851782481113816,1.284052361033069,98.42875278350085,0.08636656885392603,0.0,0.028095148904289196
Urban,0.0,0.0,0.0,0.0,100.0,0.0,0.0
Water,0.0,0.0,0.0,0.0,0.0,100.0,0.0
Other,0.0,0.0,0.0,0.011156978690170702,0.0,0.0,99.98884302130982
