from_label,Crops,TreeCrops,Forest,Grassland,Urban,Water,Other
Crops,99.92425923603138,0.0,0.016884883687272655,0.05499647829568809,0.002894551489246741,0.0,0.0009648504964155805
TreeCrops,0.0,0.0,0.0,0.0,0.0,0.0,0.0
Forest,0.2689823586810055,0.0,99.66544996463476,0.05420949647121993,0.010841899294243984,0.0,0.0005162809187735231
Grassland,4.948118321201797,0.0,0.36394610500232305,94.47222283678842,0.18473860041151352,0.0,0.03097413659594239
Urban,0.0,0.0,0.0,0.0,100.0,0.0,0.0
Water,0.0,0.0,0.0,0.0,0.0,100.0,0.0
Other,0.0,0.0,0.0,0.08562865705722848,0.0,0.0,99.91437134294277
