from_label,Crops,TreeCrops,Forest,Grassland,Urban,Water,Other
Crops,99.55676081005429,0.38160685762417634,0.013867274772345572,0.045710646471805776,0.0020544110773845293,0.0,0.0
TreeCrops,0.0,99.94305429940039,0.0033497470940943956,0.006699494188188791,0.033497470940943956,0.0,0.013398988376377582
Forest,0.030301769979858235,0.4319487603011164,99.51220091855953,0.022577789396757118,0.00237660941018496,0.0,0.00059415235254624
Grassland,10.982058545797923,0.5744412968209003,0.3383695310040919,87.99968523764558,0.051935788479697834,0.0,0.05350960025180989
Urban,0.0,0.0,0.0,0.0,100.0,0.0,0.0
Water,0.0,0.0,0.0,0.0,0.0,100.0,0.0
Other,0.022101889711570337,0.0,0.011050944855785168,0.09945850370206652,0.08840755884628135,0.0,99.7789811028843
