from_label,Crops,TreeCrops,Forest,Grassland,Urban,Water,Other
Crops,83.33333333333334,0.0,0.0,0.0,16.666666666666664,0.0,0.0
TreeCrops,0.0,0.0,0.0,0.0,0.0,0.0,0.0
Forest,0.0,0.0,100.0,0.0,0.0,0.0,0.0
Grassland,0.0,0.0,0.0,100.0,0.0,0.0,0.0
Urban,0.0,0.0,0.0,0.0,100.0,0.0,0.0
Water,0.0,0.0,0.0,0.0,0.0,100.0,0.0
Other,0.0,0.0,0.0,0.0,0.7075471698113208,0.0,99.29245283018868
