from_label,Crops,TreeCrops,Forest,Grassland,Urban,Water,Other
Crops,96.08136156081362,0.008302200083022002,1.320049813200498,2.5653798256537983,0.024906600249066,0.0,0.0
TreeCrops,0.0,100.0,0.0,0.0,0.0,0.0,0.0
Forest,0.4772495598183672,0.0,99.07330182559541,0.4448151237142063,0.004633490872022982,0.0,0.0
Grassland,3.788327216763348,0.0,1.4916538416005682,94.67266485142655,0.04735409020954185,0.0,0.0
Urban,1.1764705882352942,0.0,0.0,1.5686274509803921,97.25490196078431,0.0,0.0
Water,0.0,0.0,0.0,0.0,0.0,100.0,0.0
Other,0.0,0.0,0.0,0.0,0.0,0.0,100.0
