from_label,Crops,TreeCrops,Forest,Grassland,Urban,Water,Other
Crops,94.51555638605998,0.0,1.0838082780528824,4.3352331122115295,0.05605904886480426,0.0,0.009343174810800709
TreeCrops,0.0,100.0,0.0,0.0,0.0,0.0,0.0
Forest,0.25760135135135137,0.0,99.08783783783784,0.6334459459459459,0.008445945945945946,0.0,0.01266891891891892
Grassland,4.089068825910931,0.0,1.808367071524966,93.95411605937922,0.09446693657219972,0.0,0.053981106612685556
Urban,0.6666666666666667,0.0,0.4444444444444444,2.0,96.88888888888889,0.0,0.0
Water,0.0,0.0,0.0,0.0,0.0,100.0,0.0
Other,0.0,0.0,0.0,1.183431952662722,0.0,0.0,98.81656804733728
