from_label,Crops,TreeCrops,Forest,Grassland,Urban,Water,Other
Crops,96.1129106894956,0.0,1.4622859787135587,2.3785284590467377,0.04627487274409996,0.0,0.0
TreeCrops,0.0,95.23809523809523,4.761904761904762,0.0,0.0,0.0,0.0
Forest,0.38436339812186066,0.0,99.09150469534833,0.5197641406420617,0.004367765887748417,0.0,0.0
Grassland,3.5064304780393107,0.0,0.8371754428536764,95.58359621451105,0.0485319097306479,0.0,0.02426595486532395
Urban,0.2824858757062147,0.0,0.0,0.5649717514124294,99.15254237288136,0.0,0.0
Water,0.0,0.0,0.0,0.0,0.0,100.0,0.0
Other,0.0,0.0,0.0,0.0,0.0,0.0,100.0
