from_label,Crops,TreeCrops,Forest,Grassland,Urban,Water,Other
Crops,95.86660816147433,0.0,1.5708644142167618,2.5274243089074155,0.035103115401491886,0.0,0.0
TreeCrops,0.0,95.23809523809523,0.0,4.761904761904762,0.0,0.0,0.0
Forest,0.43604004449388206,0.0,99.10122358175751,0.4582869855394883,0.004449388209121246,0.0,0.0
Grassland,3.668711656441718,0.0,1.1042944785276074,95.16564417177914,0.06134969325153375,0.0,0.0
Urban,0.6920415224913495,0.0,0.0,0.6920415224913495,98.6159169550173,0.0,0.0
Water,0.0,0.0,0.0,0.0,0.0,100.0,0.0
Other,0.0,0.0,0.0,0.0,0.0,0.0,100.0
