from_label,Crops,TreeCrops,Forest,Grassland,Urban,Water,Other
Crops,96.1441977143919,0.0,1.486574375174208,2.3227724612097,0.046455449224194,0.0,0.0
TreeCrops,0.0,100.0,0.0,0.0,0.0,0.0,0.0
Forest,0.3840279293039494,0.0,99.08793366790312,0.5193104953087497,0.008727907484180668,0.0,0.0
Grassland,3.464147286821705,0.0,1.2112403100775195,95.25193798449612,0.04844961240310078,0.0,0.02422480620155039
Urban,0.0,0.0,0.0,0.0,100.0,0.0,0.0
Water,0.0,0.0,0.0,0.0,0.0,100.0,0.0
Other,0.0,0.0,0.0,0.0,0.0,0.0,100.0
