from_label,Crops,TreeCrops,Forest,Grassland,Urban,Water,Other
Crops,96.1554927647915,0.0,1.1559208836372978,2.6543368439078687,0.03424950766332734,0.0,0.0
TreeCrops,0.0,100.0,0.0,0.0,0.0,0.0,0.0
Forest,0.46076704160455345,0.0,99.0920178886028,0.4426977458553553,0.004517323937299544,0.0,0.0
Grassland,3.750455152324311,0.0,1.456487437795849,94.73237043330501,0.048549581259861634,0.0,0.012137395314965408
Urban,0.7380073800738007,0.0,0.36900369003690037,0.7380073800738007,98.1549815498155,0.0,0.0
Water,0.0,0.0,0.0,0.0,0.0,100.0,0.0
Other,0.0,0.0,0.0,0.0,0.0,0.0,100.0
