from_label,Crops,TreeCrops,Forest,Grassland,Urban,Water,Other
Crops,93.54666885192165,0.0020486765549455055,1.0489223961320988,5.327924827228277,0.04302220765385561,0.0,0.031413040509164415
TreeCrops,0.0,94.46640316205533,3.1620553359683794,2.371541501976284,0.0,0.0,0.0
Forest,0.2369539439645193,0.0004026405165072546,99.09647468095773,0.6577132837146004,0.007247529297130582,0.0,0.0012079215495217636
Grassland,2.76582443344621,0.0,2.596509507684293,94.48971086220371,0.09012763740557436,0.0,0.05782755926022401
Urban,0.7147719537100068,0.0,0.6920807805763558,1.8720217835262083,96.72112548218743,0.0,0.0
Water,0.0,0.0,0.0,0.0,0.0,100.0,0.0
Other,0.022696323195642305,0.0,0.6581933726736269,0.88515660463005,0.0,0.0,98.43395369950068
