from_label,Crops,TreeCrops,Forest,Grassland,Urban,Water,Other
Crops,95.90026773761714,0.0,1.4223560910307897,2.643908969210174,0.03346720214190094,0.0,0.0
TreeCrops,0.0,100.0,0.0,0.0,0.0,0.0,0.0
Forest,0.4688792865679875,0.0,99.08522570561735,0.44129815206398826,0.004596855750666544,0.0,0.0
Grassland,3.778096604495457,0.0,1.3988522238163559,94.76327116212339,0.04782400765184123,0.0,0.011956001912960307
Urban,1.1673151750972763,0.0,0.0,1.556420233463035,97.27626459143968,0.0,0.0
Water,0.0,0.0,0.0,0.0,0.0,100.0,0.0
Other,0.0,0.0,0.0,0.0,0.0,0.0,100.0
