from_label,Crops,TreeCrops,Forest,Grassland,Urban,Water,Other
Crops,81.5068493150685,0.02894076789504148,2.2670268184449163,16.052479259116343,0.09646922631680493,0.0,0.04823461315840247
TreeCrops,0.0,88.23529411764706,11.76470588235294,0.0,0.0,0.0,0.0
Forest,0.151598096601676,0.008422116477870889,99.10725565334569,0.7243020170968965,0.0042110582389354445,0.0,0.0042110582389354445
Grassland,3.532785816712293,0.0,1.0559249120062575,95.32003650110808,0.03910833007430582,0.0,0.05214444009907443
Urban,0.4454342984409799,0.0,0.4454342984409799,2.6726057906458798,96.43652561247215,0.0,0.0
Water,0.0,0.0,0.0,0.0,0.0,100.0,0.0
Other,0.5586592178770949,0.0,0.0,1.1173184357541899,0.0,0.0,98.32402234636871
