from_label,Crops,TreeCrops,Forest,Grassland,Urban,Water,Other
Crops,95.98670756646217,0.0,1.3888888888888888,2.590320381731425,0.03408316291751875,0.0,0.0
TreeCrops,0.0,100.0,0.0,0.0,0.0,0.0,0.0
Forest,0.4624591947769314,0.0,99.08868335146899,0.4443235400797969,0.004533913674283642,0.0,0.0
Grassland,3.750302443745463,0.0,1.4396322284055165,94.76167432857488,0.04839099927413501,0.0,0.0
Urban,0.7462686567164178,0.0,0.0,1.4925373134328357,97.76119402985076,0.0,0.0
Water,0.0,0.0,0.0,0.0,0.0,100.0,0.0
Other,0.0,0.0,0.0,0.0,0.0,0.0,100.0
