from_label,Crops,TreeCrops,Forest,Grassland,Urban,Water,Other
Crops,96.12158383692613,0.0,0.631370073058537,3.2109678001262743,0.036078289889059256,0.0,0.0
TreeCrops,0.0,100.0,0.0,0.0,0.0,0.0,0.0
Forest,0.06805904121825683,0.0,99.07694925347738,0.8337232549236462,0.0,0.0,0.021268450380705264
Grassland,5.266090833101143,0.0,2.5773195876288657,91.9476177208136,0.11145165784341043,0.0,0.09752020061298412
Urban,0.2127659574468085,0.0,0.2127659574468085,3.6170212765957444,95.95744680851064,0.0,0.0
Water,0.0,0.0,0.0,0.0,0.0,100.0,0.0
Other,0.6060606060606061,0.0,0.0,3.6363636363636362,0.0,0.0,95.75757575757575
