from_label,Crops,TreeCrops,Forest,Grassland,Urban,Water,Other
Crops,96.24310443218566,0.0,1.0367129541563629,2.672626973559064,0.028533384059349437,0.0,0.019022256039566292
TreeCrops,0.0,100.0,0.0,0.0,0.0,0.0,0.0
Forest,0.6194880619488062,0.004302000430200043,99.075069907507,0.29253602925360295,0.008604000860400087,0.0,0.0
Grassland,10.76674134926562,0.0,2.9499626587005228,86.08414239482201,0.12447099825740601,0.0,0.07468259895444362
Urban,0.0,0.0,0.0,0.6507592190889371,99.34924078091106,0.0,0.0
Water,0.0,0.0,0.0,0.0,0.0,100.0,0.0
Other,0.0,0.0,0.0,0.0,0.0,0.0,100.0
