from_label,Crops,TreeCrops,Forest,Grassland,Urban,Water,Other
Crops,95.78287382976896,0.1030662200463798,1.4515159323198488,2.6281886111826847,0.0343554066821266,0.0,0.0
TreeCrops,0.0,100.0,0.0,0.0,0.0,0.0,0.0
Forest,0.4551189617880317,0.0,99.09426820475848,0.4461067051189618,0.004506128334534967,0.0,0.0
Grassland,3.712720632988436,0.024345709068776627,1.4607425441265978,94.75349969567863,0.048691418137553254,0.0,0.0
Urban,0.7272727272727273,0.0,0.0,0.7272727272727273,98.54545454545455,0.0,0.0
Water,0.0,0.0,0.0,0.0,0.0,100.0,0.0
Other,0.0,0.0,0.0,0.0,0.0,0.0,100.0
