from_label,Crops,TreeCrops,Forest,Grassland,Urban,Water,Other
Crops,96.37765493162642,0.0,0.9892347977887692,2.5749199883619434,0.02909514111143439,0.0,0.02909514111143439
TreeCrops,0.0,100.0,0.0,0.0,0.0,0.0,0.0
Forest,0.2804882866511279,0.0,99.11902974756053,0.5925808872911152,0.00790107849721487,0.0,0.0
Grassland,3.5228935814342464,0.0,3.470625130671127,92.83922224545265,0.10453690152623876,0.0,0.06272214091574327
Urban,0.9237875288683602,0.0,0.9237875288683602,1.6166281755196306,96.53579676674366,0.0,0.0
Water,0.0,0.0,0.0,0.0,0.0,100.0,0.0
Other,0.0,0.0,1.2875536480686696,0.4291845493562232,0.0,0.0,98.28326180257511
