from_label,Crops,TreeCrops,Forest,Grassland,Urban,Water,Other
Crops,95.42536115569823,0.0,1.3554485464597823,3.1389334760121277,0.07133939718209381,0.0,0.008917424647761726
TreeCrops,0.0,100.0,0.0,0.0,0.0,0.0,0.0
Forest,0.3194479938665985,0.0,99.07573047107931,0.5835250021296533,0.00851861316977596,0.0,0.012777919754663941
Grassland,4.303654578806265,0.0,1.2981515450825456,94.25709044729787,0.0846620572879921,0.0,0.05644137152532807
Urban,1.279317697228145,0.0,0.8528784648187633,1.0660980810234542,96.80170575692964,0.0,0.0
Water,0.0,0.0,0.0,0.0,0.0,100.0,0.0
Other,0.0,0.0,0.0,2.484472049689441,0.0,0.0,97.51552795031056
