from_label,Crops,TreeCrops,Forest,Grassland,Urban,Water,Other
Crops,90.9169177787344,0.0,1.506672406371072,7.46161572679007,0.05739704405223131,0.0,0.05739704405223131
TreeCrops,0.0,92.3076923076923,0.0,7.6923076923076925,0.0,0.0,0.0
Forest,0.1401599472339022,0.0,99.10132739714733,0.7502679528403001,0.008244702778464837,0.0,0.0
Grassland,1.689766470476552,0.0,2.0694892728308334,96.1363204860452,0.07594456047085626,0.0,0.0284792101765711
Urban,0.4434589800443459,0.0,0.6651884700665188,2.6607538802660753,96.23059866962306,0.0,0.0
Water,0.0,0.0,0.0,0.0,0.0,100.0,0.0
Other,0.0,0.0,0.9803921568627451,1.4705882352941175,0.0,0.0,97.54901960784314
