from_label,Crops,TreeCrops,Forest,Grassland,Urban,Water,Other
Crops,96.44026186579379,0.0,0.668303327877796,2.823240589198036,0.04091653027823241,0.0,0.027277686852154936
TreeCrops,0.0,88.88888888888889,11.11111111111111,0.0,0.0,0.0,0.0
Forest,0.26685230305139807,0.0,99.09889004911629,0.6226553737865955,0.011602274045712959,0.0,0.0
Grassland,2.6786758685226344,0.0,2.1289039653760673,95.00526377354076,0.0935781962802667,0.0,0.0935781962802667
Urban,0.6976744186046512,0.0,0.6976744186046512,1.8604651162790697,96.74418604651163,0.0,0.0
Water,0.0,0.0,0.0,0.0,0.0,100.0,0.0
Other,0.0,0.0,0.3968253968253968,1.1904761904761905,0.0,0.0,98.4126984126984
