from_label,Crops,TreeCrops,Forest,Grassland,Urban,Water,Other
Crops,95.88971583220568,0.0,1.4377537212449256,2.6387009472259813,0.03382949932341001,0.0,0.0
TreeCrops,0.0,100.0,0.0,0.0,0.0,0.0,0.0
Forest,0.46520113107725986,0.0,99.08784091945635,0.4423971540636687,0.004560795402718234,0.0,0.0
Grassland,3.7647341833052685,0.0,1.3591532355063747,94.82800096223238,0.04811161895597787,0.0,0.0
Urban,0.7633587786259541,0.0,0.0,1.5267175572519083,97.70992366412213,0.0,0.0
Water,0.0,0.0,0.0,0.0,0.0,100.0,0.0
Other,0.0,0.0,0.0,0.0,0.0,0.0,100.0
