from_label,Crops,TreeCrops,Forest,Grassland,Urban,Water,Other
Crops,96.40479360852197,0.0,0.9764758100310698,2.5595502293238646,0.029590176061547565,0.0,0.029590176061547565
TreeCrops,0.0,100.0,0.0,0.0,0.0,0.0,0.0
Forest,0.27052832590706555,0.0,99.09691279439848,0.6246021642266073,0.007956715467854869,0.0,0.0
Grassland,2.9104553290741304,0.0,3.366798499138018,93.5807727411013,0.10140959334753068,0.0,0.04056383733901227
Urban,0.6912442396313364,0.0,0.9216589861751152,1.8433179723502304,96.54377880184332,0.0,0.0
Water,0.0,0.0,0.0,0.0,0.0,100.0,0.0
Other,0.0,0.0,0.8733624454148471,0.0,0.0,0.0,99.12663755458514
