from_label,Crops,TreeCrops,Forest,Grassland,Urban,Water,Other
Crops,96.03371343579573,0.0,1.3220955214014212,2.619401751776566,0.024789291026276646,0.0,0.0
TreeCrops,0.0,100.0,0.0,0.0,0.0,0.0,0.0
Forest,0.4467817750267604,0.0,99.10178247312328,0.4467817750267604,0.0046539768231954205,0.0,0.0
Grassland,3.818053264199859,0.0,1.4965826066462409,94.63822766910205,0.03535234503888758,0.0,0.011784115012962526
Urban,1.1764705882352942,0.0,0.39215686274509803,1.1764705882352942,97.25490196078431,0.0,0.0
Water,0.0,0.0,0.0,0.0,0.0,100.0,0.0
Other,0.0,0.0,0.0,0.0,0.0,0.0,100.0
