from_label,Crops,TreeCrops,Forest,Grassland,Urban,Water,Other
Crops,96.1888009381413,0.0,0.908824391673996,2.829082380533568,0.04397537379067722,0.0,0.02931691586045148
TreeCrops,0.0,91.66666666666666,0.0,8.333333333333332,0.0,0.0,0.0
Forest,0.18794688457609807,0.0,99.11338100102145,0.6905005107252298,0.008171603677221655,0.0,0.0
Grassland,1.69151376146789,0.0,2.408256880733945,95.78555045871559,0.08600917431192662,0.0,0.028669724770642203
Urban,0.6741573033707865,0.0,0.8988764044943821,2.0224719101123596,96.40449438202248,0.0,0.0
Water,0.0,0.0,0.0,0.0,0.0,100.0,0.0
Other,0.0,0.0,0.47393364928909953,0.9478672985781991,0.0,0.0,98.5781990521327
