from_label,Crops,TreeCrops,Forest,Grassland,Urban,Water,Other
Crops,95.89331449262562,0.0,1.5455268038505696,2.525832376578645,0.035326326945155875,0.0,0.0
TreeCrops,0.0,100.0,0.0,0.0,0.0,0.0,0.0
Forest,0.4480525241770917,0.0,99.07727797001154,0.47023334220566054,0.0044361636057137785,0.0,0.0
Grassland,3.656441717791411,0.012269938650306749,1.1042944785276074,95.15337423312883,0.06134969325153375,0.0,0.012269938650306749
Urban,1.0169491525423728,0.0,0.0,0.3389830508474576,98.64406779661017,0.0,0.0
Water,0.0,0.0,0.0,0.0,0.0,100.0,0.0
Other,0.0,0.0,0.0,0.0,0.0,0.0,100.0
