from_label,Crops,TreeCrops,Forest,Grassland,Urban,Water,Other
Crops,94.86676016830295,0.0,1.5240766713417484,3.5156615240766715,0.05610098176718093,0.0,0.037400654511453954
TreeCrops,0.0,100.0,0.0,0.0,0.0,0.0,0.0
Forest,0.3923766816143498,0.0,99.09020351845464,0.5087961365988272,0.008623663332183512,0.0,0.0
Grassland,3.4935048555933914,0.0,1.273805019548493,95.09395888510531,0.0882835162063312,0.0,0.05044772354647496
Urban,0.0,0.0,0.0,0.0,100.0,0.0,0.0
Water,0.0,0.0,0.0,0.0,0.0,100.0,0.0
Other,0.0,0.0,0.0,0.0,0.0,0.0,100.0
