from_label,Crops,TreeCrops,Forest,Grassland,Urban,Water,Other
Crops,96.01684827396758,0.0,1.465067301529164,2.4814577419650217,0.0366266825382291,0.0,0.0
TreeCrops,0.0,100.0,0.0,0.0,0.0,0.0,0.0
Forest,0.3983714923608983,0.0,99.08068117147485,0.5121919187497265,0.008755417414525237,0.0,0.0
Grassland,3.5357229943916115,0.0,0.9509875640087784,95.41575225554743,0.060960741282614,0.0,0.0365764447695684
Urban,0.2976190476190476,0.0,0.0,0.5952380952380952,99.10714285714286,0.0,0.0
Water,0.0,0.0,0.0,0.0,0.0,100.0,0.0
Other,0.0,0.0,0.0,0.0,0.0,0.0,100.0
