from_label,Crops,TreeCrops,Forest,Grassland,Urban,Water,Other
Crops,99.59349593495935,0.0,0.20325203252032523,0.20325203252032523,0.0,0.0,0.0
TreeCrops,0.0,0.0,100.0,0.0,0.0,0.0,0.0
Forest,0.003912124979352674,0.0,99.9008928338564,0.09432568005772558,0.0,0.0,0.0008693611065228163
Grassland,0.002653317531353369,0.0,0.0928661135973679,99.90094281216281,0.002653317531353369,0.0,0.0008844391771177896
Urban,0.0,0.0,0.0,0.0,100.0,0.0,0.0
Water,0.0,0.0,0.0,0.0,0.0,100.0,0.0
Other,0.0,0.0,0.0,0.0,0.0,0.0,100.0
