from_label,Crops,TreeCrops,Forest,Grassland,Urban,Water,Other
Crops,99.07024793388429,0.0,0.30991735537190085,0.6198347107438017,0.0,0.0,0.0
TreeCrops,0.0,0.0,0.0,0.0,0.0,0.0,0.0
Forest,0.0017628056815227116,0.0,99.89555376336978,0.10180202810793658,0.0,0.0,0.0008814028407613558
Grassland,0.0008614451604010889,0.0,0.08959029668171324,99.90610247751628,0.0017228903208021777,0.0,0.0017228903208021777
Urban,0.0,0.0,0.0,0.0,100.0,0.0,0.0
Water,0.0,0.0,0.0,0.0,0.0,100.0,0.0
Other,0.0,0.0,0.0,0.0,0.0,0.0,100.0
