from_label,Crops,TreeCrops,Forest,Grassland,Urban,Water,Other
Crops,99.49545913218971,0.0,0.20181634712411706,0.30272452068617556,0.0,0.0,0.0
TreeCrops,0.0,0.0,0.0,0.0,0.0,0.0,0.0
Forest,0.0034968397310930245,0.0,99.90121427759662,0.09441467273951167,0.0,0.0,0.0008742099327732561
Grassland,0.0043752570463514735,0.0,0.09100534656411063,99.90199424216173,0.0017501028185405894,0.0,0.0008750514092702947
Urban,0.0,0.0,0.0,0.0,100.0,0.0,0.0
Water,0.0,0.0,0.0,0.0,0.0,100.0,0.0
Other,0.0,0.0,0.0,0.0,0.0,0.0,100.0
