from_label,Crops,TreeCrops,Forest,Grassland,Urban,Water,Other
Crops,99.58333333333333,0.0,0.3125,0.10416666666666667,0.0,0.0,0.0
TreeCrops,0.0,100.0,0.0,0.0,0.0,0.0,0.0
Forest,0.0012963331057548547,0.0,99.90234290603314,0.09420020568485278,0.0012963331057548547,0.0,0.0008642220705032365
Grassland,0.0017893088794453144,0.0,0.0894654439722657,99.90785059270857,0.0008946544397226572,0.0,0.0
Urban,0.0,0.0,0.0,0.0,100.0,0.0,0.0
Water,0.0,0.0,0.0,0.0,0.0,100.0,0.0
Other,0.0,0.0,0.0,0.0,0.0,0.0,100.0
