from_label,Crops,TreeCrops,Forest,Grassland,Urban,Water,Other
Crops,99.58333333333333,0.0,0.20833333333333334,0.20833333333333334,0.0,0.0,0.0
TreeCrops,0.0,100.0,0.0,0.0,0.0,0.0,0.0
Forest,0.001297729406115766,0.0,99.90007483572909,0.09646455252127194,0.001297729406115766,0.0,0.0008651529374105108
Grassland,0.0008927455496634349,0.0,0.09195279161533379,99.90536897173567,0.0017854910993268698,0.0,0.0
Urban,0.0,0.0,0.0,0.0,100.0,0.0,0.0
Water,0.0,0.0,0.0,0.0,0.0,100.0,0.0
Other,0.0,0.0,0.0,0.0,0.0,0.0,100.0
