from_label,Crops,TreeCrops,Forest,Grassland,Urban,Water,Other
Crops,99.47862356621481,0.0,0.20855057351407716,0.31282586027111575,0.0,0.0,0.0
TreeCrops,0.0,0.0,0.0,0.0,0.0,0.0,0.0
Forest,0.002627073746338516,0.0,99.89841981514158,0.0980774198633046,0.0,0.0,0.0008756912487795053
Grassland,0.0017439832577607253,0.0,0.08981513777467737,99.90495291245203,0.0017439832577607253,0.0,0.0017439832577607253
Urban,0.0,0.0,0.0,0.0,100.0,0.0,0.0
Water,0.0,0.0,0.0,0.0,0.0,100.0,0.0
Other,0.0,0.0,0.0,0.0,0.0,0.0,100.0
