from_label,Crops,TreeCrops,Forest,Grassland,Urban,Water,Other
Crops,99.09909909909909,0.0,0.5005005005005005,0.40040040040040037,0.0,0.0,0.0
TreeCrops,0.0,0.0,0.0,0.0,0.0,0.0,0.0
Forest,0.0013120030788338918,0.0,99.89591442241252,0.10189890578943224,0.0,0.0,0.0008746687192225945
Grassland,0.0008742328606647666,0.0,0.08829751892714144,99.90733131676953,0.0017484657213295333,0.0,0.0017484657213295333
Urban,0.0,0.0,0.0,0.0,100.0,0.0,0.0
Water,0.0,0.0,0.0,0.0,0.0,100.0,0.0
Other,0.0,0.0,0.0,0.0,0.0,0.0,100.0
