from_label,Crops,TreeCrops,Forest,Grassland,Urban,Water,Other
Crops,99.73190348525469,0.0,0.08936550491510277,0.17873100983020554,0.0,0.0,0.0
TreeCrops,0.0,0.0,0.0,0.0,0.0,0.0,0.0
Forest,0.001338055181395681,0.0,99.88581929118757,0.1088284880868487,0.002676110362791362,0.0,0.001338055181395681
Grassland,0.0008442737135379289,0.0,0.0523449702393516,99.94174511376588,0.0033770948541517157,0.0,0.0016885474270758578
Urban,0.0,0.0,0.0,0.0,100.0,0.0,0.0
Water,0.0,0.0,0.0,0.0,0.0,100.0,0.0
Other,0.0,0.0,0.0,0.0,0.0,0.0,100.0
