from_label,Crops,TreeCrops,Forest,Grassland,Urban,Water,Other
Crops,99.57356076759062,0.0,0.21321961620469082,0.21321961620469082,0.0,0.0,0.0
TreeCrops,0.0,0.0,0.0,0.0,0.0,0.0,0.0
Forest,0.0030732621799965756,0.0,99.89858234806012,0.09702727739703475,0.00043903745428522503,0.0,0.0008780749085704501
Grassland,0.003469451479721056,0.0,0.09107310134267772,99.9028553585678,0.001734725739860528,0.0,0.000867362869930264
Urban,0.0,0.0,0.0,0.0,100.0,0.0,0.0
Water,0.0,0.0,0.0,0.0,0.0,100.0,0.0
Other,0.0,0.0,0.0,0.0,0.0,0.0,100.0
