from_label,Crops,TreeCrops,Forest,Grassland,Urban,Water,Other
Crops,99.67811158798283,0.0,0.1072961373390558,0.2145922746781116,0.0,0.0,0.0
TreeCrops,0.0,0.0,0.0,0.0,0.0,0.0,0.0
Forest,0.0017428586367359744,0.0,99.9019642016836,0.0949857957021106,0.0004357146591839936,0.0,0.0008714293183679872
Grassland,0.0017599436818021823,0.0,0.09151707145371349,99.90320309750088,0.0026399155227032735,0.0,0.0008799718409010912
Urban,0.0,0.0,0.0,0.0,100.0,0.0,0.0
Water,0.0,0.0,0.0,0.0,0.0,100.0,0.0
Other,0.0,0.0,0.0,0.0,0.0,0.0,100.0
