from_label,Crops,TreeCrops,Forest,Grassland,Urban,Water,Other
Crops,99.58333333333333,0.0,0.20833333333333334,0.20833333333333334,0.0,0.0,0.0
TreeCrops,0.0,100.0,0.0,0.0,0.0,0.0,0.0
Forest,0.0012991230919129587,0.0,99.89823535780015,0.09959943704666016,0.0,0.0,0.0008660820612753058
Grassland,0.0008908685968819599,0.0,0.09175946547884187,99.9055679287305,0.0017817371937639199,0.0,0.0
Urban,0.0,0.0,0.0,0.0,100.0,0.0,0.0
Water,0.0,0.0,0.0,0.0,0.0,100.0,0.0
Other,0.0,0.0,0.0,0.0,0.0,0.0,100.0
