from_label,Crops,TreeCrops,Forest,Grassland,Urban,Water,Other
Crops,99.48979591836735,0.0,0.20408163265306123,0.30612244897959184,0.0,0.0,0.0
TreeCrops,0.0,0.0,0.0,0.0,0.0,0.0,0.0
Forest,0.002619812770713986,0.0,99.90044711471286,0.09605980159284616,0.0,0.0,0.0008732709235713288
Grassland,0.00263033300015782,0.0,0.0920616550055237,99.90267767899415,0.0017535553334385467,0.0,0.0008767776667192733
Urban,0.0,0.0,0.0,0.0,100.0,0.0,0.0
Water,0.0,0.0,0.0,0.0,0.0,100.0,0.0
Other,0.0,0.0,0.0,0.0,0.0,0.0,100.0
