from_label,Crops,TreeCrops,Forest,Grassland,Urban,Water,Other
Crops,99.59677419354838,0.0,0.20161290322580644,0.20161290322580644,0.0,0.0,0.0
TreeCrops,0.0,0.0,0.0,0.0,0.0,0.0,0.0
Forest,0.0039141666739151235,0.0,99.89214296276323,0.1030730557464316,0.0,0.0,0.000869814816425583
Grassland,0.004418014897546235,0.0,0.09189470986896167,99.90103646629497,0.001767205959018494,0.0,0.000883602979509247
Urban,0.0,0.0,0.0,0.0,100.0,0.0,0.0
Water,0.0,0.0,0.0,0.0,0.0,100.0,0.0
Other,0.0,0.0,0.0,0.0,0.0,0.0,100.0
