from_label,Crops,TreeCrops,Forest,Grassland,Urban,Water,Other
Crops,99.58419958419958,0.0,0.2079002079002079,0.2079002079002079,0.0,0.0,0.0
TreeCrops,0.0,0.0,0.0,0.0,0.0,0.0,0.0
Forest,0.0021904461500718464,0.0,99.90142992324677,0.09550345214313251,0.0,0.0,0.0008761784600287387
Grassland,0.001742190630498789,0.0,0.08972281747068764,99.90505061063782,0.001742190630498789,0.0,0.001742190630498789
Urban,0.0,0.0,0.0,0.0,100.0,0.0,0.0
Water,0.0,0.0,0.0,0.0,0.0,100.0,0.0
Other,0.0,0.0,0.0,0.0,0.0,0.0,100.0
