from_label,Crops,TreeCrops,Forest,Grassland,Urban,Water,Other
Crops,99.47970863683663,0.0,0.20811654526534862,0.31217481789802287,0.0,0.0,0.0
TreeCrops,0.0,100.0,0.0,0.0,0.0,0.0,0.0
Forest,0.001297022468752567,0.0,99.90056161072897,0.09727668515644253,0.0,0.0,0.0008646816458350447
Grassland,0.000893726930673602,0.0,0.0911601469287074,99.90615867227928,0.001787453861347204,0.0,0.0
Urban,0.0,0.0,0.0,0.0,100.0,0.0,0.0
Water,0.0,0.0,0.0,0.0,0.0,100.0,0.0
Other,0.0,0.0,0.0,0.0,0.0,0.0,100.0
