from_label,Crops,TreeCrops,Forest,Grassland,Urban,Water,Other
Crops,99.58974358974359,0.0,0.20512820512820512,0.20512820512820512,0.0,0.0,0.0
TreeCrops,0.0,0.0,0.0,0.0,0.0,0.0,0.0
Forest,0.0035332099654187075,0.0,99.89223709605473,0.10025483276875582,0.003091558719741369,0.0,0.0008833024913546769
Grassland,0.004290482850940045,0.0,0.09095823643992895,99.90217699099857,0.0017161931403760179,0.0,0.0008580965701880089
Urban,0.0,0.0,0.0,0.0,100.0,0.0,0.0
Water,0.0,0.0,0.0,0.0,0.0,100.0,0.0
Other,0.0,0.0,0.0,0.0,0.0,0.0,100.0
