from_label,Crops,TreeCrops,Forest,Grassland,Urban,Water,Other
Crops,99.581589958159,0.0,0.20920502092050208,0.20920502092050208,0.0,0.0,0.0
TreeCrops,0.0,100.0,0.0,0.0,0.0,0.0,0.0
Forest,0.002591300141657741,0.0,99.90196247797395,0.09458245517050755,0.0,0.0,0.0008637667138859138
Grassland,0.0017911356695712915,0.0,0.09224348698292152,99.90417424167794,0.0017911356695712915,0.0,0.0
Urban,0.0,0.0,0.0,0.0,100.0,0.0,0.0
Water,0.0,0.0,0.0,0.0,0.0,100.0,0.0
Other,0.0,0.0,0.0,0.0,0.0,0.0,100.0
