from_label,Crops,TreeCrops,Forest,Grassland,Urban,Water,Other
Crops,99.46524064171123,0.0,0.21390374331550802,0.32085561497326204,0.0,0.0,0.0
TreeCrops,0.0,0.0,0.0,0.0,0.0,0.0,0.0
Forest,0.007919920800791992,0.0,99.89968100318997,0.09151908480915191,0.0,0.0,0.0008799912000879991
Grassland,0.006046575910441573,0.0,0.08983484209798907,99.90152719231567,0.0017275931172690208,0.0,0.0008637965586345104
Urban,0.0,0.0,0.0,0.0,100.0,0.0,0.0
Water,0.0,0.0,0.0,0.0,0.0,100.0,0.0
Other,0.0,0.0,0.0,0.0,0.0,0.0,100.0
