from_label,Crops,TreeCrops,Forest,Grassland,Urban,Water,Other
Crops,99.5959595959596,0.0,0.20202020202020202,0.20202020202020202,0.0,0.0,0.0
TreeCrops,0.0,0.0,0.0,0.0,0.0,0.0,0.0
Forest,0.0026531884692429127,0.0,99.89696784777773,0.09861017144019492,0.0008843961564143042,0.0,0.0008843961564143042
Grassland,0.003425273379631612,0.0,0.08991342621532981,99.9023797086805,0.003425273379631612,0.0,0.000856318344907903
Urban,0.0,0.0,0.0,0.0,100.0,0.0,0.0
Water,0.0,0.0,0.0,0.0,0.0,100.0,0.0
Other,0.0,0.0,0.0,0.0,0.0,0.0,100.0
