from_label,Crops,TreeCrops,Forest,Grassland,Urban,Water,Other
Crops,99.58333333333333,0.0,0.20833333333333334,0.20833333333333334,0.0,0.0,0.0
TreeCrops,0.0,0.0,0.0,0.0,0.0,0.0,0.0
Forest,0.0030831843127582166,0.0,99.89693355297351,0.09910235291008553,0.0,0.0,0.0008809098036452047
Grassland,0.004311459860308701,0.0,0.0905406570664827,99.90256100715702,0.00172458394412348,0.0,0.00086229197206174
Urban,0.0,0.0,0.0,0.0,100.0,0.0,0.0
Water,0.0,0.0,0.0,0.0,0.0,100.0,0.0
Other,0.0,0.0,0.0,0.0,0.0,0.0,100.0
