from_label,Crops,TreeCrops,Forest,Grassland,Urban,Water,Other
Crops,99.62697274031564,0.0,0.19129603060736491,0.18173122907699665,0.0,0.0,0.0
TreeCrops,0.0,0.0,0.0,0.0,0.0,0.0,0.0
Forest,0.002995170454041217,0.0,99.89445906777871,0.09959496420882241,0.0020189667505018574,0.0,0.0009318308079239342
Grassland,0.00421448044395933,0.0,0.06483488602171777,99.92682129410943,0.002767083119771277,0.0,0.0013622563051181671
Urban,0.0,0.0,0.0,0.0,100.0,0.0,0.0
Water,0.0,0.0,0.0,0.0,0.0,100.0,0.0
Other,0.0,0.0,0.0,0.0,0.0,0.0,100.0
