from_label,Crops,TreeCrops,Forest,Grassland,Urban,Water,Other
Crops,0.0,0.0,0.0,0.0,0.0,0.0,0.0
TreeCrops,0.0,0.0,0.0,0.0,0.0,0.0,0.0
Forest,0.0,0.0,98.30508474576271,1.694915254237288,0.0,0.0,0.0
Grassland,0.0,0.0,0.40816326530612246,99.59183673469387,0.0,0.0,0.0
Urban,0.0,0.0,0.0,0.0,100.0,0.0,0.0
Water,0.0,0.0,0.0,0.0,0.0,0.0,0.0
Other,0.0,0.0,0.0,0.0,0.0,0.0,100.0
