from_label,Crops,TreeCrops,Forest,Grassland,Urban,Water,Other
Crops,0.0,0.0,0.0,0.0,0.0,0.0,0.0
TreeCrops,0.0,0.0,0.0,0.0,0.0,0.0,0.0
Forest,0.0,0.0,98.27586206896551,1.7241379310344827,0.0,0.0,0.0
Grassland,0.0,0.0,0.423728813559322,99.15254237288136,0.0,0.0,0.423728813559322
Urban,0.0,0.0,0.0,0.0,100.0,0.0,0.0
Water,0.0,0.0,0.0,0.0,0.0,0.0,0.0
Other,0.0,0.0,0.0,10.0,0.0,0.0,90.0
