from_label,Crops,TreeCrops,Forest,Grassland,Urban,Water,Other
Crops,0.0,0.0,0.0,0.0,0.0,0.0,0.0
TreeCrops,0.0,0.0,0.0,0.0,0.0,0.0,0.0
Forest,0.0,0.0,99.4186046511628,0.5813953488372093,0.0,0.0,0.0
Grassland,0.0,0.0,0.0,98.68421052631578,0.0,0.0,1.3157894736842104
Urban,0.0,0.0,0.0,0.0,100.0,0.0,0.0
Water,0.0,0.0,0.0,0.0,0.0,0.0,0.0
Other,0.0,0.0,0.0,4.545454545454546,0.0,0.0,95.45454545454545
