from_label,Crops,TreeCrops,Forest,Grassland,Urban,Water,Other
Crops,0.0,0.0,0.0,0.0,0.0,0.0,0.0
TreeCrops,0.0,0.0,0.0,0.0,0.0,0.0,0.0
Forest,0.0,0.0,98.85057471264368,1.1494252873563218,0.0,0.0,0.0
Grassland,0.0,0.0,0.425531914893617,99.14893617021276,0.0,0.0,0.425531914893617
Urban,0.0,0.0,0.0,0.0,100.0,0.0,0.0
Water,0.0,0.0,0.0,0.0,0.0,0.0,0.0
Other,0.0,0.0,0.0,9.523809523809524,0.0,0.0,90.47619047619048
