from_label,Crops,TreeCrops,Forest,Grassland,Urban,Water,Other
Crops,99.96285703673439,0.0,0.0,0.020428629796085132,0.0,0.0,0.0167143334695242
TreeCrops,0.0,0.0,0.0,0.0,0.0,0.0,0.0
Forest,0.0,0.0,99.99352121801101,0.00647878198898607,0.0,0.0,0.0
Grassland,0.1303943032403238,0.0,0.001268427074322216,99.76838521622876,0.0007610562445933296,0.0,0.09919099721199728
Urban,0.0,0.0,0.0,0.0,100.0,0.0,0.0
Water,0.0,0.0,0.0,0.0,0.0,100.0,0.0
Other,0.00013650740347902768,0.0,0.0008190444208741661,0.10265356741622882,0.0,0.0,99.89639088075943
