from_label,Crops,TreeCrops,Forest,Grassland,Urban,Water,Other
Crops,99.97388276262333,0.0,0.0,0.0130586186883343,0.0,0.0,0.0130586186883343
TreeCrops,0.0,100.0,0.0,0.0,0.0,0.0,0.0
Forest,0.001294984524934927,0.0,99.98575517022572,0.01294984524934927,0.0,0.0,0.0
Grassland,0.0044148161229084805,0.0,0.0018588699464877816,99.87452627861208,0.0032530224063536174,0.0,0.11594701291217535
Urban,0.0,0.0,0.0,0.0,100.0,0.0,0.0
Water,0.0,0.0,0.0,0.0,0.0,100.0,0.0
Other,0.0013216751792338396,0.0,0.00014685279769264886,0.07474807402555826,0.0,0.0,99.92378339799751
