from_label,Crops,TreeCrops,Forest,Grassland,Urban,Water,Other
Crops,99.96137624175383,0.0,0.0,0.026264155607397224,0.0,0.0,0.012359602638775164
TreeCrops,0.0,0.0,0.0,0.0,0.0,0.0,0.0
Forest,0.0,0.0,99.98963945296312,0.010360547036883548,0.0,0.0,0.0
Grassland,0.005762872215512211,0.0,0.0019209574051707373,99.86673358001627,0.0024011967564634214,0.0,0.12318139360657351
Urban,0.0,0.0,0.0,0.0,100.0,0.0,0.0
Water,0.0,0.0,0.0,0.0,0.0,100.0,0.0
Other,0.0012871356512262828,0.0,0.0,0.07679909385650154,0.0,0.0,99.92191377049228
