from_label,Crops,TreeCrops,Forest,Grassland,Urban,Water,Other
Crops,99.96134589898395,0.0,0.0,0.02392872920041231,0.0,0.0,0.014725371815638344
TreeCrops,0.0,0.0,0.0,0.0,0.0,0.0,0.0
Forest,0.0012957396081683425,0.0,99.98833834352648,0.01036591686534674,0.0,0.0,0.0
Grassland,0.0030453220047354755,0.0,0.0020302146698236503,99.85712364261116,0.0012688841686397817,0.0,0.1365319365456405
Urban,0.0,0.0,0.0,0.0,100.0,0.0,0.0
Water,0.0,0.0,0.0,0.0,0.0,100.0,0.0
Other,0.00027314642833730306,0.0,0.0,0.07415925529357778,0.0,0.0,99.92556759827809
