from_label,Crops,TreeCrops,Forest,Grassland,Urban,Water,Other
Crops,99.96275869407154,0.0,0.0,0.0230541417652379,0.0,0.0,0.014187164163223326
TreeCrops,0.0,0.0,0.0,0.0,0.0,0.0,0.0
Forest,0.0,0.0,99.98834030755678,0.011659692443223776,0.0,0.0,0.0
Grassland,0.00584964876674144,0.0,0.0020346604406057183,99.85426744594162,0.0015259953304542888,0.0,0.13632224952058314
Urban,0.0,0.0,0.0,0.0,100.0,0.0,0.0
Water,0.0,0.0,0.0,0.0,0.0,100.0,0.0
Other,0.00013680526864450604,0.0,0.0,0.0748324819485448,0.0,0.0,99.92503071278281
