from_label,Crops,TreeCrops,Forest,Grassland,Urban,Water,Other
Crops,99.97808843507603,0.0,0.0,0.02191156492396687,0.0,0.0,0.0
TreeCrops,0.0,68.57142857142857,31.428571428571427,0.0,0.0,0.0,0.0
Forest,0.014246674696610586,0.0,99.98186786856795,0.003885456735439251,0.0,0.0,0.0
Grassland,0.2797462766328214,0.0,0.0006970422175236414,99.6691372940821,0.001161737029206069,0.0,0.04925765003833732
Urban,0.0,0.0,0.0,0.0,100.0,0.0,0.0
Water,0.0,0.0,0.0,0.0,0.0,100.0,0.0
Other,0.035219948578875074,0.0,0.0013207480717078153,0.12576456638373307,0.0,0.0,99.83769473696569
