from_label,Crops,TreeCrops,Forest,Grassland,Urban,Water,Other
Crops,99.95914729257966,0.0,0.0,0.025997177449305502,0.0,0.0,0.014855529971031716
TreeCrops,0.0,0.0,0.0,0.0,0.0,0.0,0.0
Forest,0.0012957396081683425,0.0,99.98833834352648,0.01036591686534674,0.0,0.0,0.0
Grassland,0.0032979020269413226,0.0,0.0020294781704254293,99.856921788985,0.0010147390852127147,0.0,0.1367360917324133
Urban,0.0,0.0,0.0,0.0,100.0,0.0,0.0
Water,0.0,0.0,0.0,0.0,0.0,100.0,0.0
Other,0.00027301629770789165,0.0,0.0,0.0738509085299847,0.0,0.0,99.9258760751723
