from_label,Crops,TreeCrops,Forest,Grassland,Urban,Water,Other
Crops,99.96281013689412,0.0,0.0,0.026564187932774895,0.0,0.0,0.010625675173109958
TreeCrops,0.0,0.0,0.0,0.0,0.0,0.0,0.0
Forest,0.001295622092947929,0.0,99.9922262674423,0.006478110464739645,0.0,0.0,0.0
Grassland,0.06639177250770119,0.0,0.0015262476438552,99.79395656807955,0.0012718730365459997,0.0,0.1368535387323496
Urban,0.0,0.0,0.0,0.0,100.0,0.0,0.0
Water,0.0,0.0,0.0,0.0,0.0,100.0,0.0
Other,0.025310325107705697,0.0,0.0004104377044492815,0.10000998731747493,0.0006840628407488025,0.0,99.87358518702962
