from_label,Crops,TreeCrops,Forest,Grassland,Urban,Water,Other
Crops,99.96173447202268,0.0,0.0,0.026090132711808392,0.0,0.0,0.012175395265510584
TreeCrops,0.0,0.0,0.0,0.0,0.0,0.0,0.0
Forest,0.002591479216336685,0.0,99.98833834352648,0.009070177257178397,0.0,0.0,0.0
Grassland,0.039697686846324146,0.0,0.0020357788126320075,99.81983357508206,0.0015268341094740055,0.0,0.1369061251495025
Urban,0.0,0.0,0.0,0.0,100.0,0.0,0.0
Water,0.0,0.0,0.0,0.0,0.0,100.0,0.0
Other,0.0008218930388399254,0.0,0.0002739643462799751,0.08986030557983184,0.0,0.0,99.90904383703506
