from_label,Crops,TreeCrops,Forest,Grassland,Urban,Water,Other
Crops,99.96341527151095,0.0,0.0,0.02264768906465044,0.0,0.0,0.013937039424400272
TreeCrops,0.0,0.0,0.0,0.0,0.0,0.0,0.0
Forest,0.009068884656742715,0.0,99.97408890098075,0.016842214362522187,0.0,0.0,0.0
Grassland,0.0053436882136050304,0.0,0.002035690748040011,99.85470257285864,0.0015267680610300087,0.0,0.13639128011868076
Urban,0.0,0.0,0.0,0.0,100.0,0.0,0.0
Water,0.0,0.0,0.0,0.0,0.0,100.0,0.0
Other,0.0010957388087401605,0.0,0.0,0.07423630429214588,0.0004109020532775602,0.0,99.92425705484584
