from_label,Crops,TreeCrops,Forest,Grassland,Urban,Water,Other
Crops,99.95789998908519,0.0,0.0,0.018711115962141173,0.0,0.0,0.02338889495267647
TreeCrops,0.0,0.0,0.0,0.0,0.0,0.0,0.0
Forest,0.001295152245146417,0.0,99.99611454326455,0.002590304490292834,0.0,0.0,0.0
Grassland,0.25954962005269716,0.0,0.000694602016198119,99.68511375265685,0.001157670026996865,0.0,0.053484355247255165
Urban,0.0,0.0,0.0,0.0,100.0,0.0,0.0
Water,0.0,0.0,0.0,0.0,0.0,100.0,0.0
Other,0.0030685379877696847,0.0,0.0013150877090441504,0.12785574949040351,0.0,0.0,99.86776062481279
