from_label,Crops,TreeCrops,Forest,Grassland,Urban,Water,Other
Crops,99.95667826892338,0.01643238075320058,0.0,0.02688935032341913,0.0,0.0,0.0
TreeCrops,0.0,0.0,0.0,0.0,0.0,0.0,0.0
Forest,0.010358937173046047,0.014243538612938313,99.96892318848086,0.0064743357331537785,0.0,0.0,0.0
Grassland,0.13155025126794026,0.0006960330754917474,0.001160055125819579,99.7596365779302,0.0018560882013113264,0.0,0.10510099439925386
Urban,0.0,0.0,0.0,0.0,100.0,0.0,0.0
Water,0.0,0.0,0.0,0.0,0.0,100.0,0.0
Other,0.0036636209764282623,0.0,0.0008792690343427831,0.1250027477157323,0.0,0.0,99.87045436227349
