from_label,Crops,TreeCrops,Forest,Grassland,Urban,Water,Other
Crops,99.96228331036484,0.0,0.0,0.02466091245376079,0.0,0.0,0.01305577718140277
TreeCrops,0.0,100.0,0.0,0.0,0.0,0.0,0.0
Forest,0.0,0.0,99.98834317687286,0.011656823127137084,0.0,0.0,0.0
Grassland,0.003950878954365024,0.0,0.0018592371549953053,99.87519870597093,0.003950878954365024,0.0,0.11504029896533452
Urban,0.0,0.0,0.0,0.0,100.0,0.0,0.0
Water,0.0,0.0,0.0,0.0,0.0,100.0,0.0
Other,0.0013217411737061623,0.0,0.0001468601304117958,0.07328320507548611,0.0013217411737061623,0.0,99.9239264524467
