from_label,Crops,TreeCrops,Forest,Grassland,Urban,Water,Other
Crops,99.962711744025,0.0,0.0,0.024858837316666077,0.0,0.0,0.012429418658333038
TreeCrops,0.0,0.0,0.0,0.0,0.0,0.0,0.0
Forest,0.0012955045990413266,0.0,99.98704495400959,0.011659541391371939,0.0,0.0,0.0
Grassland,0.02263450363042179,0.0,0.0020345621240828574,99.83748935033888,0.001271601327551786,0.0,0.1365699825790618
Urban,0.0,0.0,0.0,0.0,100.0,0.0,0.0
Water,0.0,0.0,0.0,0.0,0.0,100.0,0.0
Other,0.000273589577331462,0.0,0.000136794788665731,0.0816664888334414,0.0,0.0,99.91792312680056
