from_label,Crops,TreeCrops,Forest,Grassland,Urban,Water,Other
Crops,99.96308860492503,0.0,0.0,0.022849911236883274,0.0,0.0,0.014061483838082013
TreeCrops,0.0,0.0,0.0,0.0,0.0,0.0,0.0
Forest,0.0,0.0,99.99093099784935,0.009069002150649081,0.0,0.0,0.0
Grassland,0.01882654644814304,0.0,0.0020353023187181666,99.84150083192982,0.0012720639491988542,0.0,0.13636525535411717
Urban,0.0,0.0,0.0,0.0,100.0,0.0,0.0
Water,0.0,0.0,0.0,0.0,0.0,100.0,0.0
Other,0.0019163722525723874,0.0,0.0,0.07994009967873388,0.0,0.0,99.9181435280687
