from_label,Crops,TreeCrops,Forest,Grassland,Urban,Water,Other
Crops,99.96244100788739,0.0,0.0,0.03592599245554159,0.0,0.0,0.001632999657070072
TreeCrops,0.0,0.0,0.0,0.0,0.0,0.0,0.0
Forest,0.0,0.0,99.98186411036984,0.018135889630157394,0.0,0.0,0.0
Grassland,0.07955184938865299,0.0,0.000511587455875582,99.78308691870875,0.000511587455875582,0.0,0.1363380569908426
Urban,0.0,0.0,0.0,0.0,100.0,0.0,0.0
Water,0.0,0.0,0.0,0.0,0.0,100.0,0.0
Other,0.003844690962367341,0.0,0.0015104143066443124,2.6174106830230803,0.0,0.0,97.37723421170791
