from_label,Crops,TreeCrops,Forest,Grassland,Urban,Water,Other
Crops,99.94534665833854,0.0,0.0,0.05309181761399126,0.0,0.0,0.001561524047470331
TreeCrops,0.0,0.0,0.0,0.0,0.0,0.0,0.0
Forest,0.0012950683796104435,0.0,99.97798383754663,0.020721094073767096,0.0,0.0,0.0
Grassland,0.023486528127466086,0.0,0.0007045958438239826,99.85438352560972,0.0009394611250986435,0.0,0.12048588929390101
Urban,0.0,0.0,0.0,0.0,100.0,0.0,0.0
Water,0.0,0.0,0.0,0.0,0.0,100.0,0.0
Other,0.003909740031248959,0.0,0.0013032466770829863,0.9696155277497419,0.0,0.0,99.02517148554193
