from_label,Crops,TreeCrops,Forest,Grassland,Urban,Water,Other
Crops,99.56304064462614,0.0,0.0059248726152387726,0.4147410830667141,0.008887308922858158,0.0,0.007406090769048466
TreeCrops,0.0,44.0,44.0,12.0,0.0,0.0,0.0
Forest,0.0038852554555462025,0.0,99.98575406332967,0.009065596062941139,0.0,0.0,0.001295085151848734
Grassland,0.00998017890050922,0.0,0.0013925831023966354,99.82592711220042,0.0023209718373277256,0.0,0.16037915395934585
Urban,0.0,0.0,0.0,0.0,100.0,0.0,0.0
Water,0.0,0.0,0.0,0.0,0.0,100.0,0.0
Other,0.0010264621953973436,0.0,0.0,0.07463846535103541,0.0,0.0,99.92433507245356
