from_label,Crops,TreeCrops,Forest,Grassland,Urban,Water,Other
Crops,99.95786516853933,0.0,0.0,0.02808988764044944,0.0,0.0,0.01404494382022472
TreeCrops,0.0,0.0,0.0,0.0,0.0,0.0,0.0
Forest,0.003886664852889735,0.0,99.9857488955394,0.01036443960770596,0.0,0.0,0.0
Grassland,0.0068694773854260215,0.0,0.0022898257951420075,99.85395999928761,0.0010177003533964476,0.0,0.1358629971784258
Urban,0.0,0.0,0.0,0.0,100.0,0.0,0.0
Water,0.0,0.0,0.0,0.0,0.0,100.0,0.0
Other,0.000684469255694442,0.0,0.0,0.07392267961499974,0.0,0.0,99.9253928511293
