from_label,Crops,TreeCrops,Forest,Grassland,Urban,Water,Other
Crops,99.96134162954236,0.0,0.0,0.022090497404366555,0.0,0.0,0.016567873053274916
TreeCrops,0.0,0.0,0.0,0.0,0.0,0.0,0.0
Forest,0.0,0.0,99.9948169744088,0.0051830255911888565,0.0,0.0,0.0
Grassland,0.1296796329381192,0.0,0.0012688809485138866,99.76830233880136,0.000761328569108332,0.0,0.09998781874289427
Urban,0.0,0.0,0.0,0.0,100.0,0.0,0.0
Water,0.0,0.0,0.0,0.0,0.0,100.0,0.0
Other,0.00013657302764647798,0.0,0.000819438165878868,0.10270291679015144,0.0,0.0,99.89634107201633
