from_label,Crops,TreeCrops,Forest,Grassland,Urban,Water,Other
Crops,99.96252997601918,0.0,0.0,0.024355515587529977,0.0,0.0,0.013114508393285372
TreeCrops,0.0,0.0,0.0,0.0,0.0,0.0,0.0
Forest,0.0025913784837844492,0.0,99.98704310758107,0.010365513935137797,0.0,0.0,0.0
Grassland,0.027391353969844146,0.0,0.0017753655350824912,99.83336926335011,0.0007608709436067819,0.0,0.1367031462013518
Urban,0.0,0.0,0.0,0.0,100.0,0.0,0.0
Water,0.0,0.0,0.0,0.0,0.0,100.0,0.0
Other,0.0004092998380536974,0.0,0.00013643327935123248,0.0832243004042518,0.00013643327935123248,0.0,99.91609353319899
