from_label,Crops,TreeCrops,Forest,Grassland,Urban,Water,Other
Crops,99.9631913131499,0.0,0.0,0.022085212110057973,0.0,0.0,0.01472347474003865
TreeCrops,0.0,0.0,0.0,0.0,0.0,0.0,0.0
Forest,0.001295722818974565,0.0,99.98833849462923,0.01036578255179652,0.0,0.0,0.0
Grassland,0.0027915451710075192,0.0,0.0020302146698236503,99.85737741944489,0.0012688841686397817,0.0,0.1365319365456405
Urban,0.0,0.0,0.0,0.0,100.0,0.0,0.0
Water,0.0,0.0,0.0,0.0,0.0,100.0,0.0
Other,0.00013657377373822905,0.0,0.0,0.07402298536612015,0.0,0.0,99.92584044086014
