from_label,Crops,TreeCrops,Forest,Grassland,Urban,Water,Other
Crops,99.68332160450387,0.0,0.03518648838845883,0.28149190710767064,0.0,0.0,0.0
TreeCrops,0.0,54.929577464788736,2.8169014084507045,42.25352112676056,0.0,0.0,0.0
Forest,0.004292398162853587,0.0,99.83989354852557,0.15495557367901447,0.0008584796325707173,0.0,0.0
Grassland,0.003629425306427194,0.0,0.013999211896219176,99.98159362880313,0.0007777339942343988,0.0,0.0
Urban,0.0,0.0,0.0,0.0,100.0,0.0,0.0
Water,0.0,0.0,0.0,0.0,0.0,100.0,0.0
Other,0.0,0.0,0.0,0.0,0.0,0.0,100.0
