from_label,Crops,TreeCrops,Forest,Grassland,Urban,Water,Other
Crops,99.7212543554007,0.0,0.03484320557491289,0.24390243902439024,0.0,0.0,0.0
TreeCrops,0.0,100.0,0.0,0.0,0.0,0.0,0.0
Forest,0.0017404319752162487,0.0,99.84249090624293,0.15489844579424614,0.0008702159876081243,0.0,0.0
Grassland,0.0012859222377104413,0.0,0.013373591272188587,99.98456893314747,0.0007715533426262647,0.0,0.0
Urban,0.0,0.0,0.0,0.0,100.0,0.0,0.0
Water,0.0,0.0,0.0,0.0,0.0,100.0,0.0
Other,0.0,0.0,0.0,0.0,0.0,0.0,100.0
