from_label,Crops,TreeCrops,Forest,Grassland,Urban,Water,Other
Crops,99.66037735849056,0.0,0.03773584905660377,0.3018867924528302,0.0,0.0,0.0
TreeCrops,0.0,100.0,0.0,0.0,0.0,0.0,0.0
Forest,0.004194155863220189,0.0,99.84649389540614,0.14931194873063874,0.0,0.0,0.0
Grassland,0.003153405283530553,0.0,0.01524145887039767,99.98134235207245,0.000262783773627546,0.0,0.0
Urban,0.0,0.0,0.0,0.0,100.0,0.0,0.0
Water,0.0,0.0,0.0,0.0,0.0,100.0,0.0
Other,0.0,0.0,0.0,0.0,0.0,0.0,100.0
