from_label,Crops,TreeCrops,Forest,Grassland,Urban,Water,Other
Crops,99.66948218876239,0.0,0.03672420124862284,0.29379360998898274,0.0,0.0,0.0
TreeCrops,0.0,100.0,0.0,0.0,0.0,0.0,0.0
Forest,0.004220869667986391,0.0,99.84804869195249,0.14730835141272508,0.0004220869667986392,0.0,0.0
Grassland,0.003403569034852547,0.0,0.013614276139410188,99.98245852882037,0.0005236260053619303,0.0,0.0
Urban,0.0,0.0,0.0,0.0,100.0,0.0,0.0
Water,0.0,0.0,0.0,0.0,0.0,100.0,0.0
Other,0.0,0.0,0.0,0.0,0.0,0.0,100.0
