from_label,Crops,TreeCrops,Forest,Grassland,Urban,Water,Other
Crops,99.1292232671543,0.0,0.06966213862765587,0.8011145942180424,0.0,0.0,0.0
TreeCrops,0.0,37.77777777777778,2.2222222222222223,60.0,0.0,0.0,0.0
Forest,0.00130708133095735,0.0,99.8405360776232,0.15772114726885356,0.00043569377698578335,0.0,0.0
Grassland,0.0015419051265775617,0.0,0.013363177763672202,99.98432396454646,0.0007709525632887808,0.0,0.0
Urban,0.0,0.0,0.0,0.0,100.0,0.0,0.0
Water,0.0,0.0,0.0,0.0,0.0,100.0,0.0
Other,0.0,0.0,0.0,0.0,0.0,0.0,100.0
