from_label,Crops,TreeCrops,Forest,Grassland,Urban,Water,Other
Crops,99.74883387154647,0.0,0.03588087549336204,0.2152852529601722,0.0,0.0,0.0
TreeCrops,0.0,100.0,0.0,0.0,0.0,0.0,0.0
Forest,0.0046727185451703205,0.0,99.84197715465424,0.15250054161055865,0.0008495851900309673,0.0,0.0
Grassland,0.00365147219534333,0.0020865555401961885,0.01408424989632427,99.97965608348308,0.0005216388850490471,0.0,0.0
Urban,0.0,0.0,0.0,0.0,100.0,0.0,0.0
Water,0.0,0.0,0.0,0.0,0.0,100.0,0.0
Other,0.0,0.0,0.0,0.0,0.0,0.0,100.0
