from_label,Crops,TreeCrops,Forest,Grassland,Urban,Water,Other
Crops,99.6678966789668,0.0,0.03690036900369004,0.2952029520295203,0.0,0.0,0.0
TreeCrops,0.0,100.0,0.0,0.0,0.0,0.0,0.0
Forest,0.0013226113638768386,0.0004408704546256128,99.84745882269954,0.15077769548195957,0.0,0.0,0.0
Grassland,0.0012755459974642144,0.006122620787828229,0.01862297156297753,99.97372375245223,0.0002551091994928429,0.0,0.0
Urban,0.0,0.0,0.0,0.0,100.0,0.0,0.0
Water,0.0,0.0,0.0,0.0,0.0,100.0,0.0
Other,0.0,0.0,0.0,0.0,0.0,0.0,100.0
