from_label,Crops,TreeCrops,Forest,Grassland,Urban,Water,Other
Crops,99.65583173996177,0.0,0.03824091778202677,0.30592734225621415,0.0,0.0,0.0
TreeCrops,0.0,100.0,0.0,0.0,0.0,0.0,0.0
Forest,0.0037605137697479204,0.0,99.84832594462017,0.14791354161008485,0.0,0.0,0.0
Grassland,0.002897146047766037,0.0,0.015802614805996564,99.98103686223281,0.0002633769134332761,0.0,0.0
Urban,0.0,0.0,0.0,0.0,100.0,0.0,0.0
Water,0.0,0.0,0.0,0.0,0.0,100.0,0.0
Other,0.0,0.0,0.0,0.0,0.0,0.0,100.0
