from_label,Crops,TreeCrops,Forest,Grassland,Urban,Water,Other
Crops,99.68586387434554,0.0,0.034904013961605584,0.2792321116928447,0.0,0.0,0.0
TreeCrops,0.0,68.25396825396825,1.5873015873015872,30.158730158730158,0.0,0.0,0.0
Forest,0.0034761147465477834,0.0008690286866369459,99.84140226468877,0.15338356319142094,0.0008690286866369459,0.0,0.0
Grassland,0.001544385643391059,0.0,0.012612482754360315,99.98507093878055,0.0007721928216955295,0.0,0.0
Urban,0.0,0.0,0.0,0.0,100.0,0.0,0.0
Water,0.0,0.0,0.0,0.0,0.0,100.0,0.0
Other,0.0,0.0,0.0,0.0,0.0,0.0,100.0
