from_label,Crops,TreeCrops,Forest,Grassland,Urban,Water,Other
Crops,99.67974379503602,0.0,0.040032025620496396,0.28022417934347477,0.0,0.0,0.0
TreeCrops,0.0,100.0,0.0,0.0,0.0,0.0,0.0
Forest,0.00413093408681571,0.0,99.84922090583123,0.14664816008195775,0.0,0.0,0.0
Grassland,0.0026521189104034668,0.0,0.01750398480866288,99.97957868438989,0.0002652118910403467,0.0,0.0
Urban,0.0,0.0,0.0,0.0,100.0,0.0,0.0
Water,0.0,0.0,0.0,0.0,0.0,100.0,0.0
Other,0.0,0.0,0.0,0.0,0.0,0.0,100.0
