from_label,Crops,TreeCrops,Forest,Grassland,Urban,Water,Other
Crops,99.74131559497414,0.0,0.0,0.2586844050258684,0.0,0.0,0.0
TreeCrops,0.0,96.55172413793103,1.7241379310344827,1.7241379310344827,0.0,0.0,0.0
Forest,0.0017800245643389877,0.0,99.84202281991492,0.15486213709749194,0.0013350184232542408,0.0,0.0
Grassland,0.0010151434016947819,0.0012689292521184774,0.011927934969913687,99.98528042067542,0.0005075717008473909,0.0,0.0
Urban,0.0,0.0,0.0,0.0,100.0,0.0,0.0
Water,0.0,0.0,0.0,0.0,0.0,100.0,0.0
Other,0.0,0.0,0.0,0.0,0.0,0.0,100.0
