from_label,Crops,TreeCrops,Forest,Grassland,Urban,Water,Other
Crops,99.66752862947914,0.0,0.03694126339120798,0.2955301071296638,0.0,0.0,0.0
TreeCrops,0.0,100.0,0.0,0.0,0.0,0.0,0.0
Forest,0.0017824597052702878,0.0,99.84091547130463,0.15596522421115017,0.0013368447789527157,0.0,0.0
Grassland,0.0012679703092072397,0.0022823465565730314,0.011665326844706605,99.98376998004215,0.0010143762473657917,0.0,0.0
Urban,0.0,0.0,0.0,0.0,100.0,0.0,0.0
Water,0.0,0.0,0.0,0.0,0.0,100.0,0.0
Other,0.0,0.0,0.0,0.0,0.0,0.0,100.0
