from_label,Crops,TreeCrops,Forest,Grassland,Urban,Water,Other
Crops,99.67332123411978,0.0,0.03629764065335753,0.2903811252268602,0.0,0.0,0.0
TreeCrops,0.0,100.0,0.0,0.0,0.0,0.0,0.0
Forest,0.0012695027357783955,0.0,99.84977550959955,0.14895498766466508,0.0,0.0,0.0
Grassland,0.0007842727177663913,0.0,0.014639757398305971,99.98405312140541,0.0005228484785109275,0.0,0.0
Urban,0.0,0.0,0.0,0.0,100.0,0.0,0.0
Water,0.0,0.0,0.0,0.0,0.0,100.0,0.0
Other,0.0,0.0,0.0,0.0,0.0,0.0,100.0
