from_label,Crops,TreeCrops,Forest,Grassland,Urban,Water,Other
Crops,99.74112426035504,0.0,0.03698224852071006,0.22189349112426035,0.0,0.0,0.0
TreeCrops,0.0,100.0,0.0,0.0,0.0,0.0,0.0
Forest,0.0017775170752734044,0.0,99.8378015668813,0.15953215750578806,0.0008887585376367022,0.0,0.0
Grassland,0.0012698831961436188,0.0035556729492021324,0.011936902043750017,99.98247561189322,0.0007619299176861713,0.0,0.0
Urban,0.0,0.0,0.0,0.0,100.0,0.0,0.0
Water,0.0,0.0,0.0,0.0,0.0,100.0,0.0
Other,0.0,0.0,0.0,0.0,0.0,0.0,100.0
