from_label,Crops,TreeCrops,Forest,Grassland,Urban,Water,Other
Crops,99.68266560888537,0.0,0.039666798889329634,0.2776675922253074,0.0,0.0,0.0
TreeCrops,0.0,95.0,2.5,2.5,0.0,0.0,0.0
Forest,0.004969335061557638,0.0,99.84926350313276,0.14576716180569071,0.0,0.0,0.0
Grassland,0.004236895414884744,0.0,0.01350510413494512,99.98199319448673,0.0002648059634302965,0.0,0.0
Urban,0.0,0.0,0.0,0.0,100.0,0.0,0.0
Water,0.0,0.0,0.0,0.0,0.0,100.0,0.0
Other,0.0,0.0,0.0,0.0,0.0,0.0,100.0
