from_label,Crops,TreeCrops,Forest,Grassland,Urban,Water,Other
Crops,99.68298696724199,0.0,0.03522367030644593,0.28178936245156744,0.0,0.0,0.0
TreeCrops,0.0,100.0,0.0,0.0,0.0,0.0,0.0
Forest,0.002143282737572175,0.00042865654751443507,99.84311170360972,0.15345904401016772,0.0008573130950288701,0.0,0.0
Grassland,0.001816077997955615,0.004929354565879527,0.012453106271695645,99.98028258173647,0.0005188794279873186,0.0,0.0
Urban,0.0,0.0,0.0,0.0,100.0,0.0,0.0
Water,0.0,0.0,0.0,0.0,0.0,100.0,0.0
Other,0.0,0.0,0.0,0.0,0.0,0.0,100.0
