from_label,Crops,TreeCrops,Forest,Grassland,Urban,Water,Other
Crops,99.71955128205127,0.0,0.04006410256410256,0.2403846153846154,0.0,0.0,0.0
TreeCrops,0.0,100.0,0.0,0.0,0.0,0.0,0.0
Forest,0.0020627743489884153,0.0,99.84611703356546,0.15140763721574968,0.00041255486979768313,0.0,0.0
Grassland,0.0010617261012090407,0.0,0.014864165416926568,99.98380867695657,0.0002654315253022602,0.0,0.0
Urban,0.0,0.0,0.0,0.0,100.0,0.0,0.0
Water,0.0,0.0,0.0,0.0,0.0,100.0,0.0
Other,0.0,0.0,0.0,0.0,0.0,0.0,100.0
