from_label,Crops,TreeCrops,Forest,Grassland,Urban,Water,Other
Crops,99.6678966789668,0.0,0.03690036900369004,0.2952029520295203,0.0,0.0,0.0
TreeCrops,0.0,100.0,0.0,0.0,0.0,0.0,0.0
Forest,0.0017677135950433312,0.0,99.84753470242751,0.15069758397744396,0.0,0.0,0.0
Grassland,0.0012738821047589687,0.00611463410284305,0.011719715363782513,99.98063699200766,0.00025477642095179373,0.0,0.0
Urban,0.0,0.0,0.0,0.0,100.0,0.0,0.0
Water,0.0,0.0,0.0,0.0,0.0,100.0,0.0
Other,0.0,0.0,0.0,0.0,0.0,0.0,100.0
