from_label,Crops,TreeCrops,Forest,Grassland,Urban,Water,Other
Crops,99.68298696724199,0.0,0.03522367030644593,0.28178936245156744,0.0,0.0,0.0
TreeCrops,0.0,100.0,0.0,0.0,0.0,0.0,0.0
Forest,0.0017102568378206198,0.0,99.84864226985287,0.14921990909984906,0.00042756420945515495,0.0,0.0
Grassland,0.0012992547474768472,0.0010394037979814777,0.013772100323254582,99.98336953923229,0.0005197018989907389,0.0,0.0
Urban,0.0,0.0,0.0,0.0,100.0,0.0,0.0
Water,0.0,0.0,0.0,0.0,0.0,100.0,0.0
Other,0.0,0.0,0.0,0.0,0.0,0.0,100.0
