from_label,Crops,TreeCrops,Forest,Grassland,Urban,Water,Other
Crops,99.74093264248705,0.0,0.03700962250185048,0.22205773501110287,0.0,0.0,0.0
TreeCrops,0.0,97.22222222222221,0.0,2.7777777777777777,0.0,0.0,0.0
Forest,0.006097932800780535,0.0030489664003902676,99.85364961278127,0.13415452161717178,0.0030489664003902676,0.0,0.0
Grassland,0.1580647378187066,0.0068723799051611575,0.32987423544773553,99.4502096075871,0.0481066593361281,0.0,0.0068723799051611575
Urban,0.0,0.0,0.0,0.0,100.0,0.0,0.0
Water,0.0,0.0,0.0,0.0,0.0,100.0,0.0
Other,0.4149377593360996,0.0,0.8298755186721992,9.54356846473029,0.0,0.0,89.21161825726142
