from_label,Crops,TreeCrops,Forest,Grassland,Urban,Water,Other
Crops,99.64664310954063,0.0,0.0706713780918728,0.24734982332155478,0.0353356890459364,0.0,0.0
TreeCrops,0.0,100.0,0.0,0.0,0.0,0.0,0.0
Forest,0.010237859604818619,0.020475719209637238,99.64167491383135,0.31054840801283146,0.006825239736545746,0.0,0.010237859604818619
Grassland,0.039666798889329634,0.011333371111237037,0.017000056666855556,99.88099960333201,0.04533348444494815,0.0,0.0056666855556185185
Urban,0.0,0.0,0.0,0.0,100.0,0.0,0.0
Water,0.0,0.0,0.0,0.0,0.0,100.0,0.0
Other,0.0,0.0,0.0,0.8547008547008548,0.0,0.0,99.14529914529915
