from_label,Crops,TreeCrops,Forest,Grassland,Urban,Water,Other
Crops,99.74321349963317,0.0,0.07336757153338225,0.18341892883345562,0.0,0.0,0.0
TreeCrops,0.0,100.0,0.0,0.0,0.0,0.0,0.0
Forest,0.015209588124353593,0.0030419176248707184,99.71101782563728,0.24943724523939895,0.015209588124353593,0.0,0.006083835249741437
Grassland,0.020654044750430294,0.0,0.2065404475043029,99.73838209982789,0.027538726333907058,0.0,0.0068846815834767644
Urban,0.0,0.0,0.0,0.0,100.0,0.0,0.0
Water,0.0,0.0,0.0,0.0,0.0,100.0,0.0
Other,0.0,0.0,0.0,0.8130081300813009,0.0,0.0,99.1869918699187
