from_label,Crops,TreeCrops,Forest,Grassland,Urban,Water,Other
Crops,99.77744807121661,0.0,0.0370919881305638,0.185459940652819,0.0,0.0,0.0
TreeCrops,0.0,100.0,0.0,0.0,0.0,0.0,0.0
Forest,0.0030389594602808,0.0,99.80246763508175,0.19145444599769038,0.0030389594602808,0.0,0.0
Grassland,0.041390728476821195,0.006898454746136865,0.3173289183222958,99.57229580573951,0.05518763796909492,0.0,0.006898454746136865
Urban,0.0,0.0,0.0,0.0,100.0,0.0,0.0
Water,0.0,0.0,0.0,0.0,0.0,100.0,0.0
Other,0.0,0.0,0.39370078740157477,0.39370078740157477,0.0,0.0,99.21259842519686
