from_label,Crops,TreeCrops,Forest,Grassland,Urban,Water,Other
Crops,98.72077635641817,0.0,0.22055580061755625,0.9704455227172474,0.044111160123511246,0.0,0.044111160123511246
TreeCrops,0.0,99.03121636167921,0.8611410118406888,0.1076426264800861,0.0,0.0,0.0
Forest,0.003465723989741457,0.006931447979482914,99.84404242046163,0.13516323559991683,0.006931447979482914,0.0,0.003465723989741457
Grassland,0.0793425899688297,0.07367526211391329,0.2663644091810711,99.52394446018702,0.03967129498441485,0.0,0.01700198356474922
Urban,0.0,0.0,0.0,0.0,100.0,0.0,0.0
Water,0.0,0.0,0.0,0.0,0.0,100.0,0.0
Other,0.0,0.0,0.0,0.5524861878453038,0.0,0.0,99.4475138121547
