from_label,Crops,TreeCrops,Forest,Grassland,Urban,Water,Other
Crops,98.99062725306416,0.7209805335255948,0.07209805335255948,0.21629416005767843,0.0,0.0,0.0
TreeCrops,0.0,96.33699633699634,3.6630036630036633,0.0,0.0,0.0,0.0
Forest,0.04158580537843083,0.02772387025228722,99.64998613806488,0.2668422511782645,0.006930967563071805,0.0,0.006930967563071805
Grassland,0.2677674885640968,0.19524712707798728,0.22313957380341404,99.18554055561754,0.0669418721410242,0.0,0.06136338279593886
Urban,0.0,0.0,0.0,0.0,100.0,0.0,0.0
Water,0.0,0.0,0.0,0.0,0.0,100.0,0.0
Other,0.0,0.0,0.0,0.6993006993006993,0.0,0.0,99.3006993006993
