from_label,Crops,TreeCrops,Forest,Grassland,Urban,Water,Other
Crops,98.37728194726166,1.1359026369168357,0.36511156186612576,0.12170385395537525,0.0,0.0,0.0
TreeCrops,0.0,99.73166368515206,0.26833631484794274,0.0,0.0,0.0,0.0
Forest,0.0033729087965461415,0.9680248246087425,98.89368591473287,0.13154344306529953,0.0033729087965461415,0.0,0.0
Grassland,0.07328691828508611,3.768169048491511,1.0504458287529008,95.05313301575669,0.04885794552339074,0.0,0.0061072431904238425
Urban,0.0,0.0,0.0,0.0,100.0,0.0,0.0
Water,0.0,0.0,0.0,0.0,0.0,100.0,0.0
Other,0.0,0.5714285714285714,3.428571428571429,0.5714285714285714,0.0,0.0,95.42857142857143
