from_label,Crops,TreeCrops,Forest,Grassland,Urban,Water,Other
Crops,99.71479500891266,0.0,0.07130124777183601,0.17825311942959002,0.035650623885918005,0.0,0.0
TreeCrops,0.0,96.11111111111111,2.2222222222222223,1.6666666666666667,0.0,0.0,0.0
Forest,0.05792163543441226,0.010221465076660987,99.67972742759795,0.2282793867120954,0.02385008517887564,0.0,0.0
Grassland,0.09072352007257882,0.0,0.2324790201859832,99.63143569970515,0.039691540031753236,0.0,0.005670220004536176
Urban,0.0,0.0,0.0,0.0,100.0,0.0,0.0
Water,0.0,0.0,0.0,0.0,0.0,100.0,0.0
Other,0.0,0.0,0.0,0.8547008547008548,0.0,0.0,99.14529914529915
