from_label,Crops,TreeCrops,Forest,Grassland,Urban,Water,Other
Crops,98.65724381625441,0.3180212014134276,0.1413427561837456,0.8480565371024734,0.0353356890459364,0.0,0.0
TreeCrops,0.0,100.0,0.0,0.0,0.0,0.0,0.0
Forest,0.013697222888059446,0.010272917166044584,99.66784234496457,0.29106598637126324,0.006848611444029723,0.0,0.010272917166044584
Grassland,0.039492242595204514,0.03385049365303244,0.22002820874471085,99.62764456981664,0.06770098730606489,0.0,0.011283497884344146
Urban,0.0,0.0,0.0,0.0,100.0,0.0,0.0
Water,0.0,0.0,0.0,0.0,0.0,100.0,0.0
Other,0.0,0.0,0.0,0.8333333333333334,0.0,0.0,99.16666666666667
