from_label,Crops,TreeCrops,Forest,Grassland,Urban,Water,Other
Crops,99.02145276627776,0.03763643206624012,0.07527286413248024,0.8280015054572827,0.03763643206624012,0.0,0.0
TreeCrops,0.0,100.0,0.0,0.0,0.0,0.0,0.0
Forest,0.026389576117433613,0.013194788058716806,98.3044697344549,1.6064654461487713,0.03298697014679201,0.0,0.016493485073396007
Grassland,0.005860977611065525,0.01172195522213105,0.07619270894385184,99.89450240300081,0.005860977611065525,0.0,0.005860977611065525
Urban,0.0,0.0,0.0,0.0,100.0,0.0,0.0
Water,0.0,0.0,0.0,0.0,0.0,100.0,0.0
Other,0.0,0.0,0.0,0.8064516129032258,0.0,0.0,99.19354838709677
