from_label,Crops,TreeCrops,Forest,Grassland,Urban,Water,Other
Crops,99.01679639492012,0.0,0.7783695206882425,0.1638672675133142,0.04096681687832855,0.0,0.0
TreeCrops,0.0,97.49536178107606,1.0204081632653061,1.391465677179963,0.0927643784786642,0.0,0.0
Forest,0.006672226855713094,0.0,99.87322768974146,0.11676396997497916,0.003336113427856547,0.0,0.0
Grassland,0.037250884708511824,0.0,0.9374805984975476,98.98801763208542,0.037250884708511824,0.0,0.0
Urban,0.0,0.0,0.0,0.0,100.0,0.0,0.0
Water,0.0,0.0,0.0,0.0,0.0,100.0,0.0
Other,0.0,0.0,3.1055900621118013,0.6211180124223602,0.0,0.0,96.27329192546584
