from_label,Crops,TreeCrops,Forest,Grassland,Urban,Water,Other
Crops,97.75481111903065,0.24946543121881684,0.1781895937277263,1.7462580185317176,0.03563791874554526,0.0,0.03563791874554526
TreeCrops,0.0,95.70552147239265,4.294478527607362,0.0,0.0,0.0,0.0
Forest,0.003471378484396153,0.01735689242198077,99.66327628701357,0.2985385496580692,0.006942756968792306,0.0,0.01041413545318846
Grassland,0.02798925212718316,0.14554411106135245,0.1735333631885356,99.52418271383789,0.06157635467980296,0.0,0.06717420510523958
Urban,0.0,0.0,0.0,0.0,100.0,0.0,0.0
Water,0.0,0.0,0.0,0.0,0.0,100.0,0.0
Other,0.0,0.0,0.0,0.6451612903225806,0.0,0.0,99.35483870967742
