from_label,Crops,TreeCrops,Forest,Grassland,Urban,Water,Other
Crops,98.75091844232182,0.0,0.07347538574577515,1.1756061719324025,0.0,0.0,0.0
TreeCrops,0.0,100.0,0.0,0.0,0.0,0.0,0.0
Forest,0.02785946447918279,0.003095496053242532,98.2603312180777,1.6653768766444823,0.024763968425940256,0.0,0.018572976319455193
Grassland,0.0066269052352551355,0.0,0.13916500994035785,99.83432736911863,0.013253810470510271,0.0,0.0066269052352551355
Urban,0.0,0.0,0.0,0.0,100.0,0.0,0.0
Water,0.0,0.0,0.0,0.0,0.0,100.0,0.0
Other,0.0,0.0,0.0,0.9708737864077669,0.0,0.0,99.02912621359224
