from_label,Crops,TreeCrops,Forest,Grassland,Urban,Water,Other
Crops,99.63470319634703,0.0,0.091324200913242,0.273972602739726,0.0,0.0,0.0
TreeCrops,0.0,98.61702127659574,0.7446808510638299,0.6382978723404255,0.0,0.0,0.0
Forest,0.048550423082258286,0.006935774726036899,99.85088084339021,0.08669718407546123,0.006935774726036899,0.0,0.0
Grassland,0.40024804103951744,0.0,0.28750211398613224,99.25587688144766,0.050735667174023336,0.0,0.00563729635266926
Urban,0.0,0.0,0.0,0.0,100.0,0.0,0.0
Water,0.0,0.0,0.0,0.0,0.0,100.0,0.0
Other,0.0,0.0,0.5494505494505495,0.5494505494505495,0.0,0.0,98.9010989010989
