from_label,Crops,TreeCrops,Forest,Grassland,Urban,Water,Other
Crops,99.18458117123795,0.0,0.07412898443291327,0.7412898443291327,0.0,0.0,0.0
TreeCrops,0.0,100.0,0.0,0.0,0.0,0.0,0.0
Forest,0.031480198954857395,0.025184159163885916,98.44173015173456,1.4575332116098974,0.028332179059371652,0.0,0.015740099477428698
Grassland,0.006395497569710924,0.03197748784855462,0.09593246354566384,99.84650805832693,0.012790995139421849,0.0,0.006395497569710924
Urban,0.0,0.0,0.0,0.0,100.0,0.0,0.0
Water,0.0,0.0,0.0,0.0,0.0,100.0,0.0
Other,0.0,0.0,0.0,0.9174311926605505,0.0,0.0,99.08256880733946
