from_label,Crops,TreeCrops,Forest,Grassland,Urban,Water,Other
Crops,99.74330766409975,0.0,0.0,0.2566923359002567,0.0,0.0,0.0
TreeCrops,0.0,100.0,0.0,0.0,0.0,0.0,0.0
Forest,0.006095516747432263,0.0030477583737161316,99.8140867392033,0.17372222730181952,0.0030477583737161316,0.0,0.0
Grassland,0.10291595197255575,0.020583190394511147,0.3018867924528302,99.51286449399657,0.0548885077186964,0.0,0.00686106346483705
Urban,0.0,0.0,0.0,0.0,100.0,0.0,0.0
Water,0.0,0.0,0.0,0.0,0.0,100.0,0.0
Other,0.8,0.0,1.6,17.599999999999998,0.0,0.0,80.0
