from_label,Crops,TreeCrops,Forest,Grassland,Urban,Water,Other
Crops,99.61875714830347,0.15249714067861228,0.03812428516965307,0.19062142584826536,0.0,0.0,0.0
TreeCrops,0.0,100.0,0.0,0.0,0.0,0.0,0.0
Forest,0.03405646561999796,0.030650819057998165,99.70030310254401,0.21796137996798692,0.01702823280999898,0.0,0.0
Grassland,0.061087354917532075,0.0444271672127506,0.22768923196534682,99.62236907869162,0.038873771311156775,0.0,0.005553395901593825
Urban,0.0,0.0,0.0,0.0,100.0,0.0,0.0
Water,0.0,0.0,0.0,0.0,0.0,100.0,0.0
Other,0.0,0.0,0.0,0.7462686567164178,0.0,0.0,99.25373134328358
