from_label,Crops,TreeCrops,Forest,Grassland,Urban,Water,Other
Crops,99.74045235446792,0.0,0.0,0.25954764553207266,0.0,0.0,0.0
TreeCrops,0.0,95.83333333333334,4.166666666666666,0.0,0.0,0.0,0.0
Forest,0.009126030480941807,0.0060840203206278705,99.81747939038115,0.1642685486569525,0.0030420101603139352,0.0,0.0
Grassland,0.0413564929693962,0.006892748828232699,0.30328094844223874,99.58643507030604,0.055141990625861594,0.0,0.006892748828232699
Urban,0.0,0.0,0.0,0.0,100.0,0.0,0.0
Water,0.0,0.0,0.0,0.0,0.0,100.0,0.0
Other,0.0,0.0,0.796812749003984,3.5856573705179287,0.0,0.0,95.61752988047809
