from_label,Crops,TreeCrops,Forest,Grassland,Urban,Water,Other
Crops,98.87780548628429,0.997506234413965,0.0831255195344971,0.04156275976724855,0.0,0.0,0.0
TreeCrops,0.0,99.80099502487563,0.0,0.1990049751243781,0.0,0.0,0.0
Forest,0.003429472890016804,0.9225282074145204,98.94372234987483,0.12689049693062177,0.003429472890016804,0.0,0.0
Grassland,0.11132595066502607,4.247963906954942,0.32811859143376104,95.2539989453331,0.05273334505185445,0.0,0.005859260561317162
Urban,0.0,0.0,0.0,0.0,100.0,0.0,0.0
Water,0.0,0.0,0.0,0.0,0.0,100.0,0.0
Other,0.0,0.0,1.1111111111111112,0.5555555555555556,0.0,0.0,98.33333333333333
