from_label,Crops,TreeCrops,Forest,Grassland,Urban,Water,Other
Crops,99.70637583892618,0.0,0.2936241610738255,0.0,0.0,0.0,0.0
TreeCrops,0.0,99.6299722479186,0.0,0.37002775208140615,0.0,0.0,0.0
Forest,0.03728560775540641,0.016948003525184732,99.8339095654532,0.1084672225611823,0.003389600705036947,0.0,0.0
Grassland,0.46260138179633525,0.21628116551516974,1.1174526884950435,98.14959447281466,0.04806248122559327,0.0,0.006007810153199159
Urban,0.0,0.0,0.0,0.0,100.0,0.0,0.0
Water,0.0,0.0,0.0,0.0,0.0,100.0,0.0
Other,0.0,0.0,1.1299435028248588,0.5649717514124294,0.0,0.0,98.30508474576271
