from_label,Crops,TreeCrops,Forest,Grassland,Urban,Water,Other
Crops,99.74274163910327,0.0,0.03675119441381845,0.2205071664829107,0.0,0.0,0.0
TreeCrops,0.0,94.5945945945946,5.405405405405405,0.0,0.0,0.0,0.0
Forest,0.006097375080028048,0.009146062620042071,99.84146824791928,0.14023962684064512,0.003048687540014024,0.0,0.0
Grassland,0.12375386730835339,0.0,0.446888965280165,99.3674802337573,0.05500171880371262,0.0,0.006875214850464078
Urban,0.0,0.0,0.0,0.0,100.0,0.0,0.0
Water,0.0,0.0,0.0,0.0,0.0,100.0,0.0
Other,0.4629629629629629,0.0,1.3888888888888888,9.722222222222223,0.0,0.0,88.42592592592592
