from_label,Crops,TreeCrops,Forest,Grassland,Urban,Water,Other
Crops,97.78820657435078,1.5951849825329352,0.307251988720064,0.29041626331074544,0.014731259733153753,0.0,0.004208931352329643
TreeCrops,0.007791803023219573,81.93080878915382,6.108773570204145,11.905875019479508,0.04675081813931744,0.0,0.0
Forest,0.017040496136626913,0.22944425606185528,99.62889586191346,0.11842284183837691,0.005163786708068761,0.0,0.0010327573416137523
Grassland,0.17277165837205463,0.9452319739604217,0.5625398023445055,98.26815576573814,0.044224827228341625,0.0,0.00707597235653466
Urban,0.0,0.0,0.0,0.0,100.0,0.0,0.0
Water,0.0,0.0,0.0,0.0,0.0,100.0,0.0
Other,0.0,0.02826455624646693,0.9892594686263425,0.4239683436970039,0.0,0.0,98.55850763143017
