from_label,Crops,TreeCrops,Forest,Grassland,Urban,Water,Other
Crops,99.6822033898305,0.1059322033898305,0.211864406779661,0.0,0.0,0.0,0.0
TreeCrops,0.0,92.20779220779221,2.5974025974025974,5.194805194805195,0.0,0.0,0.0
Forest,0.0043805852461888915,0.11389521640091116,99.8422989311372,0.03942526721570002,0.0,0.0,0.0
Grassland,0.008706251088281387,0.0,0.11318126414765803,99.79104997388126,0.008706251088281387,0.0,0.07835625979453248
Urban,0.0,0.0,0.0,0.0,100.0,0.0,0.0
Water,0.0,0.0,0.0,0.0,0.0,100.0,0.0
Other,0.0,0.0,0.0,0.11010790574763268,0.0,0.0,99.88989209425236
