from_label,Crops,TreeCrops,Forest,Grassland,Urban,Water,Other
Crops,99.56331877729258,0.08733624454148471,0.26200873362445415,0.08733624454148471,0.0,0.0,0.0
TreeCrops,0.0,100.0,0.0,0.0,0.0,0.0,0.0
Forest,0.004626844954425577,0.0,99.9629852403646,0.03238791468097904,0.0,0.0,0.0
Grassland,0.08979591836734693,0.0,0.4897959183673469,99.35510204081632,0.00816326530612245,0.0,0.05714285714285715
Urban,0.0,0.0,0.0,0.0,100.0,0.0,0.0
Water,0.0,0.0,0.0,0.0,0.0,100.0,0.0
Other,0.0,0.0,0.0,0.5532786885245902,0.0,0.0,99.4467213114754
