from_label,Crops,TreeCrops,Forest,Grassland,Urban,Water,Other
Crops,99.91836734693878,0.0,0.0816326530612245,0.0,0.0,0.0,0.0
TreeCrops,0.0,100.0,0.0,0.0,0.0,0.0,0.0
Forest,0.0,0.004520182615377661,99.96383853907697,0.03164127830764363,0.0,0.0,0.0
Grassland,0.016723806338322603,0.0,0.46826657747303285,99.45647629400452,0.008361903169161302,0.0,0.0501714190149678
Urban,0.0,0.0,0.0,0.0,100.0,0.0,0.0
Water,0.0,0.0,0.0,0.0,0.0,100.0,0.0
Other,0.0,0.0,0.4152097902097902,0.08741258741258741,0.0,0.0,99.49737762237763
