from_label,Crops,TreeCrops,Forest,Grassland,Urban,Water,Other
Crops,94.8936170212766,0.0,1.3829787234042552,2.2340425531914896,0.10638297872340426,0.0,1.3829787234042552
TreeCrops,0.0,89.7196261682243,10.2803738317757,0.0,0.0,0.0,0.0
Forest,0.004383273428596476,0.0,99.97370035942842,0.02191636714298238,0.0,0.0,0.0
Grassland,0.008716116098666436,0.0,0.04358058049333217,99.90412272291466,0.0,0.0,0.04358058049333217
Urban,0.0,0.0,0.0,0.0,100.0,0.0,0.0
Water,0.0,0.0,0.0,0.0,0.0,100.0,0.0
Other,0.0,0.0,0.0,0.04406256884776382,0.0,0.0,99.95593743115224
