from_label,Crops,TreeCrops,Forest,Grassland,Urban,Water,Other
Crops,99.59839357429718,0.0,0.4016064257028112,0.0,0.0,0.0,0.0
TreeCrops,0.0,100.0,0.0,0.0,0.0,0.0,0.0
Forest,0.008932958149091072,0.0,99.95980168832908,0.03126535352181875,0.0,0.0,0.0
Grassland,0.0767067246228586,0.0,0.5028551947498509,99.36077729480951,0.008522969402539845,0.0,0.051137816415239075
Urban,0.0,0.0,0.0,0.0,100.0,0.0,0.0
Water,0.0,0.0,0.0,0.0,0.0,100.0,0.0
Other,0.0,0.0,0.35484586382789973,0.04435573297848747,0.0,0.0,99.60079840319361
