from_label,Crops,TreeCrops,Forest,Grassland,Urban,Water,Other
Crops,99.50396825396825,0.0,0.3968253968253968,0.0992063492063492,0.0,0.0,0.0
TreeCrops,0.0,0.0,0.0,0.0,0.0,0.0,0.0
Forest,0.0,0.0,99.96044890492905,0.03955109507094477,0.0,0.0,0.0
Grassland,0.05195576337860907,0.0,0.4972908780524011,99.39879759519037,0.0,0.0,0.05195576337860907
Urban,0.0,0.0,0.0,0.0,100.0,0.0,0.0
Water,0.0,0.0,0.0,0.0,0.0,100.0,0.0
Other,0.0,0.0,0.2308580223162755,0.2308580223162755,0.0,0.0,99.53828395536745
