from_label,Crops,TreeCrops,Forest,Grassland,Urban,Water,Other
Crops,99.74248927038627,0.0,0.2575107296137339,0.0,0.0,0.0,0.0
TreeCrops,0.0,0.0,0.0,0.0,0.0,0.0,0.0
Forest,0.00946611132146914,0.0,99.96213555471412,0.028398333964407423,0.0,0.0,0.0
Grassland,0.22426912294753704,0.0,0.4885863035642772,99.19903884661593,0.008009611533840609,0.0,0.08009611533840609
Urban,0.0,0.0,0.0,0.0,100.0,0.0,0.0
Water,0.0,0.0,0.0,0.0,0.0,100.0,0.0
Other,0.0,0.0,0.019538882375928098,0.11723329425556857,0.0,0.0,99.8632278233685
