from_label,Crops,TreeCrops,Forest,Grassland,Urban,Water,Other
Crops,94.33229813664596,0.07763975155279502,4.891304347826087,0.6211180124223602,0.0,0.0,0.07763975155279502
TreeCrops,0.0,90.0,0.0,0.0,10.0,0.0,0.0
Forest,0.017762778098494605,0.008881389049247302,99.9422709711799,0.031084861672365557,0.0,0.0,0.0
Grassland,0.034578146611341634,0.0,0.07780082987551867,99.87897648686031,0.0,0.0,0.008644536652835409
Urban,0.0,0.0,0.0,0.0,100.0,0.0,0.0
Water,0.0,0.0,0.0,0.0,0.0,100.0,0.0
Other,0.0,0.0,0.022241992882562275,0.06672597864768684,0.0,0.0,99.91103202846975
