from_label,Crops,TreeCrops,Forest,Grassland,Urban,Water,Other
Crops,99.62264150943396,0.0,0.2830188679245283,0.09433962264150944,0.0,0.0,0.0
TreeCrops,0.0,0.0,0.0,0.0,0.0,0.0,0.0
Forest,0.004875908137890682,0.0,99.93173728606953,0.06338680579257887,0.0,0.0,0.0
Grassland,0.04548555833522856,0.0,0.5230839208551284,99.34045940413918,0.0,0.0,0.09097111667045713
Urban,0.0,0.0,0.0,0.0,100.0,0.0,0.0
Water,0.0,0.0,0.0,0.0,0.0,100.0,0.0
Other,0.0,0.0,0.0194325689856199,0.2137582588418189,0.0,0.0,99.76680917217257
