from_label,Crops,TreeCrops,Forest,Grassland,Urban,Water,Other
Crops,99.72997299729973,0.0,0.27002700270027,0.0,0.0,0.0,0.0
TreeCrops,0.0,0.0,0.0,0.0,0.0,0.0,0.0
Forest,0.009544716999140975,0.0,99.97136584900258,0.01908943399828195,0.0,0.0,0.0
Grassland,0.21243115656963021,0.0,0.47206923682140045,99.25255704169945,0.007867820613690008,0.0,0.05507474429583006
Urban,0.0,0.0,0.0,0.0,100.0,0.0,0.0
Water,0.0,0.0,0.0,0.0,0.0,100.0,0.0
Other,0.0,0.0,0.03902439024390244,0.23414634146341462,0.0,0.0,99.72682926829268
