from_label,Crops,TreeCrops,Forest,Grassland,Urban,Water,Other
Crops,99.59415584415584,0.16233766233766234,0.2435064935064935,0.0,0.0,0.0,0.0
TreeCrops,0.0,100.0,0.0,0.0,0.0,0.0,0.0
Forest,0.0,0.0,99.95763310266912,0.042366897330885465,0.0,0.0,0.0
Grassland,0.06505122784192552,0.0,0.45535859489347863,99.33322491462026,0.0,0.0,0.14636526264433242
Urban,0.0,0.0,0.0,0.0,100.0,0.0,0.0
Water,0.0,0.0,0.0,0.0,0.0,100.0,0.0
Other,0.0,0.0,0.0,0.8593750000000001,0.0,0.0,99.140625
