from_label,Crops,TreeCrops,Forest,Grassland,Urban,Water,Other
Crops,99.43555973659454,0.0,0.4703668861712135,0.09407337723424271,0.0,0.0,0.0
TreeCrops,0.0,0.0,0.0,0.0,0.0,0.0,0.0
Forest,0.0,0.0,99.93152359990218,0.06847640009782342,0.0,0.0,0.0
Grassland,0.022644927536231884,0.0,0.5208333333333333,99.40368357487924,0.0,0.0,0.05283816425120773
Urban,0.0,0.0,0.0,0.0,100.0,0.0,0.0
Water,0.0,0.0,0.0,0.0,0.0,100.0,0.0
Other,0.0,0.0,0.07766990291262137,0.13592233009708737,0.0,0.0,99.7864077669903
