from_label,Crops,TreeCrops,Forest,Grassland,Urban,Water,Other
Crops,99.73614775725594,0.0,0.2638522427440633,0.0,0.0,0.0,0.0
TreeCrops,0.0,0.0,0.0,0.0,0.0,0.0,0.0
Forest,0.009517917479655452,0.0,99.9666872888212,0.023794793699138627,0.0,0.0,0.0
Grassland,0.2454279154461246,0.0,0.49877286042276936,99.1370437811733,0.0158340590610403,0.0,0.10292138389676193
Urban,0.0,0.0,0.0,0.0,100.0,0.0,0.0
Water,0.0,0.0,0.0,0.0,0.0,100.0,0.0
Other,0.0,0.0,0.0,0.19538882375928096,0.0,0.0,99.80461117624073
