from_label,Crops,TreeCrops,Forest,Grassland,Urban,Water,Other
Crops,99.67400162999185,0.0,0.32599837000814996,0.0,0.0,0.0,0.0
TreeCrops,0.0,100.0,0.0,0.0,0.0,0.0,0.0
Forest,0.0,0.0,99.96827411167513,0.031725888324873094,0.0,0.0,0.0
Grassland,0.016648630650129028,0.0,0.5077832348289353,99.41729792724549,0.008324315325064514,0.0,0.049945891950387074
Urban,0.0,0.0,0.0,0.0,100.0,0.0,0.0
Water,0.0,0.0,0.0,0.0,0.0,100.0,0.0
Other,0.0,0.0,0.021834061135371178,0.19650655021834063,0.0,0.0,99.78165938864629
