from_label,Crops,TreeCrops,Forest,Grassland,Urban,Water,Other
Crops,99.65307892454467,0.0,0.3469210754553339,0.0,0.0,0.0,0.0
TreeCrops,0.0,100.0,0.0,0.0,0.0,0.0,0.0
Forest,0.0,0.0,99.96317945413541,0.03682054586459244,0.0,0.0,0.0
Grassland,0.016261484673550694,0.0,0.48784454020652085,99.4389787787625,0.0,0.0,0.056915196357427436
Urban,0.0,0.0,0.0,0.0,100.0,0.0,0.0
Water,0.0,0.0,0.0,0.0,0.0,100.0,0.0
Other,0.0,0.0,0.0,0.29742936052687485,0.0,0.0,99.70257063947312
