from_label,Crops,TreeCrops,Forest,Grassland,Urban,Water,Other
Crops,99.78791092258749,0.0,0.0,0.2120890774125133,0.0,0.0,0.0
TreeCrops,0.0,98.9795918367347,1.0204081632653061,0.0,0.0,0.0,0.0
Forest,0.0,0.0,99.96054189135867,0.03945810864132579,0.0,0.0,0.0
Grassland,0.017421602787456445,0.0,0.13066202090592335,99.79094076655052,0.008710801393728223,0.0,0.05226480836236934
Urban,0.0,0.0,0.0,0.0,100.0,0.0,0.0
Water,0.0,0.0,0.0,0.0,0.0,100.0,0.0
Other,0.0,0.0,0.0,0.39603960396039606,0.0,0.0,99.60396039603961
