from_label,Crops,TreeCrops,Forest,Grassland,Urban,Water,Other
Crops,99.88290398126463,0.0,0.117096018735363,0.0,0.0,0.0,0.0
TreeCrops,0.0,99.07407407407408,0.9259259259259258,0.0,0.0,0.0,0.0
Forest,0.01312910284463895,0.00437636761487965,99.95185995623632,0.030634573304157548,0.0,0.0,0.0
Grassland,0.008700948403375968,0.0,0.12181327764726356,99.82598103193247,0.008700948403375968,0.0,0.03480379361350387
Urban,0.0,0.0,0.0,0.0,100.0,0.0,0.0
Water,0.0,0.0,0.0,0.0,0.0,100.0,0.0
Other,0.0,0.0,0.06573181419807186,0.15337423312883436,0.0,0.0,99.78089395267308
