from_label,Crops,TreeCrops,Forest,Grassland,Urban,Water,Other
Crops,99.36051159072741,0.2398081534772182,0.31974420463629094,0.07993605115907274,0.0,0.0,0.0
TreeCrops,0.0,100.0,0.0,0.0,0.0,0.0,0.0
Forest,0.017809439002671415,0.0,99.96438112199466,0.017809439002671415,0.0,0.0,0.0
Grassland,0.3514185308991172,0.0,0.5142710208279764,99.07431216250964,0.008571183680466271,0.0,0.05142710208279763
Urban,0.0,0.0,0.0,0.0,100.0,0.0,0.0
Water,0.0,0.0,0.0,0.0,0.0,100.0,0.0
Other,0.0,0.0,0.06671114076050699,0.088948187680676,0.0,0.0,99.84434067155881
