from_label,Crops,TreeCrops,Forest,Grassland,Urban,Water,Other
Crops,97.2744970798183,0.0,0.5678131083711876,2.138221933809215,0.01946787800129786,0.0,0.0
TreeCrops,0.0,100.0,0.0,0.0,0.0,0.0,0.0
Forest,0.004002232824628477,0.0,99.79567548211106,0.19969035356567347,0.000631931498625549,0.0,0.0
Grassland,0.008805659103583902,0.0,0.1635336690665582,99.82472545212866,0.0029352197011946342,0.0,0.0
Urban,0.0,0.0,0.0,0.0,100.0,0.0,0.0
Water,0.0,0.0,0.0,0.0,0.0,100.0,0.0
Other,0.0,0.0,0.0,1.694915254237288,0.0,0.0,98.30508474576271
