from_label,Crops,TreeCrops,Forest,Grassland,Urban,Water,Other
Crops,99.85710397387044,0.0,0.02381600435492651,0.11908002177463256,0.0,0.0,0.0
TreeCrops,0.0,100.0,0.0,0.0,0.0,0.0,0.0
Forest,0.01633114537859992,0.0,99.8046543764329,0.1790144781884991,0.0,0.0,0.0
Grassland,0.08940319152525218,0.0,0.2391113660132924,99.66684659761816,0.004638844843291387,0.0,0.0
Urban,0.0,0.0,0.0,0.0,100.0,0.0,0.0
Water,0.0,0.0,0.0,0.0,0.0,100.0,0.0
Other,0.0,0.0,0.7751937984496124,3.10077519379845,0.0,0.0,96.12403100775194
