from_label,Crops,TreeCrops,Forest,Grassland,Urban,Water,Other
Crops,94.82289766273105,0.0,0.9569377990430622,4.185742315238718,0.034422222987160515,0.0,0.0
TreeCrops,0.0,100.0,0.0,0.0,0.0,0.0,0.0
Forest,0.004430931276255905,0.0,99.79892011874895,0.1949609761552598,0.0012659803646445445,0.0,0.0004219934548815148
Grassland,0.008298341991270145,0.0,0.12281546147079814,99.86722652813967,0.001659668398254029,0.0,0.0
Urban,0.0,0.0,0.0,0.0,100.0,0.0,0.0
Water,0.0,0.0,0.0,0.0,0.0,100.0,0.0
Other,0.0,0.0,0.0,0.8620689655172413,0.0,0.0,99.13793103448276
