from_label,Crops,TreeCrops,Forest,Grassland,Urban,Water,Other
Crops,97.77715513215654,0.0,0.6568911304131253,1.5379346844743313,0.024905824849786744,0.0,0.003113228106223343
TreeCrops,0.0,100.0,0.0,0.0,0.0,0.0,0.0
Forest,0.006988978592546783,0.0,99.83565310946011,0.1550282524164923,0.002117872300771753,0.0,0.00021178723007717529
Grassland,0.006677573369837401,0.0,0.09014724049280491,99.90067109612367,0.002086741678074188,0.0,0.0004173483356148376
Urban,0.0,0.0,0.0,0.0,100.0,0.0,0.0
Water,0.0,0.0,0.0,0.0,0.0,100.0,0.0
Other,0.0,0.0,0.0,0.0,0.0,0.0,100.0
