from_label,Crops,TreeCrops,Forest,Grassland,Urban,Water,Other
Crops,99.85467824272459,0.0,0.07825017699444796,0.0670715802809554,0.0,0.0,0.0
TreeCrops,0.0,75.0,25.0,0.0,0.0,0.0,0.0
Forest,0.06871086717709025,0.0,99.83793424641513,0.09335488640777916,0.0,0.0,0.0
Grassland,0.2775355513818084,0.0,0.1911725248188892,99.52751878186209,0.003773141937214918,0.0,0.0
Urban,0.0,0.0,0.0,0.0,100.0,0.0,0.0
Water,0.0,0.0,0.0,0.0,0.0,100.0,0.0
Other,0.7299270072992701,0.0,0.7299270072992701,0.7299270072992701,0.0,0.0,97.8102189781022
