from_label,Crops,TreeCrops,Forest,Grassland,Urban,Water,Other
Crops,99.85835322508721,0.0,0.11279280224536369,0.026230884243107835,0.0026230884243107835,0.0,0.0
TreeCrops,0.0,100.0,0.0,0.0,0.0,0.0,0.0
Forest,0.03348176203637356,0.0,99.8795083085952,0.08658341010680043,0.00042651926160985426,0.0,0.0
Grassland,0.16389010914743352,0.0,0.06335957827864698,99.77021592944277,0.002534383131145879,0.0,0.0
Urban,0.0,0.0,0.0,0.0,100.0,0.0,0.0
Water,0.0,0.0,0.0,0.0,0.0,100.0,0.0
Other,0.8333333333333334,0.0,0.0,0.0,0.0,0.0,99.16666666666667
