from_label,Crops,TreeCrops,Forest,Grassland,Urban,Water,Other
Crops,99.88617630897245,0.0,0.058874322945286134,0.05494936808226705,0.0,0.0,0.0
TreeCrops,0.0,100.0,0.0,0.0,0.0,0.0,0.0
Forest,0.03659568628347933,0.0,99.83927008240268,0.12413423131384752,0.0,0.0,0.0
Grassland,0.05549832874350943,0.0,0.16733586999936934,99.77422270806618,0.002943093190943682,0.0,0.0
Urban,0.0,0.0,0.0,0.0,100.0,0.0,0.0
Water,0.0,0.0,0.0,0.0,0.0,100.0,0.0
Other,0.0,0.0,0.0,0.0,0.0,0.0,100.0
