from_label,Crops,TreeCrops,Forest,Grassland,Urban,Water,Other
Crops,95.26911995809324,0.0,1.0247511786275536,3.660293347302253,0.03601361969617601,0.0,0.009821896280775275
TreeCrops,0.0,100.0,0.0,0.0,0.0,0.0,0.0
Forest,0.006132958306457582,0.0,99.8232016157173,0.16918505672986434,0.0012688879254739824,0.0,0.00021148132091233042
Grassland,0.005820141013702275,0.0,0.06901024344818411,99.92309099374751,0.0016628974324863642,0.0,0.00041572435812159105
Urban,0.0,0.0,0.0,0.0,100.0,0.0,0.0
Water,0.0,0.0,0.0,0.0,0.0,100.0,0.0
Other,0.0,0.0,0.0,0.0,0.0,0.0,100.0
