from_label,Crops,TreeCrops,Forest,Grassland,Urban,Water,Other
Crops,99.8521966099563,0.0,0.09434258938960345,0.053460800654108624,0.0,0.0,0.0
TreeCrops,0.0,100.0,0.0,0.0,0.0,0.0,0.0
Forest,0.11048944960499504,0.0,99.82752866403123,0.06156729180616047,0.00041459455761724216,0.0,0.0
Grassland,0.5718506930865164,0.0,0.21813757441446138,99.20523182548993,0.004779907009081824,0.0,0.0
Urban,0.0,0.0,0.0,0.0,100.0,0.0,0.0
Water,0.0,0.0,0.0,0.0,0.0,100.0,0.0
Other,1.6260162601626018,0.0,0.8130081300813009,0.8130081300813009,0.0,0.0,96.7479674796748
