from_label,Crops,TreeCrops,Forest,Grassland,Urban,Water,Other
Crops,99.8578039763179,0.0,0.028439204736420278,0.11117143669691565,0.0025853822487654802,0.0,0.0
TreeCrops,0.0,100.0,0.0,0.0,0.0,0.0,0.0
Forest,0.016413906898592293,0.0,99.65271628561926,0.33043786256376584,0.0,0.0,0.0004319449183840077
Grassland,0.003305634867836586,0.0,0.06983153658304787,99.92438360239824,0.0020660217923978664,0.0,0.00041320435847957325
Urban,0.0,0.0,0.0,0.0,100.0,0.0,0.0
Water,0.0,0.0,0.0,0.0,0.0,100.0,0.0
Other,0.0,0.0,0.0,0.0,0.0,0.0,100.0
