from_label,Crops,TreeCrops,Forest,Grassland,Urban,Water,Other
Crops,99.84800282785436,0.0,0.024743725698126547,0.12725344644750797,0.0,0.0,0.0
TreeCrops,0.0,100.0,0.0,0.0,0.0,0.0,0.0
Forest,0.07268113567425408,0.0,99.82375874904422,0.10356011528152387,0.0,0.0,0.0
Grassland,0.8271426247492086,0.0,0.23733946216959134,98.92967827780814,0.0058396352730655165,0.0,0.0
Urban,0.0,0.0,0.0,0.0,100.0,0.0,0.0
Water,0.0,0.0,0.0,0.0,0.0,100.0,0.0
Other,0.0,0.0,0.0,3.0534351145038165,0.0,0.0,96.94656488549617
