from_label,Crops,TreeCrops,Forest,Grassland,Urban,Water,Other
Crops,84.87223964240444,0.0,1.6011741944092335,13.49989992661285,0.0,0.0,0.02668623657348722
TreeCrops,0.0,100.0,0.0,0.0,0.0,0.0,0.0
Forest,0.0031188143515361202,0.0,99.87691079359271,0.11934662918544885,0.0004158419135381493,0.0,0.00020792095676907464
Grassland,0.008571293879667605,0.0,0.0389993871524876,99.95157218957988,0.00042856469398338024,0.0,0.00042856469398338024
Urban,0.0,0.0,0.0,0.0,100.0,0.0,0.0
Water,0.0,0.0,0.0,0.0,0.0,100.0,0.0
Other,0.0,0.0,0.0,0.0,0.0,0.0,100.0
