from_label,Crops,TreeCrops,Forest,Grassland,Urban,Water,Other
Crops,94.46534121440085,0.0,1.0537942563735148,4.471908770672876,0.0,0.0,0.008955758552749417
TreeCrops,0.0,100.0,0.0,0.0,0.0,0.0,0.0
Forest,0.006030485142132296,0.0,99.91827652893593,0.0744452993408056,0.0008317910540872132,0.0,0.0004158955270436066
Grassland,0.007829457027155167,0.0,0.07481481159281604,99.91692076154519,0.00043496983484195376,0.0,0.0
Urban,0.0,0.0,0.0,0.0,100.0,0.0,0.0
Water,0.0,0.0,0.0,0.0,0.0,100.0,0.0
Other,0.0,0.0,0.0,0.0,0.0,0.0,100.0
