from_label,Crops,TreeCrops,Forest,Grassland,Urban,Water,Other
Crops,99.35974761065232,0.0,0.24434753023414058,0.3897188456898952,0.0061860134236491286,0.0,0.0
TreeCrops,0.0,100.0,0.0,0.0,0.0,0.0,0.0
Forest,0.006852870937597341,0.0,99.84466825874779,0.14806354480323955,0.00020766275568476794,0.0,0.00020766275568476794
Grassland,0.006075755997639135,0.0,0.14234628337325975,99.84984203034406,0.0017359302850397528,0.0,0.0
Urban,0.0,0.0,0.0,0.0,100.0,0.0,0.0
Water,0.0,0.0,0.0,0.0,0.0,100.0,0.0
Other,0.0,0.0,0.0,0.0,0.0,0.0,100.0
