from_label,Crops,TreeCrops,Forest,Grassland,Urban,Water,Other
Crops,97.64848246991104,0.0,0.4873103087388802,1.8511250654107796,0.013082155939298797,0.0,0.0
TreeCrops,0.0,100.0,0.0,0.0,0.0,0.0,0.0
Forest,0.0037831896071577947,0.0,99.80642679843376,0.18915948035788974,0.0006305316011929658,0.0,0.0
Grassland,0.009255052417251417,0.0,0.1808942063371868,99.80648526763929,0.0033654736062732424,0.0,0.0
Urban,0.0,0.0,0.0,0.0,100.0,0.0,0.0
Water,0.0,0.0,0.0,0.0,0.0,100.0,0.0
Other,0.0,0.0,0.0,1.574803149606299,0.0,0.0,98.4251968503937
