from_label,Crops,TreeCrops,Forest,Grassland,Urban,Water,Other
Crops,99.84740590030519,0.0,0.10490844354018311,0.04450661241098677,0.0031790437436419123,0.0,0.0
TreeCrops,0.0,100.0,0.0,0.0,0.0,0.0,0.0
Forest,0.10194500903940673,0.0,99.84019431015444,0.055529298063044824,0.0023313827431049356,0.0,0.0
Grassland,0.2589402982593227,0.0,0.16874761010158107,99.56690884303978,0.00540324859931171,0.0,0.0
Urban,0.0,0.0,0.0,0.0,100.0,0.0,0.0
Water,0.0,0.0,0.0,0.0,0.0,100.0,0.0
Other,0.0,0.0,0.8547008547008548,0.0,0.0,0.0,99.14529914529915
