from_label,Crops,TreeCrops,Forest,Grassland,Urban,Water,Other
Crops,99.84688195991092,0.0,0.020879732739420936,0.1322383073496659,0.0,0.0,0.0
TreeCrops,0.0,100.0,0.0,0.0,0.0,0.0,0.0
Forest,0.08250981382670834,0.0,99.80235531841001,0.11513486776328945,0.0,0.0,0.0
Grassland,0.7226799102478176,0.0,0.23811803494340533,99.03254141047469,0.006660644334081267,0.0,0.0
Urban,0.0,0.0,0.0,0.0,100.0,0.0,0.0
Water,0.0,0.0,0.0,0.0,0.0,100.0,0.0
Other,0.0,0.0,0.8064516129032258,4.032258064516129,0.0,0.0,95.16129032258065
