from_label,Crops,TreeCrops,Forest,Grassland,Urban,Water,Other
Crops,99.84051036682615,0.0,0.11961722488038277,0.03987240829346093,0.0,0.0,0.0
TreeCrops,0.0,100.0,0.0,0.0,0.0,0.0,0.0
Forest,0.15119456375300383,0.0,99.81354078241075,0.03441999146891009,0.000844662367335217,0.0,0.0
Grassland,0.9908043799648318,0.0,0.20590282210407979,98.79670390762377,0.0065888903073305525,0.0,0.0
Urban,0.0,0.0,0.0,0.0,100.0,0.0,0.0
Water,0.0,0.0,0.0,0.0,0.0,100.0,0.0
Other,0.8547008547008548,0.0,0.8547008547008548,0.8547008547008548,0.0,0.0,97.43589743589743
