from_label,Crops,TreeCrops,Forest,Grassland,Urban,Water,Other
Crops,99.86268586449056,0.0,0.07061869826199538,0.06669543724744006,0.0,0.0,0.0
TreeCrops,0.0,100.0,0.0,0.0,0.0,0.0,0.0
Forest,0.07176130188352557,0.0,99.82059674529118,0.10597308533962496,0.0012516506142475389,0.0,0.0004172168714158463
Grassland,0.25778149153958635,0.0,0.19720075203676626,99.54083977438897,0.004177982034677251,0.0,0.0
Urban,0.0,0.0,0.0,0.0,100.0,0.0,0.0
Water,0.0,0.0,0.0,0.0,0.0,100.0,0.0
Other,0.7142857142857143,0.0,0.7142857142857143,0.7142857142857143,0.0,0.0,97.85714285714285
