from_label,Crops,TreeCrops,Forest,Grassland,Urban,Water,Other
Crops,93.4752337378158,0.0,0.4973145016908693,5.808633379749353,0.019892580067634773,0.0,0.1989258006763477
TreeCrops,0.0,100.0,0.0,0.0,0.0,0.0,0.0
Forest,0.03164390063815199,0.0,99.1508886662096,0.801645482833184,0.005273983439691999,0.0,0.010547966879383999
Grassland,0.3038019925836572,0.0,0.5629272215520708,98.93222534959567,0.022338381807621856,0.0,0.17870705446097485
Urban,0.06373486297004462,0.0,0.0,0.7648183556405354,99.10771191841937,0.0,0.06373486297004462
Water,0.0,0.0,0.0,0.0,0.0,100.0,0.0
Other,0.0,0.0,0.0,7.243816254416961,0.0,0.0,92.75618374558304
