from_label,Crops,TreeCrops,Forest,Grassland,Urban,Water,Other
Crops,96.73118704325499,0.0,0.2962670353545329,2.8540391072486666,0.009875567845151097,0.0,0.10863124629666207
TreeCrops,0.0,100.0,0.0,0.0,0.0,0.0,0.0
Forest,0.03192338387869114,0.0,99.13274807129557,0.8300079808459697,0.005320563979781857,0.0,0.0
Grassland,0.3843575418994413,0.0,0.7284916201117319,98.64134078212291,0.026815642458100558,0.0,0.21899441340782122
Urban,0.06246096189881324,0.0,0.06246096189881324,0.49968769519050593,99.37539038101187,0.0,0.0
Water,0.0,0.0,0.0,0.0,0.0,100.0,0.0
Other,0.3144654088050315,0.0,0.15723270440251574,6.446540880503145,0.0,0.0,93.08176100628931
