from_label,Crops,TreeCrops,Forest,Grassland,Urban,Water,Other
Crops,98.3330139873539,0.0,0.14370569074535353,1.4753784249856294,0.009580379383023568,0.0,0.03832151753209427
TreeCrops,0.0,100.0,0.0,0.0,0.0,0.0,0.0
Forest,0.04226765995667565,0.0,99.16521371585566,0.787235166693084,0.005283457494584456,0.0,0.0
Grassland,0.35527214757458436,0.0,0.7333181507629242,98.68367114552494,0.02732862673650649,0.0,0.20040992940104757
Urban,0.06309148264984228,0.0,0.06309148264984228,0.5678233438485805,99.30599369085174,0.0,0.0
Water,0.0,0.0,0.0,0.0,0.0,100.0,0.0
Other,0.15923566878980894,0.0,0.0,6.687898089171974,0.0,0.0,93.15286624203821
