from_label,Crops,TreeCrops,Forest,Grassland,Urban,Water,Other
Crops,98.93172635759775,0.0,0.17804560706704103,0.8833801273710881,0.006847907964116963,0.0,0.0
TreeCrops,0.0,100.0,0.0,0.0,0.0,0.0,0.0
Forest,0.10440707770084624,0.0,99.09880206616111,0.791295746785361,0.005495109352676118,0.0,0.0
Grassland,0.5661564269238835,0.0,0.6552736422730132,98.67372614803942,0.03145313482910463,0.0,0.07339064793457747
Urban,0.0,0.0,0.0,0.0,100.0,0.0,0.0
Water,0.0,0.0,0.0,0.0,0.0,100.0,0.0
Other,0.0,0.0,0.48543689320388345,6.796116504854369,0.0,0.0,92.71844660194175
