from_label,Crops,TreeCrops,Forest,Grassland,Urban,Water,Other
Crops,99.14026275115918,0.0,0.06761978361669242,0.7631375579598145,0.0,0.0,0.028979907264296754
TreeCrops,0.0,100.0,0.0,0.0,0.0,0.0,0.0
Forest,0.06861606671592949,0.0,99.1502164045181,0.775889369787818,0.0052781589781484214,0.0,0.0
Grassland,0.5676657584014532,0.0,0.7220708446866485,98.48773841961854,0.03633060853769301,0.0,0.18619436875567666
Urban,0.06321112515802782,0.0,0.06321112515802782,0.8217446270543615,99.05183312262959,0.0,0.0
Water,0.0,0.0,0.0,0.0,0.0,100.0,0.0
Other,0.0,0.0,0.1579778830963665,5.213270142180095,0.0,0.0,94.62875197472354
