from_label,Crops,TreeCrops,Forest,Grassland,Urban,Water,Other
Crops,98.93992932862191,0.0969999307143352,0.15242846255109818,0.7898565786738724,0.006928566479595372,0.0,0.013857132959190744
TreeCrops,0.0,100.0,0.0,0.0,0.0,0.0,0.0
Forest,0.09881965413121054,0.0,99.09964315124897,0.7960472138347515,0.005489980785067253,0.0,0.0
Grassland,0.5469604625722769,0.0729280616763036,0.5886336406730218,98.73938636245246,0.02604573631296557,0.0,0.02604573631296557
Urban,0.0,0.0,0.0,0.0,100.0,0.0,0.0
Water,0.0,0.0,0.0,0.0,0.0,100.0,0.0
Other,0.9523809523809524,0.0,0.0,5.714285714285714,0.0,0.0,93.33333333333333
