from_label,Crops,TreeCrops,Forest,Grassland,Urban,Water,Other
Crops,95.82772543741588,0.0,0.17304364545279755,3.9415497019803882,0.009613535858488752,0.0,0.04806767929244376
TreeCrops,0.0,100.0,0.0,0.0,0.0,0.0,0.0
Forest,0.021104838284176648,0.0,99.11887300163562,0.8600221600801985,0.0,0.0,0.0
Grassland,0.3734231977776766,0.0,0.6967530397559087,98.7157885149597,0.03643153149050503,0.0,0.17760371601621203
Urban,0.0,0.0,0.06345177664974619,0.951776649746193,98.98477157360406,0.0,0.0
Water,0.0,0.0,0.0,0.0,0.0,100.0,0.0
Other,0.0,0.0,0.46656298600311047,18.35147744945568,0.0,0.0,81.18195956454122
