from_label,Crops,TreeCrops,Forest,Grassland,Urban,Water,Other
Crops,99.0916271721959,0.0,0.08886255924170616,0.7997630331753554,0.0,0.0,0.019747235387045814
TreeCrops,0.0,100.0,0.0,0.0,0.0,0.0,0.0
Forest,0.16412537060567556,0.0,99.1581956797967,0.6723845828038967,0.0052943667937314694,0.0,0.0
Grassland,1.6461828294608416,0.0,0.8343051942226608,97.29972189826859,0.026913070781376155,0.0,0.19287700726652912
Urban,0.251414204902577,0.0,0.06285355122564425,0.502828409805154,99.18290383406662,0.0,0.0
Water,0.0,0.0,0.0,0.0,0.0,100.0,0.0
Other,0.0,0.0,0.31645569620253167,7.436708860759493,0.0,0.0,92.24683544303798
