from_label,Crops,TreeCrops,Forest,Grassland,Urban,Water,Other
Crops,98.93320317947287,0.0,0.1673406777297448,0.892483614558639,0.006972528238739367,0.0,0.0
TreeCrops,0.0,100.0,0.0,0.0,0.0,0.0,0.0
Forest,0.09298255209757698,0.005469561888092764,99.10299185035278,0.7930864737734509,0.005469561888092764,0.0,0.0
Grassland,0.5328318445384737,0.0,0.6634278848665308,98.70448727994568,0.03656689129185603,0.0,0.06268609935746748
Urban,0.0,0.0,0.066006600660066,0.0,99.93399339933994,0.0,0.0
Water,0.0,0.0,0.0,0.0,0.0,100.0,0.0
Other,0.91324200913242,0.0,0.0,5.93607305936073,0.0,0.0,93.15068493150685
