from_label,Crops,TreeCrops,Forest,Grassland,Urban,Water,Other
Crops,97.50791460345806,0.0,0.30034905430635606,2.126796006169332,0.016235084016559785,0.0,0.048705252049679355
TreeCrops,0.0,100.0,0.0,0.0,0.0,0.0,0.0
Forest,0.07572069879387744,0.0,99.10216885715832,0.8167018227053924,0.005408621342419817,0.0,0.0
Grassland,0.42362682328021956,0.0,0.7413469407403841,98.69542194194388,0.02406970586819429,0.0,0.1155345881673326
Urban,0.0,0.0,0.0,0.0,100.0,0.0,0.0
Water,0.0,0.0,0.0,0.0,0.0,100.0,0.0
Other,0.0,0.0,0.0,1.1560693641618496,0.0,0.0,98.84393063583815
