from_label,Crops,TreeCrops,Forest,Grassland,Urban,Water,Other
Crops,99.09436933980838,0.0,0.15093844336527104,0.7350045937787111,0.00656254101588135,0.0,0.0131250820317627
TreeCrops,0.0,100.0,0.0,0.0,0.0,0.0,0.0
Forest,0.0844499493300304,0.0,99.09920054047967,0.8107195135682919,0.0,0.0,0.005629996622002027
Grassland,0.5945490897611281,0.0,0.8786698937177734,98.41102809639062,0.03156897821740503,0.0,0.08418394191308007
Urban,0.07446016381236038,0.0,0.0,0.07446016381236038,99.85107967237528,0.0,0.0
Water,0.0,0.0,0.0,0.0,0.0,100.0,0.0
Other,1.1173184357541899,0.0,0.0,6.70391061452514,0.0,0.0,92.17877094972067
