from_label,Crops,TreeCrops,Forest,Grassland,Urban,Water,Other
Crops,99.0798786653185,0.0,0.06066734074823053,0.839231547017189,0.0,0.0,0.020222446916076844
TreeCrops,0.0,100.0,0.0,0.0,0.0,0.0,0.0
Forest,0.07967281032559621,0.0,99.08641844159983,0.8285972273862007,0.005311520688373081,0.0,0.0
Grassland,0.9705295812098382,0.0,0.8420119654331929,97.97030799911367,0.031021493463328165,0.0,0.186128960779969
Urban,0.06253908692933083,0.0,0.06253908692933083,0.6253908692933083,99.24953095684803,0.0,0.0
Water,0.0,0.0,0.0,0.0,0.0,100.0,0.0
Other,0.15337423312883436,0.0,0.0,10.736196319018406,0.0,0.0,89.11042944785275
