from_label,Crops,TreeCrops,Forest,Grassland,Urban,Water,Other
Crops,98.82948642072729,0.0,0.18412573157098705,0.966660090747682,0.006575918984678108,0.0,0.013151837969356216
TreeCrops,0.0,100.0,0.0,0.0,0.0,0.0,0.0
Forest,0.08976157082748948,0.0,99.11921458625525,0.785413744740533,0.005610098176718092,0.0,0.0
Grassland,0.601297536789915,0.0,0.8544754470172478,98.45455983965398,0.03164723877841658,0.0,0.05801993776043041
Urban,0.0,0.0,0.0,0.07390983000739099,99.9260901699926,0.0,0.0
Water,0.0,0.0,0.0,0.0,0.0,100.0,0.0
Other,1.0869565217391304,0.0,0.5434782608695652,6.521739130434782,0.0,0.0,91.84782608695652
