from_label,Crops,TreeCrops,Forest,Grassland,Urban,Water,Other
Crops,98.79744709439032,0.0,0.17467248908296942,1.0211622438696675,0.006718172657037285,0.0,0.0
TreeCrops,0.0,90.0,0.0,10.0,0.0,0.0,0.0
Forest,0.08818828198203164,0.0,99.1181171801797,0.7936945378382847,0.0,0.0,0.0
Grassland,0.550381033022862,0.0,0.7197290431837425,98.62404741744285,0.026460626587637596,0.0,0.07938187976291279
Urban,0.0,0.0,0.0,0.0,100.0,0.0,0.0
Water,0.0,0.0,0.0,0.0,0.0,100.0,0.0
Other,0.53475935828877,0.0,0.0,5.347593582887701,0.0,0.0,94.11764705882352
