from_label,Crops,TreeCrops,Forest,Grassland,Urban,Water,Other
Crops,98.98844918324107,0.0,0.14353085913471397,0.8611851548082838,0.00683480281593876,0.0,0.0
TreeCrops,0.0,100.0,0.0,0.0,0.0,0.0,0.0
Forest,0.08798944126704795,0.0,99.10360756709194,0.8029036515618126,0.005499340079190497,0.0,0.0
Grassland,0.5453878021920394,0.0,0.8180817032880592,98.54213645183282,0.020976453930463056,0.0,0.07341758875662069
Urban,0.0,0.0,0.0,0.0,100.0,0.0,0.0
Water,0.0,0.0,0.0,0.0,0.0,100.0,0.0
Other,0.0,0.0,0.0,6.341463414634147,0.0,0.0,93.65853658536587
