from_label,Crops,TreeCrops,Forest,Grassland,Urban,Water,Other
Crops,99.01899394698393,0.0,0.15306477422945802,0.8070688095735058,0.0069574897377026376,0.0,0.013914979475405275
TreeCrops,0.0,100.0,0.0,0.0,0.0,0.0,0.0
Forest,0.08777704630239193,0.0,99.11674347158218,0.7899934167215273,0.0054860653938994955,0.0,0.0
Grassland,0.5313883823912477,0.0,0.7710341234696536,98.5777546235999,0.036467830164105236,0.0,0.08335504037509768
Urban,0.0,0.0,0.0,0.0,100.0,0.0,0.0
Water,0.0,0.0,0.0,0.0,0.0,100.0,0.0
Other,0.4784688995215311,0.0,0.0,5.263157894736842,0.0,0.0,94.25837320574163
