from_label,Crops,TreeCrops,Forest,Grassland,Urban,Water,Other
Crops,98.77442636345067,0.0,0.2246885000340437,0.9940763940900117,0.0068087424252740525,0.0,0.0
TreeCrops,0.0,100.0,0.0,0.0,0.0,0.0,0.0
Forest,0.08802816901408451,0.0,99.1087147887324,0.7977552816901409,0.005501760563380282,0.0,0.0
Grassland,0.5674355067514317,0.0,0.719802448379131,98.61293542794094,0.021016129879682655,0.0,0.07881048704880997
Urban,0.0,0.0,0.0,0.0,100.0,0.0,0.0
Water,0.0,0.0,0.0,0.0,0.0,100.0,0.0
Other,0.0,0.0,0.0,4.522613065326634,0.0,0.0,95.47738693467338
