from_label,Crops,TreeCrops,Forest,Grassland,Urban,Water,Other
Crops,100.0,0.0,0.0,0.0,0.0,0.0,0.0
TreeCrops,0.0,99.79501195763581,0.0,0.20498804236419543,0.0,0.0,0.0
Forest,0.0,0.586756077116513,99.41324392288348,0.0,0.0,0.0,0.0
Grassland,0.0,1.544739143106966,0.0,98.45526085689303,0.0,0.0,0.0
Urban,0.0,0.0,0.0,0.0,100.0,0.0,0.0
Water,0.0,0.0,0.0,0.0,0.0,100.0,0.0
Other,0.0,0.0,0.0,0.0,0.0,0.0,100.0
