from_label,Crops,TreeCrops,Forest,Grassland,Urban,Water,Other
Crops,100.0,0.0,0.0,0.0,0.0,0.0,0.0
TreeCrops,0.0,99.52025586353945,0.053304904051172705,0.42643923240938164,0.0,0.0,0.0
Forest,0.0,2.90084388185654,97.09915611814345,0.0,0.0,0.0,0.0
Grassland,0.0,1.8038052878675561,0.0,98.19619471213244,0.0,0.0,0.0
Urban,0.0,0.0,0.0,0.0,100.0,0.0,0.0
Water,0.0,0.0,0.0,0.0,0.0,100.0,0.0
Other,0.0,0.0,0.0,0.0,0.0,0.0,100.0
