from_label,Crops,TreeCrops,Forest,Grassland,Urban,Water,Other
Crops,100.0,0.0,0.0,0.0,0.0,0.0,0.0
TreeCrops,0.0,99.66059858068498,0.0,0.3394014193150262,0.0,0.0,0.0
Forest,0.0,0.14249073810202337,99.85750926189797,0.0,0.0,0.0,0.0
Grassland,0.0,3.4169278996865207,0.0,96.58307210031349,0.0,0.0,0.0
Urban,0.0,0.0,0.0,0.0,100.0,0.0,0.0
Water,0.0,0.0,0.0,0.0,0.0,100.0,0.0
Other,0.0,0.0,0.0,0.0,0.0,0.0,100.0
