from_label,Crops,TreeCrops,Forest,Grassland,Urban,Water,Other
Crops,96.88821176918681,0.0,0.8836412111978671,2.1481622548086077,0.022852789944772425,0.0,0.057131974861931056
TreeCrops,0.0,97.9314099074578,0.635093449464707,1.3790600616947921,0.03629105425512611,0.0,0.018145527127563055
Forest,0.42041686404547607,0.0059213642823306495,95.6803647560398,3.8666508763619136,0.02664613927048792,0.0,0.0
Grassland,1.249375312343828,0.11994002998500748,5.957021489255372,92.09895052473763,0.10494752623688156,0.0,0.46976511744127936
Urban,0.07686395080707148,0.0,0.1921598770176787,0.4611837048424289,99.26979246733282,0.0,0.0
Water,0.0,0.0,0.0,0.0,0.0,100.0,0.0
Other,1.3972055888223553,0.09980039920159679,0.998003992015968,12.574850299401197,0.0,0.0,84.93013972055888
