from_label,Crops,TreeCrops,Forest,Grassland,Urban,Water,Other
Crops,97.34634851771511,0.9761388286334056,0.6796818510484454,0.9689081706435285,0.010845986984815618,0.0,0.018076644974692697
TreeCrops,0.0,99.33477166486875,0.017979144192736426,0.5034160373966199,0.0,0.0,0.1438331535418914
Forest,0.4706230575699275,0.12727541808494894,96.06926150658578,3.2943614029894923,0.029598934438360217,0.0,0.008879680331508065
Grassland,1.4149947201689546,0.21647307286166845,6.5945089757127775,91.29883843717002,0.06335797254487857,0.0,0.41182682154171063
Urban,0.07895775759968417,0.03947887879984208,0.0,0.0,99.88156336360048,0.0,0.0
Water,0.0,0.0,0.0,0.0,0.0,100.0,0.0
Other,1.6272189349112427,0.0,0.0,0.14792899408284024,0.0,0.0,98.22485207100591
