from_label,Crops,TreeCrops,Forest,Grassland,Urban,Water,Other
Crops,95.11701170117011,0.0,0.9945994599459946,3.757875787578758,0.013501350135013501,0.0,0.117011701170117
TreeCrops,0.0,98.31067961165049,0.34951456310679613,1.1650485436893203,0.05825242718446602,0.0,0.11650485436893204
Forest,0.2876404494382023,0.008988764044943821,96.31460674157304,3.3617977528089886,0.026966292134831458,0.0,0.0
Grassland,0.918142495715335,0.12241899942871134,4.815147310862646,93.56076063004978,0.09793519954296907,0.0,0.485595364400555
Urban,0.03735524841240195,0.0,0.22413149047441167,0.5976839745984311,99.14082928651476,0.0,0.0
Water,0.0,0.0,0.0,0.0,0.0,100.0,0.0
Other,1.0586319218241043,0.32573289902280134,1.221498371335505,10.830618892508143,0.0,0.0,86.56351791530945
