from_label,Crops,TreeCrops,Forest,Grassland,Urban,Water,Other
Crops,89.69497545179149,0.0,1.9534106340750024,7.986002298130157,0.041784184686096314,0.0,0.32382743131724645
TreeCrops,0.0,96.4233115926783,1.2413212707763517,2.1249737008205343,0.06311803071744161,0.0,0.14727540500736377
Forest,0.2311409960075646,0.01801098670188815,97.09122564764506,2.605589409539819,0.02401464893585087,0.0,0.030018311169813586
Grassland,0.7496251874062968,0.0642535874919683,3.6910116370386237,94.97751124437781,0.07139287499107588,0.0,0.44620546869422434
Urban,0.03611412062116288,0.03611412062116288,0.18057060310581438,0.7583965330444203,98.98880462260745,0.0,0.0
Water,0.0,0.0,0.0,0.0,0.0,100.0,0.0
Other,0.516795865633075,0.2583979328165375,0.08613264427217916,12.575366063738159,0.0,0.0,86.56330749354005
