from_label,Crops,TreeCrops,Forest,Grassland,Urban,Water,Other
Crops,96.87765998607134,0.003869070649230055,0.9672676623075138,2.0738218679873093,0.019345353246150273,0.0,0.05803605973845082
TreeCrops,0.0,98.43289085545722,0.6821533923303835,0.8296460176991152,0.03687315634218289,0.0,0.018436578171091445
Forest,0.4734988606433666,0.0,95.32123938326774,4.157911870024563,0.03255304666923145,0.0,0.014796839395105206
Grassland,1.1894895919660702,0.15599863501194364,5.7378247940330525,92.39994150051187,0.09262418953834153,0.0,0.4241212889387218
Urban,0.03815337657382679,0.03815337657382679,0.22892025944296068,0.45784051888592137,99.23693246852346,0.0,0.0
Water,0.0,0.0,0.0,0.0,0.0,100.0,0.0
Other,1.2486992715920915,0.10405827263267431,0.0,10.301768990634756,0.0,0.0,88.34547346514047
