from_label,Crops,TreeCrops,Forest,Grassland,Urban,Water,Other
Crops,98.13709794789696,0.0,0.5627516615727939,1.2322320865473244,0.014553922282055013,0.0,0.05336438170086839
TreeCrops,0.019972039145196723,98.1825444377871,0.8987417615338525,0.8787697223886559,0.0,0.0,0.019972039145196723
Forest,0.37655778368847315,0.0059771076775948125,95.6157915184842,3.968799497922955,0.03287409222677147,0.0,0.0
Grassland,0.8284656205856525,0.1412591150307334,4.924979956476921,93.52498759210476,0.09926316191348834,0.0,0.48104455388844347
Urban,0.07328691828508611,0.0,0.21986075485525836,0.659582264565775,99.04727006229388,0.0,0.0
Water,0.0,0.0,0.0,0.0,0.0,100.0,0.0
Other,0.8673026886383347,0.3469210754553339,0.6938421509106678,11.188204683434519,0.0,0.0,86.90372940156115
