from_label,Crops,TreeCrops,Forest,Grassland,Urban,Water,Other
Crops,94.7042995362684,0.0,1.1850918875593979,3.9045056392053588,0.028625407912062747,0.0,0.17747752905478903
TreeCrops,0.0,97.22402949468662,1.6482324875298202,0.932552591628714,0.02168726957276079,0.0,0.1734981565820863
Forest,0.23361031433894197,0.014785462932844428,96.4455747109442,3.2468876600526366,0.026613833279119967,0.0,0.03252801845225774
Grassland,0.6866630226837934,0.09907078436731348,2.801311833834381,95.84585952446022,0.07515714676141022,0.0,0.4919376878928669
Urban,0.03597122302158273,0.0,0.1798561151079137,0.7194244604316548,99.06474820143885,0.0,0.0
Water,0.0,0.0,0.0,0.0,0.0,100.0,0.0
Other,0.7444168734491315,0.0827129859387924,0.0,11.579818031430934,0.0,0.0,87.59305210918114
