from_label,Crops,TreeCrops,Forest,Grassland,Urban,Water,Other
Crops,92.60108976197304,6.153012777618456,0.22305069623681612,1.0069145715833414,0.006372877035337603,0.0,0.009559315553006405
TreeCrops,0.0,100.0,0.0,0.0,0.0,0.0,0.0
Forest,0.3541520640424982,0.9665400081159847,94.73936621536872,3.9214962924705796,0.014756336001770759,0.0,0.0036890840004426897
Grassland,1.2208346451184104,1.3992374156084932,3.8094238639941236,93.44107461433518,0.05596949662433974,0.0,0.0734599643194459
Urban,0.0,0.0,0.05753739930955121,0.17261219792865362,99.76985040276179,0.0,0.0
Water,0.0,0.0,0.0,0.0,0.0,100.0,0.0
Other,1.0,0.5,0.0,12.5,0.0,0.0,86.0
