from_label,Crops,TreeCrops,Forest,Grassland,Urban,Water,Other
Crops,95.93846153846154,0.006153846153846154,0.7076923076923077,3.1938461538461542,0.012307692307692308,0.0,0.14153846153846156
TreeCrops,0.0,97.58359775445447,1.1715889675372224,1.0495484500854282,0.0244081034903588,0.0,0.1708567244325116
Forest,0.21304926764314247,0.020713123243083296,96.60304778813435,3.121763574493268,0.020713123243083296,0.0,0.020713123243083296
Grassland,0.611274620783337,0.07115365956208157,2.7458844076457845,96.0542061515573,0.0614508878036159,0.0,0.4560302726478864
Urban,0.035625222657641606,0.0,0.21375133594584966,0.8193801211257571,98.93124332027075,0.0,0.0
Water,0.0,0.0,0.0,0.0,0.0,100.0,0.0
Other,0.5434782608695652,0.15527950310559005,0.0,11.87888198757764,0.0,0.0,87.4223602484472
