from_label,Crops,TreeCrops,Forest,Grassland,Urban,Water,Other
Crops,98.14363532110092,0.24369266055045874,0.469466743119266,1.1002006880733946,0.010751146788990827,0.0,0.03225344036697248
TreeCrops,0.0,99.30858806404657,0.12736535662299855,0.5458515283842794,0.01819505094614265,0.0,0.0
Forest,0.15594035281504823,0.012995029401254021,99.04161658165752,0.7569604626230466,0.025990058802508043,0.0,0.006497514700627011
Grassland,1.5126737530662304,0.11810665939856456,5.669119651131099,92.36849277732352,0.06359589352230399,0.0,0.2680112655582811
Urban,0.04056795131845842,0.04056795131845842,0.04056795131845842,0.0,99.87829614604462,0.0,0.0
Water,0.0,0.0,0.0,0.0,0.0,100.0,0.0
Other,1.8145161290322582,0.0,0.0,1.2096774193548387,0.0,0.0,96.9758064516129
