from_label,Crops,TreeCrops,Forest,Grassland,Urban,Water,Other
Crops,98.69662616251442,0.0,0.25117099993211595,1.035231824044532,0.006788405403570701,0.0,0.010182608105356053
TreeCrops,0.08499787505312367,96.94007649808755,0.254993625159371,2.7199320016999575,0.0,0.0,0.0
Forest,0.288803317535545,0.0,95.61981635071089,4.072867298578199,0.01481042654028436,0.0,0.00370260663507109
Grassland,1.4727696545878364,0.0,3.817899272444727,94.5821854912764,0.04591368227731864,0.0,0.0812318994137176
Urban,0.0,0.0,0.054884742041712405,0.10976948408342481,99.83534577387486,0.0,0.0
Water,0.0,0.0,0.0,0.0,0.0,100.0,0.0
Other,1.5228426395939088,0.0,0.0,10.152284263959391,0.0,0.0,88.3248730964467
