from_label,Crops,TreeCrops,Forest,Grassland,Urban,Water,Other
Crops,98.61235600703782,0.0,0.17262556850247318,1.1851409222189024,0.01659861235600704,0.0,0.013278889884805628
TreeCrops,0.0,99.82166740971913,0.0,0.17833259028087384,0.0,0.0,0.0
Forest,0.26164692201468126,0.0,95.79547932262518,3.895631949996366,0.0472418053637619,0.0,0.0
Grassland,1.4075067024128687,0.0,4.0624069109323795,94.32156687518618,0.13404825737265416,0.0,0.07447125409591898
Urban,0.0,0.0,0.0,0.13805798435342845,99.86194201564658,0.0,0.0
Water,0.0,0.0,0.0,0.0,0.0,100.0,0.0
Other,1.646090534979424,0.0,0.0,3.7037037037037033,0.0,0.0,94.65020576131687
