from_label,Crops,TreeCrops,Forest,Grassland,Urban,Water,Other
Crops,98.61806933189872,0.0,0.1445815540835883,1.217174943680441,0.010087085168622442,0.0,0.010087085168622442
TreeCrops,0.0,99.73603167619885,0.0,0.2639683238011439,0.0,0.0,0.0
Forest,0.2561532464639715,0.0,95.83472547054238,3.897984185321305,0.011137097672346587,0.0,0.0
Grassland,1.479742467897414,0.0035570732401380145,3.8665386120300216,94.48653647778607,0.0746985380428983,0.0,0.08892683100345036
Urban,0.0,0.0,0.05305039787798408,0.05305039787798408,99.89389920424404,0.0,0.0
Water,0.0,0.0,0.0,0.0,0.0,100.0,0.0
Other,1.4492753623188406,0.0,0.0,10.144927536231885,0.0,0.0,88.40579710144928
