from_label,Crops,TreeCrops,Forest,Grassland,Urban,Water,Other
Crops,98.13857975622682,0.1523582405935347,0.3842077371489136,1.2718600953895072,0.006624271330153683,0.0,0.04636989931107578
TreeCrops,0.0,98.73613618777405,0.43848336342532884,0.7995873097755997,0.0,0.0,0.025793139025019347
Forest,1.063156562460448,0.4303252752816099,95.07340842931275,3.42045310720162,0.012656625743576764,0.0,0.0
Grassland,3.3273641037490616,0.09242678065969616,3.7172895846571548,92.46432903933915,0.06354341170354111,0.0,0.33504707989139854
Urban,0.25631636763090443,0.0,0.14646649578908824,0.7689491028927133,98.8282680336873,0.0,0.0
Water,0.0,0.0,0.0,0.0,0.0,100.0,0.0
Other,4.567699836867863,0.1631321370309951,2.039151712887439,15.497553017944535,0.0,0.0,77.73246329526917
