from_label,Crops,TreeCrops,Forest,Grassland,Urban,Water,Other
Crops,98.33469702074409,0.0,0.5583096693459113,1.0829282379554315,0.0,0.0,0.024065071954565143
TreeCrops,0.0,99.17127071823204,0.2170481452249408,0.4340962904498816,0.059194948697711136,0.0,0.11838989739542227
Forest,1.116270762636185,0.0446508305054474,95.34738346133238,3.4649044472227186,0.02679049830326844,0.0,0.0
Grassland,3.648591195454721,0.20871178448575736,4.8931318362772,90.68527035906156,0.10435589224287868,0.0,0.4599389324778727
Urban,0.22189349112426035,0.03698224852071006,0.25887573964497046,0.4807692307692308,99.00147928994083,0.0,0.0
Water,0.0,0.0,0.0,0.0,0.0,100.0,0.0
Other,4.298245614035088,0.7017543859649122,1.1403508771929824,10.87719298245614,0.0,0.0,82.98245614035088
