from_label,Crops,TreeCrops,Forest,Grassland,Urban,Water,Other
Crops,98.62929832318629,0.08843236624604606,0.21427842590388083,1.0543859052413185,0.003401244855617156,0.0,0.010203734566851468
TreeCrops,0.03417634996582365,99.14559125085441,0.2050580997949419,0.5809979494190021,0.03417634996582365,0.0,0.0
Forest,0.31001381989317595,0.04482127516527845,95.54401822731857,4.082471146304113,0.014940425055092818,0.0,0.0037351062637732044
Grassland,1.2249839755003205,0.2100989957980201,3.8173919236521616,94.6228901075422,0.04985399900292002,0.0,0.07478099850438003
Urban,0.0,0.0,0.05636978579481398,0.16910935738444194,99.77452085682074,0.0,0.0
Water,0.0,0.0,0.0,0.0,0.0,100.0,0.0
Other,1.0,0.5,0.0,12.5,0.0,0.0,86.0
