from_label,Crops,TreeCrops,Forest,Grassland,Urban,Water,Other
Crops,98.56462539405729,0.0,0.17103762827822122,1.244214903749413,0.010061036957542424,0.0,0.010061036957542424
TreeCrops,0.0,99.82363315696648,0.04409171075837742,0.13227513227513227,0.0,0.0,0.0
Forest,0.2449343130705856,0.0037111259556149336,95.82869442588881,3.915237883173755,0.007422251911229867,0.0,0.0
Grassland,1.449844659500768,0.007142091918722994,3.8638717280291397,94.49701817662394,0.1071313787808449,0.0,0.07499196514659144
Urban,0.0,0.0,0.0,0.052356020942408384,99.94764397905759,0.0,0.0
Water,0.0,0.0,0.0,0.0,0.0,100.0,0.0
Other,1.4218009478672986,0.0,0.0,9.47867298578199,0.0,0.0,89.0995260663507
