from_label,Crops,TreeCrops,Forest,Grassland,Urban,Water,Other
Crops,97.29285761219528,0.01314146790196465,0.5519416518825153,2.069781194559432,0.0,0.0,0.07227807346080557
TreeCrops,0.025432349949135298,97.99084435401831,0.6103763987792472,1.1698880976602237,0.0762970498474059,0.0,0.1271617497456765
Forest,0.2774712281254927,0.01891849282673814,95.60145041778338,4.083241368437648,0.01891849282673814,0.0,0.0
Grassland,0.5598810252821276,0.03790861108681072,3.388446621759543,95.59385297290991,0.05540489312687721,0.0,0.36450587583471844
Urban,0.03652300949598247,0.0,0.2556610664718773,0.9861212563915266,98.72169466764062,0.0,0.0
Water,0.0,0.0,0.0,0.0,0.0,100.0,0.0
Other,0.5559968228752978,0.23828435266084197,0.5559968228752978,12.470214455917395,0.0,0.0,86.17950754567116
