from_label,Crops,TreeCrops,Forest,Grassland,Urban,Water,Other
Crops,98.6206208867912,0.0,0.21604733098451104,1.1334175363956658,0.016619025460347003,0.0,0.013295220368277603
TreeCrops,0.0,99.82198486871384,0.13351134846461948,0.04450378282153983,0.0,0.0,0.0
Forest,0.17511856986501276,0.0,96.14374315943085,3.6300620211601604,0.04742794600510763,0.0,0.0036483035388544323
Grassland,1.4784697837737941,0.0,4.05470338199963,94.25244871557938,0.12197375716133801,0.0,0.09240436148586213
Urban,0.0,0.0,0.0,0.0,100.0,0.0,0.0
Water,0.0,0.0,0.0,0.0,0.0,100.0,0.0
Other,1.694915254237288,0.0,0.0,8.050847457627118,0.0,0.0,90.2542372881356
