from_label,Crops,TreeCrops,Forest,Grassland,Urban,Water,Other
Crops,96.01849713686069,0.017538372497493473,0.8111497280090733,3.0081231895284226,0.015784535247744126,0.0,0.12890703785657703
TreeCrops,0.003459329812504324,97.62113419893453,0.9420908189386776,1.2764927008140956,0.03228707825004036,0.0,0.12453587325015567
Forest,0.3173382929106595,0.06098585219026981,96.03001775096888,3.557760260529139,0.021488811441732786,0.0,0.012409031959310481
Grassland,0.9162979801683329,0.08017403632274939,3.312882435856697,95.19086146350207,0.06713760765238364,0.0,0.43264647649776344
Urban,0.06870863920731927,0.005424366253209416,0.25313709181643945,0.7756843742089465,98.89704552851408,0.0,0.0
Water,0.0,0.0,0.0,0.0,0.0,100.0,0.0
Other,0.8322793847660234,0.17135163804006365,0.42021949328872754,11.505038554118558,0.0,0.0,87.07111092978663
