from_label,Crops,TreeCrops,Forest,Grassland,Urban,Water,Other
Crops,98.28334648776638,0.06577216521967903,0.26966587740068404,1.34832938700342,0.0,0.0,0.032886082609839516
TreeCrops,0.0,98.10838445807771,0.48568507157464214,1.252556237218814,0.025562372188139063,0.0,0.1278118609406953
Forest,0.23142356767575684,0.17513134851138354,95.45909432074056,4.115586690017513,0.018764073054791094,0.0,0.0
Grassland,0.5727881565033486,0.07343437903889084,3.2781106802960878,95.60862413347434,0.05581012806955704,0.0,0.4112325226177887
Urban,0.0727802037845706,0.0,0.21834061135371177,1.0189228529839884,98.68995633187772,0.0,0.0
Water,0.0,0.0,0.0,0.0,0.0,100.0,0.0
Other,0.39308176100628933,0.2358490566037736,0.7075471698113208,11.477987421383649,0.0,0.0,87.18553459119497
