from_label,Crops,TreeCrops,Forest,Grassland,Urban,Water,Other
Crops,97.29947877477872,0.01915263280298781,0.7387444081152441,1.6826955962625005,0.07524248601173783,0.0,0.18468610202881103
TreeCrops,0.0,99.63615765049347,0.0697182945162204,0.2396566373995076,0.03703784396174208,0.0,0.0174295736290551
Forest,0.18800794869048895,0.0035697711776675116,98.99094468044598,0.7841597353609633,0.03331786432489678,0.0,0.0
Grassland,0.785961807859618,0.06045860060458601,1.4333112143331121,97.22037897220379,0.14451080144510803,0.0,0.35537860355378603
Urban,0.14782370654256777,0.0,0.279222556802628,0.5803449219819327,98.97618395839037,0.0,0.01642485628250753
Water,0.0,0.0,0.0,0.0,0.0,100.0,0.0
Other,0.6428692268651667,0.050752833699881574,0.32143461343258334,2.977499577059719,0.0,0.0,96.00744374894265
