from_label,Crops,TreeCrops,Forest,Grassland,Urban,Water,Other
Crops,96.40121267899197,0.0,0.8729664618466286,2.4957366754188888,0.10421460087161304,0.0,0.12586958287090924
TreeCrops,0.04214519018017068,98.7440733326309,0.09482667790538404,0.9819829311979771,0.04214519018017068,0.0,0.09482667790538404
Forest,0.17070933550754178,0.0012739502649816551,98.97447003668977,0.8216979209131675,0.031848756624541376,0.0,0.0
Grassland,0.7453133445225159,0.09245299120985406,1.183398287486132,97.64031519358234,0.1209000654282707,0.0,0.21762011777088727
Urban,0.11940298507462686,0.01085481682496608,0.22795115332428767,0.6729986431478969,98.96879240162822,0.0,0.0
Water,0.0,0.0,0.0,0.0,0.0,100.0,0.0
Other,0.4335707649427067,0.17033137194177764,0.5109941158253329,3.360173428305977,0.0,0.0,95.5249303189842
