from_label,Crops,TreeCrops,Forest,Grassland,Urban,Water,Other
Crops,98.6951337984633,0.011039477170361212,0.32124878565751125,0.9074450234036916,0.049677647266625456,0.0,0.015455268038505696
TreeCrops,0.003771023455765895,99.70774568217814,0.016969605550946527,0.18289463760464592,0.04713779319707368,0.0,0.041481258013424845
Forest,0.2264740335806326,0.0015618898867629833,98.97227645450995,0.7543928153065209,0.04529480671612651,0.0,0.0
Grassland,0.8886289724425173,0.07131853711416672,1.2766018143435842,97.39116791236378,0.20539738688880013,0.0,0.1668853768471501
Urban,0.17006802721088435,0.05915409642117716,0.051759834368530024,0.2440106477373558,99.47500739426205,0.0,0.0
Water,0.0,0.0,0.0,0.0,0.0,100.0,0.0
Other,0.4267804747932782,0.5868231528407575,0.08002133902373967,3.4142437983462255,0.16004267804747935,0.0,95.33208855694852
