from_label,Crops,TreeCrops,Forest,Grassland,Urban,Water,Other
Crops,98.63287303281794,0.0,0.3615826991287579,0.8075346947208927,0.04648920417369744,0.0,0.15152036915871758
TreeCrops,0.14608441592320134,98.73480461209371,0.09912871080502948,0.853028642980122,0.05478165597120051,0.0,0.11217196222674387
Forest,0.10129767655118732,0.0,99.02860859644072,0.8338398217160892,0.03518761395988612,0.0,0.0010662913321177613
Grassland,0.623272310019298,0.0,1.4877692588535962,97.03489281802536,0.2099306316173786,0.0,0.6441349814843791
Urban,0.09294640090880925,0.0,0.21171124651450995,0.6093152948466385,99.06020861303315,0.0,0.025818444696891457
Water,0.0,0.0,0.0,0.0,0.0,100.0,0.0
Other,0.44454576541661917,0.011398609369656903,0.0,3.5107716858543254,0.0,0.0,96.03328393935939
