from_label,Crops,TreeCrops,Forest,Grassland,Urban,Water,Other
Crops,98.04542237663256,0.014154281670205238,0.5056938814900598,1.2545840571318279,0.06562439683458793,0.0,0.11452100624075147
TreeCrops,0.007951337812586967,98.85699518944062,0.10336739156363059,0.9203673518069414,0.049695861328668545,0.0,0.061622868047549
Forest,0.19283260228954766,0.0,98.98423389779872,0.790342074172653,0.03259142573907847,0.0,0.0
Grassland,0.6375317014390002,0.07426193445333408,1.185388614104163,97.68106600905155,0.15973321750339783,0.0,0.2620185234485561
Urban,0.15488756310234053,0.005736576411197797,0.011473152822395595,0.12620468104635152,99.69022487379532,0.0,0.011473152822395595
Water,0.0,0.0,0.0,0.0,0.0,100.0,0.0
Other,0.30668127053669225,0.32858707557502737,0.0,1.2924424972617743,0.0,0.0,98.0722891566265
