from_label,Crops,TreeCrops,Forest,Grassland,Urban,Water,Other
Crops,96.88539141263595,0.0013248016109587589,0.8213769987944306,2.0772889259833343,0.09273611276711313,0.0,0.12188174820820581
TreeCrops,0.08532600778339682,98.59316143264448,0.08948825206551372,1.0946702461967492,0.04994693138540301,0.0,0.08740712992445526
Forest,0.17627833963817907,0.0012867032090378035,98.97578424560591,0.8131964281118916,0.033454283434982884,0.0,0.0
Grassland,0.7559379579518579,0.09576181425109909,1.2086301707752354,97.57113216581304,0.12913335558102756,0.0,0.23940453562774772
Urban,0.13044187184086092,0.010870155986738409,0.2337083537148758,0.6250339692374586,98.99994564922007,0.0,0.0
Water,0.0,0.0,0.0,0.0,0.0,100.0,0.0
Other,0.4803222807561202,0.15494267121165167,0.5422993492407809,3.377750232414007,0.015494267121165169,0.0,95.42919119925628
