from_label,Crops,TreeCrops,Forest,Grassland,Urban,Water,Other
Crops,99.05688962957352,0.007575183698204681,0.26639396005353133,0.6224275938691513,0.03156326540918617,0.0,0.015150367396409362
TreeCrops,0.007830853563038372,99.58692247454972,0.04111198120595145,0.28582615505090053,0.04111198120595145,0.0,0.03719655442443227
Forest,0.18189139278821453,0.0069424195720692574,98.97946432290581,0.7928243151303092,0.038877549603587844,0.0,0.0
Grassland,0.7144551581708832,0.07256185200173032,1.4135606938029388,97.3835870672453,0.2037313536971659,0.0,0.21210387508198095
Urban,0.01185677021579322,0.0,0.0,0.02371354043158644,99.96442968935261,0.0,0.0
Water,0.0,0.0,0.0,0.0,0.0,100.0,0.0
Other,0.2626552053486151,0.7163323782234957,0.02387774594078319,3.629417382999045,0.09551098376313276,0.0,95.27220630372493
