from_label,Crops,TreeCrops,Forest,Grassland,Urban,Water,Other
Crops,98.89469147695584,0.010140445165542768,0.2902702428636617,0.7440551640217006,0.0443644475992496,0.0,0.016478223394006997
TreeCrops,0.007788313635390097,99.77024474775598,0.01752370567962772,0.1129305477131564,0.038941568176950485,0.0,0.052571117038883154
Forest,0.17711348222385415,0.004319841029850101,98.97907756994543,0.7962906965023686,0.043198410298501015,0.0,0.0
Grassland,0.7404645216279565,0.05859791178350735,1.3117941615171533,97.49760281269977,0.19843383763051356,0.0,0.19310675474110378
Urban,0.006327111673521037,0.006327111673521037,0.018981335020563112,0.11388801012337868,99.85447643150903,0.0,0.0
Water,0.0,0.0,0.0,0.0,0.0,100.0,0.0
Other,0.0,0.8568207440811725,0.0,3.6302142051860207,0.11273957158962795,0.0,95.40022547914317
