from_label,Crops,TreeCrops,Forest,Grassland,Urban,Water,Other
Crops,99.00439886514485,0.005205757567870064,0.2915224238007236,0.6298966657122778,0.03513886358312294,0.0,0.033837424191155416
TreeCrops,0.0020075886852301697,99.45192828893217,0.042159362389833574,0.45572263154724857,0.026098652907992213,0.0,0.02208347553753187
Forest,0.1779359430604982,0.002695999137280276,98.98900032351989,0.791275746791761,0.039091987490564,0.0,0.0
Grassland,0.7950985170229061,0.04455893615539929,1.4258859569727773,97.34317343173431,0.16709601058274734,0.0,0.22418714753185265
Urban,0.1364256480218281,0.017053206002728513,0.005684402000909504,0.005684402000909504,99.83515234197363,0.0,0.0
Water,0.0,0.0,0.0,0.0,0.0,100.0,0.0
Other,0.8357709987463435,0.020894274968658588,0.1880484747179273,1.8595904722106142,0.0,0.0,97.09569577935646
