from_label,Crops,TreeCrops,Forest,Grassland,Urban,Water,Other
Crops,99.07052413862685,0.008828128941128992,0.23331483630126623,0.6457145739797205,0.03152903193260354,0.0,0.010089290218433133
TreeCrops,0.02722676001555815,99.46518864255154,0.07001166861143523,0.35200311162971604,0.040840140023337225,0.0,0.04472967716841696
Forest,0.2157068657224761,0.002838248233190475,98.97823063605144,0.7606505264950473,0.042573723497857124,0.0,0.0
Grassland,0.9585753633859664,0.04908778532275219,1.3990018816984373,97.18699719108784,0.2045324388448008,0.0,0.20180533966020342
Urban,0.006158773172384061,0.0,0.006158773172384061,0.1108579171029131,99.87682453655232,0.0,0.0
Water,0.0,0.0,0.0,0.0,0.0,100.0,0.0
Other,0.1872220922068804,1.1935408378188626,0.0,4.142288790077229,0.07020828457758016,0.0,94.40673999531944
