from_label,Crops,TreeCrops,Forest,Grassland,Urban,Water,Other
Crops,98.92836999435984,0.007230971697976774,0.2747769245231174,0.7202047811184867,0.018800526414739612,0.0,0.05061680188583741
TreeCrops,0.0,99.82517864557155,0.05026113939817749,0.10052227879635497,0.024037936233910973,0.0,0.0
Forest,0.35907513889899795,0.008491641798287115,98.9870684426329,0.6162505762185506,0.029114200451270108,0.0,0.0
Grassland,2.1972406745017885,0.10495932826029913,1.7428772666381251,95.4287450455054,0.17401151790523278,0.0,0.3521661671891616
Urban,0.4357298474945534,0.01633986928104575,0.29411764705882354,0.528322440087146,98.72549019607844,0.0,0.0
Water,0.0,0.0,0.0,0.0,0.0,100.0,0.0
Other,2.2704266088214027,0.8387563268257412,1.6630513376717282,4.367317425885756,0.10122921185827911,0.0,90.75921908893709
