from_label,Crops,TreeCrops,Forest,Grassland,Urban,Water,Other
Crops,98.87089810017271,0.01079447322970639,0.22776338514680483,0.8365716753022452,0.04317789291882556,0.0,0.01079447322970639
TreeCrops,0.026182906302599587,99.63904993454274,0.028053113895642415,0.216944080792968,0.05236581260519917,0.0,0.037404151860856556
Forest,0.2317086906849888,0.006436352519027467,98.97018359695561,0.7450078040774294,0.04666355576294914,0.0,0.0
Grassland,0.8789578071714966,0.12984603969578928,1.1743218754904898,97.4501662314684,0.19262874020803902,0.0,0.17407930596578342
Urban,0.16304347826086957,0.07763975155279502,0.05434782608695652,0.31832298136645965,99.38664596273293,0.0,0.0
Water,0.0,0.0,0.0,0.0,0.0,100.0,0.0
Other,0.44666316342616924,0.5780346820809248,0.2627430373095113,2.9689963215974777,0.1576458223857068,0.0,95.58591697320021
