from_label,Crops,TreeCrops,Forest,Grassland,Urban,Water,Other
Crops,99.45834052095913,0.0,0.15180265654648956,0.3225806451612903,0.012075211316198034,0.0,0.0552009660169053
TreeCrops,0.11889035667107001,99.19154557463672,0.08718626155878469,0.5151915455746366,0.03963011889035667,0.0,0.047556142668428
Forest,0.23541388305656297,0.0010604228966511844,99.01062543742445,0.7210875697228054,0.031812686899535536,0.0,0.0
Grassland,1.7194001727251316,0.0013085237235351077,1.6840700321896835,95.7551490408521,0.22899165161864385,0.0,0.6110805788908953
Urban,0.2367960465355709,0.0,0.20076186554102748,0.5405127149181509,99.0116338927211,0.0,0.010295480284155256
Water,0.0,0.0,0.0,0.0,0.0,100.0,0.0
Other,1.0931978798586572,0.011042402826855124,0.1877208480565371,2.8820671378091873,0.0,0.0,95.82597173144876
