from_label,Crops,TreeCrops,Forest,Grassland,Urban,Water,Other
Crops,98.7196683331301,0.00221702453137644,0.30484087306426044,0.8990034474731463,0.055425613284410986,0.0,0.018844708516699737
TreeCrops,0.03586800573888092,99.69229026655591,0.039643585290342065,0.15102318205844598,0.039643585290342065,0.0,0.04153137506607264
Forest,0.22300687604534472,0.006194635445704021,98.96084990398315,0.7650374775444465,0.04491110698135415,0.0,0.0
Grassland,0.9106268434466367,0.07874917671315255,1.2914864980957017,97.37980012027147,0.19186163053749894,0.0,0.1474757309355402
Urban,0.14596409283316306,0.07298204641658153,0.02189461392497446,0.2554371624580353,99.50372208436724,0.0,0.0
Water,0.0,0.0,0.0,0.0,0.0,100.0,0.0
Other,0.348806010195868,0.6171183257311511,0.053662463107056614,3.8905285752616043,0.16098738932116982,0.0,94.92889723638315
