from_label,Crops,TreeCrops,Forest,Grassland,Urban,Water,Other
Crops,98.99040824815035,0.012604141720969513,0.27477028951713534,0.6768424104160627,0.03277076847452073,0.0,0.012604141720969513
TreeCrops,0.0019533920653214305,99.59174105834782,0.03320766511046432,0.27738167327564317,0.044928017502392906,0.0,0.050788193698357194
Forest,0.18877422602567331,0.00559331040076069,98.98061917946136,0.7830634561064966,0.041949828005705174,0.0,0.0
Grassland,0.7239643288074005,0.06657143253401383,1.3882917493030804,97.42035698930697,0.1997142976020415,0.0,0.20110120244650015
Urban,0.012004801920768308,0.012004801920768308,0.0,0.09603841536614646,99.87995198079231,0.0,0.0
Water,0.0,0.0,0.0,0.0,0.0,100.0,0.0
Other,0.1897083234526915,0.758833293810766,0.0,3.9127341712117616,0.11856770215793219,0.0,95.02015650936684
