from_label,Crops,TreeCrops,Forest,Grassland,Urban,Water,Other
Crops,89.60203930672675,0.0034140179577344574,1.1846642313338567,8.682985672504637,0.18435696971766072,0.0,0.3425398017593573
TreeCrops,0.036221523210370796,98.13745114860356,0.0896006100467067,1.2010294538175579,0.1315413211323992,0.0,0.4041559431894004
Forest,0.05993946114424432,0.0,98.9450654838613,0.888602511463422,0.00749243264303054,0.0,0.0989001108880031
Grassland,0.9919839679358716,0.031491554537646724,0.2333237904380189,98.14056684798167,0.03292298883481248,0.0,0.5697108502719725
Urban,0.027668257591478177,0.027668257591478177,0.03458532198934772,0.13834128795739087,99.6610638445044,0.0,0.11067303036591271
Water,0.0,0.0,0.0,0.0,0.0,100.0,0.0
Other,0.027419797093501508,0.4387167534960241,0.0,5.1549218535782835,0.0,0.0,94.37894159583219
