from_label,Crops,TreeCrops,Forest,Grassland,Urban,Water,Other
Crops,98.66164784608951,0.0,0.33170365883557595,0.9085795872452732,0.034612555704581834,0.0,0.0634563521250667
TreeCrops,0.008720866854165303,99.66860705954171,0.10683061896352497,0.15261516994789281,0.028342817276037238,0.0,0.034883467416661214
Forest,0.15672062100546075,0.001224379851605162,98.98009158361289,0.8276807796850895,0.03428263584494454,0.0,0.0
Grassland,0.7207802033040344,0.039890507434765264,1.6148777837384283,97.14576541630558,0.15543542552167156,0.0,0.32325066369551164
Urban,0.1737619461337967,0.01629018245004344,0.3583840139009557,0.7221980886185925,98.72936576889661,0.0,0.0
Water,0.0,0.0,0.0,0.0,0.0,100.0,0.0
Other,0.6826909401223155,0.18489546294979378,1.052481866021903,3.9254729057033138,0.0,0.0,94.15445882520267
