from_label,Crops,TreeCrops,Forest,Grassland,Urban,Water,Other
Crops,96.57285803627266,0.001389757487318463,0.9116809116809116,2.2111041623236747,0.08894447918838164,0.0,0.2140226530470433
TreeCrops,0.017043759853423664,98.76645788060846,0.0916102092121522,0.9161020921215219,0.05326174954194895,0.0,0.15552430866249095
Forest,0.16522046211280397,0.0025224498032489157,99.00741600242155,0.7958329129250328,0.029008172737362527,0.0,0.0
Grassland,0.731134370265349,0.05976953977454374,1.1300612985280014,97.58836856956201,0.11953907954908748,0.0,0.37112714232100413
Urban,0.11929291833857499,0.010844810758052272,0.23316343129812386,0.6073094024509272,98.99685500488017,0.0,0.03253443227415682
Water,0.0,0.0,0.0,0.0,0.0,100.0,0.0
Other,0.541795665634675,0.10835913312693499,0.18575851393188852,3.4055727554179565,0.0,0.0,95.75851393188854
