from_label,Crops,TreeCrops,Forest,Grassland,Urban,Water,Other
Crops,99.71247182223858,0.000460045084418273,0.1513548327736118,0.11501127110456824,0.01840180337673092,0.0,0.002300225422091365
TreeCrops,0.005886161633998469,99.2053681794102,0.6180469715698393,0.10595090941197245,0.06474777797398316,0.0,0.0
Forest,0.044796356363255005,0.0019476676679676087,99.6774362700666,0.2752204235428075,0.0005992823593746489,0.0,0.0
Grassland,0.05092807026572659,0.0004288679601324344,0.07848283670423549,99.81408573928259,0.008684576192681797,0.0,0.047389909594634
Urban,0.0,0.0,0.0,0.0,100.0,0.0,0.0
Water,0.0,0.0,0.0,0.0,0.0,100.0,0.0
Other,0.012788405179304099,0.0,0.0,0.07459903021260723,0.00213140086321735,0.0,99.91048116374486
