from_label,Crops,TreeCrops,Forest,Grassland,Urban,Water,Other
Crops,99.61945073237321,0.0,0.23176677976754576,0.09476904342189901,0.0314260040362774,0.0,0.022587440401074375
TreeCrops,0.0,0.0,0.0,0.0,0.0,0.0,0.0
Forest,0.05950549482447331,0.0,99.9184339314845,0.021770302984563405,0.00014513535323042268,0.0,0.00014513535323042268
Grassland,0.014529334408009163,0.0,0.04358800322402749,99.93159546939296,0.003499766682221185,0.0,0.006787426292792602
Urban,0.0,0.0,0.0,0.0,100.0,0.0,0.0
Water,0.0,0.0,0.0,0.0,0.0,100.0,0.0
Other,0.014306151645207441,0.0,0.0,0.0592683425301451,0.005109339873288371,0.0,99.92131616595135
