from_label,Crops,TreeCrops,Forest,Grassland,Urban,Water,Other
Crops,99.61875826922135,0.0,0.23080315577987945,0.10192580977115696,0.030381731758710246,0.0,0.018131033468907726
TreeCrops,0.0,0.0,0.0,0.0,0.0,0.0,0.0
Forest,0.054184086438870765,0.0,99.91908703445992,0.02643834780663399,0.0002905312945783955,0.0,0.0
Grassland,0.014840727195632588,0.0,0.04356813483860709,99.9307786081518,0.003392166216144591,0.0,0.007420363597816294
Urban,0.0,0.0,0.0,0.0,100.0,0.0,0.0
Water,0.0,0.0,0.0,0.0,0.0,100.0,0.0
Other,0.02453134901976818,0.0,0.0,0.05723981437945908,0.0051106977124517035,0.0,99.91311813888832
