from_label,Crops,TreeCrops,Forest,Grassland,Urban,Water,Other
Crops,99.65815087009226,0.0,0.11614755303987055,0.20439940556798183,0.013694252978500021,0.0,0.0076079183213889024
TreeCrops,0.0,100.0,0.0,0.0,0.0,0.0,0.0
Forest,0.05489857524436384,0.0,99.68567306522357,0.2589938061660225,0.00043455336605037346,0.0,0.0
Grassland,0.03203989442696173,0.0,0.05910990423984029,99.89795875207254,0.007613440259872093,0.0,0.0032780090007782626
Urban,0.0,0.0,0.0,0.0,100.0,0.0,0.0
Water,0.0,0.0,0.0,0.0,0.0,100.0,0.0
Other,0.052643301139929946,0.0,0.0,0.17007835752900444,0.012148454109214602,0.0,99.76512988722185
