from_label,Crops,TreeCrops,Forest,Grassland,Urban,Water,Other
Crops,99.67009300048947,0.0,0.21243269701419482,0.07929515418502203,0.021536955457660305,0.0,0.016642192853646598
TreeCrops,0.0,0.0,0.0,0.0,0.0,0.0,0.0
Forest,0.06149998909574662,0.0,99.91116668241725,0.027042548396711278,0.00029078009028721805,0.0,0.0
Grassland,0.03411316884853224,0.0,0.03771518046607912,99.9198022707505,0.005508958944483467,0.0,0.0028604209904048764
Urban,0.0,0.0,0.0,0.0,100.0,0.0,0.0
Water,0.0,0.0,0.0,0.0,0.0,100.0,0.0
Other,0.04701265253561719,0.0,0.0,0.025550354638922388,0.007154099298898269,0.0,99.92028289352656
