from_label,Crops,TreeCrops,Forest,Grassland,Urban,Water,Other
Crops,99.76968905724215,0.0018388099222183402,0.12457937223029256,0.08458525642204366,0.01884780170273799,0.0,0.00045970248055458504
TreeCrops,0.0,99.0931721194879,0.6993835941204363,0.1896633475580844,0.017780938833570414,0.0,0.0
Forest,0.03826082781427144,0.013053694195457315,99.66750590417088,0.28072944643334063,0.00030008492403350146,0.0,0.00015004246201675073
Grassland,0.055833652153132095,0.0,0.08391122770806608,99.78834652014888,0.009430636064252639,0.0,0.06247796392567373
Urban,0.0,0.0,0.0,0.0,100.0,0.0,0.0
Water,0.0,0.0,0.0,0.0,0.0,100.0,0.0
Other,0.011677530308499119,0.0,0.0,0.07749633750185779,0.0021231873288180218,0.0,99.90870294486083
