from_label,Crops,TreeCrops,Forest,Grassland,Urban,Water,Other
Crops,99.62238731850745,0.0,0.23305782685868534,0.10128673487951304,0.032942772994793076,0.0,0.010325346759562008
TreeCrops,0.0,0.0,0.0,0.0,0.0,0.0,0.0
Forest,0.07541631254840422,0.0,99.90253891916822,0.022044768283379694,0.0,0.0,0.0
Grassland,0.01474893388551644,0.0,0.04329183471432164,99.93134848759763,0.0036076528928601368,0.0,0.007003090909669677
Urban,0.0,0.0,0.0,0.0,100.0,0.0,0.0
Water,0.0,0.0,0.0,0.0,0.0,100.0,0.0
Other,0.015320348486860246,0.0,0.0,0.05719596768427826,0.005106782828953416,0.0,99.92237690099991
