from_label,Crops,TreeCrops,Forest,Grassland,Urban,Water,Other
Crops,99.79103551084822,0.0,0.1595649341849292,0.015300747113623347,0.011803433487652297,0.0,0.02229537436556545
TreeCrops,0.0,95.65217391304348,4.3478260869565215,0.0,0.0,0.0,0.0
Forest,0.08219732045526473,0.0004395578633971376,99.68249270333946,0.2344308604784734,0.00029303857559809173,0.0,0.00014651928779904586
Grassland,0.03134501457543178,0.0,0.043450675376977846,99.91450377058908,0.0035668464861698234,0.0,0.007133692972339647
Urban,0.0,0.0,0.0,0.0,100.0,0.0,0.0
Water,0.0,0.0,0.0,0.0,0.0,100.0,0.0
Other,0.030024233845889897,0.0,0.0,0.043964056702910204,0.003216882197773918,0.0,99.92279482725343
