from_label,Crops,TreeCrops,Forest,Grassland,Urban,Water,Other
Crops,99.66691164777734,0.0,0.18137198017801962,0.11862243253349149,0.013323534088906654,0.0,0.019770405422248585
TreeCrops,0.21645021645021645,85.4978354978355,13.852813852813853,0.4329004329004329,0.0,0.0,0.0
Forest,0.15043723136208687,0.000296428042092782,99.67822736030828,0.16140506891951978,0.0074107010523195484,0.0,0.002223210315695865
Grassland,0.0415911973200615,0.0,0.04493142301156903,99.90248695965114,0.0043099686342032645,0.0,0.006680451383015061
Urban,0.0,0.0,0.0,0.0,100.0,0.0,0.0
Water,0.0,0.0,0.0,0.0,0.0,100.0,0.0
Other,0.033215471981142185,0.0,0.0,0.03857280617164899,0.005357334190506804,0.0,99.9228543876567
