from_label,Crops,TreeCrops,Forest,Grassland,Urban,Water,Other
Crops,99.49297846422579,0.00045967500976809393,0.3199338067985934,0.13468477786205152,0.04091107586936036,0.0,0.011032200234434256
TreeCrops,0.03659875564230816,98.09076491399293,1.6347444186897646,0.1707941929974381,0.0304989630352568,0.0,0.03659875564230816
Forest,0.07265119588088821,0.0009043717329571148,99.66658828778314,0.25654011491550155,0.0021102007102332676,0.0,0.001205828977276153
Grassland,0.03014836846010259,0.0,0.023413094655186054,99.93574762608326,0.001710545728232771,0.0,0.008980365073222047
Urban,0.0,0.0,0.0,0.0,100.0,0.0,0.0
Water,0.0,0.0,0.0,0.0,0.0,100.0,0.0
Other,0.017879492222420884,0.0,0.0,0.06941449921645755,0.0021034696732259864,0.0,99.9106025388879
