from_label,Crops,TreeCrops,Forest,Grassland,Urban,Water,Other
Crops,99.63290390881718,0.005499566909105908,0.20577546184904605,0.1319896058185418,0.02199826763642363,0.0,0.0018331889697019692
TreeCrops,0.0037334328915437746,99.84319581855516,0.10826955385476945,0.014933731566175099,0.029867463132350197,0.0,0.0
Forest,0.04747085816762488,0.004521034111202369,99.65097616661518,0.2959770331467151,0.0006028045481603158,0.0,0.0004521034111202369
Grassland,0.046396001743626486,0.003344828032680049,0.07229144457727847,99.85541711084545,0.007984428207042697,0.0,0.014566186593929244
Urban,0.0,0.0,0.0,0.0,100.0,0.0,0.0
Water,0.0,0.0,0.0,0.0,0.0,100.0,0.0
Other,0.01391818249949145,0.001070629423037804,0.0,0.07066154192049505,0.002141258846075608,0.0,99.9122083873109
