from_label,Crops,TreeCrops,Forest,Grassland,Urban,Water,Other
Crops,99.66887917869941,0.0,0.14363688595231255,0.15422065649616715,0.019151584793641672,0.0,0.014111694058472813
TreeCrops,0.0,0.0,0.0,0.0,0.0,0.0,0.0
Forest,0.04547146231299137,0.00014481357424519546,99.83708472897416,0.11686455441587272,0.00043444072273558635,0.0,0.0
Grassland,0.01778031782318109,0.0,0.03492562429553429,99.9395680864462,0.004445079455795272,0.0,0.0032808919792774627
Urban,0.0,0.0,0.0,0.0,100.0,0.0,0.0
Water,0.0,0.0,0.0,0.0,0.0,100.0,0.0
Other,0.04255060482645432,0.0,0.0,0.04964237229753003,0.006078657832350617,0.0,99.90172836504367
