from_label,Crops,TreeCrops,Forest,Grassland,Urban,Water,Other
Crops,99.53379611284777,0.0,0.3013448000900121,0.1071339467852478,0.03962488442742042,0.0,0.018100255849562413
TreeCrops,0.0,0.0,0.0,0.0,0.0,0.0,0.0
Forest,0.061193283564734066,0.0,99.91322472615643,0.025581990278843697,0.0,0.0,0.0
Grassland,0.01632163368954769,0.0,0.0414399920299555,99.93163991084573,0.003179539030431368,0.0,0.007418924404339859
Urban,0.0,0.0,0.0,0.0,100.0,0.0,0.0
Water,0.0,0.0,0.0,0.0,0.0,100.0,0.0
Other,0.03168794529229574,0.0,0.0,0.0684868495027037,0.004088767134489773,0.0,99.89573643807051
