from_label,Crops,TreeCrops,Forest,Grassland,Urban,Water,Other
Crops,99.77261607995713,0.0,0.18871001560934697,0.029354891317009527,0.006057358525732125,0.0,0.003261654590778836
TreeCrops,0.0,82.0,18.0,0.0,0.0,0.0,0.0
Forest,0.023975031094888813,0.0,99.92487823590268,0.05114673300242947,0.0,0.0,0.0
Grassland,0.6241968252742326,0.0,0.07884252733743959,99.27690139213377,0.012764980616537837,0.0,0.0072942746380216215
Urban,0.0,0.0,0.0,0.0,100.0,0.0,0.0
Water,0.0,0.0,0.0,0.0,0.0,100.0,0.0
Other,1.0770488024642206,0.0,0.06600590910043375,0.12991639251513945,0.0188588311715525,0.0,98.70817006474866
