from_label,Crops,TreeCrops,Forest,Grassland,Urban,Water,Other
Crops,99.61660405968915,0.03920115794189613,0.19600578970948063,0.1167419099148775,0.012492676706758106,0.0,0.018954406037839888
TreeCrops,0.0,98.14814814814815,1.1111111111111112,0.7407407407407408,0.0,0.0,0.0
Forest,0.15338693740866305,0.01567889620570712,99.67266606317708,0.1557535632510339,0.001922883496926345,0.0,0.0005916564605927215
Grassland,0.03827291064946434,0.0,0.04172286315871183,99.9106246678073,0.0037733855569894417,0.0,0.005606172827527171
Urban,0.0,0.0,0.0,0.0,100.0,0.0,0.0
Water,0.0,0.0,0.0,0.0,0.0,100.0,0.0
Other,0.0353682585955586,0.0,0.0,0.03751178941953186,0.006430592471919746,0.0,99.92068935951299
