from_label,Crops,TreeCrops,Forest,Grassland,Urban,Water,Other
Crops,99.67856545907281,0.0047143732669321006,0.18300339863454607,0.11871649044910834,0.013714540412893382,0.0,0.0012857381637087545
TreeCrops,0.0,97.98488664987406,0.7556675062972292,1.2594458438287155,0.0,0.0,0.0
Forest,0.08835338980030649,0.011879447368108436,99.7356822960596,0.16156048420627472,0.002375889473621687,0.0,0.00014849309210135544
Grassland,0.04210734897084686,0.0,0.04490732614026378,99.90253925621838,0.004307657183718348,0.0,0.006138411486798646
Urban,0.0,0.0,0.0,0.0,100.0,0.0,0.0
Water,0.0,0.0,0.0,0.0,0.0,100.0,0.0
Other,0.034268213019779184,0.0,0.0,0.04176438461785588,0.004283526627472398,0.0,99.91968387573489
