from_label,Crops,TreeCrops,Forest,Grassland,Urban,Water,Other
Crops,97.18391681723521,0.0,0.5607550253792112,1.986027894977821,0.09747980248031941,0.0,0.17182045992743172
TreeCrops,0.0,0.0,0.0,0.0,0.0,0.0,0.0
Forest,0.0347794835826346,0.0,99.79059852592955,0.17404233242810066,0.0005796580597105768,0.0,0.0
Grassland,0.030472849434394184,0.0,0.009237414288474893,99.95179556221876,0.0012741261087551576,0.0,0.007220047949612559
Urban,0.0,0.0,0.0,0.0,100.0,0.0,0.0
Water,0.0,0.0,0.0,0.0,0.0,100.0,0.0
Other,0.02757493744574376,0.0,0.0,0.08578869427564725,0.0020425879589439817,0.0,99.88459378031966
