from_label,Crops,TreeCrops,Forest,Grassland,Urban,Water,Other
Crops,99.49511327522812,0.0,0.2504477626832834,0.15565677680714024,0.0314306953168264,0.0,0.06735148996462799
TreeCrops,0.0,76.47058823529412,23.52941176470588,0.0,0.0,0.0,0.0
Forest,0.05624492635973559,0.00014496115041168968,99.77617998376435,0.1656905949205613,0.0007248057520584483,0.0,0.0010147280528818277
Grassland,0.014401272394772761,0.0,0.039391715668054904,99.93699443327287,0.0030708595547677213,0.0,0.006141719109535443
Urban,0.0,0.0,0.0,0.0,100.0,0.0,0.0
Water,0.0,0.0,0.0,0.0,0.0,100.0,0.0
Other,0.01655320821866788,0.0,0.0,0.05793622876533758,0.00413830205466697,0.0,99.92137226096133
