from_label,Crops,TreeCrops,Forest,Grassland,Urban,Water,Other
Crops,99.15167802619436,0.42009116403229957,0.21019173587614068,0.1859301951176516,0.021360948767900477,0.0,0.010747930011638344
TreeCrops,0.01612163595196469,95.798701670918,3.124373047490757,0.9988249118683901,0.031885013327219054,0.0,0.030093720443667423
Forest,0.09257549758673787,0.1279559105162016,99.55964209240273,0.21680439131066656,0.002444683046842977,0.0,0.0005774251368310099
Grassland,0.07543489813148316,0.03227402558827759,0.05330689855149643,99.8167004983846,0.005706468596197452,0.0,0.016577210747937658
Urban,0.0,0.0,0.0,0.0,100.0,0.0,0.0
Water,0.0,0.0,0.0,0.0,0.0,100.0,0.0
Other,0.05731557861884342,0.001488716327762167,0.0013823794472077263,0.06794926667428747,0.0042003067819003995,0.0,99.86766375215001
