from_label,Crops,TreeCrops,Forest,Grassland,Urban,Water,Other
Crops,98.1706950526457,0.2695866492182912,0.35975714080931487,1.083895550201843,0.04300438829725743,0.0,0.07306121882759864
TreeCrops,0.0,99.55981646584847,0.13056291267206327,0.18278807774088857,0.059685902935800346,0.0,0.0671466408027754
Forest,0.0679776272278785,0.03774829864121469,99.61791356253404,0.2702225768584515,0.0052172445276475595,0.0,0.0009206902107613341
Grassland,0.03349490536089161,0.024747828164735197,0.018027512757932105,99.91295591473093,0.0013867317506101621,0.0,0.009387107234899559
Urban,0.0,0.0,0.0,0.0,100.0,0.0,0.0
Water,0.0,0.0,0.0,0.0,0.0,100.0,0.0
Other,0.015753985758396875,0.0010502657172264582,0.0,0.07456886592307854,0.0021005314344529165,0.0,99.90652635116685
