from_label,Crops,TreeCrops,Forest,Grassland,Urban,Water,Other
Crops,99.93170359359621,0.0,0.0,0.06804531667436675,0.0,0.0,0.0002510897294257076
TreeCrops,0.0,100.0,0.0,0.0,0.0,0.0,0.0
Forest,0.004113759153114116,0.043423013282871216,99.94972072146194,0.002742506102076077,0.0,0.0,0.0
Grassland,0.09803432270760104,0.0007129768924189167,0.0,99.90125270039998,0.0,0.0,0.0
Urban,0.0,0.0,0.0,0.0,100.0,0.0,0.0
Water,0.0,0.0,0.0,0.0,0.0,100.0,0.0
Other,0.0,0.0,0.0,0.0,0.0,0.0,100.0
