from_label,Crops,TreeCrops,Forest,Grassland,Urban,Water,Other
Crops,99.92492737539577,0.0,0.0,0.0750726246042367,0.0,0.0,0.0
TreeCrops,0.0,100.0,0.0,0.0,0.0,0.0,0.0
Forest,0.0013696691335929618,0.00867457117942209,99.98949920330912,0.0004565563778643206,0.0,0.0,0.0
Grassland,0.10206302927353249,0.0007137274774372902,0.0,99.89722324324903,0.0,0.0,0.0
Urban,0.0,0.0,0.0,0.0,100.0,0.0,0.0
Water,0.0,0.0,0.0,0.0,0.0,100.0,0.0
Other,0.0,0.0,0.0,0.0,0.0,0.0,100.0
