from_label,Crops,TreeCrops,Forest,Grassland,Urban,Water,Other
Crops,99.9286917701766,0.0,0.00025108531627961866,0.07105714450713208,0.0,0.0,0.0
TreeCrops,0.3144654088050315,85.84905660377359,13.20754716981132,0.628930817610063,0.0,0.0,0.0
Forest,0.013241525423728813,0.0,99.85753945061367,0.12921902396259496,0.0,0.0,0.0
Grassland,0.08778472046276108,0.0,0.013917089829462123,99.89829818970777,0.0,0.0,0.0
Urban,0.0,0.0,0.0,0.0,100.0,0.0,0.0
Water,0.0,0.0,0.0,0.0,0.0,100.0,0.0
Other,20.0,0.0,0.0,0.0,0.0,0.0,80.0
