from_label,Crops,TreeCrops,Forest,Grassland,Urban,Water,Other
Crops,99.92728859158002,0.0,0.010664339901597228,0.061804697156983925,0.0,0.0,0.000242371361399937
TreeCrops,0.0,99.36908517350159,0.6309148264984227,0.0,0.0,0.0,0.0
Forest,0.017331575850729523,0.0,99.98130014184527,0.0013682823040049624,0.0,0.0,0.0
Grassland,0.09683727225481288,0.0,0.0,99.90316272774518,0.0,0.0,0.0
Urban,0.0,0.0,0.0,0.0,100.0,0.0,0.0
Water,0.0,0.0,0.0,0.0,0.0,100.0,0.0
Other,0.0,0.0,0.0,0.0,0.0,0.0,100.0
