from_label,Crops,TreeCrops,Forest,Grassland,Urban,Water,Other
Crops,99.95042973049812,0.0,0.0306169311629331,0.012149575858306786,0.006803762480651801,0.0,0.0
TreeCrops,0.0,100.0,0.0,0.0,0.0,0.0,0.0
Forest,0.05057039763822575,0.00045558916791194374,99.8892918321974,0.038269490104603274,0.021412690891861354,0.0,0.0
Grassland,0.018287744598584007,0.0,0.047398848245309565,99.924236486663,0.01007692049309731,0.0,0.0
Urban,0.0,0.0,0.0,0.0,100.0,0.0,0.0
Water,0.0,0.0,0.0,0.0,0.0,100.0,0.0
Other,0.0,0.0,0.0,0.0,0.0,0.0,100.0
