from_label,Crops,TreeCrops,Forest,Grassland,Urban,Water,Other
Crops,99.84294556065647,0.07178967715554894,0.02392989238518298,0.0613348698027991,0.0,0.0,0.0
TreeCrops,0.0,98.83755930454227,1.0950736021328134,0.0673670933249244,0.0,0.0,0.0
Forest,0.24030825748891682,0.287265043435027,98.54917342245916,0.9232532766169017,0.0,0.0,0.0
Grassland,0.017054896936861186,0.03093678979244587,0.053544443871540934,99.89846386939915,0.0,0.0,0.0
Urban,0.0,0.0,0.0,0.0,100.0,0.0,0.0
Water,0.0,0.0,0.0,0.0,0.0,100.0,0.0
Other,0.0,0.0,0.0,0.0,0.0,0.0,0.0
