from_label,Crops,TreeCrops,Forest,Grassland,Urban,Water,Other
Crops,99.93749764674875,0.0,0.0,0.06225133978437944,0.0,0.0,0.0002510134668724977
TreeCrops,0.21321961620469082,94.88272921108742,4.477611940298507,0.42643923240938164,0.0,0.0,0.0
Forest,0.019690898683457355,0.011448196908986834,99.96748712077847,0.0013737836290784202,0.0,0.0,0.0
Grassland,0.10192844338160084,0.0,0.0,99.89807155661839,0.0,0.0,0.0
Urban,0.0,0.0,0.0,0.0,100.0,0.0,0.0
Water,0.0,0.0,0.0,0.0,0.0,100.0,0.0
Other,0.0,0.0,0.0,0.0,0.0,0.0,100.0
