from_label,Crops,TreeCrops,Forest,Grassland,Urban,Water,Other
Crops,99.94547362657418,0.005475451724767293,0.012776054024457017,0.03627486767658332,0.0,0.0,0.0
TreeCrops,0.0,99.75490196078431,0.24509803921568626,0.0,0.0,0.0,0.0
Forest,0.18092686647690276,0.40045766590389015,99.4181503599933,0.00046510762590463436,0.0,0.0,0.0
Grassland,3.9492608787033334,0.0,0.0,96.05073912129667,0.0,0.0,0.0
Urban,0.0,0.0,0.0,0.0,100.0,0.0,0.0
Water,0.0,0.0,0.0,0.0,0.0,100.0,0.0
Other,0.0,0.0,0.0,0.0,0.0,0.0,100.0
