from_label,Crops,TreeCrops,Forest,Grassland,Urban,Water,Other
Crops,99.85374037829266,0.0,0.04109774494255986,0.07760221250918656,0.02755966425559896,0.0,0.0
TreeCrops,0.27932960893854747,98.88268156424581,0.8379888268156425,0.0,0.0,0.0,0.0
Forest,0.016443837443531405,0.0,99.98035874972022,0.00045677326232031683,0.002740639573921901,0.0,0.0
Grassland,0.020227370629108683,0.0,0.007491618751521736,99.96853520124361,0.003745809375760868,0.0,0.0
Urban,0.0,0.0,0.0,0.0,100.0,0.0,0.0
Water,0.0,0.0,0.0,0.0,0.0,100.0,0.0
Other,0.0,0.0,0.0,0.0,0.0,0.0,100.0
