from_label,Crops,TreeCrops,Forest,Grassland,Urban,Water,Other
Crops,99.94456530347003,0.00046583778596617087,0.0111801068631881,0.04378875188082006,0.0,0.0,0.0
TreeCrops,0.0,99.61587708066581,0.3201024327784891,0.0,0.06402048655569782,0.0,0.0
Forest,0.0776040335509654,0.03438741606449964,99.88661446594949,0.0013940844350472828,0.0,0.0,0.0
Grassland,3.6009208051876795,0.0,0.0,96.39907919481232,0.0,0.0,0.0
Urban,0.0,0.0,0.0,0.0,100.0,0.0,0.0
Water,0.0,0.0,0.0,0.0,0.0,100.0,0.0
Other,0.0,0.0,0.0,0.0,0.0,0.0,100.0
