from_label,Crops,TreeCrops,Forest,Grassland,Urban,Water,Other
Crops,92.44916498723337,0.06129747798362166,0.031310222567173654,7.406411098812417,0.0518162134034212,0.0,0.0
TreeCrops,0.29009531703273933,96.4774140074596,0.870285951098218,2.3622047244094486,0.0,0.0,0.0
Forest,0.08042563721851026,2.8363124131498294,96.25521101022214,0.8228161346201435,0.005234804789370491,0.0,0.0
Grassland,0.12580574037326692,0.0,0.00043232213186689665,99.873329615363,0.00043232213186689665,0.0,0.0
Urban,0.0,0.0,0.0,0.0,100.0,0.0,0.0
Water,0.0,0.0,0.0,0.0,0.0,100.0,0.0
Other,0.0,0.0,0.0,0.0,0.0,0.0,100.0
