from_label,Crops,TreeCrops,Forest,Grassland,Urban,Water,Other
Crops,99.92382764944635,0.006701379814103723,0.02211455338654229,0.047356417352999655,0.0,0.0,0.0
TreeCrops,0.0,99.88966531813168,0.11033468186833395,0.0,0.0,0.0,0.0
Forest,0.08401625878885165,0.2858430257117914,99.62732452805392,0.0028161874454363683,0.0,0.0,0.0
Grassland,3.1012055498853384,0.0,0.0,96.89836740445921,0.0,0.0,0.0004270456554510243
Urban,0.0,0.0,0.0,0.0,100.0,0.0,0.0
Water,0.0,0.0,0.0,0.0,0.0,100.0,0.0
Other,0.0,0.0,0.0,0.0,0.0,0.0,100.0
