from_label,Crops,TreeCrops,Forest,Grassland,Urban,Water,Other
Crops,99.93632566488611,0.0002173185498767804,0.019558669488910236,0.04389834707510964,0.0,0.0,0.0
TreeCrops,0.0,99.42446043165467,0.5755395683453237,0.0,0.0,0.0,0.0
Forest,0.1754542341235029,0.1543434305524932,99.66410365873682,0.006098676587180582,0.0,0.0,0.0
Grassland,1.1251530934980687,0.0,0.0,98.87484690650193,0.0,0.0,0.0
Urban,0.0,0.0,0.0,0.0,100.0,0.0,0.0
Water,0.0,0.0,0.0,0.0,0.0,100.0,0.0
Other,25.0,0.0,0.0,25.0,0.0,0.0,50.0
