from_label,Crops,TreeCrops,Forest,Grassland,Urban,Water,Other
Crops,99.92217451586562,0.0002394630281057756,0.0009578521124231024,0.0766281689938482,0.0,0.0,0.0
TreeCrops,0.0,100.0,0.0,0.0,0.0,0.0,0.0
Forest,0.04916808527415846,0.013451645971232032,99.93738026875461,0.0,0.0,0.0,0.0
Grassland,0.09977456948773636,0.0,0.0,99.90022543051226,0.0,0.0,0.0
Urban,0.0,0.0,0.0,0.0,100.0,0.0,0.0
Water,0.0,0.0,0.0,0.0,0.0,100.0,0.0
Other,0.0,0.0,0.0,0.0,0.0,0.0,100.0
