from_label,Crops,TreeCrops,Forest,Grassland,Urban,Water,Other
Crops,99.84306442251886,0.07637840975043529,0.013929193267556587,0.06662797446314567,0.0,0.0,0.0
TreeCrops,0.0,99.43414294419779,0.507820434694292,0.058036621107919094,0.0,0.0,0.0
Forest,0.2091608358257765,0.5954611417320153,98.26403319321147,0.9299822179224265,0.0013626113083112477,0.0,0.0
Grassland,0.01715300077786864,0.012765023834692942,0.06980872409597702,99.90027325129147,0.0,0.0,0.0
Urban,0.0,0.0,0.0,0.0,100.0,0.0,0.0
Water,0.0,0.0,0.0,0.0,0.0,100.0,0.0
Other,0.0,0.0,0.0,0.0,0.0,0.0,0.0
