from_label,Crops,TreeCrops,Forest,Grassland,Urban,Water,Other
Crops,99.93037582986385,0.0,0.01945725966767938,0.05016691046847455,0.0,0.0,0.0
TreeCrops,0.0,99.18450560652396,0.8154943934760449,0.0,0.0,0.0,0.0
Forest,0.050541483070900506,0.005973084362924605,99.94302596453825,0.0004594680279172774,0.0,0.0,0.0
Grassland,2.6441831928116217,0.00039583580730712895,0.0,97.35542097138106,0.0,0.0,0.0
Urban,0.0,0.0,0.0,0.0,100.0,0.0,0.0
Water,0.0,0.0,0.0,0.0,0.0,100.0,0.0
Other,0.0,0.0,0.0,0.0,0.0,0.0,100.0
