from_label,Crops,TreeCrops,Forest,Grassland,Urban,Water,Other
Crops,99.92469444772163,0.0,0.0,0.07279536720242384,0.0,0.0,0.0025101850759456494
TreeCrops,0.0,99.7867803837953,0.0,0.21321961620469082,0.0,0.0,0.0
Forest,0.027446890267332713,0.013265996962544144,99.87420175294139,0.0850853598287314,0.0,0.0,0.0
Grassland,0.08773869561805847,0.0,0.01034317956473047,99.90191812481721,0.0,0.0,0.0
Urban,0.0,0.0,0.0,0.0,100.0,0.0,0.0
Water,0.0,0.0,0.0,0.0,0.0,100.0,0.0
Other,0.0,0.0,0.0,0.0,0.0,0.0,100.0
