from_label,Crops,TreeCrops,Forest,Grassland,Urban,Water,Other
Crops,99.92258316497691,0.00418469378503228,0.001859863904458791,0.07137227733360611,0.0,0.0,0.0
TreeCrops,0.0,99.2574434839949,0.7210539141902836,0.021502601814819593,0.0,0.0,0.0
Forest,0.16490971714852312,0.09671920119681314,98.73151723897993,1.00546219949205,0.0013916431826879589,0.0,0.0
Grassland,0.016566805643758457,0.03905032758885922,0.03786698432859076,99.9065158824388,0.0,0.0,0.0
Urban,0.0,0.0,0.0,0.0,100.0,0.0,0.0
Water,0.0,0.0,0.0,0.0,0.0,100.0,0.0
Other,0.0,0.0,0.0,0.0,0.0,0.0,0.0
