from_label,Crops,TreeCrops,Forest,Grassland,Urban,Water,Other
Crops,99.92505650691491,0.0011971804007202237,0.011492931846914148,0.062253380837451626,0.0,0.0,0.0
TreeCrops,0.0,81.84991273996509,18.1500872600349,0.0,0.0,0.0,0.0
Forest,0.04641318877172137,0.004641318877172137,99.94848136046339,0.0004641318877172137,0.0,0.0,0.0
Grassland,0.09750426581162926,0.0007500328139356096,0.0,99.90174570137444,0.0,0.0,0.0
Urban,0.0,0.0,0.0,0.0,100.0,0.0,0.0
Water,0.0,0.0,0.0,0.0,0.0,100.0,0.0
Other,0.0,0.0,0.0,0.0,0.0,0.0,100.0
