from_label,Crops,TreeCrops,Forest,Grassland,Urban,Water,Other
Crops,99.88095751356893,0.0,0.03568879371877231,0.06299431374521554,0.02035937896708487,0.0,0.0
TreeCrops,0.36900369003690037,67.52767527675276,32.10332103321033,0.0,0.0,0.0,0.0
Forest,0.03249994196438935,0.0,99.96332149406875,0.0,0.004178563966850059,0.0,0.0
Grassland,0.019863876229311583,0.0,0.008245382585751979,99.9681428400096,0.003747901175341809,0.0,0.0
Urban,0.0,0.0,0.0,0.0,100.0,0.0,0.0
Water,0.0,0.0,0.0,0.0,0.0,100.0,0.0
Other,0.0,0.0,0.0,0.0,0.0,0.0,100.0
