from_label,Crops,TreeCrops,Forest,Grassland,Urban,Water,Other
Crops,100.0,0.0,0.0,0.0,0.0,0.0,0.0
TreeCrops,0.0,99.23664122137404,0.0,0.7633587786259541,0.0,0.0,0.0
Forest,0.0024104517186520754,0.0024104517186520754,99.67940992141926,0.31456394928409587,0.0,0.0,0.0012052258593260377
Grassland,0.0,0.020607934054611025,0.2782071097372488,99.70118495620814,0.0,0.0,0.0
Urban,0.0,0.0,0.0,0.0,100.0,0.0,0.0
Water,0.0,0.0,0.0,0.0,0.0,100.0,0.0
Other,0.0,0.0,0.0,1.5384615384615385,0.0,0.0,98.46153846153847
