from_label,Crops,TreeCrops,Forest,Grassland,Urban,Water,Other
Crops,99.95954692556634,0.0,0.0,0.0,0.04045307443365696,0.0,0.0
TreeCrops,0.0,97.14285714285714,2.571428571428571,0.2857142857142857,0.0,0.0,0.0
Forest,0.01852149110351044,0.006173830367836813,99.57400570461927,0.39389037746798866,0.006173830367836813,0.0,0.0012347660735673627
Grassland,0.1050236303168213,0.0,0.3063189217573954,99.57990547873271,0.008751969193068442,0.0,0.0
Urban,0.0,0.0,0.0,0.0,100.0,0.0,0.0
Water,0.0,0.0,0.0,0.0,0.0,100.0,0.0
Other,0.0,0.0,0.0,1.2658227848101267,0.0,0.0,98.73417721518987
