from_label,Crops,TreeCrops,Forest,Grassland,Urban,Water,Other
Crops,99.77134146341463,0.0,0.0,0.22865853658536583,0.0,0.0,0.0
TreeCrops,0.3875968992248062,89.92248062015504,8.13953488372093,1.550387596899225,0.0,0.0,0.0
Forest,0.01272086603655977,0.07759728282301459,99.52423961023267,0.37908180788948115,0.005088346414623908,0.0,0.001272086603655977
Grassland,0.18998903909389844,0.0,0.3069053708439898,99.48849104859335,0.014614541468761417,0.0,0.0
Urban,0.0,0.0,0.0,0.0,100.0,0.0,0.0
Water,0.0,0.0,0.0,0.0,0.0,100.0,0.0
Other,0.0,0.0,0.0,1.1494252873563218,0.0,0.0,98.85057471264368
