from_label,Crops,TreeCrops,Forest,Grassland,Urban,Water,Other
Crops,99.92395437262357,0.07604562737642585,0.0,0.0,0.0,0.0,0.0
TreeCrops,0.0,99.38837920489296,0.3058103975535168,0.3058103975535168,0.0,0.0,0.0
Forest,0.0013113722198908938,0.0013113722198908938,99.54757658413764,0.4406210658833403,0.007868233319345363,0.0,0.0013113722198908938
Grassland,0.0,0.03773347588202,0.18237846676309666,99.76731023206088,0.012577825294006665,0.0,0.0
Urban,0.0,0.0,0.0,0.0,100.0,0.0,0.0
Water,0.0,0.0,0.0,0.0,0.0,100.0,0.0
Other,0.0,0.0,0.0,1.0752688172043012,0.0,0.0,98.9247311827957
