from_label,Crops,TreeCrops,Forest,Grassland,Urban,Water,Other
Crops,100.0,0.0,0.0,0.0,0.0,0.0,0.0
TreeCrops,0.0,97.95918367346938,2.0408163265306123,0.0,0.0,0.0,0.0
Forest,0.0011806933031075846,0.02007178615282894,99.89964106923586,0.07910645130820818,0.0,0.0,0.0
Grassland,0.0,0.0,0.3882552778451832,99.61174472215481,0.0,0.0,0.0
Urban,0.0,0.0,0.0,0.0,100.0,0.0,0.0
Water,0.0,0.0,0.0,0.0,0.0,100.0,0.0
Other,0.0,0.0,0.0,0.0,0.0,0.0,100.0
