from_label,Crops,TreeCrops,Forest,Grassland,Urban,Water,Other
Crops,100.0,0.0,0.0,0.0,0.0,0.0,0.0
TreeCrops,0.0,96.98275862068965,2.1551724137931036,0.8620689655172413,0.0,0.0,0.0
Forest,0.007184854327078519,0.03592427163539259,99.62399262354957,0.33289825048797134,0.0,0.0,0.0
Grassland,0.0,0.11948729089724093,0.1303497718878992,99.75016293721485,0.0,0.0,0.0
Urban,0.0,0.0,0.0,0.6622516556291391,99.33774834437085,0.0,0.0
Water,0.0,0.0,0.0,0.0,0.0,100.0,0.0
Other,0.0,0.0,0.0,1.5151515151515151,0.0,0.0,98.48484848484848
