from_label,Crops,TreeCrops,Forest,Grassland,Urban,Water,Other
Crops,99.78559176672384,0.0,0.17152658662092624,0.04288164665523156,0.0,0.0,0.0
TreeCrops,0.0,82.86604361370716,14.018691588785046,3.115264797507788,0.0,0.0,0.0
Forest,0.001200826168403862,0.0,99.83908929343389,0.15370574955569433,0.004803304673615448,0.0,0.001200826168403862
Grassland,0.0,0.0,0.29933718195424414,99.67928159076331,0.02138122728244601,0.0,0.0
Urban,0.0,0.0,0.0,0.0,100.0,0.0,0.0
Water,0.0,0.0,0.0,0.0,0.0,100.0,0.0
Other,0.0,0.0,0.0,0.0,0.0,0.0,100.0
