from_label,Crops,TreeCrops,Forest,Grassland,Urban,Water,Other
Crops,99.80190174326465,0.0,0.0,0.19809825673534073,0.0,0.0,0.0
TreeCrops,0.0,99.70149253731343,0.0,0.2985074626865672,0.0,0.0,0.0
Forest,0.011221385467059,0.014961847289411998,99.58356191711137,0.38402074709490797,0.004987282429804,0.0,0.001246820607451
Grassland,0.14808720691073635,0.03290826820238585,0.32085561497326204,99.49814890991362,0.0,0.0,0.0
Urban,0.0,0.0,0.0,0.0,100.0,0.0,0.0
Water,0.0,0.0,0.0,0.0,0.0,100.0,0.0
Other,0.0,0.0,0.0,0.0,0.0,0.0,100.0
