from_label,Crops,TreeCrops,Forest,Grassland,Urban,Water,Other
Crops,99.95708154506437,0.0,0.04291845493562232,0.0,0.0,0.0,0.0
TreeCrops,0.0,96.90402476780186,2.476780185758514,0.6191950464396285,0.0,0.0,0.0
Forest,0.001195800349173702,0.04185301222107957,99.85769975844832,0.09805562863224357,0.0,0.0,0.001195800349173702
Grassland,0.0,0.011081560283687944,0.32136524822695034,99.65647163120568,0.011081560283687944,0.0,0.0
Urban,0.0,0.0,0.0,0.0,100.0,0.0,0.0
Water,0.0,0.0,0.0,0.0,0.0,100.0,0.0
Other,0.0,0.0,0.0,0.0,0.0,0.0,100.0
