from_label,Crops,TreeCrops,Forest,Grassland,Urban,Water,Other
Crops,99.95708154506437,0.0,0.04291845493562232,0.0,0.0,0.0,0.0
TreeCrops,0.0,91.11747851002865,8.30945558739255,0.5730659025787965,0.0,0.0,0.0
Forest,0.007181758333832066,0.003590879166916033,99.89586450415943,0.08977197917290083,0.002393919444610689,0.0,0.0011969597223053445
Grassland,0.0,0.0,0.29745510631265837,99.69152803789798,0.011016855789357717,0.0,0.0
Urban,0.0,0.0,0.0,0.0,100.0,0.0,0.0
Water,0.0,0.0,0.0,0.0,0.0,100.0,0.0
Other,0.0,0.0,0.0,0.0,0.0,0.0,100.0
