from_label,Crops,TreeCrops,Forest,Grassland,Urban,Water,Other
Crops,99.87129987129987,0.0,0.1287001287001287,0.0,0.0,0.0,0.0
TreeCrops,0.0,96.0352422907489,3.9647577092511015,0.0,0.0,0.0,0.0
Forest,0.002375212284597936,0.003562818426896904,99.88836502262389,0.10450934052230919,0.0,0.0,0.001187606142298968
Grassland,0.0,0.0,0.36248830682881195,99.63751169317119,0.0,0.0,0.0
Urban,0.0,0.0,0.0,0.0,100.0,0.0,0.0
Water,0.0,0.0,0.0,0.0,0.0,100.0,0.0
Other,0.0,0.0,0.0,0.0,0.0,0.0,100.0
