from_label,Crops,TreeCrops,Forest,Grassland,Urban,Water,Other
Crops,99.8713550600343,0.0,0.1286449399656947,0.0,0.0,0.0,0.0
TreeCrops,0.0,79.42708333333334,17.708333333333336,2.864583333333333,0.0,0.0,0.0
Forest,0.002398484158012136,0.0,99.89086897081044,0.10313481879452187,0.002398484158012136,0.0,0.001199242079006068
Grassland,0.0,0.0,0.26112501360026114,99.71711456859971,0.02176041780002176,0.0,0.0
Urban,0.0,0.0,0.0,0.0,100.0,0.0,0.0
Water,0.0,0.0,0.0,0.0,0.0,100.0,0.0
Other,0.0,0.0,0.0,0.0,0.0,0.0,100.0
