from_label,Crops,TreeCrops,Forest,Grassland,Urban,Water,Other
Crops,100.0,0.0,0.0,0.0,0.0,0.0,0.0
TreeCrops,0.0,100.0,0.0,0.0,0.0,0.0,0.0
Forest,0.012252649635483674,0.007351589781290204,99.59566256202905,0.3724805489187037,0.007351589781290204,0.0,0.004901059854193469
Grassland,0.0,0.0,0.3308215401580592,99.64160999816211,0.01837897445322551,0.0,0.009189487226612754
Urban,0.0,0.0,0.0,0.0,100.0,0.0,0.0
Water,0.0,0.0,0.0,0.0,0.0,100.0,0.0
Other,0.0,0.0,0.0,0.0,0.0,0.0,100.0
