from_label,Crops,TreeCrops,Forest,Grassland,Urban,Water,Other
Crops,99.91416309012877,0.0,0.08583690987124463,0.0,0.0,0.0,0.0
TreeCrops,0.0,100.0,0.0,0.0,0.0,0.0,0.0
Forest,0.0011883258864911113,0.013071584751402226,99.89661564787528,0.08912444148683335,0.0,0.0,0.0
Grassland,0.0,0.0,0.37170403066558255,99.62829596933442,0.0,0.0,0.0
Urban,0.0,0.0,0.0,0.0,100.0,0.0,0.0
Water,0.0,0.0,0.0,0.0,0.0,100.0,0.0
Other,0.0,0.0,0.0,0.0,0.0,0.0,100.0
