from_label,Crops,TreeCrops,Forest,Grassland,Urban,Water,Other
Crops,100.0,0.0,0.0,0.0,0.0,0.0,0.0
TreeCrops,0.0,97.34848484848484,0.3787878787878788,2.272727272727273,0.0,0.0,0.0
Forest,0.02780027316790156,0.008460952703274389,99.63376161870113,0.328768447898662,0.0012087075290391986,0.0,0.0
Grassland,0.0,0.0,0.3420523138832998,99.6579476861167,0.0,0.0,0.0
Urban,0.0,0.0,0.0,0.0,100.0,0.0,0.0
Water,0.0,0.0,0.0,0.0,0.0,100.0,0.0
Other,0.0,0.0,0.0,1.5384615384615385,0.0,0.0,98.46153846153847
