from_label,Crops,TreeCrops,Forest,Grassland,Urban,Water,Other
Crops,100.0,0.0,0.0,0.0,0.0,0.0,0.0
TreeCrops,0.0,81.54506437768241,15.879828326180256,2.575107296137339,0.0,0.0,0.0
Forest,0.004826254826254826,0.006032818532818533,99.89744208494209,0.0916988416988417,0.0,0.0,0.0
Grassland,0.0,0.0,0.2748930971288943,99.7251069028711,0.0,0.0,0.0
Urban,0.0,0.0,0.0,0.6329113924050633,99.36708860759494,0.0,0.0
Water,0.0,0.0,0.0,0.0,0.0,100.0,0.0
Other,0.0,0.0,0.0,0.0,0.0,0.0,100.0
