from_label,Crops,TreeCrops,Forest,Grassland,Urban,Water,Other
Crops,100.0,0.0,0.0,0.0,0.0,0.0,0.0
TreeCrops,0.0,98.06949806949807,1.5444015444015444,0.3861003861003861,0.0,0.0,0.0
Forest,0.03283872537095597,0.04986621260034055,99.56944782291414,0.3441984918511311,0.0024324981756263684,0.0,0.0012162490878131842
Grassland,0.0,0.11521843494959193,0.3360537686029765,99.53912626020163,0.009601536245799328,0.0,0.0
Urban,0.0,0.0,0.0,0.0,100.0,0.0,0.0
Water,0.0,0.0,0.0,0.0,0.0,100.0,0.0
Other,0.0,0.0,0.0,0.0,0.0,0.0,100.0
