from_label,Crops,TreeCrops,Forest,Grassland,Urban,Water,Other
Crops,99.84650805832693,0.0,0.0,0.15349194167306215,0.0,0.0,0.0
TreeCrops,0.33222591362126247,85.04983388704319,10.631229235880399,3.9867109634551494,0.0,0.0,0.0
Forest,0.006340430388414766,0.0025361721553659065,99.59040819690841,0.39564285623708134,0.0012680860776829533,0.0,0.0038042582330488593
Grassland,0.11924280816813235,0.0,0.32046504695185574,99.545386793859,0.014905351021016543,0.0,0.0
Urban,0.0,0.0,0.0,0.0,100.0,0.0,0.0
Water,0.0,0.0,0.0,0.0,0.0,100.0,0.0
Other,0.0,0.0,0.0,0.0,0.0,0.0,100.0
