from_label,Crops,TreeCrops,Forest,Grassland,Urban,Water,Other
Crops,100.0,0.0,0.0,0.0,0.0,0.0,0.0
TreeCrops,0.0,95.83333333333334,3.0303030303030303,1.1363636363636365,0.0,0.0,0.0
Forest,0.020614806281452736,0.004850542654459468,99.65439883586976,0.31892317953071,0.0,0.0,0.001212635663614867
Grassland,0.0,0.019636720667648502,0.31418753068237604,99.64653902798233,0.019636720667648502,0.0,0.0
Urban,0.0,0.0,0.0,0.0,100.0,0.0,0.0
Water,0.0,0.0,0.0,0.0,0.0,100.0,0.0
Other,0.0,0.0,0.0,0.0,0.0,0.0,100.0
