from_label,Crops,TreeCrops,Forest,Grassland,Urban,Water,Other
Crops,98.84380891124947,0.3213921926657723,0.06546255044249455,0.1800388334882995,0.00861172297701881,0.0,0.580685789176948
TreeCrops,0.0,99.66968065645743,0.1254377253959128,0.039721946375372394,0.0031359431348978208,0.0,0.1620237286363874
Forest,0.013772549961737164,0.5205609673507724,99.45531118196438,0.010251747715879543,0.00010355300723110649,0.0,0.0
Grassland,0.06395577974276317,0.0013302384856773745,0.014110961191205088,99.85163928418564,0.0017475682066741978,0.0,0.06721616818805086
Urban,0.0,0.0,0.007016066792955869,0.03157230056830141,99.96141163263874,0.0,0.0
Water,0.0,0.0,0.0,0.0,0.0,100.0,0.0
Other,0.39807115991293457,0.0214679247063082,0.01933075910774299,0.05408376726459169,0.002945822852076372,0.0,99.50410056615635
