from_label,Crops,TreeCrops,Forest,Grassland,Urban,Water,Other
Crops,99.83805087782157,0.0,0.002866356144750985,0.07595843783590112,0.002866356144750985,0.0,0.08025797205302758
TreeCrops,0.0,0.0,0.0,0.0,0.0,0.0,0.0
Forest,0.008180962899333252,0.0,99.97954759275167,0.012271444348999877,0.0,0.0,0.0
Grassland,0.10892333472978634,0.0,0.003142019271051529,99.85180142438207,0.0020946795140343527,0.0,0.034038542103058234
Urban,0.0,0.0,0.09671179883945842,0.0,99.90328820116055,0.0,0.0
Water,0.0,0.0,0.0,0.0,0.0,100.0,0.0
Other,0.23002834542837214,0.0,0.006678242286630158,0.08310701512250865,0.0,0.0,99.68018639716249
