from_label,Crops,TreeCrops,Forest,Grassland,Urban,Water,Other
Crops,99.84963858080891,0.0,0.002758925122772168,0.03724548915742427,0.001379462561386084,0.0,0.10897754234950063
TreeCrops,0.0,0.0,0.0,0.0,0.0,0.0,0.0
Forest,0.0040857183714326575,0.0,99.9877428448857,0.006128577557148986,0.0020428591857163288,0.0,0.0
Grassland,0.13353721760806042,0.0,0.001571026089506593,99.85127619686004,0.0010473507263377287,0.0,0.012568208716052744
Urban,0.0,0.0,0.0,0.0,100.0,0.0,0.0
Water,0.0,0.0,0.0,0.0,0.0,100.0,0.0
Other,0.34193033169491716,0.0,0.01049786106080886,0.09523059676590895,0.006373701358348236,0.0,99.54596750912002
