from_label,Crops,TreeCrops,Forest,Grassland,Urban,Water,Other
Crops,99.86635313224272,0.0,0.008458662516282925,0.09981221769213852,0.001691732503256585,0.0,0.02368425504559219
TreeCrops,0.0,0.0,0.0,0.0,0.0,0.0,0.0
Forest,0.00821422704123542,0.0,99.96303597831444,0.02874979464432397,0.0,0.0,0.0
Grassland,0.04628498695020507,0.0,0.008999858573650986,99.85728795690353,0.0032142352048753517,0.0,0.08421296236773422
Urban,0.0,0.0,0.0,0.12315270935960591,99.8768472906404,0.0,0.0
Water,0.0,0.0,0.0,0.0,0.0,100.0,0.0
Other,0.06550259795328114,0.0,0.008227379453069129,0.12657506850875583,0.0025315013701751165,0.0,99.79716345271473
