from_label,Crops,TreeCrops,Forest,Grassland,Urban,Water,Other
Crops,99.83867159833163,0.0,0.007869678130164476,0.08656645943180924,0.0026232260433881587,0.0,0.06426903806300989
TreeCrops,0.0,0.0,0.0,0.0,0.0,0.0,0.0
Forest,0.008125952260030472,0.0,99.97765363128491,0.014220416455053326,0.0,0.0,0.0
Grassland,0.10431662181051929,0.0,0.006258997308631157,99.85082723081095,0.0020863324362103857,0.0,0.03651081763368175
Urban,0.0,0.0,0.08136696501220504,0.0,99.91863303498779,0.0,0.0
Water,0.0,0.0,0.0,0.0,0.0,100.0,0.0
Other,0.1761054340559641,0.0,0.011078216025212492,0.08136758666794003,0.0038200744914525836,0.0,99.72762868875942
