from_label,Crops,TreeCrops,Forest,Grassland,Urban,Water,Other
Crops,99.84872727272727,0.0,0.002909090909090909,0.07127272727272728,0.002909090909090909,0.0,0.07418181818181818
TreeCrops,0.0,0.0,0.0,0.0,0.0,0.0,0.0
Forest,0.012275963663147557,0.0,99.9754480726737,0.012275963663147557,0.0,0.0,0.0
Grassland,0.11206007257722457,0.0,0.00314187119375396,99.85128476349566,0.0020945807958359735,0.0,0.0314187119375396
Urban,0.0,0.0,0.0,0.0,100.0,0.0,0.0
Water,0.0,0.0,0.0,0.0,0.0,100.0,0.0
Other,0.2904538248629952,0.0,0.0066516143098395855,0.08166704235969713,0.006282080181515164,0.0,99.61494543828596
