from_label,Crops,TreeCrops,Forest,Grassland,Urban,Water,Other
Crops,99.83961507618284,0.0,0.003026130638059645,0.05900954744216308,0.0015130653190298226,0.0,0.09683618041790865
TreeCrops,0.0,0.0,0.0,0.0,0.0,0.0,0.0
Forest,0.0081915176834388,0.0,99.98361696463313,0.0081915176834388,0.0,0.0,0.0
Grassland,0.1204320893920274,0.0,0.0026180888998266825,99.8518161682698,0.001047235559930673,0.0,0.02408641787840548
Urban,0.0,0.0,0.0,0.0,100.0,0.0,0.0
Water,0.0,0.0,0.0,0.0,0.0,100.0,0.0
Other,0.3877996758580068,0.0,0.007682823766998248,0.08707200269264681,0.0007316975016188808,0.0,99.51671380018074
