from_label,Crops,TreeCrops,Forest,Grassland,Urban,Water,Other
Crops,96.93124073681982,0.0,0.19585009527842476,0.34141435528265934,0.01587973745500741,0.0,2.515615075164091
TreeCrops,0.0,0.0,0.0,0.0,0.0,0.0,0.0
Forest,0.020274516959633438,0.0,99.97364312795247,0.0060823550878900305,0.0,0.0,0.0
Grassland,0.015647493271577894,0.0,0.009910079071999332,99.85082723081095,0.0010431662181051929,0.0,0.12257203062736016
Urban,0.0,0.0,0.0,0.0,100.0,0.0,0.0
Water,0.0,0.0,0.0,0.0,0.0,100.0,0.0
Other,0.032024033274495524,0.0,0.0,0.00953096228407605,0.000381238491363042,0.0,99.95806376595007
