from_label,Crops,TreeCrops,Forest,Grassland,Urban,Water,Other
Crops,98.66378412169202,0.0,0.050791831631589915,0.33600750156282555,0.01562825588664305,0.0,0.9337882892269223
TreeCrops,0.0,0.0,0.0,0.0,0.0,0.0,0.0
Forest,0.0020299622427022855,0.0,99.99188015102919,0.006089886728106858,0.0,0.0,0.0
Grassland,0.01616907638063049,0.0,0.002607915545262982,99.85082723081095,0.0010431662181051929,0.0,0.12935261104504392
Urban,0.0,0.0,0.0,0.0,100.0,0.0,0.0
Water,0.0,0.0,0.0,0.0,0.0,100.0,0.0
Other,0.031395851918784294,0.0,0.0,0.009571906072800089,0.0007657524858240071,0.0,99.9582664895226
