from_label,Crops,TreeCrops,Forest,Grassland,Urban,Water,Other
Crops,98.22935184401366,1.604164903072886,0.004232625074070939,0.07195462625920596,0.001410875024690313,0.0,0.08888512655548972
TreeCrops,0.0,99.98113919275745,0.0,0.01886080724254998,0.0,0.0,0.0
Forest,0.012271193373555579,5.503630228039677,94.47182738521322,0.012271193373555579,0.0,0.0,0.0
Grassland,0.11477761836441894,0.0,0.004695448023998956,99.85131081257337,0.0015651493413329854,0.0,0.027650971696882742
Urban,0.0,0.0,0.0,0.0,100.0,0.0,0.0
Water,0.0,0.0,0.0,0.0,0.0,100.0,0.0
Other,0.30303377261780723,0.009541365636580833,0.012212948014823467,0.08625394535469072,0.0015266185018529333,0.0,99.58743134987425
