from_label,Crops,TreeCrops,Forest,Grassland,Urban,Water,Other
Crops,99.85949981935691,0.0,0.0026761939170112264,0.018733357419078587,0.0,0.0,0.11909062930699958
TreeCrops,0.0,99.66433298168216,0.32607653208017645,0.009590486237652249,0.0,0.0,0.0
Forest,0.06440947248642034,0.0,99.93344354509736,0.002146982416214011,0.0,0.0,0.0
Grassland,0.14191205626395642,0.001565206502911284,0.0026086775048521403,99.85078364672246,0.000521735500970428,0.0,0.0026086775048521403
Urban,0.0,0.0,0.0,0.0,100.0,0.0,0.0
Water,0.0,0.0,0.0,0.0,0.0,100.0,0.0
Other,2.630568356374808,0.10149220978714066,0.04545597040659582,0.1054108279256403,0.007445374463149314,0.0,97.10962726104266
