from_label,Crops,TreeCrops,Forest,Grassland,Urban,Water,Other
Crops,99.85184686353075,0.0,0.001683558368968652,0.1346846695174922,0.001683558368968652,0.0,0.010101350213811913
TreeCrops,0.0,0.0,0.0,0.0,0.0,0.0,0.0
Forest,0.01026167265264238,0.0,99.94663930220626,0.043099025141098,0.0,0.0,0.0
Grassland,0.04384682841274481,0.0,0.0019063838440323833,99.8576566729789,0.0012709225626882554,0.0,0.09531919220161915
Urban,0.0,0.0,0.0,0.1199040767386091,99.8800959232614,0.0,0.0
Water,0.0,0.0,0.0,0.0,0.0,100.0,0.0
Other,0.19339093643268593,0.0,0.008602232757302338,0.5218687872763419,0.00095580363970026,0.0,99.27518223989397
