from_label,Crops,TreeCrops,Forest,Grassland,Urban,Water,Other
Crops,99.884257664485,0.0,0.004133654839820875,0.05787116775749225,0.0013778849466069582,0.0,0.052359627971064415
TreeCrops,0.0,99.23477196204469,0.7346189164370982,0.020406081012141617,0.0,0.0,0.010203040506070809
Forest,0.008673403009670844,0.0,99.98265319398065,0.008673403009670844,0.0,0.0,0.0
Grassland,0.11634276770575193,0.008869179600886918,0.0036520151297769663,99.85183252902048,0.0015651493413329854,0.0,0.017738359201773836
Urban,0.0,0.0,0.0,0.0,100.0,0.0,0.0
Water,0.0,0.0,0.0,0.0,0.0,100.0,0.0
Other,0.47917391808794524,0.035580307073519744,0.014309471323045985,0.09165796496113238,0.006574621959237343,0.0,99.37270371659513
