from_label,Crops,TreeCrops,Forest,Grassland,Urban,Water,Other
Crops,99.84584791355151,0.0,0.0015415208644849008,0.14490296126158067,0.0015415208644849008,0.0,0.006166083457939603
TreeCrops,0.0,0.0,0.0,0.0,0.0,0.0,0.0
Forest,0.0040997048212528696,0.0,99.95695309937685,0.038947195801902264,0.0,0.0,0.0
Grassland,0.052699279776509726,0.0,0.002266635689312246,99.91273452596148,0.001133317844656123,0.0,0.03116624072804338
Urban,0.0,0.0,0.0,0.0,100.0,0.0,0.0
Water,0.0,0.0,0.0,0.0,0.0,100.0,0.0
Other,0.2538343160479311,0.0,0.008991406290526171,0.5733750626804766,0.0,0.0,99.16379921498107
