from_label,Crops,TreeCrops,Forest,Grassland,Urban,Water,Other
Crops,99.73439155112173,0.0,0.004743008015683546,0.24663641681554443,0.003162005343789031,0.0,0.011067018703261608
TreeCrops,0.0,0.0,0.0,0.0,0.0,0.0,0.0
Forest,0.002050861361771944,0.0,99.94462674323216,0.053322395406070554,0.0,0.0,0.0
Grassland,0.010196370092247161,0.0,0.0023991459040581553,99.94002135239855,0.0011995729520290776,0.0,0.04618355865311949
Urban,0.0,0.0,0.0,0.1148105625717566,99.88518943742825,0.0,0.0
Water,0.0,0.0,0.0,0.0,0.0,100.0,0.0
Other,0.025616543629631356,0.0,0.007319012465608959,0.509004048744623,0.0016634119240020362,0.0,99.45639698323615
