from_label,Crops,TreeCrops,Forest,Grassland,Urban,Water,Other
Crops,99.84658180898592,0.0,0.0016859141869678832,0.1416167917053022,0.0016859141869678832,0.0,0.008429570934839417
TreeCrops,0.0,0.0,0.0,0.0,0.0,0.0,0.0
Forest,0.004104837551053917,0.0,99.94458469306076,0.05131046938817396,0.0,0.0,0.0
Grassland,0.014119761247673447,0.0,0.0025672293177588087,99.88640010268918,0.0019254219883191068,0.0,0.09498748475707593
Urban,0.0,0.0,0.0,0.0,100.0,0.0,0.0
Water,0.0,0.0,0.0,0.0,0.0,100.0,0.0
Other,0.047540266605815125,0.0,0.0076064426569304195,0.5147026197856251,0.001584675553527171,0.0,99.4285659953981
