from_label,Crops,TreeCrops,Forest,Grassland,Urban,Water,Other
Crops,99.85433790633036,0.0,0.004459043683764622,0.08026278630776319,0.0029726957891764143,0.0,0.057967567888940086
TreeCrops,0.0,0.0,0.0,0.0,0.0,0.0,0.0
Forest,0.016376328017850196,0.0,99.97134142596876,0.012282246013387647,0.0,0.0,0.0
Grassland,0.10524827597040481,0.0,0.003665362844740466,99.85129099315624,0.0026181163176717615,0.0,0.03717725171093901
Urban,0.0,0.0,0.0,0.0,100.0,0.0,0.0
Water,0.0,0.0,0.0,0.0,0.0,100.0,0.0
Other,0.21975114469032728,0.0,0.0055121524587874735,0.07900751857595378,0.00036747683058583155,0.0,99.69536170744433
