from_label,Crops,TreeCrops,Forest,Grassland,Urban,Water,Other
Crops,99.84804837126848,0.0,0.001582829465953338,0.14087182246984709,0.001582829465953338,0.0,0.007914147329766691
TreeCrops,0.0,0.0,0.0,0.0,0.0,0.0,0.0
Forest,0.006152331733727083,0.0,99.95283212337476,0.041015544891513885,0.0,0.0,0.0
Grassland,0.047523152685949185,0.0,0.002376157634297459,99.9281212315625,0.0017821182257230946,0.0,0.020197339891528405
Urban,0.0,0.0,0.0,0.0,100.0,0.0,0.0
Water,0.0,0.0,0.0,0.0,0.0,100.0,0.0
Other,0.21870203352762368,0.0,0.00869457625644987,0.5474238973772476,0.0003344067790942258,0.0,99.22484508605959
