from_label,Crops,TreeCrops,Forest,Grassland,Urban,Water,Other
Crops,98.95104895104895,0.0,0.34965034965034963,0.6993006993006993,0.0,0.0,0.0
TreeCrops,0.0,93.75,6.25,0.0,0.0,0.0,0.0
Forest,0.005590847782180571,0.0,99.98252860068068,0.011880551537133712,0.0,0.0,0.0
Grassland,0.0,0.0,0.5076142131979695,99.49238578680203,0.0,0.0,0.0
Urban,0.0,0.0,0.0,0.0,100.0,0.0,0.0
Water,0.0,0.0,0.0,0.0,0.0,100.0,0.0
Other,0.0,0.0,0.0,0.0,0.0,0.0,100.0
