from_label,Crops,TreeCrops,Forest,Grassland,Urban,Water,Other
Crops,99.78354978354979,0.0,0.0,0.21645021645021645,0.0,0.0,0.0
TreeCrops,0.0,100.0,0.0,0.0,0.0,0.0,0.0
Forest,0.0021052927058625385,0.0,99.92210416988308,0.07508877317576387,0.0,0.0,0.0007017642352875128
Grassland,0.0,0.0,0.37220843672456577,99.62779156327544,0.0,0.0,0.0
Urban,0.0,0.0,0.0,0.0,100.0,0.0,0.0
Water,0.0,0.0,0.0,0.0,0.0,100.0,0.0
Other,0.0,0.0,0.0,0.0,0.0,0.0,100.0
