from_label,Crops,TreeCrops,Forest,Grassland,Urban,Water,Other
Crops,99.18367346938776,0.0,0.40816326530612246,0.40816326530612246,0.0,0.0,0.0
TreeCrops,0.0,94.11764705882352,5.88235294117647,0.0,0.0,0.0,0.0
Forest,0.0013972237164753636,0.0,99.9979041644253,0.0006986118582376818,0.0,0.0,0.0
Grassland,0.0,0.0,0.0,100.0,0.0,0.0,0.0
Urban,0.0,0.0,0.0,0.0,100.0,0.0,0.0
Water,0.0,0.0,0.0,0.0,0.0,100.0,0.0
Other,0.0,0.0,0.0,0.0,0.0,0.0,100.0
