from_label,Crops,TreeCrops,Forest,Grassland,Urban,Water,Other
Crops,99.46236559139786,0.0,0.2688172043010753,0.2688172043010753,0.0,0.0,0.0
TreeCrops,0.0,100.0,0.0,0.0,0.0,0.0,0.0
Forest,0.041287613715885234,0.0,99.94961511546536,0.009097270818754373,0.0,0.0,0.0
Grassland,0.19960079840319359,0.0,0.0,99.8003992015968,0.0,0.0,0.0
Urban,0.0,0.0,0.0,0.0,100.0,0.0,0.0
Water,0.0,0.0,0.0,0.0,0.0,100.0,0.0
Other,0.0,0.0,0.0,0.0,0.0,0.0,100.0
