from_label,Crops,TreeCrops,Forest,Grassland,Urban,Water,Other
Crops,99.56896551724138,0.0,0.43103448275862066,0.0,0.0,0.0,0.0
TreeCrops,0.0,98.62068965517241,1.3793103448275863,0.0,0.0,0.0,0.0
Forest,0.0,0.0013981418694554936,99.99720371626108,0.0013981418694554936,0.0,0.0,0.0
Grassland,0.0,0.0,0.0,100.0,0.0,0.0,0.0
Urban,0.0,0.0,0.0,0.0,100.0,0.0,0.0
Water,0.0,0.0,0.0,0.0,0.0,100.0,0.0
Other,0.0,0.0,0.0,0.0,0.0,0.0,100.0
