from_label,Crops,TreeCrops,Forest,Grassland,Urban,Water,Other
Crops,99.28571428571429,0.0,0.7142857142857143,0.0,0.0,0.0,0.0
TreeCrops,0.0,100.0,0.0,0.0,0.0,0.0,0.0
Forest,0.0006980023173676936,0.0013960046347353872,99.9979059930479,0.0,0.0,0.0,0.0
Grassland,0.0,0.0,0.2932551319648094,99.70674486803519,0.0,0.0,0.0
Urban,0.0,0.0,0.0,0.0,100.0,0.0,0.0
Water,0.0,0.0,0.0,0.0,0.0,100.0,0.0
Other,0.0,0.0,0.0,0.0,0.0,0.0,100.0
