from_label,Crops,TreeCrops,Forest,Grassland,Urban,Water,Other
Crops,99.57446808510639,0.0,0.425531914893617,0.0,0.0,0.0,0.0
TreeCrops,0.0,100.0,0.0,0.0,0.0,0.0,0.0
Forest,0.00698528898140516,0.0,99.99231618212046,0.0006985288981405161,0.0,0.0,0.0
Grassland,0.0,0.0,0.0,100.0,0.0,0.0,0.0
Urban,0.0,0.0,0.0,0.0,100.0,0.0,0.0
Water,0.0,0.0,0.0,0.0,0.0,100.0,0.0
Other,0.0,0.0,0.0,0.0,0.0,0.0,100.0
