from_label,Crops,TreeCrops,Forest,Grassland,Urban,Water,Other
Crops,99.54337899543378,0.0,0.45662100456621,0.0,0.0,0.0,0.0
TreeCrops,0.0,100.0,0.0,0.0,0.0,0.0,0.0
Forest,0.008389203095615942,0.0006991002579679952,99.98881439587251,0.0013982005159359904,0.0006991002579679952,0.0,0.0
Grassland,0.0,0.0,0.2915451895043732,99.70845481049562,0.0,0.0,0.0
Urban,0.0,0.0,0.0,0.0,100.0,0.0,0.0
Water,0.0,0.0,0.0,0.0,0.0,100.0,0.0
Other,0.0,0.0,0.0,0.0,0.0,0.0,100.0
