from_label,Crops,TreeCrops,Forest,Grassland,Urban,Water,Other
Crops,96.69421487603306,0.0,0.8264462809917356,2.479338842975207,0.0,0.0,0.0
TreeCrops,0.0,100.0,0.0,0.0,0.0,0.0,0.0
Forest,0.0006977101154012532,0.0,99.9979068696538,0.0013954202308025063,0.0,0.0,0.0
Grassland,0.0,0.0,1.1299435028248588,98.58757062146893,0.2824858757062147,0.0,0.0
Urban,0.0,0.0,0.0,0.0,100.0,0.0,0.0
Water,0.0,0.0,0.0,0.0,0.0,100.0,0.0
Other,0.0,0.0,0.0,0.0,0.0,0.0,100.0
