from_label,Crops,TreeCrops,Forest,Grassland,Urban,Water,Other
Crops,98.70689655172413,0.0,0.0,1.293103448275862,0.0,0.0,0.0
TreeCrops,0.0,0.0,0.0,100.0,0.0,0.0,0.0
Forest,0.002106889528759042,0.0,99.91572441884963,0.08076409860242995,0.0007022965095863473,0.0,0.0007022965095863473
Grassland,0.0,0.0,0.3293084522502744,99.67069154774973,0.0,0.0,0.0
Urban,0.0,0.0,0.0,0.0,100.0,0.0,0.0
Water,0.0,0.0,0.0,0.0,0.0,100.0,0.0
Other,0.0,0.0,0.0,0.0,0.0,0.0,100.0
