from_label,Crops,TreeCrops,Forest,Grassland,Urban,Water,Other
Crops,99.57264957264957,0.0,0.4273504273504274,0.0,0.0,0.0,0.0
TreeCrops,0.0,100.0,0.0,0.0,0.0,0.0,0.0
Forest,0.0013970480374967693,0.0,99.99790442794375,0.0006985240187483846,0.0,0.0,0.0
Grassland,0.0,0.0,0.2638522427440633,99.73614775725594,0.0,0.0,0.0
Urban,0.0,0.0,0.0,0.0,100.0,0.0,0.0
Water,0.0,0.0,0.0,0.0,0.0,100.0,0.0
Other,0.0,0.0,0.0,0.0,0.0,0.0,100.0
