from_label,Crops,TreeCrops,Forest,Grassland,Urban,Water,Other
Crops,99.5,0.0,0.5,0.0,0.0,0.0,0.0
TreeCrops,0.0,99.33333333333333,0.0,0.0,0.6666666666666667,0.0,0.0
Forest,0.009083223286589668,0.03283934572843957,99.95109033614912,0.006987094835838207,0.0,0.0,0.0
Grassland,0.0,0.0,0.303951367781155,99.69604863221885,0.0,0.0,0.0
Urban,0.0,0.0,0.0,0.0,100.0,0.0,0.0
Water,0.0,0.0,0.0,0.0,0.0,100.0,0.0
Other,0.0,0.0,0.0,0.0,0.0,0.0,100.0
