from_label,Crops,TreeCrops,Forest,Grassland,Urban,Water,Other
Crops,92.29960237422924,0.0,0.1527113467411975,7.35463608597937,0.1685587506483029,0.0,0.024491442401890162
TreeCrops,0.0,95.45454545454545,0.0,4.545454545454546,0.0,0.0,0.0
Forest,0.2787489369743929,0.0,95.64868184824718,4.048946423509402,0.023622791269016348,0.0,0.0
Grassland,3.113220298256416,0.0015017946446002975,0.9273581930406836,95.79872948173067,0.1419195939147281,0.0,0.01727063841290342
Urban,0.888980773206533,0.0,0.03101095720487906,1.5712218317138722,97.50878643787472,0.0,0.0
Water,0.0,0.0,0.0,0.0,0.0,100.0,0.0
Other,3.8834951456310676,0.0,0.0,7.766990291262135,0.0,0.0,88.3495145631068
