from_label,Crops,TreeCrops,Forest,Grassland,Urban,Water,Other
Crops,93.23149632880413,0.0,0.1758235575435339,6.412636790727769,0.1673840267814443,0.0,0.012659296143134442
TreeCrops,0.0,91.66666666666666,0.0,8.333333333333332,0.0,0.0,0.0
Forest,1.2739779112575083,0.0,93.18446037589614,5.464057353226119,0.07750435962022863,0.0,0.0
Grassland,3.303289770166742,0.0015021781583295778,0.8795253117019678,95.64368334084422,0.15923088478293523,0.0,0.012768514345801413
Urban,1.1511453896627144,0.0,0.11511453896627143,2.09508460918614,96.63865546218487,0.0,0.0
Water,0.0,0.0,0.0,0.0,0.0,100.0,0.0
Other,3.571428571428571,0.0,0.0,8.928571428571429,0.0,0.0,87.5
