from_label,Crops,TreeCrops,Forest,Grassland,Urban,Water,Other
Crops,92.68787103624693,0.0,1.2581044773718166,5.790176488569268,0.22684492494811523,0.0,0.03700307286387696
TreeCrops,0.0,88.88888888888889,0.0,0.0,11.11111111111111,0.0,0.0
Forest,3.4619257613111567,0.0,93.11781659085385,3.291780964616827,0.1284766832181673,0.0,0.0
Grassland,2.6109599507277785,0.0,1.9428223939126978,95.16087536155051,0.2635128287088651,0.0,0.02182946510014267
Urban,0.9704550355833513,0.0,0.6397814679030982,1.99841851771979,96.39134497879375,0.0,0.0
Water,0.0,0.0,0.0,0.0,0.0,100.0,0.0
Other,4.88599348534202,0.0,1.7915309446254073,15.309446254071663,0.16286644951140067,0.0,77.85016286644951
