from_label,Crops,TreeCrops,Forest,Grassland,Urban,Water,Other
Crops,92.55725190839695,0.0,0.9541984732824428,6.323155216284987,0.14701724625388746,0.0,0.018377155781735932
TreeCrops,0.0,95.45454545454545,0.0,4.545454545454546,0.0,0.0,0.0
Forest,0.4215895487430386,0.0,93.76463852599802,5.746109405090303,0.06766252016863582,0.0,0.0
Grassland,3.274383030645725,0.002976035474342854,1.0081320169336419,95.52553066432552,0.16219393335168555,0.0,0.02678431926908569
Urban,1.0528624698398772,0.0,0.197411713094977,1.612195656942312,97.13753016012284,0.0,0.0
Water,0.0,0.0,0.0,0.0,0.0,100.0,0.0
Other,3.8910505836575875,0.0,0.0,7.782101167315175,0.0,0.0,88.32684824902724
