from_label,Crops,TreeCrops,Forest,Grassland,Urban,Water,Other
Crops,92.98285714285714,0.0,0.16571428571428573,6.695714285714286,0.13428571428571429,0.0,0.02142857142857143
TreeCrops,0.0,100.0,0.0,0.0,0.0,0.0,0.0
Forest,0.8114393152243828,0.0,94.13685616743358,4.952748503290287,0.07421701053881549,0.0,0.024739003512938496
Grassland,3.405616514785196,0.004463455458434071,0.8584712665054863,95.47628789287707,0.17928212758043519,0.0,0.07587874279337921
Urban,0.8630351939027124,0.0,0.12329074198610178,1.714862138533961,97.28760367630575,0.0,0.011208249271463798
Water,0.0,0.0,0.0,0.0,0.0,100.0,0.0
Other,3.910614525139665,0.0,0.0,14.52513966480447,0.0,0.0,81.56424581005587
