from_label,Crops,TreeCrops,Forest,Grassland,Urban,Water,Other
Crops,93.63932424180746,0.0,0.021808031170945888,6.152772527696199,0.1628332994097293,0.0,0.023261899915675614
TreeCrops,0.0,95.65217391304348,0.0,4.3478260869565215,0.0,0.0,0.0
Forest,0.19295263472228602,0.0,94.05062709606284,5.751826158864335,0.00459411035053062,0.0,0.0
Grassland,3.2769587893039103,0.0007536703747249103,0.5622380995447831,95.97841488046788,0.15827077869223116,0.0,0.02336378161647222
Urban,0.6139221705119319,0.0,0.0594118229527676,1.2773541934845034,98.04931181305079,0.0,0.0
Water,0.0,0.0,0.0,0.0,0.0,100.0,0.0
Other,5.223880597014925,0.0,0.0,3.233830845771144,0.0,0.0,91.54228855721394
