from_label,Crops,TreeCrops,Forest,Grassland,Urban,Water,Other
Crops,93.96397933698401,0.0,0.4607294106696864,5.3394970758419555,0.19856351705629585,0.0,0.037230659448055474
TreeCrops,0.0,100.0,0.0,0.0,0.0,0.0,0.0
Forest,0.08601989677612387,0.0,94.83506619792055,5.052733936719276,0.0261799685840377,0.0,0.0
Grassland,4.829527827759509,0.0,0.7755785816218899,94.10637835825526,0.23577588881305453,0.0,0.05273934355028852
Urban,0.015584820384945063,0.0,0.5532611236655498,1.4415958856074182,97.98955817034208,0.0,0.0
Water,0.0,0.0,0.0,0.0,0.0,100.0,0.0
Other,1.4267185473411155,0.0,0.38910505836575876,10.376134889753567,0.25940337224383914,0.0,87.54863813229572
