from_label,Crops,TreeCrops,Forest,Grassland,Urban,Water,Other
Crops,92.5628486164711,0.0,1.1546333765604737,6.060653406871553,0.19999062543943252,0.0,0.02187397465743793
TreeCrops,0.0,100.0,0.0,0.0,0.0,0.0,0.0
Forest,0.03861898509307175,0.0,95.89866378311578,4.062717231791148,0.0,0.0,0.0
Grassland,3.9062260036244125,0.0,0.8385293485271984,94.98341370519397,0.2188469453573732,0.0,0.05298399729704825
Urban,0.5555120882560051,0.0,0.5711603160942024,1.7134809482826072,97.15984664736719,0.0,0.0
Water,0.0,0.0,0.0,0.0,0.0,100.0,0.0
Other,6.227544910179641,0.0,0.23952095808383234,10.89820359281437,0.23952095808383234,0.0,82.39520958083833
