from_label,Crops,TreeCrops,Forest,Grassland,Urban,Water,Other
Crops,92.25717534369294,0.0,0.9001290164505545,6.537190810353474,0.2545107902927563,0.0,0.050994039210281505
TreeCrops,0.0,95.92760180995475,0.4524886877828055,2.7149321266968327,0.904977375565611,0.0,0.0
Forest,2.1675169285727924,0.0,93.16070036816717,4.594885930667926,0.06422529539296333,0.0,0.012671477199152226
Grassland,3.0311761931025893,0.0,1.2477581061374614,95.40829806033777,0.2639588074202197,0.0,0.048808833001954745
Urban,1.0129342785918047,0.0,0.6112850938221657,1.7989771529901568,96.57423350723445,0.0,0.00256996736141451
Water,0.0,0.0,0.0,0.0,0.0,100.0,0.0
Other,3.356890459363958,0.0,0.32617559119325906,11.429736341397119,0.12911117151399837,0.0,84.75808643653167
