from_label,Crops,TreeCrops,Forest,Grassland,Urban,Water,Other
Crops,91.24218982445701,0.0,1.4340969949419815,6.978577804224933,0.2781910145789943,0.0,0.0669443617970842
TreeCrops,0.0,85.71428571428571,0.0,14.285714285714285,0.0,0.0,0.0
Forest,1.619462599854757,0.0,92.1278140885984,6.143790849673202,0.08351488743645606,0.0,0.02541757443718228
Grassland,2.588418251194408,0.0,1.6032321159457468,95.49491775419246,0.24288966556578062,0.0,0.07054221310161285
Urban,0.9872849663425579,0.0,0.6133133881824981,2.1091997008227374,96.29020194465221,0.0,0.0
Water,0.0,0.0,0.0,0.0,0.0,100.0,0.0
Other,1.1560693641618496,0.0,0.0,9.017341040462428,0.0,0.0,89.82658959537572
