from_label,Crops,TreeCrops,Forest,Grassland,Urban,Water,Other
Crops,90.60575474320153,0.0,1.462822369479674,7.596436564707948,0.2706221383537397,0.0,0.06436418425710566
TreeCrops,0.0,100.0,0.0,0.0,0.0,0.0,0.0
Forest,3.4875996457041634,0.0,89.33790965456156,7.012105107764984,0.1550044286979628,0.0,0.007381163271331562
Grassland,3.0922681202073874,0.0,1.5642764415129942,95.06849756892089,0.2185149049742378,0.0,0.056442964384489466
Urban,0.9950620978602424,0.0,0.5760885829717193,2.147239263803681,96.28161005536435,0.0,0.0
Water,0.0,0.0,0.0,0.0,0.0,100.0,0.0
Other,2.5527192008879025,0.0,0.0,9.100998890122087,0.0,0.0,88.34628190899001
