from_label,Crops,TreeCrops,Forest,Grassland,Urban,Water,Other
Crops,93.27006161909483,0.0,0.026914087399957504,6.4452156668319285,0.23231107018910688,0.0,0.025497556484170264
TreeCrops,0.0,100.0,0.0,0.0,0.0,0.0,0.0
Forest,1.6850052944155425,0.0,91.57497352792228,6.698586621242115,0.04143455642005433,0.0,0.0
Grassland,3.254057960985137,0.0,1.364828185432093,95.18196427610282,0.16685505140212067,0.0,0.03229452607782981
Urban,0.5038014106439498,0.0,0.009160025648071815,0.943482641751397,98.54355592195658,0.0,0.0
Water,0.0,0.0,0.0,0.0,0.0,100.0,0.0
Other,1.3274336283185841,0.0,0.22123893805309736,3.0973451327433628,0.0,0.0,95.35398230088495
