from_label,Crops,TreeCrops,Forest,Grassland,Urban,Water,Other
Crops,93.84430539735048,0.0,0.06865666983943701,5.803048980292415,0.24653985987797838,0.0,0.03744909263969292
TreeCrops,0.0,81.81818181818183,0.0,18.181818181818183,0.0,0.0,0.0
Forest,1.220449740534307,0.0,95.71721442757384,2.9758472676020244,0.08648856428983279,0.0,0.0
Grassland,3.114315205470615,0.0,0.36691181214115215,96.20347074382298,0.2628862654022321,0.0,0.05241597316302174
Urban,1.1306441024144722,0.0,0.67109198336859,1.8819753446640892,96.31628856955284,0.0,0.0
Water,0.0,0.0,0.0,0.0,0.0,100.0,0.0
Other,1.2430939226519337,0.0,0.0,7.734806629834254,0.0,0.0,91.02209944751381
