from_label,Crops,TreeCrops,Forest,Grassland,Urban,Water,Other
Crops,92.05280286273792,0.0,0.13806511601696228,7.6147137966498075,0.18314760287964385,0.0,0.01127062171567039
TreeCrops,0.0,80.0,0.0,20.0,0.0,0.0,0.0
Forest,0.8497887808232636,0.0,93.61921603300914,5.44257785637096,0.08841732979664013,0.0,0.0
Grassland,3.287810950870325,0.0,0.784454893843604,95.76724338350544,0.14924141861842943,0.0,0.011249353162193174
Urban,1.0711466907204872,0.0,0.09020182658698839,2.153568609764348,96.68508287292818,0.0,0.0
Water,0.0,0.0,0.0,0.0,0.0,100.0,0.0
Other,4.371584699453552,0.0,0.0,10.382513661202186,0.0,0.0,85.24590163934425
