from_label,Crops,TreeCrops,Forest,Grassland,Urban,Water,Other
Crops,93.43734805365672,0.0,0.12727740754511913,6.2651946343277185,0.15158882246946773,0.0,0.018591082000972457
TreeCrops,0.0,100.0,0.0,0.0,0.0,0.0,0.0
Forest,0.4554680924798257,0.0,93.98980147532056,5.480469330164859,0.0742611020347542,0.0,0.0
Grassland,3.2407269254871536,0.0007460236937125123,1.025036555160992,95.55295276177972,0.15815702306705262,0.0,0.02238071081137537
Urban,1.0655473038424281,0.0,0.24755139382197827,1.6037025078032503,97.08319879453235,0.0,0.0
Water,0.0,0.0,0.0,0.0,0.0,100.0,0.0
Other,3.64963503649635,0.0,0.0,8.02919708029197,0.0,0.0,88.32116788321169
