from_label,Crops,TreeCrops,Forest,Grassland,Urban,Water,Other
Crops,92.4353335818114,0.0,1.150950428624674,6.155795751024972,0.21468505404398064,0.0,0.04323518449496832
TreeCrops,0.0,87.5,0.0,6.25,6.25,0.0,0.0
Forest,3.3819112248303482,0.0,90.44758408425112,6.085215263099344,0.08528942781918641,0.0,0.0
Grassland,4.170055334959894,0.0,1.4782567095632204,94.04471447479628,0.24637611826053676,0.0,0.06059736242006729
Urban,1.303370786516854,0.0,0.5617977528089888,1.5880149812734081,96.54681647940076,0.0,0.0
Water,0.0,0.0,0.0,0.0,0.0,100.0,0.0
Other,4.726100966702471,0.0,0.4296455424274973,9.344790547798066,0.0,0.0,85.49946294307198
