from_label,Crops,TreeCrops,Forest,Grassland,Urban,Water,Other
Crops,93.29032442230563,0.0,0.06422790916746357,6.462754949117223,0.16413799009462912,0.0,0.01855472931504503
TreeCrops,0.0,92.0,0.0,8.0,0.0,0.0,0.0
Forest,0.51338284404127,0.0,93.78956287693765,5.597368289886857,0.09968598913422719,0.0,0.0
Grassland,3.2481474302583906,0.0,0.9967347060489943,95.58439815712177,0.15208218401944268,0.0,0.018637522551402285
Urban,1.0008703220191473,0.0,0.0,1.6100957354221062,97.38903394255874,0.0,0.0
Water,0.0,0.0,0.0,0.0,0.0,100.0,0.0
Other,4.3478260869565215,0.0,0.0,10.144927536231885,0.0,0.0,85.5072463768116
