from_label,Crops,TreeCrops,Forest,Grassland,Urban,Water,Other
Crops,90.85094591153518,0.0,0.5931606776411378,8.25332155000674,0.25913332634322434,0.0,0.04343853447371969
TreeCrops,0.0,88.88888888888889,0.0,11.11111111111111,0.0,0.0,0.0
Forest,0.4119164516934343,0.0,97.01256553216277,2.4839810268785887,0.07905467254722476,0.0,0.012482316717982857
Grassland,2.9208484699218027,0.0,1.1352441352133489,95.69145988547503,0.18240871867495845,0.0,0.07003879071485745
Urban,0.08157937673356176,0.0,0.17947462881383588,0.7505302659487681,98.98025779083048,0.0,0.008157937673356175
Water,0.0,0.0,0.0,0.0,0.0,100.0,0.0
Other,0.5277044854881267,0.0,0.0,9.366754617414248,0.0,0.0,90.10554089709763
