from_label,Crops,TreeCrops,Forest,Grassland,Urban,Water,Other
Crops,93.26943377105941,0.0,0.13511801714309843,6.422328252332897,0.1646750833931512,0.0,0.008444876071443652
TreeCrops,0.0,91.66666666666666,0.0,8.333333333333332,0.0,0.0,0.0
Forest,1.2023560336854402,0.0,94.20727255026044,4.531957357737429,0.05841405831670156,0.0,0.0
Grassland,3.308663474096648,0.0,0.8744539354180115,95.64499422034739,0.1613799108282167,0.0,0.010508459309744344
Urban,1.1439029970258523,0.0,0.10295126973232671,2.0704644246167923,96.68268130862504,0.0,0.0
Water,0.0,0.0,0.0,0.0,0.0,100.0,0.0
Other,5.780346820809249,0.0,0.5780346820809248,10.982658959537572,0.0,0.0,82.65895953757226
