from_label,Crops,TreeCrops,Forest,Grassland,Urban,Water,Other
Crops,94.88403721226327,0.0,0.4383870827726898,4.422935023221494,0.21847013035866716,0.0,0.036170551383885294
TreeCrops,0.0,100.0,0.0,0.0,0.0,0.0,0.0
Forest,0.19935892424360876,0.0,93.55015245094206,6.219216636697678,0.011726995543741693,0.0,0.019544992572902823
Grassland,3.1923575440449334,0.0,1.6873889875666075,94.75381242699183,0.24722768950122412,0.0,0.1192133518954123
Urban,0.9742466581073937,0.0,0.5513178762933313,2.0617778113435543,96.40510535458047,0.0,0.007552299675251114
Water,0.0,0.0,0.0,0.0,0.0,100.0,0.0
Other,1.8404907975460123,0.0,0.0,9.447852760736195,0.0,0.0,88.71165644171779
