from_label,Crops,TreeCrops,Forest,Grassland,Urban,Water,Other
Crops,99.79476892215106,0.001543090810894221,0.160481444332999,0.04320654270503819,0.0,0.0,0.0
TreeCrops,0.0,100.0,0.0,0.0,0.0,0.0,0.0
Forest,0.13050781754748675,0.0,99.76611965370202,0.10337252875048455,0.0,0.0,0.0
Grassland,0.3268914821903423,0.0,0.49795904540912245,99.17345573415083,0.0,0.0,0.0016937382496908927
Urban,0.0,0.0,0.0,0.0,100.0,0.0,0.0
Water,0.0,0.0,0.0,0.0,0.0,100.0,0.0
Other,0.0,0.0,0.0,0.0,0.0,0.0,100.0
