from_label,Crops,TreeCrops,Forest,Grassland,Urban,Water,Other
Crops,99.65983857251555,0.0,0.2789920479806645,0.06116937950378206,0.0,0.0,0.0
TreeCrops,0.0,0.0,0.0,0.0,0.0,0.0,0.0
Forest,0.12426509887760555,0.0,99.80358097274184,0.07215392838054517,0.0,0.0,0.0
Grassland,0.08250964015693671,0.0,0.18859346321585532,99.7288968966272,0.0,0.0,0.0
Urban,0.0,0.0,0.0,0.0,100.0,0.0,0.0
Water,0.0,0.0,0.0,0.0,0.0,100.0,0.0
Other,0.0,0.0,0.0,0.0,0.0,0.0,100.0
