from_label,Crops,TreeCrops,Forest,Grassland,Urban,Water,Other
Crops,99.20832832592237,0.0,0.4867203461122461,0.30194688138444903,0.0,0.0,0.003004446580939791
TreeCrops,0.0,0.0,0.0,0.0,0.0,0.0,0.0
Forest,0.13266470322905888,0.0,99.73865053463875,0.12735811509989653,0.0,0.0,0.0013266470322905886
Grassland,0.055645487656819106,0.0,0.0978011601241063,99.84655335221908,0.0,0.0,0.0
Urban,0.0,0.0,0.0,0.0,100.0,0.0,0.0
Water,0.0,0.0,0.0,0.0,0.0,100.0,0.0
Other,0.0,0.0,0.0,0.0,0.0,0.0,100.0
