from_label,Crops,TreeCrops,Forest,Grassland,Urban,Water,Other
Crops,99.67633051278494,0.0,0.1926604090565805,0.13100907815847476,0.0,0.0,0.0
TreeCrops,0.0,100.0,0.0,0.0,0.0,0.0,0.0
Forest,0.06996268656716417,0.0,99.77456467661692,0.1554726368159204,0.0,0.0,0.0
Grassland,0.1352013655337919,0.0,0.43095435263896165,99.43384428182725,0.0,0.0,0.0
Urban,0.0,0.0,0.0,0.0,100.0,0.0,0.0
Water,0.0,0.0,0.0,0.0,0.0,100.0,0.0
Other,0.0,0.0,0.0,0.0,0.0,0.0,100.0
