from_label,Crops,TreeCrops,Forest,Grassland,Urban,Water,Other
Crops,99.79298587433026,0.0,0.15830491962981003,0.04870920603994155,0.0,0.0,0.0
TreeCrops,0.0,100.0,0.0,0.0,0.0,0.0,0.0
Forest,0.05310674455655868,0.0,99.8487612274585,0.09813202798494539,0.0,0.0,0.0
Grassland,0.13824481581940679,0.0,0.6544754571703562,99.20552979263277,0.0,0.0,0.0017499343774608454
Urban,0.0,0.0,0.23148148148148145,0.051440329218107,99.71707818930041,0.0,0.0
Water,0.0,0.0,0.0,0.0,0.0,100.0,0.0
Other,0.0,0.0,0.0,0.3552397868561279,0.0,0.0,99.64476021314387
