from_label,Crops,TreeCrops,Forest,Grassland,Urban,Water,Other
Crops,99.66848249027237,0.0,0.267704280155642,0.06381322957198443,0.0,0.0,0.0
TreeCrops,0.0,100.0,0.0,0.0,0.0,0.0,0.0
Forest,0.05873891153200671,0.0,99.85015583792855,0.09110525053943898,0.0,0.0,0.0
Grassland,0.14376668720476485,0.0,0.8009858287122612,99.05338038424915,0.0,0.0,0.0018670998338281147
Urban,0.0,0.0,0.0,0.050697084917617236,99.94930291508238,0.0,0.0
Water,0.0,0.0,0.0,0.0,0.0,100.0,0.0
Other,0.0,0.0,0.0,0.38314176245210724,0.0,0.0,99.61685823754789
