from_label,Crops,TreeCrops,Forest,Grassland,Urban,Water,Other
Crops,99.74559807579637,0.0,0.2266489870177927,0.027752937185852165,0.0,0.0,0.0
TreeCrops,0.0,100.0,0.0,0.0,0.0,0.0,0.0
Forest,0.060646491600460914,0.0,99.867790648311,0.07156286008854387,0.0,0.0,0.0
Grassland,0.15024763035373115,0.0,0.8235796034204523,99.02617276622581,0.0,0.0,0.0
Urban,0.025252525252525252,0.0,0.20202020202020202,0.050505050505050504,99.72222222222223,0.0,0.0
Water,0.0,0.0,0.0,0.0,0.0,100.0,0.0
Other,0.0,0.0,0.0,0.0,0.0,0.0,100.0
