from_label,Crops,TreeCrops,Forest,Grassland,Urban,Water,Other
Crops,99.05165215316713,0.0,0.49057616605034,0.453298341882381,0.0,0.0,0.004473338900155076
TreeCrops,0.0,0.0,0.0,0.0,0.0,0.0,0.0
Forest,0.13029315960912052,0.0,99.71681180615569,0.15156551219836467,0.0,0.0,0.0013295220368277603
Grassland,0.0712166172106825,0.0,0.07969478592623994,99.84908859686308,0.0,0.0,0.0
Urban,0.0,0.0,0.0,0.0,100.0,0.0,0.0
Water,0.0,0.0,0.0,0.0,0.0,100.0,0.0
Other,0.0,0.0,0.0,0.0,0.0,0.0,100.0
