from_label,Crops,TreeCrops,Forest,Grassland,Urban,Water,Other
Crops,99.71634742764522,0.0,0.2509234293907704,0.032729142964013525,0.0,0.0,0.0
TreeCrops,0.0,100.0,0.0,0.0,0.0,0.0,0.0
Forest,0.064365404786879,0.0,99.87722895012872,0.058405645084390195,0.0,0.0,0.0
Grassland,0.16173621950990164,0.0,0.8011584826885826,99.03522464408628,0.0,0.0,0.0018806537152314144
Urban,0.0,0.0,0.0,0.025361399949277198,99.97463860005072,0.0,0.0
Water,0.0,0.0,0.0,0.0,0.0,100.0,0.0
Other,0.0,0.0,0.0,0.0,0.0,0.0,100.0
