from_label,Crops,TreeCrops,Forest,Grassland,Urban,Water,Other
Crops,99.74042727244125,0.0,0.1730484850391719,0.08652424251958594,0.0,0.0,0.0
TreeCrops,0.0,100.0,0.0,0.0,0.0,0.0,0.0
Forest,0.23688247928812517,0.0,99.71893218778767,0.04295796256520405,0.00122737035900583,0.0,0.0
Grassland,2.114819759679573,0.0,1.089452603471295,96.79394748553626,0.0,0.0,0.0017801513128615934
Urban,0.0,0.0,0.0,0.0,100.0,0.0,0.0
Water,0.0,0.0,0.0,0.0,0.0,100.0,0.0
Other,0.0,0.0,0.0,0.0,0.0,0.0,100.0
