from_label,Crops,TreeCrops,Forest,Grassland,Urban,Water,Other
Crops,99.63997916475165,0.001532003554248246,0.23592854735422988,0.12256028433985967,0.0,0.0,0.0
TreeCrops,0.0,0.0,0.0,0.0,0.0,0.0,0.0
Forest,0.08165630597408072,0.0,99.77215256558846,0.14619112843746707,0.0,0.0,0.0
Grassland,0.11826040608291553,0.0,0.37976581108316537,99.50197378283391,0.0,0.0,0.0
Urban,0.0,0.0,0.0,0.0,100.0,0.0,0.0
Water,0.0,0.0,0.0,0.0,0.0,100.0,0.0
Other,0.0,0.0,0.0,0.0,0.0,0.0,100.0
