from_label,Crops,TreeCrops,Forest,Grassland,Urban,Water,Other
Crops,99.79335656786849,0.0,0.1449588255250902,0.06168460660642137,0.0,0.0,0.0
TreeCrops,0.0,100.0,0.0,0.0,0.0,0.0,0.0
Forest,0.07819510319189847,0.0,99.79489808998846,0.1269068068196385,0.0,0.0,0.0
Grassland,0.16446804865513107,0.0,0.4779852664039746,99.35583347610074,0.0,0.0,0.001713208840157615
Urban,0.0,0.0,0.0,0.0,100.0,0.0,0.0
Water,0.0,0.0,0.0,0.0,0.0,100.0,0.0
Other,0.0,0.0,0.0,0.0,0.0,0.0,100.0
