from_label,Crops,TreeCrops,Forest,Grassland,Urban,Water,Other
Crops,99.78638101577376,0.0,0.1671800746118481,0.04643890961440225,0.0,0.0,0.0
TreeCrops,0.0,100.0,0.0,0.0,0.0,0.0,0.0
Forest,0.08885885209381492,0.0,99.82103076268429,0.09011038522189682,0.0,0.0,0.0
Grassland,0.15514536062481268,0.0,0.438990849949754,99.40410077396379,0.0017630154616455986,0.0,0.0
Urban,0.0,0.0,0.0,0.0,100.0,0.0,0.0
Water,0.0,0.0,0.0,0.0,0.0,100.0,0.0
Other,0.0,0.0,0.0,0.0,0.0,0.0,100.0
