from_label,Crops,TreeCrops,Forest,Grassland,Urban,Water,Other
Crops,99.58710123084651,0.0,0.35952022104998743,0.05337854810349158,0.0,0.0,0.0
TreeCrops,0.0,100.0,0.0,0.0,0.0,0.0,0.0
Forest,0.07655266082232375,0.0,99.86665020372885,0.05679713544882085,0.0,0.0,0.0
Grassland,0.1255970281266584,0.0,0.6439058906775164,99.23049708119582,0.0,0.0,0.0
Urban,0.0,0.0,0.0,0.0,100.0,0.0,0.0
Water,0.0,0.0,0.0,0.0,0.0,100.0,0.0
Other,0.0,0.0,0.0,0.0,0.0,0.0,100.0
