from_label,Crops,TreeCrops,Forest,Grassland,Urban,Water,Other
Crops,99.78925900747791,0.0,0.13256288239292996,0.07647858599592114,0.0,0.0,0.001699524133242692
TreeCrops,0.0,100.0,0.0,0.0,0.0,0.0,0.0
Forest,0.16390313998001727,0.0,99.73618330208696,0.09879093368658576,0.0,0.0,0.0011226242464384745
Grassland,0.8333020532262302,0.0,0.5611651214293758,98.59427198678729,0.0018768064261852032,0.0,0.009384032130926015
Urban,0.0,0.0,0.0,0.0,100.0,0.0,0.0
Water,0.0,0.0,0.0,0.0,0.0,100.0,0.0
Other,0.0,0.0,0.0,0.0,0.0,0.0,100.0
