from_label,Crops,TreeCrops,Forest,Grassland,Urban,Water,Other
Crops,99.78020854630955,0.0,0.08007905677093982,0.13630477748245076,0.0,0.0,0.003407619437061269
TreeCrops,0.0,100.0,0.0,0.0,0.0,0.0,0.0
Forest,0.07586566116357542,0.0,99.72144846796658,0.1992889009670041,0.0011323233009488869,0.0,0.0022646466018977737
Grassland,0.3025160481074301,0.0,0.3781450601342876,99.29904818121449,0.0036892200988710984,0.0,0.01660149044491994
Urban,0.0,0.0,0.0,0.0,100.0,0.0,0.0
Water,0.0,0.0,0.0,0.0,0.0,100.0,0.0
Other,0.0,0.0,0.0,0.0,0.0,0.0,100.0
