from_label,Crops,TreeCrops,Forest,Grassland,Urban,Water,Other
Crops,99.35075069450947,0.0,0.4635265474295346,0.1826013671692106,0.0,0.0,0.003121390891781378
TreeCrops,0.0,100.0,0.0,0.0,0.0,0.0,0.0
Forest,0.12518747133702698,0.0,99.78433049492433,0.09048203373864326,0.0,0.0,0.0
Grassland,0.04073319755600815,0.0,0.10448950677410784,99.85300628708049,0.0,0.0,0.0017710085893916584
Urban,0.0,0.0,0.05047955577990913,0.0,99.94952044422008,0.0,0.0
Water,0.0,0.0,0.0,0.0,0.0,100.0,0.0
Other,0.0,0.0,0.0,0.0,0.0,0.0,100.0
