from_label,Crops,TreeCrops,Forest,Grassland,Urban,Water,Other
Crops,99.63863794301598,0.0,0.2901320361362057,0.07123002084781098,0.0,0.0,0.0
TreeCrops,0.0,100.0,0.0,0.0,0.0,0.0,0.0
Forest,0.06723078706386924,0.0,99.86669757737336,0.06607163556276804,0.0,0.0,0.0
Grassland,0.12716440790161307,0.0,0.499947740654287,99.3728878514441,0.0,0.0,0.0
Urban,0.025647601949217745,0.0,0.23082841754295974,0.025647601949217745,99.7178763785586,0.0,0.0
Water,0.0,0.0,0.0,0.0,0.0,100.0,0.0
Other,0.0,0.0,0.0,0.0,0.0,0.0,100.0
