from_label,Crops,TreeCrops,Forest,Grassland,Urban,Water,Other
Crops,99.74969557570019,0.0,0.10823975104857259,0.13868218103098362,0.0,0.0,0.0033824922202678933
TreeCrops,0.0,100.0,0.0,0.0,0.0,0.0,0.0
Forest,0.041401380791997226,0.0,99.76054336514899,0.19581734158377065,0.0,0.0,0.0022379124752430935
Grassland,0.18220813483401976,0.0,0.5580124129291856,99.24459544100063,0.0,0.0,0.015184011236168315
Urban,0.0,0.0,0.0,0.0,100.0,0.0,0.0
Water,0.0,0.0,0.0,0.0,0.0,100.0,0.0
Other,0.0,0.0,0.0,0.0,0.0,0.0,100.0
