from_label,Crops,TreeCrops,Forest,Grassland,Urban,Water,Other
Crops,99.78097235932873,0.0,0.14499012833168806,0.07403751233958539,0.0,0.0,0.0
TreeCrops,0.0,100.0,0.0,0.0,0.0,0.0,0.0
Forest,0.06942837306179125,0.0,99.78400061714109,0.14657100979711485,0.0,0.0,0.0
Grassland,0.17401095245406623,0.0,0.5220328573621986,99.30225020045378,0.0,0.0,0.0017059897299418257
Urban,0.0,0.0,0.0,0.0,100.0,0.0,0.0
Water,0.0,0.0,0.0,0.0,0.0,100.0,0.0
Other,0.0,0.0,0.0,0.0,0.0,0.0,100.0
