from_label,Crops,TreeCrops,Forest,Grassland,Urban,Water,Other
Crops,99.74328973333566,0.0,0.20955940135864345,0.047150865305694775,0.0,0.0,0.0
TreeCrops,0.0,100.0,0.0,0.0,0.0,0.0,0.0
Forest,0.0561160801200197,0.0,99.8660085433869,0.07787537649308857,0.0,0.0,0.0
Grassland,0.12525580410697904,0.0,0.6086373579846165,99.26610683790841,0.0,0.0,0.0
Urban,0.0,0.0,0.2068252326783868,0.0517063081695967,99.74146845915202,0.0,0.0
Water,0.0,0.0,0.0,0.0,0.0,100.0,0.0
Other,0.0,0.0,0.0,0.1773049645390071,0.0,0.0,99.822695035461
