from_label,Crops,TreeCrops,Forest,Grassland,Urban,Water,Other
Crops,99.65224648768952,0.0,0.28168034497148425,0.06607316733899013,0.0,0.0,0.0
TreeCrops,0.0,100.0,0.0,0.0,0.0,0.0,0.0
Forest,0.0670248900905404,0.0,99.86935826507775,0.06248082974541902,0.0011360150862803457,0.0,0.0
Grassland,0.11121275717950099,0.0,0.34260704227878525,99.54618020054171,0.0,0.0,0.0
Urban,0.02595380223202699,0.0,0.10381520892810796,0.0,99.87023098883986,0.0,0.0
Water,0.0,0.0,0.0,0.0,0.0,100.0,0.0
Other,0.0,0.0,0.3590664272890485,0.0,0.0,0.0,99.64093357271095
