from_label,Crops,TreeCrops,Forest,Grassland,Urban,Water,Other
Crops,99.77771603223118,0.0,0.18369300114229262,0.03859096662653206,0.0,0.0,0.0
TreeCrops,0.0,100.0,0.0,0.0,0.0,0.0,0.0
Forest,0.08295920359164552,0.0,99.84628147569782,0.07075932071052117,0.0,0.0,0.0
Grassland,0.2790834312573443,0.0,0.8886603995299648,98.8322561692127,0.0,0.0,0.0
Urban,0.0,0.0,0.0,0.0,100.0,0.0,0.0
Water,0.0,0.0,0.0,0.0,0.0,100.0,0.0
Other,0.0,0.0,0.0,0.0,0.0,0.0,100.0
