from_label,Crops,TreeCrops,Forest,Grassland,Urban,Water,Other
Crops,99.3994669620297,0.0,0.5209234709771209,0.07960956699318127,0.0,0.0,0.0
TreeCrops,0.0,100.0,0.0,0.0,0.0,0.0,0.0
Forest,0.09194385605549218,0.0,99.85568306138126,0.05237308256325504,0.0,0.0,0.0
Grassland,0.07822277847309136,0.0,0.29550827423167847,99.62626894729523,0.0,0.0,0.0
Urban,0.025621316935690495,0.0,0.025621316935690495,0.05124263387138099,99.89751473225724,0.0,0.0
Water,0.0,0.0,0.0,0.0,0.0,100.0,0.0
Other,0.0,0.0,0.0,0.0,0.0,0.0,100.0
