from_label,Crops,TreeCrops,Forest,Grassland,Urban,Water,Other
Crops,99.78612277792415,0.0,0.16583233885591184,0.04804488321993707,0.0,0.0,0.0
TreeCrops,0.0,100.0,0.0,0.0,0.0,0.0,0.0
Forest,0.08904266415651156,0.0,99.80537817691506,0.10557915892843513,0.0,0.0,0.0
Grassland,0.16010191433686818,0.0,0.4441536978377634,99.39574438782537,0.0,0.0,0.0
Urban,0.0,0.0,0.0,0.0,100.0,0.0,0.0
Water,0.0,0.0,0.0,0.0,0.0,100.0,0.0
Other,0.0,0.0,0.0,0.0,0.0,0.0,100.0
