from_label,Crops,TreeCrops,Forest,Grassland,Urban,Water,Other
Crops,99.4085927987476,0.0,0.4539919986084537,0.1356757696990781,0.0,0.0,0.0017394329448599756
TreeCrops,0.0,100.0,0.0,0.0,0.0,0.0,0.0
Forest,0.07819597290739527,0.0,99.8482078172974,0.07359620979519556,0.0,0.0,0.0
Grassland,0.07569356428672018,0.0,0.3925503450218279,99.52999577524292,0.0,0.0,0.001760315448528376
Urban,0.051586278050038695,0.0,0.15475883415011607,0.025793139025019347,99.76786174877482,0.0,0.0
Water,0.0,0.0,0.0,0.0,0.0,100.0,0.0
Other,0.0,0.0,0.0,0.0,0.0,0.0,100.0
