from_label,Crops,TreeCrops,Forest,Grassland,Urban,Water,Other
Crops,99.9195221403534,0.0017883968810358396,0.0,0.06617068459832606,0.0017883968810358396,0.0,0.010730381286215037
TreeCrops,0.0,98.67215093664774,0.1341261680153798,1.0953637054589351,0.09388831761076585,0.0,0.004470872267179327
Forest,0.01863382266054629,0.11043948552470118,99.6100531745671,0.2517838476571377,0.0054538017543062315,0.0,0.003635867836204154
Grassland,0.009781505618252289,0.0,0.04279408707985377,99.94314499859391,0.0030567205057038405,0.0,0.0012226882022815361
Urban,0.0,0.0,0.0,0.0,100.0,0.0,0.0
Water,0.0,0.0,0.0,0.0,0.0,100.0,0.0
Other,0.9702009702009702,0.0,0.0,0.0,0.0,0.0,99.02979902979902
