from_label,Crops,TreeCrops,Forest,Grassland,Urban,Water,Other
Crops,99.9049352750809,0.0,0.026294498381877026,0.06674757281553398,0.0020226537216828477,0.0,0.0
TreeCrops,0.0,43.49593495934959,45.1219512195122,11.38211382113821,0.0,0.0,0.0
Forest,0.06445588490492757,0.0,99.7153198416699,0.21733202217943526,0.001239536248171684,0.0,0.0016527149975622453
Grassland,0.08256574517048948,0.0,0.03923336827250209,99.8746874505923,0.0017567179823508399,0.0,0.0017567179823508399
Urban,0.0,0.0,0.0,0.0,100.0,0.0,0.0
Water,0.0,0.0,0.0,0.0,0.0,100.0,0.0
Other,0.07347538574577515,0.0,0.0,0.1469507714915503,0.0,0.0,99.77957384276267
