from_label,Crops,TreeCrops,Forest,Grassland,Urban,Water,Other
Crops,99.86759659853797,0.0,0.024242876324034015,0.10256601521706699,0.0018648366403103088,0.0,0.0037296732806206176
TreeCrops,0.0,99.78331527627302,0.0,0.0,0.21668472372697722,0.0,0.0
Forest,0.354035403540354,0.013287042990013287,99.56495649564957,0.06343491492006344,0.003857528610003857,0.0,0.00042861429000042863
Grassland,0.6463490169989218,0.008602693216489642,0.03785185015255443,99.29802023353444,0.008029180335390334,0.0,0.001147025762198619
Urban,0.0,0.0,0.0,0.0,100.0,0.0,0.0
Water,0.0,0.0,0.0,0.0,0.0,100.0,0.0
Other,0.7153075822603719,0.0,0.0,0.14306151645207438,0.0,0.0,99.14163090128756
