from_label,Crops,TreeCrops,Forest,Grassland,Urban,Water,Other
Crops,99.88593833541259,0.0,0.007128854036713598,0.10158617002316878,0.005346640527535198,0.0,0.0
TreeCrops,0.0,90.61604584527221,5.766475644699141,3.510028653295129,0.07163323782234957,0.0,0.03581661891117478
Forest,0.021023962539121293,0.002866903982607449,99.63781446353059,0.3182263420694269,0.017201423895644694,0.0,0.002866903982607449
Grassland,0.011413985244829984,0.0,0.03424195573448995,99.94448652630923,0.008819897689186805,0.0,0.0010376350222572712
Urban,0.0,0.0,0.0,0.0,100.0,0.0,0.0
Water,0.0,0.0,0.0,0.0,0.0,100.0,0.0
Other,0.0,0.0,0.0,0.12812299807815503,0.0,0.0,99.87187700192185
