from_label,Crops,TreeCrops,Forest,Grassland,Urban,Water,Other
Crops,99.8825686561322,0.0,0.014421393106574094,0.10094975174601867,0.002060199015224871,0.0,0.0
TreeCrops,0.0,100.0,0.0,0.0,0.0,0.0,0.0
Forest,0.044831718032947235,0.0,99.63115722891075,0.31993544232603255,0.0012226832190803793,0.0,0.0028529275111875514
Grassland,0.03320978502594515,0.0,0.04507042253521127,99.91934766493699,0.0011860637509266123,0.0,0.0011860637509266123
Urban,0.0,0.0,0.0,0.0,100.0,0.0,0.0
Water,0.0,0.0,0.0,0.0,0.0,100.0,0.0
Other,0.8862629246676514,0.0,0.0,0.22156573116691286,0.0,0.0,98.89217134416543
