from_label,Crops,TreeCrops,Forest,Grassland,Urban,Water,Other
Crops,99.88126676083441,0.0,0.024565497758398332,0.09212061659399375,0.0020471248131998607,0.0,0.0
TreeCrops,0.0,100.0,0.0,0.0,0.0,0.0,0.0
Forest,0.05122887833346312,0.02827834084007164,99.67664331995918,0.24057081265394276,0.0012294930800031147,0.0,0.0020491551333385242
Grassland,0.06954717715080538,0.009430125715363443,0.04184618286192528,99.87622959998586,0.0017681485716306456,0.0,0.0011787657144204304
Urban,0.0,0.0,0.0,0.0,100.0,0.0,0.0
Water,0.0,0.0,0.0,0.0,0.0,100.0,0.0
Other,0.07401924500370095,0.0,0.0,0.1480384900074019,0.0,0.0,99.7779422649889
