from_label,Crops,TreeCrops,Forest,Grassland,Urban,Water,Other
Crops,99.88225597550924,0.0,0.029436006122689273,0.08634561795988853,0.001962400408179285,0.0,0.0
TreeCrops,0.0,100.0,0.0,0.0,0.0,0.0,0.0
Forest,0.04935709223448416,0.004640410381019878,99.72410651007391,0.213880733016098,0.006327832337754379,0.0,0.001687421956734501
Grassland,0.08113240117383048,0.0,0.03625064733298809,99.87858910178952,0.0028770355026181025,0.0,0.001150814201047241
Urban,0.0,0.0,0.0,0.0,100.0,0.0,0.0
Water,0.0,0.0,0.0,0.0,0.0,100.0,0.0
Other,0.07189072609633358,0.0,0.0,0.14378145219266716,0.0,0.0,99.78432782171099
