from_label,Crops,TreeCrops,Forest,Grassland,Urban,Water,Other
Crops,99.92987503371393,0.0035961521172345593,0.0,0.06652881416883934,0.0,0.0,0.0
TreeCrops,0.0,89.84351337708229,0.9860339895675585,9.076224129227663,0.09086320040383646,0.0,0.0033653037186606094
Forest,0.020010863039935965,0.22726623023927275,99.4997284240016,0.2434655003192209,0.0057173894399817045,0.0,0.0038115929599878027
Grassland,0.016250082755051066,0.0,0.03972242451234705,99.94101821814834,0.0018055647505612299,0.0,0.0012037098337074866
Urban,0.0,0.0,0.0,0.0,100.0,0.0,0.0
Water,0.0,0.0,0.0,0.0,0.0,100.0,0.0
Other,0.0,0.0,0.0,0.13218770654329146,0.0,0.0,99.86781229345671
