from_label,Crops,TreeCrops,Forest,Grassland,Urban,Water,Other
Crops,99.86961318578449,0.0,0.003343251646551436,0.11701380762930025,0.010029754939654308,0.0,0.0
TreeCrops,0.0,99.85145573380866,0.14854426619132502,0.0,0.0,0.0,0.0
Forest,0.017535826668095514,0.10277942852689313,99.60787943144953,0.25037263631669704,0.019484251853439456,0.0,0.0019484251853439459
Grassland,0.014576652367664821,0.06351255674482528,0.03435925200949565,99.87557786014743,0.010411894548332015,0.0,0.0015617841822498021
Urban,0.0,0.0,0.0,0.0,100.0,0.0,0.0
Water,0.0,0.0,0.0,0.0,0.0,100.0,0.0
Other,0.0,0.0,0.0,0.06406149903907751,0.0,0.0,99.93593850096092
