from_label,Crops,TreeCrops,Forest,Grassland,Urban,Water,Other
Crops,99.88619266232013,0.0038578758535550324,0.05786813780332549,0.050152386096215425,0.0019289379267775162,0.0,0.0
TreeCrops,0.0,99.7229916897507,0.0,0.13850415512465375,0.13850415512465375,0.0,0.0
Forest,0.13954455033995428,0.03817328124801181,99.70818647223743,0.1064610399250107,0.006786361110757655,0.0,0.0008482951388447069
Grassland,0.14772661953210325,0.02586652871184687,0.027590963959303327,99.79479220555268,0.003448870494912916,0.0,0.0005748117491521527
Urban,0.0,0.0,0.0,0.0,100.0,0.0,0.0
Water,0.0,0.0,0.0,0.0,0.0,100.0,0.0
Other,0.14357501794687724,0.0,0.0,0.07178750897343862,0.0,0.0,99.78463747307968
