from_label,Crops,TreeCrops,Forest,Grassland,Urban,Water,Other
Crops,99.9156980915483,0.0,0.007174630506528914,0.06995264743865691,0.005380972879896685,0.0,0.0017936576266322285
TreeCrops,0.03650967506389193,94.37751004016064,2.9937933552391383,2.5191675794085433,0.07301935012778386,0.0,0.0
Forest,0.022393038963887796,0.007769013518083522,99.55259622151743,0.4003326965788921,0.013253023060260126,0.0,0.003656006361451069
Grassland,0.010311348453026382,0.0,0.03853188106130911,99.94627244753424,0.004341620401274266,0.0,0.0005427025501592832
Urban,0.0,0.0,0.0,0.0,100.0,0.0,0.0
Water,0.0,0.0,0.0,0.0,0.0,100.0,0.0
Other,0.0,0.0,0.0,0.2028397565922921,0.0,0.0,99.79716024340772
