from_label,Crops,TreeCrops,Forest,Grassland,Urban,Water,Other
Crops,99.59488769785075,0.32982594511266067,0.0,0.0699087601054009,0.005377596931184684,0.0,0.0
TreeCrops,0.0,99.89279676741022,0.020616006267265903,0.0,0.08246402506906361,0.0,0.004123201253453181
Forest,0.017034727184112277,0.44006378558956716,99.28264871080238,0.24936947850075475,0.007097802993380116,0.0,0.0037854949298027287
Grassland,0.010585246518630034,2.5722149040270983,0.03763643206624012,97.37544693263078,0.002940346255175009,0.0,0.0011761385020700038
Urban,0.0,0.0,0.0,0.0,100.0,0.0,0.0
Water,0.0,0.0,0.0,0.0,0.0,100.0,0.0
Other,0.0,0.0,0.0,0.13297872340425532,0.0,0.0,99.86702127659575
