from_label,Crops,TreeCrops,Forest,Grassland,Urban,Water,Other
Crops,96.78918388103672,3.0810507487812577,0.015782274751867567,0.09995440676182794,0.003507172167081682,0.0,0.010521516501245045
TreeCrops,0.0,99.89417989417989,0.0,0.0,0.10582010582010583,0.0,0.0
Forest,0.1303328974275709,2.482468689386426,97.18928549487006,0.1847479791818429,0.010970782611748392,0.0,0.0021941565223496783
Grassland,0.06414513830940663,8.2400958203482,0.03746530202142334,91.65261717840863,0.004541248729869496,0.0,0.001135312182467374
Urban,0.0,0.0,0.0,0.0,100.0,0.0,0.0
Water,0.0,0.0,0.0,0.0,0.0,100.0,0.0
Other,0.1401541695865452,0.0,0.0,0.1401541695865452,0.0,0.0,99.71969166082691
