from_label,Crops,TreeCrops,Forest,Grassland,Urban,Water,Other
Crops,99.73041972399265,0.0017852998411083142,0.00892649920554157,0.24458607823183903,0.0035705996822166285,0.0,0.010711799046649886
TreeCrops,0.0,94.38580062994806,0.7150761896654465,4.818251468460033,0.0723589001447178,0.0,0.008512811781731506
Forest,0.013595638519163053,0.08655889857200477,99.60663285884554,0.2827892811985915,0.0067978192595815265,0.0,0.0036255036051101473
Grassland,0.011127046140151328,0.0,0.040799169180554866,99.94498293852925,0.0018545076900252215,0.0,0.0012363384600168142
Urban,0.0,0.0,0.0,0.0,100.0,0.0,0.0
Water,0.0,0.0,0.0,0.0,0.0,100.0,0.0
Other,0.41870202372644805,0.0,0.0,0.13956734124214934,0.0,0.0,99.4417306350314
