from_label,Crops,TreeCrops,Forest,Grassland,Urban,Water,Other
Crops,99.95327522688471,0.0017971066582801688,0.0017971066582801688,0.04313055979872406,0.0,0.0,0.0
TreeCrops,0.0036797173977038567,92.29467176920812,0.7837798057109213,6.778039446570504,0.13614954371504268,0.0,0.0036797173977038567
Forest,0.021033007481058342,0.15392337292956332,99.51241664475728,0.3059346542699395,0.002868137383780683,0.0,0.0038241831783742443
Grassland,0.011222549054352576,0.0,0.03839293097541671,99.94802187806405,0.001181320953089745,0.0,0.001181320953089745
Urban,0.0,0.0,0.0,0.0,100.0,0.0,0.0
Water,0.0,0.0,0.0,0.0,0.0,100.0,0.0
Other,0.0,0.0,0.0,0.0657030223390276,0.0,0.0,99.93429697766098
