from_label,Crops,TreeCrops,Forest,Grassland,Urban,Water,Other
Crops,99.81836819105509,0.09351340658550183,0.007193338968115526,0.07732839390724189,0.0017983347420288814,0.0,0.0017983347420288814
TreeCrops,0.0,99.91693625950862,0.021858879076680948,0.0,0.06120486141470666,0.0,0.0
Forest,0.1570765703143337,0.10652319136259412,99.5702962789102,0.15752793976925994,0.006770541823893693,0.0,0.001805477819704985
Grassland,0.09324556311674838,0.2167496202250244,0.03334609541923452,99.6523360792402,0.00370512171324828,0.0,0.00061752028554138
Urban,0.0,0.0,0.0,0.0,100.0,0.0,0.0
Water,0.0,0.0,0.0,0.0,0.0,100.0,0.0
Other,0.5571030640668524,0.0,0.0,0.06963788300835655,0.0,0.0,99.3732590529248
