from_label,Crops,TreeCrops,Forest,Grassland,Urban,Water,Other
Crops,99.90497364363323,0.0,0.0017929501201276582,0.09323340624663821,0.0,0.0,0.0
TreeCrops,0.0,99.46195234435051,0.15372790161414296,0.2690238278247502,0.07686395080707148,0.0,0.03843197540353574
Forest,0.022477476650947723,0.16376447274261913,99.3963191985174,0.40000733958421253,0.013761720398539424,0.0,0.003669792106277179
Grassland,0.009181694940886087,0.12260263244594952,0.037266879465949414,99.82446759671836,0.005400997024050639,0.0,0.001080199404810128
Urban,0.0,0.0,0.0,0.0,100.0,0.0,0.0
Water,0.0,0.0,0.0,0.0,0.0,100.0,0.0
Other,0.0,0.0,0.0,0.2018842530282638,0.0,0.0,99.79811574697173
