from_label,Crops,TreeCrops,Forest,Grassland,Urban,Water,Other
Crops,99.85949996397436,0.0036025650262987248,0.010807695078896173,0.11708336335470855,0.0018012825131493624,0.0,0.0072051300525974495
TreeCrops,0.0,99.58634953464323,0.0,0.0,0.4136504653567736,0.0,0.0
Forest,0.06670281528914594,0.0912322376857996,99.49176758157108,0.33996918760274386,0.007315792644616007,0.0,0.003012385206606591
Grassland,0.029421096656955782,0.05422711932850673,0.04095878162046786,99.8702010441605,0.004038189737229225,0.0,0.001153768496351207
Urban,0.0,0.0,0.0,0.0,100.0,0.0,0.0
Water,0.0,0.0,0.0,0.0,0.0,100.0,0.0
Other,0.0,0.0,0.0,0.14378145219266716,0.0,0.0,99.85621854780733
