from_label,Crops,TreeCrops,Forest,Grassland,Urban,Water,Other
Crops,99.50041207173973,0.0,0.025509202935520583,0.4579883050115773,0.0,0.0,0.016090420313174522
TreeCrops,0.0,0.0,0.0,0.0,0.0,0.0,0.0
Forest,0.004229351209391111,0.0,99.7076867644894,0.28759588223859556,0.0004880020626220513,0.0,0.0
Grassland,0.1089701728573789,1.7881551174496046e-05,0.28227816684059454,99.57872853588005,0.0018060366686241005,0.0,0.028199206202180263
Urban,0.0,0.0,0.0,0.0,100.0,0.0,0.0
Water,0.0,0.0,0.0,0.0,0.0,100.0,0.0
Other,0.005554807433342311,0.0,0.024912469701050367,2.3372273094532723,0.0005049824939402101,0.0,97.63180043091839
