from_label,Crops,TreeCrops,Forest,Grassland,Urban,Water,Other
Crops,91.48861407249467,0.0,0.3261407249466951,7.542515991471216,0.0027292110874200426,0.0,0.64
TreeCrops,0.0,0.0,0.0,0.0,0.0,0.0,0.0
Forest,0.0057649288494540304,0.0,99.89149580344063,0.07607647178118801,0.0005147257901298241,0.0,0.026148070138595065
Grassland,0.0024223001688871387,0.0,0.055421499352808754,99.8994107982499,0.0001274894825730073,0.0,0.04261791274583387
Urban,0.0,0.0,0.0,0.0,100.0,0.0,0.0
Water,0.0,0.0,0.0,0.0,0.0,100.0,0.0
Other,0.007086669973779321,0.0,0.0,0.6398717857863205,0.0005451284595214863,0.0,99.35249641578038
