from_label,Crops,TreeCrops,Forest,Grassland,Urban,Water,Other
Crops,93.93350693726835,0.0,0.2807285854034914,5.32695407762576,0.0037889747723170615,0.0,0.4550214249300762
TreeCrops,0.0,71.5261958997722,0.45558086560364464,26.65148063781321,0.0,0.0,1.366742596810934
Forest,0.0047649111939676225,0.0013500581716241597,98.63016744692088,1.3599850699449256,0.0009529822387935246,0.0,0.0027795315298144462
Grassland,0.02229914245567595,0.0006484403298904154,0.278901390778422,99.62327418056506,0.003386299500538836,0.0,0.0714905463704183
Urban,0.0,0.0,0.0,0.0,100.0,0.0,0.0
Water,0.0,0.0,0.0,0.0,0.0,100.0,0.0
Other,0.006696188635158162,0.0,0.0,1.690611414887037,0.0,0.0,98.30269239647781
