from_label,Crops,TreeCrops,Forest,Grassland,Urban,Water,Other
Crops,99.5000325863305,0.0,0.039413942604609876,0.4434844408030513,0.0003103460047607077,0.0,0.016758684257078216
TreeCrops,0.0,97.94871794871794,1.5384615384615385,0.5128205128205128,0.0,0.0,0.0
Forest,0.026404290306578808,0.0,99.34293939121706,0.6298751264554584,0.0007811920209046984,0.0,0.0
Grassland,0.14044619612919595,1.8176031594305158e-05,0.4125959171907271,99.38021549866579,0.0029626931498717406,0.0,0.0637615188328225
Urban,0.0,0.0,0.0,0.0,100.0,0.0,0.0
Water,0.0,0.0,0.0,0.0,0.0,100.0,0.0
Other,0.036689442479993624,0.0,0.0014179494678258405,0.6254929589946738,0.0,0.0,99.33639964905751
