from_label,Crops,TreeCrops,Forest,Grassland,Urban,Water,Other
Crops,99.24653387233886,0.0,0.04862058210150999,0.6473570585465198,0.00030578982453779866,0.0,0.05718269718856836
TreeCrops,0.0,36.57587548638132,35.019455252918284,28.404669260700388,0.0,0.0,0.0
Forest,0.0027666584457387137,0.0,98.73168472108921,1.2215982748698881,0.0007114264574756692,0.0,0.043238919137687896
Grassland,0.02686376928814097,5.445358639488034e-05,0.4201820238183617,99.45403019160946,0.0033216687700877013,0.0,0.09554789292755005
Urban,0.0,0.0,0.0,0.0,100.0,0.0,0.0
Water,0.0,0.0,0.0,0.0,0.0,100.0,0.0
Other,0.00793713786808477,0.0,0.0,1.6708557116526004,0.0,0.0,98.32120715047932
