from_label,Crops,TreeCrops,Forest,Grassland,Urban,Water,Other
Crops,97.6437297948966,0.0,0.0998256889892265,2.0587128629239713,0.0007678899153017423,0.0,0.19696376327489692
TreeCrops,0.0,100.0,0.0,0.0,0.0,0.0,0.0
Forest,0.003952043165989846,0.0,98.60396091509963,1.3566799611248,0.0003226157686522323,0.0,0.03508446484093026
Grassland,0.020764624228206435,0.0,0.2837891543615718,99.60429273759948,0.001840582009901259,0.0,0.08931290180083974
Urban,0.0,0.0,0.0,0.0,100.0,0.0,0.0
Water,0.0,0.0,0.0,0.0,0.0,100.0,0.0
Other,0.005050584213267015,0.0,0.0,1.7300863301584317,0.0005224742289586566,0.0,98.26434061139935
