from_label,Crops,TreeCrops,Forest,Grassland,Urban,Water,Other
Crops,99.51244905473521,0.0,0.01967979075938599,0.42692449308667996,0.0003174159799900966,0.0,0.040629245438732364
TreeCrops,0.0,86.76470588235294,11.76470588235294,1.4705882352941175,0.0,0.0,0.0
Forest,0.01287139974975604,0.0,99.30299873680681,0.6095206451265289,0.0005986697558026066,0.0,0.07401054856109725
Grassland,0.013994749518488045,0.0,0.06365705131172188,99.73865576709832,0.0019966568703420036,0.0,0.18169577520112234
Urban,0.0,0.0,0.0,0.0,100.0,0.0,0.0
Water,0.0,0.0,0.0,0.0,0.0,100.0,0.0
Other,0.000986039650626431,0.0,0.0,1.7381906961242728,0.00019720793012528622,0.0,98.26062605629498
