from_label,Crops,TreeCrops,Forest,Grassland,Urban,Water,Other
Crops,99.50404431631391,0.0,0.018389685932456098,0.44955709148727296,0.0002829182451147092,0.0,0.0277259880212415
TreeCrops,0.0,0.0,0.0,0.0,0.0,0.0,0.0
Forest,0.04432571655425651,0.0,99.83883513738282,0.11619362591892483,0.0006455201439940268,0.0,0.0
Grassland,0.07182434394604553,0.0,0.0658966383925708,99.75615999868356,0.0003739877320804246,0.0,0.10574503124574004
Urban,0.0,0.0,0.0,0.0,100.0,0.0,0.0
Water,0.0,0.0,0.0,0.0,0.0,100.0,0.0
Other,0.26194487835394986,0.0,0.04327367770609209,1.175585585931353,0.00047975252445778374,0.0,98.51871610548415
