from_label,Crops,TreeCrops,Forest,Grassland,Urban,Water,Other
Crops,96.30747859169824,0.0,0.2919100554097222,3.1825392107477963,0.0021901075968575085,0.0,0.21588203454738297
TreeCrops,0.0,61.083743842364534,29.064039408866993,1.9704433497536946,0.0,0.0,7.8817733990147785
Forest,0.0016123273945940965,0.0,99.61572863762174,0.3695300833419708,0.0006909974548260414,0.0,0.012437954186868746
Grassland,0.02521723866492421,0.0,0.4601142475938703,99.44954526859279,0.0028465189809899973,0.0,0.062276726167428596
Urban,0.0,0.0,0.0,0.0,100.0,0.0,0.0
Water,0.0,0.0,0.0,0.0,0.0,100.0,0.0
Other,0.0001768537366541749,0.0,0.0,1.648453679353564,0.0010611224199250494,0.0,98.35030834448986
