from_label,Crops,TreeCrops,Forest,Grassland,Urban,Water,Other
Crops,99.50895718584667,0.0,0.019916928302679368,0.4493983277022745,0.0,0.0,0.021727558148377495
TreeCrops,0.0,0.0,0.0,0.0,0.0,0.0,0.0
Forest,0.006609926531159884,0.0,99.93064509923275,0.062350351756612646,0.00039462247947223185,0.0,0.0
Grassland,0.018626118696251182,0.0,0.22987268117468482,99.70707673274393,0.000216792846125135,0.0,0.04420767453901711
Urban,0.0,0.0,0.0,0.0,100.0,0.0,0.0
Water,0.0,0.0,0.0,0.0,0.0,100.0,0.0
Other,0.07789733838957875,0.0,0.032221171788416665,2.668337918653934,0.00023605254057448106,0.0,97.2213075186275
