from_label,Crops,TreeCrops,Forest,Grassland,Urban,Water,Other
Crops,99.51075602732764,0.0,0.019479419569758908,0.4344757495341878,0.00028231042854723055,0.0,0.03500649313985659
TreeCrops,0.0,0.0,0.0,0.0,0.0,0.0,0.0
Forest,0.01507990193755197,0.0,99.77832544151799,0.18688307044037622,0.0007539950968775986,0.0,0.018957591007208195
Grassland,0.009385811949543674,0.0,0.05777613583311914,99.85625282417395,0.00024354402264284978,0.0,0.07634168402073946
Urban,0.0,0.0,0.0,0.0,100.0,0.0,0.0
Water,0.0,0.0,0.0,0.0,0.0,100.0,0.0
Other,0.031449110398729115,0.0,0.0,1.3609578771945492,0.0009501241812304868,0.0,98.6066428882255
