from_label,Crops,TreeCrops,Forest,Grassland,Urban,Water,Other
Crops,99.46760052183166,0.0,0.021864454955578715,0.49231464408311404,0.0003644075825929786,0.0,0.01785597154705595
TreeCrops,0.0,0.0,0.0,0.0,0.0,0.0,0.0
Forest,0.15821220211608822,0.0,99.5052101726679,0.3360125816370254,0.0005650435789860292,0.0,0.0
Grassland,0.41912581402759513,0.0,0.2366047364589324,99.29891419705964,0.0007213559038382085,0.0,0.04463389654998915
Urban,0.0,0.0,0.0,0.0,100.0,0.0,0.0
Water,0.0,0.0,0.0,0.0,0.0,100.0,0.0
Other,0.265296599828278,0.0,0.04855762361013286,2.900432845691712,0.0008851650137263803,0.0,96.78482776585615
