from_label,Crops,TreeCrops,Forest,Grassland,Urban,Water,Other
Crops,97.62675254444214,0.0,0.1095645981131411,2.1948136814878874,0.0007826042722367222,0.0,0.06808657168459482
TreeCrops,0.0,100.0,0.0,0.0,0.0,0.0,0.0
Forest,0.004924529566148945,0.0003229199715507505,98.62428019120092,1.3669202395743267,0.00040364996443843814,0.0,0.0031484697226198174
Grassland,0.02035308772038104,0.0,0.28100104369777607,99.62916709849343,0.0019443352861713702,0.0,0.06753443480224594
Urban,0.0,0.0,0.0,0.0,100.0,0.0,0.0
Water,0.0,0.0,0.0,0.0,0.0,100.0,0.0
Other,0.005963123343698645,0.0,0.0,0.9579582265671176,0.00017538598069701897,0.0,99.03590326410848
