from_label,Crops,TreeCrops,Forest,Grassland,Urban,Water,Other
Crops,96.15869269541564,0.0,0.17601408112649014,3.650958743366136,0.00166680001066752,0.0,0.012667680081073152
TreeCrops,0.0,0.0,0.0,0.0,0.0,0.0,0.0
Forest,0.006260658303548485,0.0,98.62415025579928,1.3657579367860395,0.0006540986287289462,0.0,0.0031770504823977388
Grassland,0.023201633944351856,0.0,0.23534118418320765,99.49014228709203,0.0014636544777978976,0.0,0.24985124030261147
Urban,0.0,0.0,0.0,0.0,100.0,0.0,0.0
Water,0.0,0.0,0.0,0.0,0.0,100.0,0.0
Other,0.007813405459747288,0.0,0.0,0.9951674087231462,0.0005208936973164859,0.0,98.9964982921198
