from_label,Crops,TreeCrops,Forest,Grassland,Urban,Water,Other
Crops,99.50674964651597,0.0,0.018804265675344354,0.43575269497672975,0.0,0.0,0.03869339283195857
TreeCrops,0.0,0.0,0.0,0.0,0.0,0.0,0.0
Forest,0.07484258494922359,0.0,99.88036745108502,0.04141867635542618,0.0004816125157607696,0.0,0.0028896750945646174
Grassland,0.025539973846778193,0.0,0.2429363755241917,99.69436803895928,0.00014429363755241918,0.0,0.03701131803219552
Urban,0.0,0.0,0.0,0.0,100.0,0.0,0.0
Water,0.0,0.0,0.0,0.0,0.0,100.0,0.0
Other,0.09000545934753419,0.0,0.0,1.6391568013141782,0.0006147913889858893,0.0,98.2702229479493
