from_label,Crops,TreeCrops,Forest,Grassland,Urban,Water,Other
Crops,99.50055517686349,0.0,0.0248650641561526,0.45828885487805404,0.0,0.0,0.016290904102306877
TreeCrops,0.0,0.0,0.0,0.0,0.0,0.0,0.0
Forest,0.0004968705436923113,0.0,99.80381894699882,0.19518731191379626,0.0004968705436923113,0.0,0.0
Grassland,0.09994601170363701,0.0,0.276369507866052,99.59875584754502,0.0017628104683164198,0.0,0.023165822416966284
Urban,0.0,0.0,0.0,0.0,100.0,0.0,0.0
Water,0.0,0.0,0.0,0.0,0.0,100.0,0.0
Other,0.00455939177713693,0.0,0.022959794306296685,2.3015158349304774,0.0004885062618360997,0.0,97.67047647272426
