from_label,Crops,TreeCrops,Forest,Grassland,Urban,Water,Other
Crops,95.35080530898898,0.0015317336927801733,0.19721071294544731,4.073262822525676,0.002680533962365303,0.0,0.37450888788475234
TreeCrops,0.0,99.22027290448344,0.0,0.7797270955165692,0.0,0.0,0.0
Forest,0.004633450154861088,0.0012781931461685761,99.26975227817957,0.7226584500150587,0.0007988707163553601,0.0,0.0008787577879908961
Grassland,0.02045212984865782,0.0002147205233454889,0.1680367028947905,99.73839882905742,0.0033460614888005356,0.0,0.06955155618699295
Urban,0.0,0.0,0.0,0.0,100.0,0.0,0.0
Water,0.0,0.0,0.0,0.0,0.0,100.0,0.0
Other,0.005635886507335458,0.0,0.0,0.6328043819017595,0.0,0.0,99.36155973159092
