from_label,Crops,TreeCrops,Forest,Grassland,Urban,Water,Other
Crops,99.49818951107774,0.0,0.019133781232287716,0.4704022065220923,0.00036101474023184365,0.0,0.011913486427650841
TreeCrops,0.0,100.0,0.0,0.0,0.0,0.0,0.0
Forest,0.028922374930925615,0.00016157751358059002,99.52350791245084,0.4468426138071217,0.0005655212975320651,0.0,0.0
Grassland,0.12883331925318914,0.0,0.26300038803922776,99.50433716170068,0.002469991394406794,0.0,0.1013591396125049
Urban,0.0,0.0,0.0,0.0,100.0,0.0,0.0
Water,0.0,0.0,0.0,0.0,0.0,100.0,0.0
Other,0.04293197217867443,0.0,0.01794697197633111,0.7161193719967414,0.0,0.0,99.22300168384825
