from_label,Crops,TreeCrops,Forest,Grassland,Urban,Water,Other
Crops,99.41687344913151,0.0,0.028827908334549703,0.5415267844110349,0.0003649102320829076,0.0,0.012406947890818858
TreeCrops,0.0,93.73297002724796,0.0,6.267029972752043,0.0,0.0,0.0
Forest,0.010331752575189328,0.0007152751782823382,98.86819624289791,1.1202004042099507,0.0005563251386640408,0.0,0.0
Grassland,0.9730908931704745,0.0028888411602088506,0.37615941666222574,98.49850237809046,0.0031759309649501024,0.0,0.14618253995168637
Urban,0.0,0.0,0.0,0.0,100.0,0.0,0.0
Water,0.0,0.0,0.0,0.0,0.0,100.0,0.0
Other,0.03870834857400575,0.0,0.0008878061599542602,0.7438040008096792,0.0,0.0,99.21659984445637
