from_label,Crops,TreeCrops,Forest,Grassland,Urban,Water,Other
Crops,99.29881967979432,0.11102021736589926,0.2980016360874138,0.2687857894121771,0.02337267734018932,0.0,0.0
TreeCrops,0.0,99.69040247678018,0.30959752321981426,0.0,0.0,0.0,0.0
Forest,1.0392445309163385,0.016608930859393536,98.6119679210364,0.2918426422436293,0.035590566127271864,0.0,0.004745408816969582
Grassland,0.7029073816155988,0.02176183844011142,0.05658077994428969,99.19263579387186,0.023938022284122562,0.0,0.002176183844011142
Urban,0.0,0.0,0.0,0.0,100.0,0.0,0.0
Water,0.0,0.0,0.0,0.0,0.0,100.0,0.0
Other,0.0,0.0,0.0,0.0,0.0,0.0,100.0
