from_label,Crops,TreeCrops,Forest,Grassland,Urban,Water,Other
Crops,99.10122629293929,0.31990250590296293,0.15233452662045852,0.4036864955442151,0.015233452662045854,0.0,0.007616726331022927
TreeCrops,0.0,100.0,0.0,0.0,0.0,0.0,0.0
Forest,0.16313550572006771,0.006195019204559535,98.63916078139843,1.1357535208359146,0.03923512162887705,0.0,0.016520051212158757
Grassland,0.02934206071549486,0.05642703983749013,0.11736824286197944,99.78557724861754,0.006771244780498815,0.0,0.00451416318699921
Urban,0.0,0.0,0.0,0.0,100.0,0.0,0.0
Water,0.0,0.0,0.0,0.0,0.0,100.0,0.0
Other,0.0,0.0,0.0,0.29239766081871343,0.0,0.0,99.70760233918129
