from_label,Crops,TreeCrops,Forest,Grassland,Urban,Water,Other
Crops,99.40979422555432,0.0,0.1276120593396076,0.4306907002711757,0.01595150741745095,0.0,0.01595150741745095
TreeCrops,0.0,99.29328621908127,0.35335689045936397,0.35335689045936397,0.0,0.0,0.0
Forest,0.20740901056884176,0.0018035566136421024,98.82047397467807,0.9396529957075352,0.02524979259098943,0.0,0.005410669840926307
Grassland,0.0339469904687296,0.0,0.15928972450711582,99.79631805718763,0.007833920877399137,0.0,0.0026113069591330463
Urban,0.0,0.0,0.0,0.0,100.0,0.0,0.0
Water,0.0,0.0,0.0,0.0,0.0,100.0,0.0
Other,0.0,0.0,0.0,0.0,0.0,0.0,100.0
