from_label,Crops,TreeCrops,Forest,Grassland,Urban,Water,Other
Crops,99.01652242328875,0.32126934172567534,0.38027799632835035,0.2688172043010753,0.013113034356150013,0.0,0.0
TreeCrops,0.0,99.25925925925925,0.7407407407407408,0.0,0.0,0.0,0.0
Forest,1.0117158060611597,0.004567565715851736,98.49270331376893,0.44990522301139607,0.034256742868888024,0.0,0.0068513485737776054
Grassland,0.6080338084046659,0.05174755816209922,0.0625282994458699,99.24966040664957,0.02371763082429548,0.0,0.004312296513508269
Urban,0.0,0.0,0.0,0.0,100.0,0.0,0.0
Water,0.0,0.0,0.0,0.0,0.0,100.0,0.0
Other,0.0,0.0,0.0,0.0,0.0,0.0,100.0
