from_label,Crops,TreeCrops,Forest,Grassland,Urban,Water,Other
Crops,99.38907980145093,0.0,0.13745704467353953,0.45055364642993506,0.015273004963726612,0.0,0.007636502481863306
TreeCrops,0.0,93.61111111111111,0.5555555555555556,5.833333333333333,0.0,0.0,0.0
Forest,0.17964308275426408,0.0,98.6911718256475,1.0818066961465571,0.03355969677826911,0.0,0.013818698673404928
Grassland,0.03078817733990148,0.0,0.14209928003031452,99.81763925729443,0.007104964001515726,0.0,0.0023683213338385753
Urban,0.0,0.0,0.0,0.0,100.0,0.0,0.0
Water,0.0,0.0,0.0,0.0,0.0,100.0,0.0
Other,0.0,0.0,0.0,0.0,0.0,0.0,100.0
