from_label,Crops,TreeCrops,Forest,Grassland,Urban,Water,Other
Crops,99.42508402618078,0.00884486113568017,0.18574208384928356,0.3714841676985671,0.00884486113568017,0.0,0.0
TreeCrops,0.0,100.0,0.0,0.0,0.0,0.0,0.0
Forest,0.21195010273917192,0.0,98.95481094374423,0.8024980989208341,0.022651156017926773,0.0,0.00808969857783099
Grassland,0.05667581434196397,0.0,0.1491468798472736,99.79119436821382,0.002982937596945472,0.0,0.0
Urban,0.0,0.0,0.0,0.0,100.0,0.0,0.0
Water,0.0,0.0,0.0,0.0,0.0,100.0,0.0
Other,0.0,0.0,0.0,0.43668122270742354,0.0,0.0,99.56331877729258
