from_label,Crops,TreeCrops,Forest,Grassland,Urban,Water,Other
Crops,95.89687421012722,1.9715224534501645,0.08425309630128908,1.9967983823405508,0.04212654815064454,0.0,0.008425309630128906
TreeCrops,0.0,99.6422182468694,0.17889087656529518,0.056491855757461636,0.0659071650503719,0.0,0.056491855757461636
Forest,0.0859729722468499,0.15582601219741543,98.95757771150696,0.7576368179253647,0.026866553827140593,0.0,0.016119932296284355
Grassland,0.127301859046114,0.9898816970654726,0.07023550843923532,98.76209916375848,0.030728034942165448,0.0,0.019753736748534933
Urban,0.0,0.0,0.0,0.0,100.0,0.0,0.0
Water,0.0,0.0,0.0,0.0,0.0,100.0,0.0
Other,0.0,0.0,0.0,0.0,0.0,0.0,100.0
