from_label,Crops,TreeCrops,Forest,Grassland,Urban,Water,Other
Crops,94.52388870413479,0.0,0.2993016295310941,5.032701474337657,0.08868196430550937,0.0,0.05542622769094335
TreeCrops,0.0,98.91472868217053,0.7751937984496124,0.0,0.0,0.0,0.31007751937984496
Forest,0.13772749631087064,0.0073782587309394985,98.56861780619774,1.2420068863748155,0.022134776192818496,0.0,0.022134776192818496
Grassland,0.15307002414625734,0.006467747499137634,0.05389789582614695,99.75422559503278,0.015091410831321143,0.0,0.017247326664367024
Urban,0.0,0.0,0.0,0.0,100.0,0.0,0.0
Water,0.0,0.0,0.0,0.0,0.0,100.0,0.0
Other,0.0,0.0,0.0,0.0,0.0,0.0,100.0
