from_label,Crops,TreeCrops,Forest,Grassland,Urban,Water,Other
Crops,99.39570106326016,0.0,0.13768836533312936,0.44366251051786126,0.015298707259236594,0.0,0.007649353629618297
TreeCrops,0.0,99.70674486803519,0.2932551319648094,0.0,0.0,0.0,0.0
Forest,0.17563031769573023,0.009757239871985013,98.69838420107719,1.0693934899695574,0.033174615564749044,0.0,0.013660135820779018
Grassland,0.02637383715354369,0.035964323391195936,0.14385729356478374,99.78421405965283,0.007192864678239186,0.0,0.0023976215594130623
Urban,0.0,0.0,0.0,0.0,100.0,0.0,0.0
Water,0.0,0.0,0.0,0.0,0.0,100.0,0.0
Other,0.0,0.0,0.0,0.0,0.0,0.0,100.0
