from_label,Crops,TreeCrops,Forest,Grassland,Urban,Water,Other
Crops,96.7989417989418,0.14814814814814814,0.19576719576719576,2.6084656084656084,0.1164021164021164,0.0,0.13227513227513227
TreeCrops,0.0,96.79611650485437,2.233009708737864,0.0970873786407767,0.0,0.0,0.8737864077669903
Forest,0.158612397349638,0.030699173680575096,98.51109007649211,1.258666120903579,0.015349586840287548,0.0,0.025582644733812582
Grassland,0.1848706979943679,0.02149659279004278,0.03439454846406845,99.72484361228744,0.012897955674025666,0.0,0.02149659279004278
Urban,0.0,0.0,0.0,0.0,100.0,0.0,0.0
Water,0.0,0.0,0.0,0.0,0.0,100.0,0.0
Other,0.0,0.0,0.0,0.0,0.0,0.0,100.0
