from_label,Crops,TreeCrops,Forest,Grassland,Urban,Water,Other
Crops,99.1891470450647,0.21830656479026977,0.24169655387494154,0.33525651021362857,0.01559332605644784,0.0,0.0
TreeCrops,0.0,100.0,0.0,0.0,0.0,0.0,0.0
Forest,0.4760112888052681,0.005644402634054563,98.77516462841017,0.7074317968015051,0.030103480714957664,0.0,0.005644402634054563
Grassland,0.09972575417601597,0.007479431563201197,0.11468461730241836,99.77063076539517,0.007479431563201197,0.0,0.0
Urban,0.0,0.0,0.0,0.0,100.0,0.0,0.0
Water,0.0,0.0,0.0,0.0,0.0,100.0,0.0
Other,0.0,0.0,0.0,0.0,0.0,0.0,100.0
