from_label,Crops,TreeCrops,Forest,Grassland,Urban,Water,Other
Crops,98.49263446385748,1.0163297933082107,0.1370332305584104,0.2969053328765559,0.05709717939933768,0.0,0.0
TreeCrops,0.0,99.7933274284027,0.094478889873044,0.06495423678771774,0.04133451431945674,0.0,0.00590493061706525
Forest,0.09866102889358704,0.10711768851303735,99.42212825933755,0.3269908386187456,0.04510218463706836,0.0,0.0
Grassland,0.08675006848689618,0.6346452378778193,0.07990137886950963,99.17815724591361,0.018263172313030776,0.0,0.002282896539128847
Urban,0.0,0.0,0.0,0.0,100.0,0.0,0.0
Water,0.0,0.0,0.0,0.0,0.0,100.0,0.0
Other,0.0,0.0,0.0,0.0,0.0,0.0,100.0
