from_label,Crops,TreeCrops,Forest,Grassland,Urban,Water,Other
Crops,99.22674876494595,0.18615307510560608,0.3078685472900408,0.2649101453425933,0.014319467315815853,0.0,0.0
TreeCrops,0.0,99.0234375,0.9765625,0.0,0.0,0.0,0.0
Forest,1.01243853051779,0.004450279255023253,98.51138158919473,0.4316770877372555,0.0333770944126744,0.0,0.006675418882534879
Grassland,0.5944078453252076,0.02360464367717431,0.08368919121907255,99.27254779940344,0.021458766979249373,0.0,0.004291753395849874
Urban,0.0,0.0,0.0,0.0,100.0,0.0,0.0
Water,0.0,0.0,0.0,0.0,0.0,100.0,0.0
Other,0.0,0.0,0.0,0.0,0.0,0.0,100.0
