from_label,Crops,TreeCrops,Forest,Grassland,Urban,Water,Other
Crops,99.35970729476333,0.0,0.06098025764158854,0.5716899153898924,0.007622532205198568,0.0,0.0
TreeCrops,0.0,98.51632047477746,0.0,1.483679525222552,0.0,0.0,0.0
Forest,0.021967926826832823,0.001997084256984802,98.817726119865,1.1543147005372156,0.003994168513969604,0.0,0.0
Grassland,0.1402688486265342,0.03272939801285798,0.21507890122735243,99.56282875511397,0.0467562828755114,0.0,0.0023378141437755697
Urban,0.0,0.0,0.0,0.0,100.0,0.0,0.0
Water,0.0,0.0,0.0,0.0,0.0,100.0,0.0
Other,0.0,0.0,0.0,0.6211180124223602,0.0,0.0,99.37888198757764
