from_label,Crops,TreeCrops,Forest,Grassland,Urban,Water,Other
Crops,99.21021039994945,0.12636633600808744,0.37278069122385793,0.2780059392177924,0.012636633600808744,0.0,0.0
TreeCrops,0.0,99.34533551554829,0.6546644844517185,0.0,0.0,0.0,0.0
Forest,1.0389189689481235,0.030080059234578186,98.48442778471933,0.40261002360127723,0.03702161136563469,0.0,0.006941552131056504
Grassland,0.6202857204607837,0.03458038859711686,0.058354405757634696,99.2586829194493,0.02377401716051784,0.0,0.0043225485746396074
Urban,0.0,0.0,0.0,0.0,100.0,0.0,0.0
Water,0.0,0.0,0.0,0.0,0.0,100.0,0.0
Other,0.0,0.0,0.0,0.0,0.0,0.0,100.0
