from_label,Crops,TreeCrops,Forest,Grassland,Urban,Water,Other
Crops,99.26996850844546,0.16461494417406242,0.1288290867449184,0.3864872602347552,0.028628685943315198,0.0,0.021471514457486403
TreeCrops,0.0,99.18032786885246,0.819672131147541,0.0,0.0,0.0,0.0
Forest,0.1823454457577222,0.00219693308141834,98.5741904301595,1.1863438639659036,0.04174172854694846,0.0,0.013181598488510039
Grassland,0.03038128512836093,0.008680367179531695,0.10850458974414619,99.83941320717867,0.008680367179531695,0.0,0.004340183589765847
Urban,0.0,0.0,0.0,0.0,100.0,0.0,0.0
Water,0.0,0.0,0.0,0.0,0.0,100.0,0.0
Other,0.0,0.0,0.0,0.0,0.0,0.0,100.0
