from_label,Crops,TreeCrops,Forest,Grassland,Urban,Water,Other
Crops,99.36972924988903,0.0,0.17754105636928538,0.4438526409232135,0.00887705281846427,0.0,0.0
TreeCrops,0.0,98.67549668874173,1.3245033112582782,0.0,0.0,0.0,0.0
Forest,0.12549443217740783,0.0015885371161697194,98.98015917141903,0.8625756540801576,0.022239519626376072,0.0,0.007942685580848596
Grassland,0.030805249214466146,0.003080524921446614,0.1478651962294375,99.8151685047132,0.003080524921446614,0.0,0.0
Urban,0.0,0.0,0.0,0.0,100.0,0.0,0.0
Water,0.0,0.0,0.0,0.0,0.0,100.0,0.0
Other,0.0,0.0,0.0,0.45454545454545453,0.0,0.0,99.54545454545455
