from_label,Crops,TreeCrops,Forest,Grassland,Urban,Water,Other
Crops,97.41083466111043,0.0,0.5637945826694448,1.9977938472852064,0.027576908934918494,0.0,0.0
TreeCrops,0.0,100.0,0.0,0.0,0.0,0.0,0.0
Forest,0.3793220833535963,0.0,98.6091523610368,0.9969362447113748,0.01458931089821524,0.0,0.0
Grassland,2.872585326794115,0.0,1.3311980782704433,95.69612651386248,0.0900810729656691,0.0,0.010009008107296567
Urban,0.0,0.0,0.16778523489932887,0.33557046979865773,99.49664429530202,0.0,0.0
Water,0.0,0.0,0.0,0.0,0.0,100.0,0.0
Other,0.0,0.0,0.0,0.0,0.0,0.0,100.0
