from_label,Crops,TreeCrops,Forest,Grassland,Urban,Water,Other
Crops,98.19916148456626,0.0,0.5374377444497594,1.246517909901798,0.016882861082191395,0.0,0.0
TreeCrops,0.0,100.0,0.0,0.0,0.0,0.0,0.0
Forest,0.6129466287935416,0.0,98.62460756465839,0.7474958887726117,0.014949917775452235,0.0,0.0
Grassland,3.588485865496321,0.0,1.6909771524461084,94.64308764683103,0.07744933522653931,0.0,0.0
Urban,0.22675736961451248,0.0,0.0,0.45351473922902497,99.31972789115646,0.0,0.0
Water,0.0,0.0,0.0,0.0,0.0,100.0,0.0
Other,4.545454545454546,0.0,0.0,0.0,0.0,0.0,95.45454545454545
