from_label,Crops,TreeCrops,Forest,Grassland,Urban,Water,Other
Crops,98.69451697127938,0.0,0.5728139819896627,0.7166835402568338,0.013321255395108434,0.0,0.002664251079021687
TreeCrops,0.0,100.0,0.0,0.0,0.0,0.0,0.0
Forest,0.7554733271662041,0.0,98.60725665536026,0.6321307431390688,0.0,0.0,0.005139274334463974
Grassland,3.645032297754537,0.0,1.4610888957243926,94.81697939095662,0.06151953245155337,0.0,0.015379883112888343
Urban,0.9146341463414633,0.0,0.0,0.9146341463414633,98.17073170731707,0.0,0.0
Water,0.0,0.0,0.0,0.0,0.0,100.0,0.0
Other,10.0,0.0,0.0,0.0,0.0,0.0,90.0
