from_label,Crops,TreeCrops,Forest,Grassland,Urban,Water,Other
Crops,98.0904256881812,0.0,0.4876759011721849,1.4013337642116395,0.02056464643497165,0.0,0.0
TreeCrops,0.0,100.0,0.0,0.0,0.0,0.0,0.0
Forest,0.49231981094919264,0.0,98.61165813312329,0.8812524615990547,0.014769594328475777,0.0,0.0
Grassland,3.194709113328102,0.0,1.7374733774240556,94.98935096962225,0.07846653962560252,0.0,0.0
Urban,0.0,0.0,0.0,0.5791505791505791,99.42084942084942,0.0,0.0
Water,0.0,0.0,0.0,0.0,0.0,100.0,0.0
Other,3.8461538461538463,0.0,0.0,0.0,0.0,0.0,96.15384615384616
