from_label,Crops,TreeCrops,Forest,Grassland,Urban,Water,Other
Crops,96.42007684332499,0.0,0.6739037628834543,2.860279319387693,0.04269073611026407,0.0,0.003049338293590291
TreeCrops,0.0,100.0,0.0,0.0,0.0,0.0,0.0
Forest,0.3553323541952907,0.0,98.61657270099967,1.0091438859146256,0.0189510588904155,0.0,0.0
Grassland,3.2424142841494143,0.0,1.6102530397633912,95.03779165297404,0.0985869208018403,0.0,0.010954102311315588
Urban,0.0,0.0,0.2635046113306983,0.0,99.7364953886693,0.0,0.0
Water,0.0,0.0,0.0,0.0,0.0,100.0,0.0
Other,0.0,0.0,0.0,0.0,0.0,0.0,100.0
