from_label,Crops,TreeCrops,Forest,Grassland,Urban,Water,Other
Crops,92.1226568425615,0.0,0.6338714920359736,7.173041499620761,0.037923935420955686,0.0,0.032506230360819156
TreeCrops,0.0,75.0,0.0,25.0,0.0,0.0,0.0
Forest,0.05583472920156338,0.0,98.59482598176066,1.340033500837521,0.009305788200260562,0.0,0.0
Grassland,0.8123018113896008,0.0,1.4508492246209983,97.61522088527866,0.0825333391251466,0.0,0.03909473958559576
Urban,0.0,0.0,0.2484472049689441,0.8695652173913043,98.88198757763975,0.0,0.0
Water,0.0,0.0,0.0,0.0,0.0,100.0,0.0
Other,0.0,0.0,0.0,0.0,0.0,0.0,100.0
