from_label,Crops,TreeCrops,Forest,Grassland,Urban,Water,Other
Crops,98.82109487677934,0.0,0.3637047720574403,0.7995234213331661,0.01567692983006208,0.0,0.0
TreeCrops,0.0,100.0,0.0,0.0,0.0,0.0,0.0
Forest,0.437247741687488,0.0,98.61137805112435,0.9321545262348645,0.019219680953296174,0.0,0.0
Grassland,2.8047257708193256,0.0,2.401306310632984,94.66909999039478,0.1248679281529152,0.0,0.0
Urban,0.2976190476190476,0.0,0.5952380952380952,0.1488095238095238,98.95833333333334,0.0,0.0
Water,0.0,0.0,0.0,0.0,0.0,100.0,0.0
Other,0.0,0.0,0.0,0.0,0.0,0.0,100.0
