from_label,Crops,TreeCrops,Forest,Grassland,Urban,Water,Other
Crops,98.74656230167125,0.0,0.5632536492489951,0.6743177491009097,0.013221916649037446,0.0,0.0026443833298074888
TreeCrops,0.0,100.0,0.0,0.0,0.0,0.0,0.0
Forest,0.7346094154164511,0.0,98.60838075530263,0.6414899120538023,0.010346611484738748,0.0,0.005173305742369374
Grassland,3.634361233480176,0.0,1.4002517306482065,94.90245437382,0.06293266205160479,0.0,0.0
Urban,1.238390092879257,0.0,0.6191950464396285,0.9287925696594427,97.21362229102168,0.0,0.0
Water,0.0,0.0,0.0,0.0,0.0,100.0,0.0
Other,12.5,0.0,0.0,0.0,0.0,0.0,87.5
