from_label,Crops,TreeCrops,Forest,Grassland,Urban,Water,Other
Crops,98.64810276573398,0.029623246169175665,0.5574556324563057,0.7486602213664395,0.013465111895079849,0.0,0.00269302237901597
TreeCrops,0.0,100.0,0.0,0.0,0.0,0.0,0.0
Forest,0.7336831915218831,0.0,98.62434401589647,0.6368777704183013,0.0,0.0,0.0050950221633464104
Grassland,3.667809751006411,0.0,1.5058893693156403,94.75175190099895,0.05963918294319368,0.0,0.01490979573579842
Urban,0.28735632183908044,0.0,0.28735632183908044,0.5747126436781609,98.85057471264368,0.0,0.0
Water,0.0,0.0,0.0,0.0,0.0,100.0,0.0
Other,7.6923076923076925,0.0,0.0,0.0,0.0,0.0,92.3076923076923
