from_label,Crops,TreeCrops,Forest,Grassland,Urban,Water,Other
Crops,94.70727979646362,0.0,0.3776447087603095,4.87202673123222,0.028926946931579794,0.0,0.014121816612267302
TreeCrops,0.0,89.83050847457628,0.0,10.16949152542373,0.0,0.0,0.0
Forest,0.3598178549163813,0.0,98.61606779844779,1.006044397864132,0.01716645133311047,0.0,0.0009034974385847616
Grassland,3.5180976351922464,0.0,1.5616908120523891,94.7444542534608,0.13094589626831027,0.0,0.04481140302624553
Urban,0.2706495589414595,0.0,0.4210104250200481,0.576383319967923,98.7269446672013,0.0,0.005012028869286287
Water,0.0,0.0,0.0,0.0,0.0,100.0,0.0
Other,0.0,0.0,0.22758306781975418,1.0013654984069187,0.0,0.0,98.77105143377332
