from_label,Crops,TreeCrops,Forest,Grassland,Urban,Water,Other
Crops,98.81323044988945,0.0,0.1759848382293218,0.9837101213844142,0.018049726997879156,0.0,0.009024863498939578
TreeCrops,0.0,75.0,0.0,25.0,0.0,0.0,0.0
Forest,0.6638930689563601,0.0,98.61025050898469,0.7037266530937417,0.022129768965212005,0.0,0.0
Grassland,6.008826524838747,0.0,1.6181962204368,92.10139187507073,0.18105691976915245,0.0,0.09052845988457622
Urban,2.1469859620148637,0.0,0.5780346820809248,0.6606110652353426,96.61436829066888,0.0,0.0
Water,0.0,0.0,0.0,0.0,0.0,100.0,0.0
Other,0.0,0.0,0.0,1.0309278350515463,0.0,0.0,98.96907216494846
