from_label,Crops,TreeCrops,Forest,Grassland,Urban,Water,Other
Crops,98.74867444326617,0.0,0.5567338282078473,0.6786850477200423,0.01325556733828208,0.0,0.0026511134676564154
TreeCrops,0.0,100.0,0.0,0.0,0.0,0.0,0.0
Forest,0.774593338497289,0.0,98.62122385747483,0.5938548928479216,0.005163955589981927,0.0,0.005163955589981927
Grassland,3.6638603055815406,0.0,1.5590894917368257,94.71468662301216,0.06236357966947303,0.0,0.0
Urban,0.9230769230769231,0.0,0.9230769230769231,0.9230769230769231,97.23076923076923,0.0,0.0
Water,0.0,0.0,0.0,0.0,0.0,100.0,0.0
Other,11.11111111111111,0.0,0.0,0.0,0.0,0.0,88.88888888888889
