from_label,Crops,TreeCrops,Forest,Grassland,Urban,Water,Other
Crops,98.83013768054735,0.0,0.18582650561702846,0.9629191654700565,0.01689331869245713,0.0,0.004223329673114283
TreeCrops,0.0,100.0,0.0,0.0,0.0,0.0,0.0
Forest,0.3667426986895657,0.0,98.60011628427031,1.010778657363925,0.02236235967619303,0.0,0.0
Grassland,2.9748283752860414,0.0,1.7704444176803564,95.03793809466458,0.16861375406479587,0.0,0.04817535830422739
Urban,0.0,0.0,0.5628517823639775,0.7504690431519699,98.68667917448406,0.0,0.0
Water,0.0,0.0,0.0,0.0,0.0,100.0,0.0
Other,0.0,0.0,0.0,0.8333333333333334,0.0,0.0,99.16666666666667
