from_label,Crops,TreeCrops,Forest,Grassland,Urban,Water,Other
Crops,98.74677478805751,0.0,0.2119424990785109,1.0228529303354221,0.013822336896424623,0.0,0.0046074456321415404
TreeCrops,0.0,100.0,0.0,0.0,0.0,0.0,0.0
Forest,0.5045272309563493,0.0,98.62155952970855,0.8558944096580928,0.018018829677012477,0.0,0.0
Grassland,4.272143501565568,0.0,1.894602770259513,93.64750835854163,0.14859629570662844,0.0,0.03714907392665711
Urban,0.0,0.0,0.3058103975535168,0.3058103975535168,99.38837920489296,0.0,0.0
Water,0.0,0.0,0.0,0.0,0.0,100.0,0.0
Other,0.0,0.0,0.0,2.941176470588235,0.0,0.0,97.05882352941177
