from_label,Crops,TreeCrops,Forest,Grassland,Urban,Water,Other
Crops,98.11353762719772,0.0,0.49275446832084435,1.3703822491763127,0.020409948391987637,0.0,0.002915706913141091
TreeCrops,0.0,100.0,0.0,0.0,0.0,0.0,0.0
Forest,0.5081150411918504,0.0,98.62858270435598,0.848502787232993,0.014799467219180108,0.0,0.0
Grassland,3.279816513761468,0.0,1.7087155963302754,94.90825688073394,0.08027522935779817,0.0,0.022935779816513763
Urban,0.0,0.0,0.1984126984126984,0.3968253968253968,99.40476190476191,0.0,0.0
Water,0.0,0.0,0.0,0.0,0.0,100.0,0.0
Other,0.0,0.0,0.0,4.166666666666666,0.0,0.0,95.83333333333334
