from_label,Crops,TreeCrops,Forest,Grassland,Urban,Water,Other
Crops,97.55690306705334,0.0,0.35591879778539415,2.0212672466824855,0.039546533087266016,0.0,0.02636435539151068
TreeCrops,0.0,85.71428571428571,0.0,14.285714285714285,0.0,0.0,0.0
Forest,0.15571473061351604,0.0,98.67864928593674,1.1389420296302888,0.022244961516216577,0.0,0.004448992303243316
Grassland,1.2312850453783455,0.0,1.4451702410543963,97.09809815596277,0.14451702410543962,0.0,0.08092953349904618
Urban,0.0,0.0,0.6956521739130435,0.08695652173913043,99.21739130434783,0.0,0.0
Water,0.0,0.0,0.0,0.0,0.0,100.0,0.0
Other,0.0,0.0,0.0,0.6802721088435374,0.0,0.0,99.31972789115646
