from_label,Crops,TreeCrops,Forest,Grassland,Urban,Water,Other
Crops,98.75295974743489,0.0,0.5682715074980268,0.6629834254143646,0.013154433043935806,0.0,0.002630886608787161
TreeCrops,0.0,100.0,0.0,0.0,0.0,0.0,0.0
Forest,0.7593093405450385,0.0,98.67900977740794,0.5512793842313293,0.010401497815685458,0.0,0.0
Grassland,3.5873724489795924,0.0,1.482780612244898,94.86607142857143,0.06377551020408163,0.0,0.0
Urban,0.949367088607595,0.0,0.31645569620253167,0.949367088607595,97.78481012658227,0.0,0.0
Water,0.0,0.0,0.0,0.0,0.0,100.0,0.0
Other,14.285714285714285,0.0,0.0,0.0,0.0,0.0,85.71428571428571
