from_label,Crops,TreeCrops,Forest,Grassland,Urban,Water,Other
Crops,98.64948815601113,0.0,0.5726170218512816,0.7589876563217459,0.01620614212786646,0.0,0.0027010236879777437
TreeCrops,0.0,100.0,0.0,0.0,0.0,0.0,0.0
Forest,0.7118885385945286,0.0,98.60164751347503,0.6712091935319842,0.010169836265636122,0.0,0.005084918132818061
Grassland,3.742603550295858,0.0,1.4497041420118344,94.74852071005917,0.0591715976331361,0.0,0.0
Urban,0.28328611898017,0.0,0.0,0.84985835694051,98.86685552407933,0.0,0.0
Water,0.0,0.0,0.0,0.0,0.0,100.0,0.0
Other,6.666666666666667,0.0,0.0,6.666666666666667,0.0,0.0,86.66666666666667
