from_label,Crops,TreeCrops,Forest,Grassland,Urban,Water,Other
Crops,97.23398250070562,0.0,0.5221563646627152,2.201524132091448,0.03292877975350456,0.0,0.00940822278671559
TreeCrops,0.0,100.0,0.0,0.0,0.0,0.0,0.0
Forest,0.1457659545392429,0.0,98.62888899011524,1.2071243110281056,0.018220744317405363,0.0,0.0
Grassland,1.077783426537875,0.0,1.753940010167768,97.04117946110829,0.10167768174885612,0.0,0.02541942043721403
Urban,0.0,0.0,0.798175598631699,0.11402508551881414,99.0877993158495,0.0,0.0
Water,0.0,0.0,0.0,0.0,0.0,100.0,0.0
Other,0.0,0.0,0.0,1.4084507042253522,0.0,0.0,98.59154929577466
