from_label,Crops,TreeCrops,Forest,Grassland,Urban,Water,Other
Crops,99.16745343747317,0.0,0.47206248390696076,0.22315681057419964,0.0772465882756845,0.0,0.06008067976997683
TreeCrops,0.05452562704471102,99.0185387131952,0.6543075245365322,0.05452562704471102,0.16357688113413305,0.0,0.05452562704471102
Forest,0.045742350193803114,0.0,99.91774401938834,0.027284910641917647,0.005617481602747752,0.0,0.0036112381731949823
Grassland,0.4973982246709519,0.007652280379553107,0.4132231404958678,98.96694214876032,0.08417508417508417,0.0,0.030609121518212427
Urban,0.0,0.0,0.0,0.0,100.0,0.0,0.0
Water,0.0,0.0,0.0,0.0,0.0,100.0,0.0
Other,0.0,0.0,0.0,0.0,0.0,0.0,100.0
