from_label,Crops,TreeCrops,Forest,Grassland,Urban,Water,Other
Crops,99.16387191620343,0.0,0.23889373822759222,0.5099462489088988,0.0,0.0,0.08728809666008178
TreeCrops,0.13986013986013987,96.99300699300699,1.6783216783216783,0.9090909090909091,0.0,0.0,0.27972027972027974
Forest,0.03523142643237768,0.0,99.92633429018684,0.03162821236542996,0.0,0.0,0.006806071015345689
Grassland,0.2658867322520606,0.0066471683063015164,0.28582823717096517,99.32863600106354,0.0,0.0,0.11300186120712576
Urban,0.06095702529716549,0.0021770366177559105,0.04789480559063004,0.008708146471023642,99.85631558322811,0.0,0.02394740279531502
Water,0.0,0.0,0.0,0.0,0.0,100.0,0.0
Other,0.0,0.0,0.0,0.0,0.0,0.0,100.0
