from_label,Crops,TreeCrops,Forest,Grassland,Urban,Water,Other
Crops,99.19830384946664,0.0,0.44612292674308174,0.3003599902824709,0.008834117361249144,0.0,0.04637911614655801
TreeCrops,0.0,98.65102639296187,1.1730205278592376,0.11730205278592376,0.0,0.0,0.05865102639296188
Forest,0.05122704788128132,0.0004002113115725103,99.91875710375078,0.026013735252213167,0.0004002113115725103,0.0,0.0032016904925800823
Grassland,0.5779479096299632,0.0,0.5404188245890565,98.799069278691,0.007505817008181341,0.0,0.07505817008181341
Urban,0.0,0.0,0.0,0.0,100.0,0.0,0.0
Water,0.0,0.0,0.0,0.0,0.0,100.0,0.0
Other,0.057273768613974804,0.0,0.0,0.0,0.0,0.0,99.94272623138602
