from_label,Crops,TreeCrops,Forest,Grassland,Urban,Water,Other
Crops,99.33357421012485,0.0,0.3332128949375728,0.08029226384037898,0.24890601790517483,0.0,0.0040146131920189496
TreeCrops,0.0,98.79518072289156,0.2677376171352075,0.0,0.9370816599732262,0.0,0.0
Forest,0.06710042297230909,0.0,99.87618374332492,0.012781032947106495,0.04393480075567857,0.0,0.0
Grassland,0.35003841885084946,0.0,0.23051310509690087,99.04379748996841,0.3756509860838385,0.0,0.0
Urban,0.0,0.0,0.0,0.0,100.0,0.0,0.0
Water,0.0,0.0,0.0,0.0,0.0,100.0,0.0
Other,0.3872216844143272,0.0,0.0,0.0,0.1936108422071636,0.0,99.41916747337851
