from_label,Crops,TreeCrops,Forest,Grassland,Urban,Water,Other
Crops,99.25319631975147,0.0,0.32859361930935593,0.0975823475524754,0.31863623690604215,0.0,0.0019914764806627633
TreeCrops,0.0,99.12510936132983,0.043744531933508315,0.0,0.8311461067366579,0.0,0.0
Forest,0.061433392639162594,0.001595672536082145,99.87553754218558,0.012366462154636625,0.04906693048452596,0.0,0.0
Grassland,0.30719482619240096,0.0,0.2425222312045271,98.99757477768796,0.45270816491511723,0.0,0.0
Urban,0.0,0.0,0.0,0.0,100.0,0.0,0.0
Water,0.0,0.0,0.0,0.0,0.0,100.0,0.0
Other,0.3996003996003996,0.0,0.0,0.0999000999000999,0.5994005994005994,0.0,98.9010989010989
