from_label,Crops,TreeCrops,Forest,Grassland,Urban,Water,Other
Crops,99.11652703731912,0.0,0.456968773800457,0.33075835056033076,0.05004896094005005,0.0,0.04569687738004569
TreeCrops,0.0,99.43661971830986,0.4507042253521127,0.0,0.056338028169014086,0.0,0.056338028169014086
Forest,0.048898971518353145,0.0,99.9194369403673,0.02404867451722286,0.004408923661490857,0.0,0.0032064899356297146
Grassland,0.545165442568335,0.0,0.545165442568335,98.75823426970545,0.08328916483682895,0.0,0.06814568032104187
Urban,0.0,0.0,0.0,0.0,100.0,0.0,0.0
Water,0.0,0.0,0.0,0.0,0.0,100.0,0.0
Other,0.062034739454094295,0.0,0.0,0.0,0.0,0.0,99.93796526054591
