from_label,Crops,TreeCrops,Forest,Grassland,Urban,Water,Other
Crops,99.22210894907141,0.0,0.44324276406187674,0.29032401046052925,0.0,0.0,0.04432427640618767
TreeCrops,0.0,98.45513963161022,1.3071895424836601,0.17825311942959002,0.0,0.0,0.05941770647653001
Forest,0.053208726231101906,0.0004000656107601646,99.91798654979416,0.025604199088650536,0.0,0.0,0.0028004592753211525
Grassland,0.5760885829717193,0.007481669908723627,0.561125243154272,98.8253778243304,0.0,0.0,0.02992667963489451
Urban,0.00432919173990216,0.0,0.00432919173990216,0.0,99.99134161652019,0.0,0.0
Water,0.0,0.0,0.0,0.0,0.0,100.0,0.0
Other,0.0,0.0,0.0,0.0,0.0,0.0,100.0
