from_label,Crops,TreeCrops,Forest,Grassland,Urban,Water,Other
Crops,99.34856072635479,0.0,0.3725418346158544,0.09160864785635764,0.1791458002524327,0.0,0.008142990920565123
TreeCrops,0.0,97.91172282866634,0.9017560512577124,0.37968675842429994,0.8068343616516375,0.0,0.0
Forest,0.05362552575025713,0.0,99.89234875800881,0.030814667781864168,0.01880895306165735,0.0,0.004402095397409166
Grassland,0.24857954545454544,0.00887784090909091,0.12428977272727272,99.48508522727273,0.11541193181818182,0.0,0.01775568181818182
Urban,0.0,0.0,0.0,0.0,100.0,0.0,0.0
Water,0.0,0.0,0.0,0.0,0.0,100.0,0.0
Other,0.16835016835016833,0.0,0.0,0.0,0.0,0.0,99.83164983164983
