from_label,Crops,TreeCrops,Forest,Grassland,Urban,Water,Other
Crops,99.09690490559531,0.0,0.46340201741529446,0.31252694197775666,0.07328217949823261,0.0,0.053883955513406336
TreeCrops,0.0,99.44964226747386,0.4402861860209136,0.1100715465052284,0.0,0.0,0.0
Forest,0.04612860655507555,0.0004011183178702222,99.91937521810809,0.025270454025823997,0.0056156564501831105,0.0,0.003208946542961778
Grassland,0.5264764230123608,0.015260186174271325,0.48069586448954676,98.82496566458111,0.10682130321989927,0.0,0.04578055852281398
Urban,0.0,0.0,0.0,0.0,100.0,0.0,0.0
Water,0.0,0.0,0.0,0.0,0.0,100.0,0.0
Other,0.0,0.0,0.0,0.0,0.0,0.0,100.0
