from_label,Crops,TreeCrops,Forest,Grassland,Urban,Water,Other
Crops,99.08433537497183,0.0,0.3646270766331401,0.3359485425159268,0.1720712047032796,0.0,0.0430178011758199
TreeCrops,0.0,97.98327594687653,1.3280865715691097,0.04918839153959665,0.6394490900147565,0.0,0.0
Forest,0.04964666786779572,0.0008007527075450923,99.88989650271255,0.03723500090084679,0.017216183212219488,0.0,0.005204892599043101
Grassland,0.1753463089601964,0.0,0.11397510082412764,99.66684201297564,0.0438365772400491,0.0,0.0
Urban,0.0,0.0,0.0,0.0,100.0,0.0,0.0
Water,0.0,0.0,0.0,0.0,0.0,100.0,0.0
Other,0.16393442622950818,0.0,0.0,0.08196721311475409,0.0,0.0,99.75409836065575
