from_label,Crops,TreeCrops,Forest,Grassland,Urban,Water,Other
Crops,99.09822176343415,0.0,0.29604814677755487,0.10517499951307871,0.49665971992287167,0.0,0.0038953703523362483
TreeCrops,0.0,98.46663903854123,0.20721094073767096,0.24865312888520513,1.077496891835889,0.0,0.0
Forest,0.047820005499300634,0.00039850004582750524,99.88443498671002,0.010361001191515137,0.05698550655333325,0.0,0.0
Grassland,0.4550625711035267,0.0,0.3185437997724687,98.32385286310202,0.8949563898369359,0.0,0.0075843761850587785
Urban,0.0,0.0,0.0,0.0,100.0,0.0,0.0
Water,0.0,0.0,0.0,0.0,0.0,100.0,0.0
Other,0.6923837784371909,0.0,0.2967359050445104,0.09891196834817012,1.3847675568743818,0.0,97.52720079129574
