from_label,Crops,TreeCrops,Forest,Grassland,Urban,Water,Other
Crops,99.32614282534351,0.0,0.37436509703138593,0.10320335107351722,0.1922415363134144,0.0,0.0040471902381771455
TreeCrops,0.0,99.08045977011494,0.1839080459770115,0.04597701149425287,0.6896551724137931,0.0,0.0
Forest,0.06958246521876486,0.0003998992253952004,99.87523144167669,0.02079475972055042,0.031991938031616034,0.0,0.001999496126976002
Grassland,0.24678300722721663,0.0,0.16745989776132558,99.41829719725013,0.15864621893178213,0.0,0.008813678829543451
Urban,0.0,0.0,0.0,0.0,100.0,0.0,0.0
Water,0.0,0.0,0.0,0.0,0.0,100.0,0.0
Other,0.17841213202497772,0.0,0.0,0.08920606601248886,0.08920606601248886,0.0,99.64317573595004
