from_label,Crops,TreeCrops,Forest,Grassland,Urban,Water,Other
Crops,99.37686324613901,0.0,0.2667383946383341,0.3048438795866676,0.0,0.0,0.05155447963598054
TreeCrops,0.0,98.61460957178842,0.8816120906801008,0.4408060453400504,0.0,0.0,0.06297229219143577
Forest,0.05120040960327683,0.0,99.9047992383939,0.03800030400243202,0.0,0.0,0.006000048000384003
Grassland,0.5,0.0,0.36231884057971014,99.05797101449275,0.0,0.0,0.07971014492753623
Urban,0.023824478568798598,0.0,0.021658616880725998,0.004331723376145199,99.94801931948626,0.0,0.0021658616880725996
Water,0.0,0.0,0.0,0.0,0.0,100.0,0.0
Other,0.0,0.0,0.0,0.0,0.0,0.0,100.0
