from_label,Crops,TreeCrops,Forest,Grassland,Urban,Water,Other
Crops,99.37507658375199,0.0,0.3757709431033779,0.07147816852509904,0.16746313768737492,0.0,0.010211166932157007
TreeCrops,0.0,98.30426356589147,0.6782945736434108,0.14534883720930233,0.872093023255814,0.0,0.0
Forest,0.0504346990729622,0.0016011015578718158,99.88912371711737,0.03682533583105176,0.017211841747122023,0.0,0.004803304673615448
Grassland,0.25582215949188425,0.0,0.14114326040931546,99.47071277346507,0.1058574453069866,0.0,0.02646436132674665
Urban,0.0,0.0,0.0,0.0,100.0,0.0,0.0
Water,0.0,0.0,0.0,0.0,0.0,100.0,0.0
Other,0.1662510390689942,0.0,0.0,0.0,0.0831255195344971,0.0,99.75062344139651
