from_label,Crops,TreeCrops,Forest,Grassland,Urban,Water,Other
Crops,99.23894994860441,0.0,0.31430378745947657,0.08500039535067605,0.35779236182493873,0.0,0.0039535067604965606
TreeCrops,0.0,98.92611683848797,0.2147766323024055,0.0,0.859106529209622,0.0,0.0
Forest,0.05660121652755522,0.0,99.87802836438429,0.011958003491737021,0.05341241559642535,0.0,0.0
Grassland,0.42251275510204084,0.0,0.31887755102040816,98.5889668367347,0.6696428571428571,0.0,0.0
Urban,0.0,0.0,0.0,0.0,100.0,0.0,0.0
Water,0.0,0.0,0.0,0.0,0.0,100.0,0.0
Other,0.29296875,0.0,0.29296875,0.09765625,0.68359375,0.0,98.6328125
