from_label,Crops,TreeCrops,Forest,Grassland,Urban,Water,Other
Crops,99.60066864784547,0.0018573551263001485,0.07429420505200594,0.187592867756315,0.10401188707280833,0.0,0.031575037147102525
TreeCrops,0.0,99.92307692307692,0.0,0.0,0.038461538461538464,0.0,0.038461538461538464
Forest,0.018300809611903484,0.008354717431521155,99.9140657635615,0.037397306598237555,0.01670943486304231,0.0,0.00517196793379881
Grassland,1.1978412531262341,0.11188627089640647,1.2241674345136238,95.81413715940504,1.5993155192839277,0.0,0.05265236277477951
Urban,0.0,0.0,0.0,0.0,100.0,0.0,0.0
Water,0.0,0.0,0.0,0.0,0.0,100.0,0.0
Other,0.0,0.0,0.0,0.09578544061302681,0.09578544061302681,0.0,99.80842911877394
