from_label,Crops,TreeCrops,Forest,Grassland,Urban,Water,Other
Crops,99.1269686531921,0.0,0.45709581681506034,0.3162843092653972,0.05415827213448582,0.0,0.04549294859296809
TreeCrops,0.0,98.0110497237569,1.3259668508287292,0.44198895027624313,0.22099447513812157,0.0,0.0
Forest,0.04811779235568672,0.000400981602964056,99.9198036794072,0.023657914574879306,0.005212760838532728,0.0,0.002806871220748392
Grassland,0.5850174745479411,0.0,0.539431697310439,98.72359823734995,0.09117155447500379,0.0,0.0607810363166692
Urban,0.0,0.0,0.0,0.0,100.0,0.0,0.0
Water,0.0,0.0,0.0,0.0,0.0,100.0,0.0
Other,0.0,0.0,0.0,0.0,0.0,0.0,100.0
