from_label,Crops,TreeCrops,Forest,Grassland,Urban,Water,Other
Crops,99.20110920375016,0.0,0.44896342268585765,0.2795017386328624,0.019807209824376074,0.0,0.050618425106738855
TreeCrops,0.0,98.95531050493325,0.8705745792222866,0.0,0.0,0.0,0.17411491584445735
Forest,0.050844336261219786,0.0,99.91832878269852,0.026022691787238473,0.0016013964176762137,0.0,0.0032027928353524273
Grassland,0.5570611261668172,0.0,0.5344775669978922,98.84071062932853,0.030111412225233364,0.0,0.037639265281541705
Urban,0.0,0.0,0.0,0.0,100.0,0.0,0.0
Water,0.0,0.0,0.0,0.0,0.0,100.0,0.0
Other,0.17533606078316774,0.0,0.0,0.058445353594389245,0.0,0.0,99.76621858562244
