from_label,Crops,TreeCrops,Forest,Grassland,Urban,Water,Other
Crops,99.4593595490042,0.0,0.12938403955454922,0.4112564114412458,0.0,0.0,0.0
TreeCrops,0.0,92.700233281493,0.0874805598755832,7.0470451010886475,0.12636080870917574,0.0,0.038880248833592534
Forest,0.10333265890106079,0.024207301211087665,99.25282538948463,0.5665231089400815,0.01987166517328092,0.0,0.03323987628985172
Grassland,0.049368900883703326,0.366152681554133,0.12095380716507313,99.44459986505834,0.006582520117827111,0.0,0.012342225220925832
Urban,0.0,0.0,0.0,0.0,100.0,0.0,0.0
Water,0.0,0.0,0.0,0.0,0.0,100.0,0.0
Other,0.0,0.0,0.0,0.1633371026510868,0.0,0.0,99.83666289734892
