from_label,Crops,TreeCrops,Forest,Grassland,Urban,Water,Other
Crops,99.46695095948827,0.0,0.10660980810234541,0.42643923240938164,0.0,0.0,0.0
TreeCrops,0.0,0.3246753246753247,3.0844155844155843,96.42857142857143,0.0,0.0,0.16233766233766234
Forest,0.025616394492475183,0.0,98.98815241754723,0.9221902017291067,0.012808197246237591,0.0,0.051232788984950366
Grassland,0.0,0.0,0.17781729273171815,99.79995554567682,0.0,0.0,0.02222716159146477
Urban,0.0,0.0,0.0,0.0,100.0,0.0,0.0
Water,0.0,0.0,0.0,0.0,0.0,100.0,0.0
Other,0.0,0.0,0.0,0.33222591362126247,0.0,0.0,99.66777408637874
