from_label,Crops,TreeCrops,Forest,Grassland,Urban,Water,Other
Crops,99.49748743718592,0.0,0.08375209380234507,0.41876046901172526,0.0,0.0,0.0
TreeCrops,0.0,79.70049916805324,0.8319467554076538,19.30116472545757,0.0,0.0,0.16638935108153077
Forest,0.04512296006618034,0.0,99.09754079867639,0.7821313078137927,0.02256148003309017,0.0,0.05264345341054373
Grassland,0.015683814303638643,0.0,0.06273525721455457,99.90589711417816,0.015683814303638643,0.0,0.0
Urban,0.0,0.0,0.0,0.0,100.0,0.0,0.0
Water,0.0,0.0,0.0,0.0,0.0,100.0,0.0
Other,0.0,0.0,0.0,0.23696682464454977,0.0,0.0,99.76303317535546
