from_label,Crops,TreeCrops,Forest,Grassland,Urban,Water,Other
Crops,99.50932286555447,0.0,0.09813542688910697,0.39254170755642787,0.0,0.0,0.0
TreeCrops,0.0,99.75062344139651,0.0,0.0,0.24937655860349126,0.0,0.0
Forest,0.028001400070003502,0.03500175008750438,99.41197059852993,0.4830241512075604,0.021001050052502624,0.0,0.021001050052502624
Grassland,0.01710863986313088,0.4106073567151412,0.15397775876817793,99.40119760479041,0.0,0.0,0.01710863986313088
Urban,0.0,0.0,0.0,0.0,100.0,0.0,0.0
Water,0.0,0.0,0.0,0.0,0.0,100.0,0.0
Other,0.0,0.0,0.0,0.2652519893899204,0.0,0.0,99.73474801061008
