from_label,Crops,TreeCrops,Forest,Grassland,Urban,Water,Other
Crops,99.38775510204081,0.0,0.20408163265306123,0.40816326530612246,0.0,0.0,0.0
TreeCrops,0.0,0.0,0.0,0.0,0.0,0.0,0.0
Forest,0.06630933303862518,0.0,99.19876222578327,0.6962479969055645,0.0,0.0,0.03868044427253136
Grassland,0.031055900621118012,0.0,0.21739130434782608,99.75155279503105,0.0,0.0,0.0
Urban,0.0,0.0,0.0,0.0,100.0,0.0,0.0
Water,0.0,0.0,0.0,0.0,0.0,100.0,0.0
Other,0.0,0.0,0.0,0.5154639175257731,0.0,0.0,99.48453608247422
