from_label,Crops,TreeCrops,Forest,Grassland,Urban,Water,Other
Crops,99.57173447537473,0.0,0.0,0.4282655246252677,0.0,0.0,0.0
TreeCrops,0.0,0.0,0.0,0.0,0.0,0.0,0.0
Forest,0.010636600542466628,0.0,99.24480136148487,0.6913790352603308,0.0,0.0,0.053183002712333144
Grassland,0.0,0.0,0.2317497103128621,99.76825028968713,0.0,0.0,0.0
Urban,0.0,0.0,0.0,0.0,100.0,0.0,0.0
Water,0.0,0.0,0.0,0.0,0.0,100.0,0.0
Other,0.0,0.0,0.0,0.0,0.0,0.0,100.0
