from_label,Crops,TreeCrops,Forest,Grassland,Urban,Water,Other
Crops,99.44237918215613,0.0,0.0,0.5576208178438662,0.0,0.0,0.0
TreeCrops,0.0,0.0,0.0,0.0,0.0,0.0,0.0
Forest,0.017711654268508677,0.0,99.09670563230605,0.832447750619908,0.01180776951233912,0.0,0.04132719329318692
Grassland,0.0,0.0,0.16416510318949346,99.83583489681051,0.0,0.0,0.0
Urban,0.0,0.0,0.0,0.0,100.0,0.0,0.0
Water,0.0,0.0,0.0,0.0,0.0,100.0,0.0
Other,0.0,0.0,0.0,0.398406374501992,0.0,0.0,99.60159362549801
