from_label,Crops,TreeCrops,Forest,Grassland,Urban,Water,Other
Crops,99.58246346555325,0.0,0.0,0.41753653444676403,0.0,0.0,0.0
TreeCrops,0.0,0.0,0.0,0.0,0.0,0.0,0.0
Forest,0.059844404548174746,0.0,99.18938033839291,0.6854904520972743,0.016321201240411295,0.0,0.04896360372123388
Grassland,0.033681374200067365,0.0,0.20208824520040417,99.76423038059953,0.0,0.0,0.0
Urban,0.0,0.0,0.0,0.0,100.0,0.0,0.0
Water,0.0,0.0,0.0,0.0,0.0,100.0,0.0
Other,0.0,0.0,0.0,0.5649717514124294,0.0,0.0,99.43502824858757
