from_label,Crops,TreeCrops,Forest,Grassland,Urban,Water,Other
Crops,99.49290060851928,0.0,0.10141987829614604,0.4056795131845842,0.0,0.0,0.0
TreeCrops,0.0,96.47779479326188,0.1531393568147014,3.3690658499234303,0.0,0.0,0.0
Forest,0.03417634996582365,0.027341079972658916,99.46001367053998,0.43062200956937796,0.02050580997949419,0.0,0.027341079972658916
Grassland,0.01879699248120301,0.0,0.13157894736842105,99.81203007518798,0.01879699248120301,0.0,0.01879699248120301
Urban,0.0,0.0,0.0,0.0,100.0,0.0,0.0
Water,0.0,0.0,0.0,0.0,0.0,100.0,0.0
Other,0.0,0.0,0.0,0.0,0.0,0.0,100.0
