from_label,Crops,TreeCrops,Forest,Grassland,Urban,Water,Other
Crops,99.55257270693512,0.0,0.0,0.44742729306487694,0.0,0.0,0.0
TreeCrops,0.0,0.0,0.0,0.0,0.0,0.0,0.0
Forest,0.010280662074637608,0.0,99.33175696514856,0.652822041739488,0.0,0.0,0.005140331037318804
Grassland,0.0,0.0,0.25393600812595224,99.74606399187405,0.0,0.0,0.0
Urban,0.0,0.0,0.0,0.0,100.0,0.0,0.0
Water,0.0,0.0,0.0,0.0,0.0,100.0,0.0
Other,0.0,0.0,0.0,0.0,0.0,0.0,100.0
