from_label,Crops,TreeCrops,Forest,Grassland,Urban,Water,Other
Crops,99.56236323851203,0.0,0.0,0.437636761487965,0.0,0.0,0.0
TreeCrops,0.0,0.0,0.0,0.0,0.0,0.0,0.0
Forest,0.06335128286347799,0.0,99.2345053320663,0.6599091964945624,0.010558547143912998,0.0,0.031675641431738996
Grassland,0.0,0.0,0.24311183144246357,99.75688816855754,0.0,0.0,0.0
Urban,0.0,0.0,0.0,0.0,100.0,0.0,0.0
Water,0.0,0.0,0.0,0.0,0.0,100.0,0.0
Other,0.0,0.0,0.0,0.0,0.0,0.0,100.0
