from_label,Crops,TreeCrops,Forest,Grassland,Urban,Water,Other
Crops,99.55257270693512,0.0,0.0,0.44742729306487694,0.0,0.0,0.0
TreeCrops,0.0,0.0,0.0,0.0,0.0,0.0,0.0
Forest,0.010347146774276993,0.0,99.29639401934917,0.6880852604894201,0.0051735733871384965,0.0,0.0
Grassland,0.0,0.0,0.23889154323936934,99.76110845676062,0.0,0.0,0.0
Urban,0.0,0.0,0.0,0.0,100.0,0.0,0.0
Water,0.0,0.0,0.0,0.0,0.0,100.0,0.0
Other,0.0,0.0,0.0,0.0,0.0,0.0,100.0
