from_label,Crops,TreeCrops,Forest,Grassland,Urban,Water,Other
Crops,99.42965779467681,0.0,0.09505703422053231,0.4752851711026616,0.0,0.0,0.0
TreeCrops,0.0,68.02030456852792,0.0,31.810490693739425,0.1692047377326565,0.0,0.0
Forest,0.14304105278214846,0.0,99.34916320984122,0.46488342154198253,0.021456157917322274,0.0,0.021456157917322274
Grassland,0.10176390773405698,0.0,0.13568521031207598,99.74559023066486,0.0,0.0,0.016960651289009497
Urban,0.0,0.0,0.0,0.0,100.0,0.0,0.0
Water,0.0,0.0,0.0,0.0,0.0,100.0,0.0
Other,0.0,0.0,0.0,0.2564102564102564,0.0,0.0,99.74358974358975
