from_label,Crops,TreeCrops,Forest,Grassland,Urban,Water,Other
Crops,99.51690821256038,0.0,0.24154589371980675,0.24154589371980675,0.0,0.0,0.0
TreeCrops,0.0,0.0,0.0,0.0,0.0,0.0,0.0
Forest,0.069568674219837,0.0,99.35897435897436,0.571456966805804,0.0,0.0,0.0
Grassland,0.0,0.0,0.22471910112359553,99.7752808988764,0.0,0.0,0.0
Urban,0.0,0.0,0.0,0.0,100.0,0.0,0.0
Water,0.0,0.0,0.0,0.0,0.0,100.0,0.0
Other,0.0,0.0,0.0,0.0,0.0,0.0,100.0
