from_label,Crops,TreeCrops,Forest,Grassland,Urban,Water,Other
Crops,99.581589958159,0.0,0.0,0.41841004184100417,0.0,0.0,0.0
TreeCrops,0.0,0.0,0.0,0.0,0.0,0.0,0.0
Forest,0.016193457843031413,0.0,99.1795314692864,0.7448990607794451,0.005397819281010472,0.0,0.05397819281010472
Grassland,0.0,0.0,0.24691358024691357,99.75308641975309,0.0,0.0,0.0
Urban,0.0,0.0,0.0,0.0,100.0,0.0,0.0
Water,0.0,0.0,0.0,0.0,0.0,100.0,0.0
Other,0.0,0.0,0.0,0.5952380952380952,0.0,0.0,99.40476190476191
