from_label,Crops,TreeCrops,Forest,Grassland,Urban,Water,Other
Crops,99.41118743866537,0.0,0.09813542688910697,0.49067713444553485,0.0,0.0,0.0
TreeCrops,0.0,99.48979591836735,0.25510204081632654,0.0,0.25510204081632654,0.0,0.0
Forest,0.04158580537843083,0.034654837815359024,99.42472969226503,0.45051289159966734,0.020792902689215416,0.0,0.02772387025228722
Grassland,0.01746114894360049,0.0,0.1396891915488039,99.825388510564,0.0,0.0,0.01746114894360049
Urban,0.0,0.0,0.0,0.0,100.0,0.0,0.0
Water,0.0,0.0,0.0,0.0,0.0,100.0,0.0
Other,0.0,0.0,0.0,0.27100271002710025,0.0,0.0,99.7289972899729
