from_label,Crops,TreeCrops,Forest,Grassland,Urban,Water,Other
Crops,99.44237918215613,0.0,0.18587360594795538,0.37174721189591076,0.0,0.0,0.0
TreeCrops,0.0,0.0,0.0,0.0,0.0,0.0,0.0
Forest,0.01755926251097454,0.0,99.08106526192566,0.8369915130231198,0.01755926251097454,0.0,0.04682470002926544
Grassland,0.0,0.0,0.2180232558139535,99.7577519379845,0.0,0.0,0.02422480620155039
Urban,0.0,0.0,0.0,0.0,100.0,0.0,0.0
Water,0.0,0.0,0.0,0.0,0.0,100.0,0.0
Other,0.0,0.0,0.0,0.411522633744856,0.0,0.0,99.58847736625515
