from_label,Crops,TreeCrops,Forest,Grassland,Urban,Water,Other
Crops,99.53271028037383,0.0,0.1557632398753894,0.3115264797507788,0.0,0.0,0.0
TreeCrops,0.0,0.0,0.0,0.0,0.0,0.0,0.0
Forest,0.18784463430891352,0.0,99.0425983154578,0.708962006907835,0.018178512997636793,0.0,0.04241653032781918
Grassland,0.04377325454147516,0.0,0.15320639089516305,99.78113372729263,0.0,0.0,0.02188662727073758
Urban,0.0,0.0,0.0,0.0,100.0,0.0,0.0
Water,0.0,0.0,0.0,0.0,0.0,100.0,0.0
Other,0.0,0.0,0.0,0.37174721189591076,0.0,0.0,99.62825278810409
