from_label,Crops,TreeCrops,Forest,Grassland,Urban,Water,Other
Crops,99.31640625,0.0,0.1953125,0.48828125,0.0,0.0,0.0
TreeCrops,0.0,99.83079526226734,0.0,0.0,0.1692047377326565,0.0,0.0
Forest,0.19907571987202274,0.007109847138286527,99.34589406327764,0.4194809811589051,0.02132954141485958,0.0,0.007109847138286527
Grassland,0.11971951428082776,0.0,0.11971951428082776,99.74345818368394,0.0,0.0,0.017102787754403968
Urban,0.0,0.0,0.0,0.0,100.0,0.0,0.0
Water,0.0,0.0,0.0,0.0,0.0,100.0,0.0
Other,0.0,0.0,0.0,0.0,0.0,0.0,100.0
