from_label,Crops,TreeCrops,Forest,Grassland,Urban,Water,Other
Crops,99.41060903732809,0.0,0.19646365422396855,0.3929273084479371,0.0,0.0,0.0
TreeCrops,0.0,0.0,0.0,0.0,0.0,0.0,0.0
Forest,0.12445550715619166,0.0,99.12881144990666,0.6901623578661538,0.011314137014199243,0.0,0.04525654805679697
Grassland,0.02775464890369137,0.0,0.22203719122953097,99.75020815986679,0.0,0.0,0.0
Urban,0.0,0.0,0.0,0.0,100.0,0.0,0.0
Water,0.0,0.0,0.0,0.0,0.0,100.0,0.0
Other,0.0,0.0,0.0,0.4761904761904762,0.0,0.0,99.52380952380952
