from_label,Crops,TreeCrops,Forest,Grassland,Urban,Water,Other
Crops,99.40476190476191,0.0,0.2976190476190476,0.2976190476190476,0.0,0.0,0.0
TreeCrops,0.0,0.0,0.0,0.0,0.0,0.0,0.0
Forest,0.2935241240139424,0.0,98.99101082370207,0.6604292790313704,0.0183452577508714,0.0,0.0366905155017428
Grassland,0.0854883522120111,0.0,0.14960461637101946,99.76490703141697,0.0,0.0,0.0
Urban,0.0,0.0,0.0,0.0,100.0,0.0,0.0
Water,0.0,0.0,0.0,0.0,0.0,100.0,0.0
Other,0.0,0.0,0.0,0.0,0.0,0.0,100.0
