from_label,Crops,TreeCrops,Forest,Grassland,Urban,Water,Other
Crops,99.26029962546816,0.009363295880149813,0.7116104868913857,0.009363295880149813,0.0,0.0,0.009363295880149813
TreeCrops,0.0,99.97030878859857,0.02969121140142518,0.0,0.0,0.0,0.0
Forest,0.01868925990530775,0.0,99.88163468726638,0.0872165462247695,0.0124595066035385,0.0,0.0
Grassland,0.06535093451836362,0.013070186903672723,1.5618873349888902,98.26166514181153,0.07188602797019997,0.0,0.026140373807345445
Urban,0.0,0.0,0.0,0.0,100.0,0.0,0.0
Water,0.0,0.0,0.0,0.0,0.0,100.0,0.0
Other,0.10570824524312897,0.0,0.0,0.10570824524312897,0.0,0.0,99.78858350951374
