from_label,Crops,TreeCrops,Forest,Grassland,Urban,Water,Other
Crops,96.8551267532015,2.535064029967767,0.6098092168307344,0.0,0.0,0.0,0.0
TreeCrops,0.0,99.87353778058805,0.12646221941195068,0.0,0.0,0.0,0.0
Forest,0.019981350739309976,1.0856533901691754,98.78113760490209,0.09990675369654989,0.013320900492873319,0.0,0.0
Grassland,0.12024555407885576,7.89190557559648,1.7846971710651225,90.12087842541612,0.06961584709828492,0.0,0.012657426745142713
Urban,0.0,0.0,0.0,0.0,100.0,0.0,0.0
Water,0.0,0.0,0.0,0.0,0.0,100.0,0.0
Other,0.0,0.0,0.0,0.10718113612004287,0.0,0.0,99.89281886387997
