from_label,Crops,TreeCrops,Forest,Grassland,Urban,Water,Other
Crops,99.53534920294517,0.0,0.44320537565229823,0.02144542140253056,0.0,0.0,0.0
TreeCrops,0.0,0.0,0.0,0.0,0.0,0.0,0.0
Forest,0.01822489520685256,0.0,99.83597594313832,0.14579916165482049,0.0,0.0,0.0
Grassland,0.31611822059719685,0.0,1.336837294332724,98.29372333942717,0.04570383912248629,0.0,0.007617306520414382
Urban,0.0,0.0,0.0,0.0,100.0,0.0,0.0
Water,0.0,0.0,0.0,0.0,0.0,100.0,0.0
Other,0.4140786749482402,0.0,0.0,0.10351966873706005,0.0,0.0,99.4824016563147
