from_label,Crops,TreeCrops,Forest,Grassland,Urban,Water,Other
Crops,99.26151172893137,0.0,0.7384882710686359,0.0,0.0,0.0,0.0
TreeCrops,0.0,50.656757690978225,2.7480124438299343,46.57794676806083,0.017283097131005877,0.0,0.0
Forest,0.04281280102750722,0.0,99.82874879588998,0.12843840308252166,0.0,0.0,0.0
Grassland,0.2787859660196728,0.0,1.4202303929304085,98.2326021776866,0.05786123823049814,0.0,0.010520225132817843
Urban,0.0,0.0,0.0,0.0,100.0,0.0,0.0
Water,0.0,0.0,0.0,0.0,0.0,100.0,0.0
Other,0.0,0.0,0.0,0.10775862068965517,0.0,0.0,99.89224137931035
