from_label,Crops,TreeCrops,Forest,Grassland,Urban,Water,Other
Crops,79.78864861081951,19.658478549933513,0.5528728392469732,0.0,0.0,0.0,0.0
TreeCrops,0.0,0.0,0.0,0.0,0.0,0.0,0.0
Forest,0.05512679162072767,1.3230429988974641,98.57772877618523,0.04410143329658214,0.0,0.0,0.0
Grassland,0.4662840746054519,12.809361549497847,1.4481707317073171,85.21341463414635,0.05380200860832138,0.0,0.00896700143472023
Urban,0.0,0.0,0.0,0.0,100.0,0.0,0.0
Water,0.0,0.0,0.0,0.0,0.0,100.0,0.0
Other,0.0,0.0,0.0,0.10787486515641855,0.0,0.0,99.89212513484358
