from_label,Crops,TreeCrops,Forest,Grassland,Urban,Water,Other
Crops,99.26352563497309,0.0,0.7175904069492965,0.009441979038806534,0.009441979038806534,0.0,0.0
TreeCrops,0.21326508850501172,73.55512902537853,7.080400938366389,19.129878438899553,0.02132650885050117,0.0,0.0
Forest,0.04109910756223579,0.0,99.88844527947394,0.06458431188351339,0.005871301080319399,0.0,0.0
Grassland,0.04604758250191865,0.0,1.5886415963161933,98.2808902532617,0.06907137375287797,0.0,0.015349194167306216
Urban,0.0,0.0,0.0,0.0,100.0,0.0,0.0
Water,0.0,0.0,0.0,0.0,0.0,100.0,0.0
Other,0.0,0.0,0.0,0.10460251046025104,0.10460251046025104,0.0,99.7907949790795
