from_label,Crops,TreeCrops,Forest,Grassland,Urban,Water,Other
Crops,99.98973305954826,0.0,0.0,0.01026694045174538,0.0,0.0,0.0
TreeCrops,0.0,99.95866060355519,0.0,0.0,0.0413393964448119,0.0,0.0
Forest,0.01506326571600723,0.04518979714802169,99.88451496284394,0.04518979714802169,0.01004217714400482,0.0,0.0
Grassland,0.057001710051301537,0.03800114003420103,0.5130153904617138,99.32547976439294,0.057001710051301537,0.0,0.009500285008550257
Urban,0.0,0.0,0.0,0.0,100.0,0.0,0.0
Water,0.0,0.0,0.0,0.0,0.0,100.0,0.0
Other,0.10101010101010101,0.0,0.0,0.20202020202020202,0.10101010101010101,0.0,99.5959595959596
