from_label,Crops,TreeCrops,Forest,Grassland,Urban,Water,Other
Crops,99.46002438599547,0.0,0.5399756140045289,0.0,0.0,0.0,0.0
TreeCrops,0.0,99.86352780620949,0.0682360968952576,0.0682360968952576,0.0,0.0,0.0
Forest,0.0304847068387359,0.0,99.8678996036988,0.10161568946245302,0.0,0.0,0.0
Grassland,0.7389047374082215,0.0,1.5760183323200676,97.61960435860263,0.056119347144928215,0.0,0.009353224524154703
Urban,0.0,0.0,0.0,0.0,100.0,0.0,0.0
Water,0.0,0.0,0.0,0.0,0.0,100.0,0.0
Other,0.1076426264800861,0.0,0.0,0.1076426264800861,0.0,0.0,99.78471474703983
