from_label,Crops,TreeCrops,Forest,Grassland,Urban,Water,Other
Crops,99.27001030573686,0.0,0.7128134661628306,0.017176228100309172,0.0,0.0,0.0
TreeCrops,0.0,99.96865203761756,0.031347962382445145,0.0,0.0,0.0,0.0
Forest,0.05276116778051355,0.0,99.84171649665846,0.1055223355610271,0.0,0.0,0.0
Grassland,0.6604406377379908,0.0,1.5943449770393685,97.67297869047005,0.0670760022702647,0.0,0.005159692482328053
Urban,0.0,0.0,0.0,0.0,100.0,0.0,0.0
Water,0.0,0.0,0.0,0.0,0.0,100.0,0.0
Other,0.0,0.0,0.0,0.10775862068965517,0.0,0.0,99.89224137931035
