from_label,Crops,TreeCrops,Forest,Grassland,Urban,Water,Other
Crops,99.75097829953754,0.0,0.23479188900747067,0.014229811454998222,0.0,0.0,0.0
TreeCrops,0.0,0.0,0.0,0.0,0.0,0.0,0.0
Forest,0.04767201652629906,0.0,99.82520260607023,0.12712537740346416,0.0,0.0,0.0
Grassland,0.31142823353175386,0.0,1.4940670950447432,98.1432569874246,0.04336342492214294,0.0,0.007884259076753261
Urban,0.0,0.0,0.0,0.0,100.0,0.0,0.0
Water,0.0,0.0,0.0,0.0,0.0,100.0,0.0
Other,0.4171011470281543,0.0,0.0,0.10427528675703858,0.0,0.0,99.47862356621481
