from_label,Crops,TreeCrops,Forest,Grassland,Urban,Water,Other
Crops,99.6703509792515,0.0,0.30056234244715924,0.01939111886755866,0.00969555943377933,0.0,0.0
TreeCrops,0.0,99.87911755817468,0.09066183136899365,0.0,0.030220610456331218,0.0,0.0
Forest,0.07935668183261031,0.0,99.8518675272458,0.05819490001058089,0.010580890911014709,0.0,0.0
Grassland,0.43914680050188204,0.0,0.729297365119197,98.75313676286072,0.0705771643663739,0.0,0.007841907151819321
Urban,0.0,0.0,0.0,0.0,100.0,0.0,0.0
Water,0.0,0.0,0.0,0.0,0.0,100.0,0.0
Other,0.31282586027111575,0.0,0.31282586027111575,0.10427528675703858,0.10427528675703858,0.0,99.16579770594369
