from_label,Crops,TreeCrops,Forest,Grassland,Urban,Water,Other
Crops,99.79837257867071,0.0,0.18722546266292217,0.014401958666378627,0.0,0.0,0.0
TreeCrops,0.0,0.0,0.0,0.0,0.0,0.0,0.0
Forest,0.04270766602605167,0.0,99.80781550288278,0.14947683109118087,0.0,0.0,0.0
Grassland,0.30168132151134985,0.0,1.409072513888378,98.23773959751297,0.04414848607483168,0.0,0.007358081012471948
Urban,0.0,0.0,0.0,0.0,100.0,0.0,0.0
Water,0.0,0.0,0.0,0.0,0.0,100.0,0.0
Other,0.4119464469618949,0.0,0.0,0.10298661174047373,0.0,0.0,99.48506694129763
