from_label,Crops,TreeCrops,Forest,Grassland,Urban,Water,Other
Crops,98.59652566493277,0.009814505839630975,1.177740700755717,0.13740308175483362,0.06870154087741681,0.0,0.009814505839630975
TreeCrops,0.03160556257901391,99.02022756005057,0.8849557522123894,0.03160556257901391,0.03160556257901391,0.0,0.0
Forest,0.15119916579770595,0.0,99.82273201251304,0.01564129301355579,0.010427528675703858,0.0,0.0
Grassland,0.4022716516800757,0.007887679444707368,0.22085502445180627,99.3453226060893,0.023663038334122102,0.0,0.0
Urban,0.0,0.0,0.0,0.0,100.0,0.0,0.0
Water,0.0,0.0,0.0,0.0,0.0,100.0,0.0
Other,0.0,0.0,0.0,0.0,0.0,0.0,100.0
