from_label,Crops,TreeCrops,Forest,Grassland,Urban,Water,Other
Crops,99.74888931813793,0.0,0.23179447556499902,0.009658103148541626,0.009658103148541626,0.0,0.0
TreeCrops,0.0,99.9697428139183,0.0302571860816944,0.0,0.0,0.0,0.0
Forest,0.09471690170490422,0.0,99.85266259734793,0.04735845085245211,0.005262050094716902,0.0,0.0
Grassland,0.46799397160307765,0.0,0.6583644007297533,98.79432061553105,0.07138891092250338,0.0,0.007932101213611487
Urban,0.0,0.0,0.0,0.0,100.0,0.0,0.0
Water,0.0,0.0,0.0,0.0,0.0,100.0,0.0
Other,0.10504201680672269,0.0,0.5252100840336135,0.10504201680672269,0.10504201680672269,0.0,99.15966386554622
