from_label,Crops,TreeCrops,Forest,Grassland,Urban,Water,Other
Crops,99.29206595873262,0.0,0.7079340412673746,0.0,0.0,0.0,0.0
TreeCrops,0.0,58.87557603686636,2.635944700460829,38.4147465437788,0.07373271889400922,0.0,0.0
Forest,0.028604118993135013,0.0,99.87604881769641,0.09534706331045004,0.0,0.0,0.0
Grassland,0.4526135673676658,0.0,1.5951868410884802,97.8970028150356,0.04967709885742673,0.0,0.005519677650825191
Urban,0.0,0.0,0.0,0.0,100.0,0.0,0.0
Water,0.0,0.0,0.0,0.0,0.0,100.0,0.0
Other,0.0,0.0,0.0,0.10775862068965517,0.0,0.0,99.89224137931035
