from_label,Crops,TreeCrops,Forest,Grassland,Urban,Water,Other
Crops,99.5876496027356,0.3218344564014885,0.08045861410037213,0.010057326762546516,0.0,0.0,0.0
TreeCrops,0.0,99.80997624703087,0.11876484560570072,0.023752969121140142,0.047505938242280284,0.0,0.0
Forest,0.010166734444896299,0.20841805612037412,99.71024806832045,0.06100040666937779,0.010166734444896299,0.0,0.0
Grassland,0.03537631555673477,0.9020960466967366,0.3891394711240824,98.60263553550898,0.061908552224285845,0.0,0.008844078889183692
Urban,0.0,0.0,0.0,0.0,100.0,0.0,0.0
Water,0.0,0.0,0.0,0.0,0.0,100.0,0.0
Other,0.10193679918450561,0.0,0.509683995922528,0.10193679918450561,0.10193679918450561,0.0,99.18450560652396
