from_label,Crops,TreeCrops,Forest,Grassland,Urban,Water,Other
Crops,99.88721419050547,0.020506510817184458,0.08202604326873783,0.010253255408592229,0.0,0.0,0.0
TreeCrops,0.0,99.89977951493285,0.06013229104028864,0.020044097013429546,0.020044097013429546,0.0,0.0
Forest,0.025329280648429587,0.010131712259371832,99.91894630192503,0.03546099290780142,0.010131712259371832,0.0,0.0
Grassland,0.028390271600264975,0.018926847733509982,0.5110248888047696,99.34702375319391,0.07570739093403993,0.0,0.018926847733509982
Urban,0.0,0.0,0.0,0.0,100.0,0.0,0.0
Water,0.0,0.0,0.0,0.0,0.0,100.0,0.0
Other,0.0,0.0,0.0,0.20100502512562815,0.10050251256281408,0.0,99.69849246231156
