from_label,Crops,TreeCrops,Forest,Grassland,Urban,Water,Other
Crops,99.85820335307365,0.0,0.025022937692885144,0.11051797481024273,0.0020852448077404288,0.0,0.0041704896154808576
TreeCrops,0.0,99.89228007181329,0.05385996409335727,0.017953321364452424,0.017953321364452424,0.0,0.017953321364452424
Forest,0.0048061548358235995,0.004621302726753461,99.95655975436851,0.03290367541448464,0.0,0.0,0.0011091126544208307
Grassland,0.007792727013996415,0.0067762843599968835,0.03591430710798348,99.94240158294002,0.003049327961998597,0.0,0.00406577061599813
Urban,0.0,0.0,0.0,0.0,100.0,0.0,0.0
Water,0.0,0.0,0.0,0.0,0.0,100.0,0.0
Other,0.0,0.0,0.0,0.03389064618165387,0.0,0.0,99.96610935381834
