from_label,Crops,TreeCrops,Forest,Grassland,Urban,Water,Other
Crops,99.84978719853125,0.004172577818576316,0.03129433363932237,0.10640073437369606,0.004172577818576316,0.0,0.004172577818576316
TreeCrops,0.0,100.0,0.0,0.0,0.0,0.0,0.0
Forest,0.004623088815083844,0.005547706578100614,99.95450880605958,0.034025933679017094,0.0001849235526033538,0.0,0.0011095413156201226
Grassland,0.007108932543000579,0.005754850153857611,0.03757578629871735,99.94245149846142,0.0030466853755716766,0.0,0.004062247167428902
Urban,0.0,0.0,0.0,0.0,100.0,0.0,0.0
Water,0.0,0.0,0.0,0.0,0.0,100.0,0.0
Other,0.0,0.0,0.0,0.03372681281618887,0.0,0.0,99.9662731871838
