from_label,Crops,TreeCrops,Forest,Grassland,Urban,Water,Other
Crops,99.20526511858935,0.0,0.11382921478538019,0.6519309574071774,0.022765842957076038,0.0,0.0062088662610207375
TreeCrops,0.08548469823901521,97.43545905282954,0.9574286202769703,1.4361429304154556,0.08548469823901521,0.0,0.0
Forest,0.004619936318797781,0.0,99.95768138331981,0.03511151602286314,0.00018479745275191127,0.0,0.0024023668857748462
Grassland,0.0027168376010323985,0.0,0.037016912314066425,99.95347415608232,0.003056442301161448,0.0,0.003735651701419548
Urban,0.0,0.0,0.0,0.0,100.0,0.0,0.0
Water,0.0,0.0,0.0,0.0,0.0,100.0,0.0
Other,0.0,0.0,0.0,0.034114168751421425,0.0,0.0,99.96588583124858
