from_label,Crops,TreeCrops,Forest,Grassland,Urban,Water,Other
Crops,99.87212276214834,0.0,0.018562824849434865,0.09900173253031927,0.004125072188763303,0.0,0.006187608283144954
TreeCrops,0.0,95.0449739624428,2.335489979485561,2.603755720372416,0.015780337699226762,0.0,0.0
Forest,0.00812242712890661,0.0,99.94443521441362,0.04615015414151483,0.00018460061656605934,0.0,0.0011076036993963561
Grassland,0.002044864323252152,0.0,0.0429421507882952,99.94785595975706,0.003748917925962279,0.0,0.003408107205420254
Urban,0.0,0.0,0.0,0.0,100.0,0.0,0.0
Water,0.0,0.0,0.0,0.0,0.0,100.0,0.0
Other,0.0,0.0,0.0,0.03453038674033149,0.0,0.0,99.96546961325967
