from_label,Crops,TreeCrops,Forest,Grassland,Urban,Water,Other
Crops,99.86152160882955,0.0,0.014467891614823388,0.11367629125932663,0.006200524977781452,0.0,0.004133683318520968
TreeCrops,0.0,100.0,0.0,0.0,0.0,0.0,0.0
Forest,0.004617623807729533,0.007942312949294797,99.94569674402109,0.040080974651092345,0.0001847049523091813,0.0,0.0014776396184734504
Grassland,0.0030580208489065877,0.026842627451513383,0.044511192356306996,99.91913233755115,0.0033978009432295416,0.0,0.0030580208489065877
Urban,0.0,0.0,0.0,0.0,100.0,0.0,0.0
Water,0.0,0.0,0.0,0.0,0.0,100.0,0.0
Other,0.0,0.0,0.0,0.03423875827436658,0.0,0.0,99.96576124172563
