from_label,Crops,TreeCrops,Forest,Grassland,Urban,Water,Other
Crops,99.84852534972823,0.004455136772698922,0.020048115477145148,0.12028869286287089,0.004455136772698922,0.0,0.002227568386349461
TreeCrops,0.0,99.98196898665705,0.0,0.018031013342949875,0.0,0.0,0.0
Forest,0.012623621999770138,0.009609025701317567,99.76504990098935,0.20894920593649374,0.0003768245373065713,0.0,0.0033914208357591416
Grassland,0.0019489125068211936,0.025011043837538657,0.03962788763869761,99.92594132474079,0.0029233687602317907,0.0,0.004547462515916118
Urban,0.0,0.0,0.0,0.0,100.0,0.0,0.0
Water,0.0,0.0,0.0,0.0,0.0,100.0,0.0
Other,0.0,0.0,0.0,0.010896807235480003,0.0,0.0,99.98910319276452
