from_label,Crops,TreeCrops,Forest,Grassland,Urban,Water,Other
Crops,99.85989725798919,0.0044477060955812045,0.028910089621277828,0.10229724019836768,0.0,0.0,0.0044477060955812045
TreeCrops,0.0,99.88629903354177,0.0,0.05685048322910744,0.0,0.0,0.05685048322910744
Forest,0.00892621754645266,0.003736556182235997,99.67097546950866,0.3003775997608604,0.0,0.0,0.01598415700178732
Grassland,0.002523956554294512,0.006450111194308197,0.04150506333728753,99.94531427465695,0.0,0.0,0.00420659425715752
Urban,0.018188432157148052,0.0,0.14550745725718442,0.5092761004001455,99.30883957802837,0.0,0.018188432157148052
Water,0.0,0.0,0.0,0.0,0.0,100.0,0.0
Other,0.0,0.0,0.0,0.057589469354175235,0.0,0.0,99.94241053064582
