from_label,Crops,TreeCrops,Forest,Grassland,Urban,Water,Other
Crops,99.86035557222952,0.0,0.03126367785906334,0.1000437691490027,0.0020842451906042227,0.0,0.006252735571812669
TreeCrops,0.0,99.9280963508898,0.0,0.03595182455509617,0.03595182455509617,0.0,0.0
Forest,0.0038811266356176535,0.00036963110815406224,99.9573076070082,0.0362238485990981,0.0007392622163081245,0.0,0.001478524432616249
Grassland,0.007795024740730698,0.0030502270724598384,0.03694163898868027,99.94509591269572,0.003389141191622043,0.0,0.0037280553107842474
Urban,0.0,0.0,0.0,0.0,100.0,0.0,0.0
Water,0.0,0.0,0.0,0.0,0.0,100.0,0.0
Other,0.0,0.0,0.0,0.03396354579418091,0.0,0.0,99.96603645420582
