from_label,Crops,TreeCrops,Forest,Grassland,Urban,Water,Other
Crops,99.91335918805181,0.0,0.010314382374783397,0.07013780014852711,0.0061886294248700395,0.0,0.0
TreeCrops,0.015748031496062992,99.90551181102362,0.0,0.07874015748031496,0.0,0.0,0.0
Forest,0.005346331679043117,0.00018435626479459025,99.94063728273615,0.051066685348101507,0.0012904938535621318,0.0,0.001474850118356722
Grassland,0.0020489773895345067,0.0,0.04302852518022463,99.94775107656687,0.0037564585474799284,0.0,0.003414962315890844
Urban,0.0,0.0,0.0,0.0,100.0,0.0,0.0
Water,0.0,0.0,0.0,0.0,0.0,100.0,0.0
Other,0.0,0.0,0.0,0.034798747245099175,0.0,0.0,99.9652012527549
