from_label,Crops,TreeCrops,Forest,Grassland,Urban,Water,Other
Crops,99.86773333333333,0.0,0.023466666666666667,0.10239999999999999,0.0021333333333333334,0.0,0.004266666666666667
TreeCrops,0.0,98.93577981651376,0.5321100917431192,0.5137614678899083,0.01834862385321101,0.0,0.0
Forest,0.007599911025431897,0.0,99.78738785497146,0.20390005190183141,0.0,0.0,0.0011121821012827168
Grassland,0.007055384770448017,0.0,0.0423323086226881,99.94456483394649,0.003023736330192007,0.0,0.003023736330192007
Urban,0.0,0.0,0.0,0.0,100.0,0.0,0.0
Water,0.0,0.0,0.0,0.0,0.0,100.0,0.0
Other,0.0,0.0,0.0,0.0447527411053927,0.0,0.0,99.9552472588946
