from_label,Crops,TreeCrops,Forest,Grassland,Urban,Water,Other
Crops,99.88326523805553,0.0,0.03126823980655382,0.07921287417660303,0.0020845493204369216,0.0,0.004169098640873843
TreeCrops,0.28075100894893845,97.59606948587472,1.1580979119143708,0.9299877171433584,0.035093876118617306,0.0,0.0
Forest,0.0036960105262379785,0.00018480052631189892,99.95472387105359,0.04010171420968207,0.00018480052631189892,0.0,0.0011088031578713935
Grassland,0.00915518030618992,0.0,0.04068969024973298,99.94405167590662,0.003051726768729973,0.0,0.003051726768729973
Urban,0.0,0.0,0.0,0.0,100.0,0.0,0.0
Water,0.0,0.0,0.0,0.0,0.0,100.0,0.0
Other,0.0,0.0,0.0,0.022680880018144705,0.0,0.0,99.97731911998186
