from_label,Crops,TreeCrops,Forest,Grassland,Urban,Water,Other
Crops,96.35517556164139,0.008906107363124263,0.31839333823169236,3.0792866208002136,0.060116224701088766,0.0,0.17812214726248526
TreeCrops,0.05244755244755245,98.63636363636363,0.17482517482517482,0.6818181818181818,0.2972027972027972,0.0,0.15734265734265734
Forest,0.007384909033069244,0.006816839107448533,99.487790283732,0.4720661081908109,0.0051126293305864,0.0,0.02082923060609274
Grassland,0.0029012604364785145,0.00257889816575868,0.030302053447664484,99.95712581799427,0.001611811353599175,0.0,0.005480158602237195
Urban,0.0,0.0,0.0,0.0,100.0,0.0,0.0
Water,0.0,0.0,0.0,0.0,0.0,100.0,0.0
Other,0.0,0.0,0.0,0.06482281763180639,0.0,0.0,99.9351771823682
