from_label,Crops,TreeCrops,Forest,Grassland,Urban,Water,Other
Crops,99.85344507286463,0.0,0.022705692936465342,0.11352846468232672,0.006192461709945094,0.0,0.004128307806630062
TreeCrops,0.0,96.24771708450938,1.2120205877469699,2.5402623277436494,0.0,0.0,0.0
Forest,0.00572419358114783,0.0,99.95088272604563,0.04136191490893916,0.0001846514058434784,0.0,0.001846514058434784
Grassland,0.002382127239624985,0.0,0.044579809770124726,99.94691259294551,0.0030627350223749812,0.0,0.0030627350223749812
Urban,0.0,0.0,0.0,0.0,100.0,0.0,0.0
Water,0.0,0.0,0.0,0.0,0.0,100.0,0.0
Other,0.0,0.0,0.0,0.0343918376705262,0.0,0.0,99.96560816232947
