from_label,Crops,TreeCrops,Forest,Grassland,Urban,Water,Other
Crops,97.24991958829206,0.0,0.418140881312319,1.9459633322611771,0.0321646831778707,0.0,0.3538115149565777
TreeCrops,0.0,100.0,0.0,0.0,0.0,0.0,0.0
Forest,0.3193710846333374,0.0,97.22392826434098,2.4198501412602873,0.036850509765385085,0.0,0.0
Grassland,1.109350237717908,0.0,1.8551319101333084,95.10580777477394,0.13983406357788758,0.0,1.7898760137969612
Urban,0.6172839506172839,0.0,0.0,4.938271604938271,94.44444444444444,0.0,0.0
Water,0.0,0.0,0.0,0.0,0.0,100.0,0.0
Other,1.165614375910636,0.0,0.1457017969888295,8.936376881981545,0.0,0.0,89.75230694511899
