from_label,Crops,TreeCrops,Forest,Grassland,Urban,Water,Other
Crops,97.35138316656857,0.0,0.3237198351971748,2.2954679223072394,0.014714537963507945,0.0,0.014714537963507945
TreeCrops,0.0,0.0,0.0,0.0,0.0,0.0,0.0
Forest,0.11822077730161075,0.0,96.7932614156938,3.0885178070045813,0.0,0.0,0.0
Grassland,1.1636580635536327,0.01491869312248247,1.394897806952111,97.05355810830972,0.08205281217365358,0.0,0.29091451588840817
Urban,0.0,0.0,0.0,4.37956204379562,95.62043795620438,0.0,0.0
Water,0.0,0.0,0.0,0.0,0.0,100.0,0.0
Other,0.0,0.0,0.0,3.287671232876712,0.0,0.0,96.7123287671233
