from_label,Crops,TreeCrops,Forest,Grassland,Urban,Water,Other
Crops,97.21178564366225,0.0,0.2570694087403599,2.4915958077911804,0.019774569903104607,0.0,0.019774569903104607
TreeCrops,0.0,0.0,0.0,0.0,0.0,0.0,0.0
Forest,0.2897068847989093,0.0,97.25630538513974,2.4539877300613497,0.0,0.0,0.0
Grassland,1.897335134471325,0.0,1.0868230381923125,96.88689672111016,0.03070121576814442,0.0,0.09824389045806213
Urban,0.9615384615384616,0.0,0.0,5.769230769230769,93.26923076923077,0.0,0.0
Water,0.0,0.0,0.0,0.0,0.0,100.0,0.0
Other,1.282051282051282,0.0,0.0,8.333333333333332,0.0,0.0,90.38461538461539
