from_label,Crops,TreeCrops,Forest,Grassland,Urban,Water,Other
Crops,97.32053589282144,0.0,0.21995600879824037,2.4195160967806437,0.01999600079984003,0.0,0.01999600079984003
TreeCrops,0.0,0.0,0.0,0.0,0.0,0.0,0.0
Forest,0.29025098173126174,0.0,96.96090148540209,2.7488475328666553,0.0,0.0,0.0
Grassland,1.0455518190155915,0.0,1.088352185875879,97.72546621828188,0.042800366860287375,0.0,0.09782940996637113
Urban,0.9708737864077669,0.0,0.0,5.825242718446602,93.20388349514563,0.0,0.0
Water,0.0,0.0,0.0,0.0,0.0,100.0,0.0
Other,0.6451612903225806,0.0,0.0,9.67741935483871,0.0,0.0,89.6774193548387
