from_label,Crops,TreeCrops,Forest,Grassland,Urban,Water,Other
Crops,97.303803562831,0.0,0.4333172845450169,1.8937570213448884,0.03209757663296421,0.0,0.33702455464612424
TreeCrops,0.0,0.0,0.0,0.0,0.0,0.0,0.0
Forest,0.29750836742283376,0.0,97.14887814553119,2.5288211230940867,0.02479236395190282,0.0,0.0
Grassland,1.0884353741496597,0.0,1.9410430839002266,95.31972789115646,0.14512471655328799,0.0,1.5056689342403629
Urban,0.641025641025641,0.0,0.0,3.5256410256410255,95.83333333333334,0.0,0.0
Water,0.0,0.0,0.0,0.0,0.0,100.0,0.0
Other,1.1982570806100217,0.0,0.2178649237472767,8.932461873638346,0.0,0.0,89.65141612200436
