from_label,Crops,TreeCrops,Forest,Grassland,Urban,Water,Other
Crops,97.35634003482666,0.0,0.36409688143105906,1.9787873990818425,0.031660598385309484,0.0,0.2691150862751306
TreeCrops,0.0,0.0,0.0,0.0,0.0,0.0,0.0
Forest,0.03798910978852729,0.0,97.31543624161074,2.621248575408383,0.0,0.0,0.025326073192351528
Grassland,1.0509087776724955,0.0,1.8089413386165907,95.77913687656128,0.12921009561547075,0.0,1.2318029115341544
Urban,0.3676470588235294,0.0,0.3676470588235294,1.1029411764705883,98.16176470588235,0.0,0.0
Water,0.0,0.0,0.0,0.0,0.0,100.0,0.0
Other,0.0,0.0,0.0,1.8168604651162792,0.0,0.0,98.18313953488372
