from_label,Crops,TreeCrops,Forest,Grassland,Urban,Water,Other
Crops,97.25656223539373,0.0,0.22015241320914478,2.472480948348857,0.0,0.0,0.05080440304826418
TreeCrops,0.0,0.0,0.0,0.0,0.0,0.0,0.0
Forest,0.23186485591255385,0.0,97.49917191122888,2.252401457436237,0.0,0.0,0.016561775422325273
Grassland,1.546324203905124,0.0,1.1990564801467698,97.06460490106146,0.03931332721792687,0.0,0.1507010876687197
Urban,0.9523809523809524,0.0,0.0,5.714285714285714,93.33333333333333,0.0,0.0
Water,0.0,0.0,0.0,0.0,0.0,100.0,0.0
Other,1.2422360248447204,0.0,0.0,9.316770186335404,0.0,0.0,89.44099378881988
