from_label,Crops,TreeCrops,Forest,Grassland,Urban,Water,Other
Crops,91.78148029477732,0.0,1.0092918936238384,6.0397308554950335,0.08010253123998719,0.0,1.0893944248638257
TreeCrops,0.0,0.0,0.0,0.0,0.0,0.0,0.0
Forest,0.22530980097634246,0.0,97.22117912129178,2.465890599574415,0.012517211165352359,0.0,0.07510326699211416
Grassland,1.0752688172043012,0.0,1.568100358422939,95.42114695340503,0.11648745519713263,0.0,1.8189964157706093
Urban,0.6472491909385114,0.0,0.3236245954692557,4.207119741100324,94.49838187702265,0.0,0.3236245954692557
Water,0.0,0.0,0.0,0.0,0.0,100.0,0.0
Other,0.9034443817052512,0.0,0.0,9.42970073404856,0.0,0.0,89.66685488424618
