from_label,Crops,TreeCrops,Forest,Grassland,Urban,Water,Other
Crops,97.3076923076923,0.0,0.4006410256410256,1.971153846153846,0.03205128205128205,0.0,0.2884615384615385
TreeCrops,0.0,0.0,0.0,0.0,0.0,0.0,0.0
Forest,0.3009027081243731,0.0,97.21664994984955,2.482447342026078,0.0,0.0,0.0
Grassland,1.1010652582579894,0.0,1.853012263897592,95.48831796616238,0.13427625100707188,0.0,1.423328260674962
Urban,0.6600660066006601,0.0,0.0,2.9702970297029703,96.36963696369637,0.0,0.0
Water,0.0,0.0,0.0,0.0,0.0,100.0,0.0
Other,1.1791128579449746,0.0,0.16844469399213924,9.152161706906233,0.0,0.0,89.50028074115666
