from_label,Crops,TreeCrops,Forest,Grassland,Urban,Water,Other
Crops,97.34020618556701,0.0,0.24742268041237112,2.3917525773195876,0.020618556701030927,0.0,0.0
TreeCrops,0.0,0.0,0.0,0.0,0.0,0.0,0.0
Forest,0.22460262612301313,0.0,97.32204561161024,2.4533517622667587,0.0,0.0,0.0
Grassland,0.7478890229191798,0.0,1.037394451145959,98.08805790108565,0.03618817852834741,0.0,0.09047044632086852
Urban,0.9900990099009901,0.0,0.0,5.9405940594059405,93.06930693069307,0.0,0.0
Water,0.0,0.0,0.0,0.0,0.0,100.0,0.0
Other,0.6578947368421052,0.0,0.0,9.868421052631579,0.0,0.0,89.47368421052632
