from_label,Crops,TreeCrops,Forest,Grassland,Urban,Water,Other
Crops,96.24622236360744,0.01590583744234134,0.5407984730396056,2.624463177986321,0.04771751232702402,0.0,0.5248926355972642
TreeCrops,0.0,0.0,0.0,0.0,0.0,0.0,0.0
Forest,0.30723854000245787,0.0,97.28401130637828,2.384171070419073,0.02457908320019663,0.0,0.0
Grassland,1.0854308973519229,0.009357162908206233,1.7872181154673903,95.17170393936559,0.14035744362309346,0.0,1.8059324412838025
Urban,0.625,0.0,0.0,4.375,95.0,0.0,0.0
Water,0.0,0.0,0.0,0.0,0.0,100.0,0.0
Other,1.1764705882352942,0.0,0.0,8.970588235294118,0.0,0.0,89.8529411764706
