from_label,Crops,TreeCrops,Forest,Grassland,Urban,Water,Other
Crops,97.54474190208549,0.0,0.16269782576541933,2.262978849282651,0.014790711433219937,0.0,0.014790711433219937
TreeCrops,0.0,0.0,0.0,0.0,0.0,0.0,0.0
Forest,0.29459419649432905,0.0,96.81838267786125,2.8870231256444248,0.0,0.0,0.0
Grassland,1.1872959335114277,0.0,1.4470169189670525,97.03176016622143,0.07420599584446423,0.0,0.25972098545562483
Urban,0.0,0.0,0.0,6.153846153846154,93.84615384615384,0.0,0.0
Water,0.0,0.0,0.0,0.0,0.0,100.0,0.0
Other,0.6349206349206349,0.0,0.0,4.1269841269841265,0.0,0.0,95.23809523809523
