from_label,Crops,TreeCrops,Forest,Grassland,Urban,Water,Other
Crops,97.43475018642805,0.0,0.19388516032811334,2.296793437733035,0.014914243102162566,0.0,0.05965697240865026
TreeCrops,0.0,0.0,0.0,0.0,0.0,0.0,0.0
Forest,0.12219337100962271,0.0,98.30456697724148,1.5732396517488927,0.0,0.0,0.0
Grassland,1.4091631738690562,0.0,1.3802572626102037,96.94319988437636,0.07226477814713109,0.0,0.19511490099725393
Urban,0.0,0.0,0.0,5.88235294117647,94.11764705882352,0.0,0.0
Water,0.0,0.0,0.0,0.0,0.0,100.0,0.0
Other,0.38167938931297707,0.0,0.38167938931297707,4.961832061068702,0.0,0.0,94.27480916030534
