from_label,Crops,TreeCrops,Forest,Grassland,Urban,Water,Other
Crops,97.12680577849117,0.0,0.40128410914927765,2.134831460674157,0.03210272873194221,0.0,0.30497592295345105
TreeCrops,0.0,0.0,0.0,100.0,0.0,0.0,0.0
Forest,0.2860696517412935,0.0,97.08955223880596,2.6243781094527363,0.0,0.0,0.0
Grassland,1.1068118419868622,0.0,1.889678754611716,95.38378475659138,0.13497705390083686,0.0,1.4847475929092053
Urban,0.6514657980456027,0.0,0.32573289902280134,3.908794788273615,95.11400651465797,0.0,0.0
Water,0.0,0.0,0.0,0.0,0.0,100.0,0.0
Other,1.292134831460674,0.0,0.5056179775280899,8.764044943820224,0.0,0.0,89.43820224719101
