from_label,Crops,TreeCrops,Forest,Grassland,Urban,Water,Other
Crops,97.23313944348374,0.0,0.22009118063197614,2.499606980034586,0.0,0.0,0.04716239584970917
TreeCrops,0.0,0.0,0.0,0.0,0.0,0.0,0.0
Forest,0.09555661729574773,0.0,97.72256728778468,2.150023889154324,0.0,0.0,0.03185220576524924
Grassland,1.6329061595700702,0.0,1.3297505856414495,96.74107758026733,0.06200909466721786,0.0,0.23425657985393414
Urban,0.9345794392523363,0.0,0.0,5.607476635514018,93.45794392523365,0.0,0.0
Water,0.0,0.0,0.0,0.0,0.0,100.0,0.0
Other,1.4285714285714286,0.0,0.0,8.571428571428571,0.0,0.0,90.0
