from_label,Crops,TreeCrops,Forest,Grassland,Urban,Water,Other
Crops,97.46854403834632,0.0,0.14979029358897544,2.306770521270222,0.014979029358897543,0.0,0.05991611743559017
TreeCrops,0.0,0.0,0.0,0.0,0.0,0.0,0.0
Forest,0.04645401052957572,0.0,97.83214617528647,2.121399814183958,0.0,0.0,0.0
Grassland,1.4234620886981402,0.0,1.2732474964234621,97.06723891273248,0.06437768240343347,0.0,0.17167381974248927
Urban,0.0,0.0,0.0,6.1946902654867255,93.80530973451327,0.0,0.0
Water,0.0,0.0,0.0,0.0,0.0,100.0,0.0
Other,0.0,0.0,0.0,5.737704918032787,0.0,0.0,94.26229508196722
