from_label,Crops,TreeCrops,Forest,Grassland,Urban,Water,Other
Crops,97.30596536241181,0.0,0.4169339320076972,1.9884541372674793,0.032071840923669014,0.0,0.2565747273893521
TreeCrops,0.0,0.0,0.0,0.0,0.0,0.0,0.0
Forest,0.3019247704113725,0.0,97.0813938860234,2.616681343565228,0.0,0.0,0.0
Grassland,1.097928103417744,0.0,1.8151230741986897,95.59057906853197,0.1328138834779529,0.0,1.3635558703736497
Urban,0.6711409395973155,0.0,0.0,3.691275167785235,95.63758389261746,0.0,0.0
Water,0.0,0.0,0.0,0.0,0.0,100.0,0.0
Other,1.1806375442739079,0.0,0.23612750885478156,8.146399055489963,0.0,0.0,90.43683589138135
