from_label,Crops,TreeCrops,Forest,Grassland,Urban,Water,Other
Crops,97.06976744186046,0.0,0.40310077519379844,2.310077519379845,0.0310077519379845,0.0,0.18604651162790697
TreeCrops,0.0,0.0,0.0,0.0,0.0,0.0,0.0
Forest,0.0,0.0,98.44317592112091,1.5568240788790866,0.0,0.0,0.0
Grassland,1.082791937364651,0.0,1.707479593536565,96.24354489421955,0.09995002498750624,0.0,0.8662335498917209
Urban,0.0,0.0,0.43103448275862066,0.8620689655172413,98.70689655172413,0.0,0.0
Water,0.0,0.0,0.0,0.0,0.0,100.0,0.0
Other,0.0,0.0,0.0,3.441860465116279,0.0,0.0,96.55813953488372
