from_label,Crops,TreeCrops,Forest,Grassland,Urban,Water,Other
Crops,97.09461515059324,0.0,0.36507453605111045,2.357773045330088,0.0152114390021296,0.0,0.1673258290234256
TreeCrops,0.0,0.0,0.0,0.0,0.0,0.0,0.0
Forest,0.2461033634126333,0.0,96.92370795734209,2.816516270166803,0.0,0.0,0.013672409078479627
Grassland,1.097852028639618,0.0,1.5274463007159904,96.65075576770089,0.08750994431185362,0.0,0.6364359586316627
Urban,0.0,0.0,0.0,1.5544041450777202,98.44559585492227,0.0,0.0
Water,0.0,0.0,0.0,0.0,0.0,100.0,0.0
Other,1.2195121951219512,0.0,0.12195121951219512,1.951219512195122,0.0,0.0,96.70731707317073
