from_label,Crops,TreeCrops,Forest,Grassland,Urban,Water,Other
Crops,97.56637168141593,0.0,0.04424778761061947,2.3008849557522124,0.014749262536873156,0.0,0.07374631268436578
TreeCrops,0.0,100.0,0.0,0.0,0.0,0.0,0.0
Forest,0.16274596833851163,0.0,98.0322532919071,1.7902056517236278,0.0,0.0,0.014795088030773782
Grassland,1.1049723756906076,0.0,1.4484097357025534,97.02852023294012,0.08959235478572496,0.0,0.3285053008809915
Urban,0.0,0.0,0.0,4.195804195804196,95.8041958041958,0.0,0.0
Water,0.0,0.0,0.0,0.0,0.0,100.0,0.0
Other,0.0,0.0,0.2544529262086514,1.5267175572519083,0.0,0.0,98.21882951653944
