from_label,Crops,TreeCrops,Forest,Grassland,Urban,Water,Other
Crops,97.24186704384724,0.0,0.24752475247524752,2.457567185289957,0.01768033946251768,0.0,0.03536067892503536
TreeCrops,0.0,0.0,0.0,0.0,0.0,0.0,0.0
Forest,0.25100401606425704,0.0,97.12182061579652,2.627175368139224,0.0,0.0,0.0
Grassland,1.6882783412504814,0.0,1.1490563615354987,97.0086018744383,0.038515855693927334,0.0,0.11554756708178199
Urban,0.0,0.0,0.0,6.666666666666667,93.33333333333333,0.0,0.0
Water,0.0,0.0,0.0,0.0,0.0,100.0,0.0
Other,1.9230769230769231,0.0,0.0,8.333333333333332,0.0,0.0,89.74358974358975
