from_label,Crops,TreeCrops,Forest,Grassland,Urban,Water,Other
Crops,97.35339906590555,0.0,0.2594706798131811,2.33523611831863,0.01729804532087874,0.0,0.03459609064175748
TreeCrops,0.0,0.0,0.0,0.0,0.0,0.0,0.0
Forest,0.25012506253126565,0.0,97.39869934967483,2.351175587793897,0.0,0.0,0.0
Grassland,1.6787658802177858,0.0,1.17967332123412,96.99896292455276,0.0388903292714545,0.0,0.10370754472387865
Urban,0.9523809523809524,0.0,0.0,5.714285714285714,93.33333333333333,0.0,0.0
Water,0.0,0.0,0.0,0.0,0.0,100.0,0.0
Other,1.25,0.0,0.0,9.375,0.0,0.0,89.375
