from_label,Crops,TreeCrops,Forest,Grassland,Urban,Water,Other
Crops,97.14514835605453,0.0,0.3368083400160385,2.2293504410585405,0.03207698476343224,0.0,0.2566158781074579
TreeCrops,0.0,0.0,0.0,0.0,0.0,0.0,0.0
Forest,0.2367306254672315,0.0,97.03463742835784,2.716172439571393,0.0124595066035385,0.0,0.0
Grassland,1.135851437843685,0.009014693951140358,1.9021004236906156,95.33038853330929,0.10817632741368431,0.0,1.5144685837915803
Urban,0.6472491909385114,0.0,0.6472491909385114,4.207119741100324,94.49838187702265,0.0,0.0
Water,0.0,0.0,0.0,0.0,0.0,100.0,0.0
Other,1.4380530973451326,0.0,0.995575221238938,9.29203539823009,0.0,0.0,88.27433628318585
