from_label,Crops,TreeCrops,Forest,Grassland,Urban,Water,Other
Crops,99.80639256547451,0.0,0.056322162771050406,0.13728527175443536,0.0,0.0,0.0
TreeCrops,0.0948316737790422,98.29302987197724,1.5173067804646752,0.0948316737790422,0.0,0.0,0.0
Forest,0.036707534388285626,0.0,99.4874293379963,0.4751957178992612,0.0006674097161506477,0.0,0.0
Grassland,0.016711188878212296,0.0,0.05332835274370689,99.92996045837808,0.0,0.0,0.0
Urban,0.0,0.0,0.0,0.0,100.0,0.0,0.0
Water,0.0,0.0,0.0,0.0,0.0,100.0,0.0
Other,0.0,0.0,0.0,0.11682242990654204,0.0,0.0,99.88317757009347
