from_label,Crops,TreeCrops,Forest,Grassland,Urban,Water,Other
Crops,99.89843591306115,0.002901831055395955,0.04642929688633528,0.05223295899712719,0.0,0.0,0.0
TreeCrops,0.0,99.95355318160706,0.0,0.046446818392940084,0.0,0.0,0.0
Forest,0.1796337507818068,0.015999767276112346,99.43273552384693,0.3709036959462408,0.0,0.0,0.0007272621489141976
Grassland,0.02141301570693368,0.0009733188957697127,0.031146204664630806,99.94622413100872,0.0,0.0,0.00024332972394242817
Urban,0.0,0.0,0.0,0.0,100.0,0.0,0.0
Water,0.0,0.0,0.0,0.0,0.0,100.0,0.0
Other,0.0,0.0,0.0,0.0,0.0,0.0,100.0
