from_label,Crops,TreeCrops,Forest,Grassland,Urban,Water,Other
Crops,99.83942472161134,0.003490766921492652,0.048870736900897126,0.10821377456627221,0.0,0.0,0.0
TreeCrops,0.0,100.0,0.0,0.0,0.0,0.0,0.0
Forest,0.04987430327620255,0.15366677225640785,99.45812243467476,0.33833648979261727,0.0,0.0,0.0
Grassland,0.020587327029689864,0.0007352616796317809,0.03235151390379836,99.94608081016032,0.0,0.0,0.00024508722654392696
Urban,0.0,0.0,0.0,0.0,100.0,0.0,0.0
Water,0.0,0.0,0.0,0.0,0.0,100.0,0.0
Other,0.0,0.0,0.0,0.0,0.0,0.0,100.0
