from_label,Crops,TreeCrops,Forest,Grassland,Urban,Water,Other
Crops,99.85665365931354,0.0,0.05043667542672082,0.09290966525974888,0.0,0.0,0.0
TreeCrops,0.0,99.49285384970032,0.16136468418626093,0.3457814661134163,0.0,0.0,0.0
Forest,0.053221880454264396,0.014870819538691526,99.50926295522318,0.4202963206461762,0.0007826747125627119,0.0,0.0015653494251254237
Grassland,0.010050756319413037,0.00023930372189078655,0.033741824786600906,99.9557288114502,0.0,0.0,0.00023930372189078655
Urban,0.0,0.0,0.0,0.0,100.0,0.0,0.0
Water,0.0,0.0,0.0,0.0,0.0,100.0,0.0
Other,0.0,0.0,0.0,0.0,0.0,0.0,100.0
