from_label,Crops,TreeCrops,Forest,Grassland,Urban,Water,Other
Crops,99.81757282134099,0.005981218972426581,0.10467133201746516,0.07177462766911898,0.0,0.0,0.0
TreeCrops,0.0,99.92410827219832,0.0,0.07589172780166961,0.0,0.0,0.0
Forest,0.04182528373847146,0.004253418685268285,99.6264080588106,0.3275132387656579,0.0,0.0,0.0
Grassland,0.02446225840462043,0.0007338677521386129,0.03008857783768313,99.94447067342152,0.0,0.0,0.0002446225840462043
Urban,0.0,0.0,0.0,0.0,100.0,0.0,0.0
Water,0.0,0.0,0.0,0.0,0.0,100.0,0.0
Other,0.0,0.0,0.0,0.0,0.0,0.0,100.0
