from_label,Crops,TreeCrops,Forest,Grassland,Urban,Water,Other
Crops,99.84060116133439,0.0,0.10247068199931686,0.05692815666628715,0.0,0.0,0.0
TreeCrops,0.020496003279360527,90.03894240623079,5.738880918220947,4.201680672268908,0.0,0.0,0.0
Forest,0.16022801110520407,0.001476755862720775,99.40855927698034,0.4297359560517455,0.0,0.0,0.0
Grassland,0.018941831577975993,0.0,0.03181256329121609,99.94900276113621,0.0,0.0,0.00024284399458943579
Urban,0.0,0.0,0.0,0.0,100.0,0.0,0.0
Water,0.0,0.0,0.0,0.0,0.0,100.0,0.0
Other,0.0,0.0,0.0,0.0,0.0,0.0,100.0
