from_label,Crops,TreeCrops,Forest,Grassland,Urban,Water,Other
Crops,99.7382123644314,0.1409625729984753,0.06041253128506084,0.06041253128506084,0.0,0.0,0.0
TreeCrops,0.0,99.97691064419303,0.0,0.023089355806972987,0.0,0.0,0.0
Forest,0.17170078763169816,0.11398009732146772,99.31758069937018,0.39673841567664725,0.0,0.0,0.0
Grassland,0.018965458550747192,0.02139692759571478,0.03160909758457865,99.92778536936446,0.0,0.0,0.00024314690449675884
Urban,0.0,0.0,0.0,0.0,100.0,0.0,0.0
Water,0.0,0.0,0.0,0.0,0.0,100.0,0.0
Other,0.0,0.0,0.0,0.0,0.0,0.0,100.0
