from_label,Crops,TreeCrops,Forest,Grassland,Urban,Water,Other
Crops,99.8242394479051,0.0,0.06720256403628938,0.1085579880586213,0.0,0.0,0.0
TreeCrops,0.0,99.5850622406639,0.15560165975103735,0.2593360995850622,0.0,0.0,0.0
Forest,0.06433575320487363,0.007148417022763738,99.46784006608314,0.4590872265730489,0.0015885371161697194,0.0,0.0
Grassland,0.00997345162163574,0.0,0.03395722814033121,99.95583185710419,0.0,0.0,0.00023746313384847003
Urban,0.0,0.0,0.0,0.0,100.0,0.0,0.0
Water,0.0,0.0,0.0,0.0,0.0,100.0,0.0
Other,0.0,0.0,0.0,0.0,0.0,0.0,100.0
