from_label,Crops,TreeCrops,Forest,Grassland,Urban,Water,Other
Crops,99.7914743786962,0.0,0.09913513143951047,0.10939048986428743,0.0,0.0,0.0
TreeCrops,0.10574550581600281,99.894254494184,0.0,0.0,0.0,0.0,0.0
Forest,0.03716167392695666,0.008258149761545926,99.5870925119227,0.3674876643887937,0.0,0.0,0.0
Grassland,0.016591314446887055,0.000731969755009723,0.03391459864878383,99.94851812723098,0.0,0.0,0.0002439899183365743
Urban,0.0,0.0,0.0,0.0,100.0,0.0,0.0
Water,0.0,0.0,0.0,0.0,0.0,100.0,0.0
Other,0.0,0.0,0.0,0.0,0.0,0.0,100.0
