from_label,Crops,TreeCrops,Forest,Grassland,Urban,Water,Other
Crops,99.77625016848631,0.0,0.016174686615446826,0.20757514489823425,0.0,0.0,0.0
TreeCrops,0.0,99.95242626070409,0.04757373929590866,0.0,0.0,0.0,0.0
Forest,0.09159570586911128,0.009314817546011317,99.37202605043973,0.5262871913496394,0.0007762347955009431,0.0,0.0
Grassland,0.11760000191608963,0.012694093893182793,0.07233238407058874,99.79665498650354,0.0004790224110635016,0.0,0.0002395112055317508
Urban,0.0,0.0,0.0,0.0,100.0,0.0,0.0
Water,0.0,0.0,0.0,0.0,0.0,100.0,0.0
Other,0.0,0.0,0.0,4.646017699115045,0.0,0.0,95.35398230088495
