from_label,Crops,TreeCrops,Forest,Grassland,Urban,Water,Other
Crops,99.79895352733459,0.0,0.08505812305075135,0.11598834961466092,0.0,0.0,0.0
TreeCrops,1.0432968179447053,15.440792905581638,62.59780907668232,20.91810119979134,0.0,0.0,0.0
Forest,0.040826128722382324,0.0,99.71661863592699,0.2425552353506244,0.0,0.0,0.0
Grassland,0.007819979336297026,0.0,0.042654432743438324,99.94905164977868,0.00023696907079687958,0.0,0.00023696907079687958
Urban,0.0,0.0,0.0,0.0,100.0,0.0,0.0
Water,0.0,0.0,0.0,0.0,0.0,100.0,0.0
Other,0.0,0.0,0.0,0.0,0.0,0.0,100.0
