from_label,Crops,TreeCrops,Forest,Grassland,Urban,Water,Other
Crops,99.78324445209014,0.003440564252537416,0.11009805608119731,0.1032169275761225,0.0,0.0,0.0
TreeCrops,0.0,99.96206373292867,0.0,0.03793626707132018,0.0,0.0,0.0
Forest,0.04717529382003651,0.0,99.60208665212666,0.35073805405331493,0.0,0.0,0.0
Grassland,0.020034547378039693,0.0,0.03225073480367365,99.94747039406977,0.0,0.0,0.00024432374851267915
Urban,0.0,0.0,0.0,0.0,100.0,0.0,0.0
Water,0.0,0.0,0.0,0.0,0.0,100.0,0.0
Other,0.0,0.0,0.0,0.0,0.0,0.0,100.0
