from_label,Crops,TreeCrops,Forest,Grassland,Urban,Water,Other
Crops,99.7993775560071,0.0,0.09259497415056972,0.10802746984233133,0.0,0.0,0.0
TreeCrops,0.3861003861003861,98.84169884169884,0.0,0.7722007722007722,0.0,0.0,0.0
Forest,0.0406164138095807,0.0,99.71648150360372,0.242105682315932,0.0007964002707760921,0.0,0.0
Grassland,0.00780289416438097,0.0,0.03830511680696112,99.95341908635203,0.00023645133831457486,0.0,0.00023645133831457486
Urban,0.0,0.0,0.0,0.0,100.0,0.0,0.0
Water,0.0,0.0,0.0,0.0,0.0,100.0,0.0
Other,0.0,0.0,0.0,0.0,0.0,0.0,100.0
