from_label,Crops,TreeCrops,Forest,Grassland,Urban,Water,Other
Crops,99.8209773493475,0.0016888929306839366,0.07184290697447822,0.10549085074733511,0.0,0.0,0.0
TreeCrops,0.6744840815568826,77.13560842795705,14.733455029237957,7.447170570217505,0.009281891030599301,0.0,0.0
Forest,0.06426465641756199,0.09995844957559209,99.49660671534002,0.3382995983458974,0.0004748619932332166,0.0,0.00039571832769434717
Grassland,0.016109584110370476,0.010648708140753365,0.038950291426769,99.93393527223714,0.00018994351198668212,0.0,0.00016620057298834685
Urban,0.0,0.0,0.0,0.0,100.0,0.0,0.0
Water,0.0,0.0,0.0,0.0,0.0,100.0,0.0
Other,0.0,0.0,0.0,0.23492560689115116,0.0,0.0,99.76507439310885
