from_label,Crops,TreeCrops,Forest,Grassland,Urban,Water,Other
Crops,99.82469870089216,0.0,0.04695570511817186,0.12834559398966974,0.0,0.0,0.0
TreeCrops,0.0,95.90551181102363,2.099737532808399,1.9947506561679789,0.0,0.0,0.0
Forest,0.04834336399750576,0.0007006284637319676,99.48643933608446,0.46381604299056256,0.0,0.0,0.0007006284637319676
Grassland,0.0073391443047017,0.0,0.034983254519078105,99.95718832488923,0.0,0.0,0.0004892762869801134
Urban,0.0,0.0,0.0,0.0,100.0,0.0,0.0
Water,0.0,0.0,0.0,0.0,0.0,100.0,0.0
Other,0.0,0.0,0.0,0.0,0.0,0.0,100.0
