from_label,Crops,TreeCrops,Forest,Grassland,Urban,Water,Other
Crops,99.81463841618825,0.0,0.0926807919058775,0.0926807919058775,0.0,0.0,0.0
TreeCrops,0.36101083032490977,96.38989169675091,0.0,3.2490974729241873,0.0,0.0,0.0
Forest,0.040527332109566834,0.0,99.71789798237458,0.24157468551584937,0.0,0.0,0.0
Grassland,0.007807583292718127,0.0,0.042586817960280694,99.94913241188078,0.00023659343311267054,0.0,0.00023659343311267054
Urban,0.0,0.0,0.0,0.0,100.0,0.0,0.0
Water,0.0,0.0,0.0,0.0,0.0,100.0,0.0
Other,0.0,0.0,0.0,0.0,0.0,0.0,100.0
