from_label,Crops,TreeCrops,Forest,Grassland,Urban,Water,Other
Crops,99.8592730913913,0.0,0.005412573408026846,0.13531433520067115,0.0,0.0,0.0
TreeCrops,0.0,98.87726460831846,0.35723398826231184,0.7655014034192397,0.0,0.0,0.0
Forest,0.015323556904028564,0.26969460151090274,98.96642608682328,0.7485557547617953,0.0,0.0,0.0
Grassland,0.039659266808318355,0.012498678024439722,0.07258847621886146,99.87429214217727,0.0007210775783330609,0.0,0.00024035919277768696
Urban,0.0,0.0,0.0,0.0,100.0,0.0,0.0
Water,0.0,0.0,0.0,0.0,0.0,100.0,0.0
Other,0.29895366218236175,0.0,0.4484304932735426,16.741405082212257,0.0,0.0,82.51121076233184
