from_label,Crops,TreeCrops,Forest,Grassland,Urban,Water,Other
Crops,99.48317572025512,0.0,0.0,0.5168242797448868,0.0,0.0,0.0
TreeCrops,0.0,0.0,0.0,0.0,0.0,0.0,0.0
Forest,0.0,0.0,99.79757085020243,0.20242914979757085,0.0,0.0,0.0
Grassland,0.008468732230785052,0.0,0.0,99.98548217331866,0.0012098188901121503,0.0,0.004839275560448601
Urban,0.0,0.0,0.0,0.0,100.0,0.0,0.0
Water,0.0,0.0,0.0,0.0,0.0,100.0,0.0
Other,0.0,0.0,0.0,0.05619358690689425,0.0,0.0,99.9438064130931
