from_label,Crops,TreeCrops,Forest,Grassland,Urban,Water,Other
Crops,99.91323210412148,0.0,0.0,0.08676789587852494,0.0,0.0,0.0
TreeCrops,0.0,0.0,0.0,0.0,0.0,0.0,0.0
Forest,0.20964360587002098,0.0,99.70649895178198,0.08385744234800838,0.0,0.0,0.0
Grassland,0.13352081388616463,0.0,0.0,99.84993678439342,0.0,0.0,0.01654240172040978
Urban,0.0,0.0,0.0,0.0,100.0,0.0,0.0
Water,0.0,0.0,0.0,0.0,0.0,100.0,0.0
Other,0.006956763713520471,0.0,0.0,0.41740582281122823,0.0,0.0,99.57563741347525
