from_label,Crops,TreeCrops,Forest,Grassland,Urban,Water,Other
Crops,99.92890152861713,0.0,0.0,0.05924872615238773,0.0,0.0,0.011849745230477545
TreeCrops,0.0,0.0,0.0,0.0,0.0,0.0,0.0
Forest,0.0,0.0,99.68666069829901,0.26857654431512984,0.0,0.0,0.044762757385854966
Grassland,0.008333035724914586,0.0,0.0,99.96785829077533,0.0011904336749877981,0.0,0.022618239824768165
Urban,0.0,0.0,0.0,0.0,100.0,0.0,0.0
Water,0.0,0.0,0.0,0.0,0.0,100.0,0.0
Other,0.003572449271220349,0.0,0.0,0.05001428979708488,0.0,0.0,99.9464132609317
