from_label,Crops,TreeCrops,Forest,Grassland,Urban,Water,Other
Crops,95.43989495045959,0.0,0.0,4.536230153993076,0.01193744777366599,0.0,0.01193744777366599
TreeCrops,0.0,0.0,0.0,0.0,0.0,0.0,0.0
Forest,0.0,0.0,99.66832504145937,0.29021558872305137,0.0,0.0,0.04145936981757877
Grassland,0.00959600806064677,0.0,0.0,99.97840898186354,0.0,0.0,0.011995010075808462
Urban,0.0,0.0,0.0,0.0,100.0,0.0,0.0
Water,0.0,0.0,0.0,0.0,0.0,100.0,0.0
Other,0.0,0.0,0.0,0.06310475389145982,0.0,0.0,99.93689524610853
