from_label,Crops,TreeCrops,Forest,Grassland,Urban,Water,Other
Crops,99.92863090281908,0.0,0.0,0.07136909718092066,0.0,0.0,0.0
TreeCrops,0.0,0.0,0.0,0.0,0.0,0.0,0.0
Forest,0.0,0.0,99.69485614646905,0.26155187445510025,0.0,0.0,0.043591979075850044
Grassland,0.010720156276055935,0.0,0.0,99.96783953117183,0.0011911284751173262,0.0,0.020249184076994546
Urban,0.0,0.0,0.0,0.0,100.0,0.0,0.0
Water,0.0,0.0,0.0,0.0,0.0,100.0,0.0
Other,0.007138777841233581,0.0,0.0,0.05354083380925185,0.0,0.0,99.93932038834951
