from_label,Crops,TreeCrops,Forest,Grassland,Urban,Water,Other
Crops,99.3732261116367,0.0,0.0,0.6149479659413435,0.0,0.0,0.011825922421948912
TreeCrops,0.0,0.0,0.0,0.0,0.0,0.0,0.0
Forest,0.0,0.0,99.83552631578947,0.1644736842105263,0.0,0.0,0.0
Grassland,0.0084008400840084,0.0,0.0,99.98679867986799,0.0012001200120012002,0.0,0.0036003600360036006
Urban,0.0,0.0,0.0,0.0,100.0,0.0,0.0
Water,0.0,0.0,0.0,0.0,0.0,100.0,0.0
Other,0.0,0.0,0.0,0.059709880229004954,0.0,0.0,99.94029011977099
