from_label,Crops,TreeCrops,Forest,Grassland,Urban,Water,Other
Crops,99.91158267020336,0.0,0.0,0.0663129973474801,0.0,0.0,0.022104332449160033
TreeCrops,0.0,0.0,0.0,0.0,0.0,0.0,0.0
Forest,0.040257648953301126,0.0,99.7181964573269,0.24154589371980675,0.0,0.0,0.0
Grassland,0.029029331720592685,0.0,0.0,99.96008466888419,0.0,0.0,0.010885999395222255
Urban,0.0,0.0,0.0,0.0,100.0,0.0,0.0
Water,0.0,0.0,0.0,0.0,0.0,100.0,0.0
Other,0.0035102499297950014,0.0,0.0,0.05265374894692502,0.0,0.0,99.94383600112327
