from_label,Crops,TreeCrops,Forest,Grassland,Urban,Water,Other
Crops,99.92001066524463,0.0,0.0,0.013331555792560991,0.0,0.0,0.06665777896280496
TreeCrops,0.0,0.0,0.0,0.0,0.0,0.0,0.0
Forest,0.0,0.0,99.74304068522484,0.042826552462526764,0.0,0.0,0.21413276231263384
Grassland,0.009454141504862974,0.0,0.0,99.2188515581607,0.0023635353762157434,0.0,0.7693307649582246
Urban,0.0,0.0,0.0,0.0,100.0,0.0,0.0
Water,0.0,0.0,0.0,0.0,0.0,100.0,0.0
Other,0.0,0.0,0.0,0.05315002480334491,0.0,0.0,99.94684997519666
