from_label,Crops,TreeCrops,Forest,Grassland,Urban,Water,Other
Crops,99.89852294508964,0.0,0.0,0.10147705491036192,0.0,0.0,0.0
TreeCrops,0.0,0.0,0.0,0.0,0.0,0.0,0.0
Forest,0.19801980198019803,0.0,99.60396039603961,0.19801980198019803,0.0,0.0,0.0
Grassland,0.13544727835625053,0.0,0.0,99.8572966174461,0.0,0.0,0.007256104197656278
Urban,0.0,0.0,0.0,0.0,100.0,0.0,0.0
Water,0.0,0.0,0.0,0.0,0.0,100.0,0.0
Other,0.15726567414552317,0.0,0.0,0.15726567414552317,0.0,0.0,99.68546865170896
