from_label,Crops,TreeCrops,Forest,Grassland,Urban,Water,Other
Crops,99.92878338278932,0.0,0.0,0.0712166172106825,0.0,0.0,0.0
TreeCrops,0.0,0.0,0.0,0.0,0.0,0.0,0.0
Forest,0.0,0.0,99.69203695556533,0.2639683238011439,0.0,0.0,0.04399472063352398
Grassland,0.007145409074669524,0.0,0.0,99.98809098487556,0.0,0.0,0.004763606049779683
Urban,0.0,0.0,0.0,0.0,100.0,0.0,0.0
Water,0.0,0.0,0.0,0.0,0.0,100.0,0.0
Other,0.014285204099853576,0.0,0.0,0.0607121174243777,0.0,0.0,99.92500267847578
