from_label,Crops,TreeCrops,Forest,Grassland,Urban,Water,Other
Crops,99.955879108758,0.0,0.0,0.04412089124200309,0.0,0.0,0.0
TreeCrops,0.0,0.0,0.0,0.0,0.0,0.0,0.0
Forest,0.04037141703673799,0.0,99.71740008074283,0.24222850222042794,0.0,0.0,0.0
Grassland,0.03507965500973763,0.0,0.0,99.95645284205688,0.0012096432761978491,0.0,0.007257859657187096
Urban,0.0,0.0,0.0,0.0,100.0,0.0,0.0
Water,0.0,0.0,0.0,0.0,0.0,100.0,0.0
Other,0.007021732261348875,0.0,0.0,0.04915212582944212,0.0,0.0,99.94382614190921
