from_label,Crops,TreeCrops,Forest,Grassland,Urban,Water,Other
Crops,99.21975078607197,0.0,0.0,0.7220216606498195,0.0,0.0,0.058227553278211254
TreeCrops,0.0,0.0,0.0,0.0,0.0,0.0,0.0
Forest,0.0,0.0,99.8360655737705,0.16393442622950818,0.0,0.0,0.0
Grassland,0.008410631037631566,0.0,0.0,99.94953621377421,0.0012015187196616523,0.0,0.04085163646849618
Urban,0.0,0.0,0.0,0.0,100.0,0.0,0.0
Water,0.0,0.0,0.0,0.0,0.0,100.0,0.0
Other,0.0,0.0,0.0,0.07034574935809504,0.0,0.0,99.9296542506419
