from_label,Crops,TreeCrops,Forest,Grassland,Urban,Water,Other
Crops,99.91823385118562,0.0,0.0,0.08176614881439084,0.0,0.0,0.0
TreeCrops,0.0,0.0,0.0,0.0,0.0,0.0,0.0
Forest,0.2134927412467976,0.0,99.70111016225448,0.08539709649871904,0.0,0.0,0.0
Grassland,0.14062869298038289,0.0,0.0,99.8440085086268,0.0011817537225242258,0.0,0.014181044670290712
Urban,0.0,0.0,0.0,0.0,100.0,0.0,0.0
Water,0.0,0.0,0.0,0.0,0.0,100.0,0.0
Other,0.1585735428853337,0.0,0.0,0.4334343505532455,0.0,0.0,99.40799210656141
