from_label,Crops,TreeCrops,Forest,Grassland,Urban,Water,Other
Crops,99.91637630662021,0.0,0.0,0.08362369337979095,0.0,0.0,0.0
TreeCrops,0.0,0.0,0.0,0.0,0.0,0.0,0.0
Forest,0.25380710659898476,0.0,99.70389170896784,0.04230118443316413,0.0,0.0,0.0
Grassland,0.15716395864106353,0.0,0.0,99.82629246676514,0.0,0.0,0.01654357459379616
Urban,0.0,0.0,0.0,0.0,100.0,0.0,0.0
Water,0.0,0.0,0.0,0.0,0.0,100.0,0.0
Other,0.01052040959461355,0.0,0.0,0.49796605414504136,0.0,0.0,99.49151353626034
