from_label,Crops,TreeCrops,Forest,Grassland,Urban,Water,Other
Crops,99.9167855444603,0.0,0.0,0.08321445553970519,0.0,0.0,0.0
TreeCrops,0.0,0.0,0.0,0.0,0.0,0.0,0.0
Forest,0.15618898867629832,0.0,99.60952752830924,0.1952362358453729,0.0,0.0,0.03904724716907458
Grassland,0.1193432504761675,0.0,0.0,99.87101285049546,0.0,0.0,0.009643899028377173
Urban,0.0,0.0,0.0,0.0,100.0,0.0,0.0
Water,0.0,0.0,0.0,0.0,0.0,100.0,0.0
Other,0.04865841790629779,0.0,0.0,0.0834144306965105,0.0,0.0,99.8679271513972
