from_label,Crops,TreeCrops,Forest,Grassland,Urban,Water,Other
Crops,99.93760918392812,0.0,0.0,0.03743448964312453,0.0,0.0,0.02495632642874969
TreeCrops,0.0,0.0,0.0,0.0,0.0,0.0,0.0
Forest,0.0,0.0,99.76878612716763,0.23121387283236997,0.0,0.0,0.0
Grassland,0.0072098053352559486,0.0,0.0,99.91949050708963,0.0,0.0,0.07329968757510213
Urban,0.0,0.0,0.0,0.0,100.0,0.0,0.0
Water,0.0,0.0,0.0,0.0,0.0,100.0,0.0
Other,0.0,0.0,0.0,0.05195704883962591,0.0,0.0,99.94804295116037
