from_label,Crops,TreeCrops,Forest,Grassland,Urban,Water,Other
Crops,99.91655076495132,0.0,0.0,0.08344923504867872,0.0,0.0,0.0
TreeCrops,0.0,0.0,0.0,0.0,0.0,0.0,0.0
Forest,0.0,0.0,99.70796829370046,0.2503128911138924,0.0,0.0,0.041718815185648725
Grassland,0.021287667344718292,0.0,0.0,99.96333790623964,0.0,0.0,0.01537442641562988
Urban,0.0,0.0,0.0,0.0,100.0,0.0,0.0
Water,0.0,0.0,0.0,0.0,0.0,100.0,0.0
Other,0.010512667764656411,0.0,0.0,0.07008445176437607,0.0,0.0,99.91940288047097
