from_label,Crops,TreeCrops,Forest,Grassland,Urban,Water,Other
Crops,99.91702228544334,0.0,0.0,0.07112375533428165,0.0,0.0,0.011853959222380275
TreeCrops,0.0,0.0,0.0,0.0,0.0,0.0,0.0
Forest,0.0,0.0,99.68847352024922,0.26702269692923897,0.0,0.0,0.04450378282153983
Grassland,0.007142687078879074,0.0,0.0,99.97976238660983,0.0,0.0,0.013094926311278302
Urban,0.0,0.0,0.0,0.0,100.0,0.0,0.0
Water,0.0,0.0,0.0,0.0,0.0,100.0,0.0
Other,0.00357347055460263,0.0,0.0,0.050028587764436826,0.0,0.0,99.94639794168097
