from_label,Crops,TreeCrops,Forest,Grassland,Urban,Water,Other
Crops,99.89255014326648,0.0,0.0,0.059694364851957976,0.0,0.0,0.04775549188156638
TreeCrops,0.0,0.0,0.0,0.0,0.0,0.0,0.0
Forest,0.0,0.0,99.58711808422791,0.2477291494632535,0.0,0.0,0.16515276630883566
Grassland,0.011988682683546732,0.0,0.0,99.91248261641012,0.0011988682683546732,0.0,0.07432983263798974
Urban,0.0,0.0,0.0,0.0,100.0,0.0,0.0
Water,0.0,0.0,0.0,0.0,0.0,100.0,0.0
Other,0.0,0.0,0.0,0.06322000561955606,0.0,0.0,99.93677999438044
