from_label,Crops,TreeCrops,Forest,Grassland,Urban,Water,Other
Crops,99.6728220484667,0.1330893362169356,0.06099927909942882,0.10536239117174069,0.005545389009038984,0.0,0.022181556036155937
TreeCrops,0.0,99.97080291970802,0.0,0.029197080291970805,0.0,0.0,0.0
Forest,0.04242231413723618,0.010605578534309046,99.87273305758829,0.07423904974016332,0.0,0.0,0.0
Grassland,0.01701451905626134,0.0198502722323049,0.045372050816696916,99.90642014519057,0.0,0.0,0.011343012704174229
Urban,0.0,0.0,0.0,0.0,100.0,0.0,0.0
Water,0.0,0.0,0.0,0.0,0.0,100.0,0.0
Other,0.007417847340701729,0.007417847340701729,0.0,0.03708923670350864,0.0,0.0,99.94807506861508
