from_label,Crops,TreeCrops,Forest,Grassland,Urban,Water,Other
Crops,99.05817174515235,0.8410979602115336,0.010073029463611181,0.08562075044069503,0.0,0.0,0.005036514731805591
TreeCrops,0.0,99.95536710555679,0.0,0.02231644722160232,0.02231644722160232,0.0,0.0
Forest,0.02100840336134454,0.02100840336134454,99.84243697478992,0.11554621848739496,0.0,0.0,0.0
Grassland,0.05037219454860917,0.2182795097106397,0.05317064980130967,99.65019309341243,0.0,0.0,0.027984552527005095
Urban,0.0,0.0,0.0,0.0,100.0,0.0,0.0
Water,0.0,0.0,0.0,0.0,0.0,100.0,0.0
Other,0.0,0.0,0.0,0.09651076466221233,0.007423904974016333,0.0,99.89606533036377
