from_label,Crops,TreeCrops,Forest,Grassland,Urban,Water,Other
Crops,99.86051442280868,0.07253250013948558,0.01673826926295821,0.05021480778887463,0.0,0.0,0.0
TreeCrops,0.0,99.95636998254798,0.0,0.014543339150668994,0.0,0.0,0.029086678301337987
Forest,0.021166260979997884,0.0,99.8941686951,0.08466504391999154,0.0,0.0,0.0
Grassland,0.09061048816400498,0.022652622041001245,0.04530524408200249,99.81594744591686,0.0028315777551251556,0.0,0.022652622041001245
Urban,0.0,0.0,0.0,0.0,100.0,0.0,0.0
Water,0.0,0.0,0.0,0.0,0.0,100.0,0.0
Other,0.0,0.0,0.0,0.037069988137603795,0.00741399762752076,0.0,99.95551601423487
