from_label,Crops,TreeCrops,Forest,Grassland,Urban,Water,Other
Crops,99.90862886185826,0.0,0.03426417680315231,0.05139626520472845,0.0,0.0,0.005710696133858717
TreeCrops,0.07053180984624066,98.75864014670617,0.324446325292707,0.7758499083086472,0.0,0.0,0.07053180984624066
Forest,0.04174058228112282,0.0,99.83303767087551,0.08348116456224564,0.0,0.0,0.04174058228112282
Grassland,0.062271788049477764,0.008491607461292423,0.0792550029720626,99.64901355826657,0.005661071640861615,0.0,0.1953069716097257
Urban,0.0,0.0,0.0,0.0,100.0,0.0,0.0
Water,0.0,0.0,0.0,0.0,0.0,100.0,0.0
Other,0.0073969968192913686,0.0,0.0,0.06657297137362231,0.0,0.0,99.92603003180709
