from_label,Crops,TreeCrops,Forest,Grassland,Urban,Water,Other
Crops,99.09610983981693,0.005720823798627003,0.10297482837528604,0.7551487414187643,0.005720823798627003,0.0,0.034324942791762014
TreeCrops,0.0,99.82869379014988,0.057102069950035694,0.08565310492505353,0.0,0.0,0.028551034975017847
Forest,0.020764119601328904,0.0,99.86503322259136,0.11420265780730898,0.0,0.0,0.0
Grassland,0.033947212085207505,0.0028289343404339583,0.022631474723471667,99.93210557582958,0.0,0.0,0.008486803021301876
Urban,0.0,0.0,0.0,0.0,100.0,0.0,0.0
Water,0.0,0.0,0.0,0.0,0.0,100.0,0.0
Other,0.0073735437251142896,0.0,0.0,0.08110898097625718,0.0,0.0,99.91151747529862
