from_label,Crops,TreeCrops,Forest,Grassland,Urban,Water,Other
Crops,99.88657630579027,0.0,0.04536947768388816,0.06238303181534623,0.00567118471048602,0.0,0.0
TreeCrops,0.0,99.98116760828624,0.0,0.018832391713747645,0.0,0.0,0.0
Forest,0.02904443799012489,0.0,99.94191112401975,0.02904443799012489,0.0,0.0,0.0
Grassland,0.3728163613123136,0.0026629740093736683,0.12249680443118877,99.47273114614401,0.007988922028121006,0.0,0.021303792074989347
Urban,0.0,0.0,0.0,0.0,100.0,0.0,0.0
Water,0.0,0.0,0.0,0.0,0.0,100.0,0.0
Other,0.0,0.0,0.0,0.05015883631499749,0.03343922420999833,0.0,99.91640193947501
