from_label,Crops,TreeCrops,Forest,Grassland,Urban,Water,Other
Crops,99.87523393636931,0.01701355413145806,0.05104066239437419,0.05104066239437419,0.00567118471048602,0.0,0.0
TreeCrops,0.0,100.0,0.0,0.0,0.0,0.0,0.0
Forest,0.06832601268911664,0.0,99.81454367984382,0.107369448511469,0.009760858955588092,0.0,0.0
Grassland,0.039936102236421724,0.0026624068157614484,0.0878594249201278,99.82161874334399,0.023961661341853034,0.0,0.023961661341853034
Urban,0.0,0.0,0.0,0.0,100.0,0.0,0.0
Water,0.0,0.0,0.0,0.0,0.0,100.0,0.0
Other,0.09941181343716345,0.0,0.0,0.43906884268080526,0.05799022450501201,0.0,99.40352911937703
