from_label,Crops,TreeCrops,Forest,Grassland,Urban,Water,Other
Crops,99.88977955911824,0.0,0.06513026052104208,0.03507014028056112,0.00501002004008016,0.0,0.00501002004008016
TreeCrops,0.0,99.96385324417133,0.036146755828664376,0.0,0.0,0.0,0.0
Forest,0.09120758847136082,0.054724553082816485,99.79934330536301,0.04560379423568041,0.009120758847136081,0.0,0.0
Grassland,0.25092638520117877,0.029177486651299857,0.2450908878709188,99.416450266974,0.040848481311819805,0.0,0.017506491990779912
Urban,0.0,0.0,0.0,0.0,100.0,0.0,0.0
Water,0.0,0.0,0.0,0.0,0.0,100.0,0.0
Other,0.36391333784698715,0.0,0.0,0.07616790792146243,0.05077860528097495,0.0,99.50914014895056
