from_label,Crops,TreeCrops,Forest,Grassland,Urban,Water,Other
Crops,98.75398577385333,0.0,0.15697817022320332,0.9075300466028943,0.009811135638950207,0.0,0.17169487368162864
TreeCrops,0.0,99.52701020662185,0.0,0.17425939756036843,0.0,0.0,0.2987303958177745
Forest,0.021090372245070127,0.0,99.86291258040706,0.09490667510281556,0.0,0.0,0.021090372245070127
Grassland,0.030758906101448463,0.005592528382081539,0.011185056764163079,99.9384821877971,0.0,0.0,0.013981320955203849
Urban,0.0,0.0,0.0,0.0,100.0,0.0,0.0
Water,0.0,0.0,0.0,0.0,0.0,100.0,0.0
Other,0.014905351021016543,0.0,0.0,0.03726337755254136,0.0,0.0,99.94783127142645
