from_label,Crops,TreeCrops,Forest,Grassland,Urban,Water,Other
Crops,99.84230682586168,0.0,0.03942329353457986,0.10137418337463391,0.011263798152737103,0.0,0.005631899076368551
TreeCrops,0.018832391713747645,99.92467043314501,0.0,0.03766478342749529,0.0,0.0,0.018832391713747645
Forest,0.09636696540425942,0.0,99.86508624843403,0.03854678616170377,0.0,0.0,0.0
Grassland,0.21672240802675583,0.0,0.12842809364548494,99.59598662207357,0.03745819397993311,0.0,0.02140468227424749
Urban,0.0,0.0,0.0,0.0,100.0,0.0,0.0
Water,0.0,0.0,0.0,0.0,0.0,100.0,0.0
Other,0.08361204013377926,0.0,0.0,0.06688963210702341,0.04180602006688963,0.0,99.8076923076923
