from_label,Crops,TreeCrops,Forest,Grassland,Urban,Water,Other
Crops,99.92570579494799,0.0,0.005714938850154303,0.06857926620185163,0.0,0.0,0.0
TreeCrops,0.0,99.3715961457897,0.027929060187124703,0.5585812037424941,0.013964530093562352,0.0,0.027929060187124703
Forest,0.03137418950010458,0.0,99.86404517883288,0.10458063166701526,0.0,0.0,0.0
Grassland,0.034045450676653335,0.005674241779442222,0.03688257156637444,99.90070076885976,0.0,0.0,0.022696967117768887
Urban,0.0,0.0,0.0,0.0,100.0,0.0,0.0
Water,0.0,0.0,0.0,0.0,0.0,100.0,0.0
Other,0.014742739200943536,0.0,0.0,0.22114108801415305,0.007371369600471768,0.0,99.75674480318443
