from_label,Crops,TreeCrops,Forest,Grassland,Urban,Water,Other
Crops,99.45780700236489,0.0,0.12689623348906962,0.31724058372267405,0.005768010613139528,0.0,0.09228816981023245
TreeCrops,0.0,99.75696926375983,0.0,0.10007147962830593,0.0,0.0,0.14295925661186562
Forest,0.0,0.0,99.92745362213701,0.072546377862991,0.0,0.0,0.0
Grassland,0.02254473721290686,0.01127236860645343,0.019726645061293506,99.92672960405805,0.0,0.0,0.019726645061293506
Urban,0.0,0.0,0.0,0.0,100.0,0.0,0.0
Water,0.0,0.0,0.0,0.0,0.0,100.0,0.0
Other,0.02212226237003171,0.0,0.0,0.03687043728338618,0.0,0.0,99.94100730034658
