from_label,Crops,TreeCrops,Forest,Grassland,Urban,Water,Other
Crops,99.89724854435438,0.011416828405069072,0.011416828405069072,0.07420938463294896,0.0,0.0,0.005708414202534536
TreeCrops,0.0,99.98596097150077,0.0,0.0,0.014039028499227854,0.0,0.0
Forest,0.010471204188481674,0.010471204188481674,99.85340314136126,0.1256544502617801,0.0,0.0,0.0
Grassland,0.031232254400908575,0.19875070982396364,0.034071550255536626,99.7075525269733,0.0,0.0,0.028392958546280524
Urban,0.0,0.0,0.0,0.0,100.0,0.0,0.0
Water,0.0,0.0,0.0,0.0,0.0,100.0,0.0
Other,0.0,0.0,0.0,0.3155268564719695,0.00733783387144115,0.0,99.67713530965659
