from_label,Crops,TreeCrops,Forest,Grassland,Urban,Water,Other
Crops,99.93026846640434,0.0,0.039846590626089556,0.014942471484783584,0.009961647656522389,0.0,0.0049808238282611945
TreeCrops,0.0,99.96394447449072,0.0360555255092843,0.0,0.0,0.0,0.0
Forest,0.05434290372248891,0.0,99.88225704193461,0.06340005434290373,0.0,0.0,0.0
Grassland,0.08212588725288907,0.0,0.2141139203378894,99.66269724878278,0.02639760661700006,0.0,0.014665337009444477
Urban,0.0,0.0,0.0,0.0,100.0,0.0,0.0
Water,0.0,0.0,0.0,0.0,0.0,100.0,0.0
Other,0.16999575010624735,0.0,0.0,0.09349766255843604,0.06799830004249893,0.0,99.66850828729282
