from_label,Crops,TreeCrops,Forest,Grassland,Urban,Water,Other
Crops,99.8801848576482,0.0,0.028527414845666683,0.07417127859873339,0.005705482969133337,0.0,0.011410965938266675
TreeCrops,0.0,98.4779299847793,0.16604400166044,1.3560260135602602,0.0,0.0,0.0
Forest,0.03151922672830426,0.0,99.87392309308677,0.0945576801849128,0.0,0.0,0.0
Grassland,0.025602366796574974,0.011378829687366655,0.04267061132762495,99.89474582539187,0.0028447074218416637,0.0,0.02275765937473331
Urban,0.0,0.0,0.0,0.0,100.0,0.0,0.0
Water,0.0,0.0,0.0,0.0,0.0,100.0,0.0
Other,0.0,0.0,0.0,0.03671341508187092,0.007342683016374182,0.0,99.95594390190176
