from_label,Crops,TreeCrops,Forest,Grassland,Urban,Water,Other
Crops,99.86895986895988,0.00546000546000546,0.03822003822003822,0.07098007098007098,0.01092001092001092,0.0,0.00546000546000546
TreeCrops,0.0,99.94491369812707,0.05508630187293427,0.0,0.0,0.0,0.0
Forest,0.009411764705882354,0.25411764705882356,99.67058823529412,0.06588235294117648,0.0,0.0,0.0
Grassland,0.10177697089728778,0.0275072894316994,0.17329592341970623,99.63965450844474,0.0412609341475491,0.0,0.01650437365901964
Urban,0.0,0.0,0.0,0.0,100.0,0.0,0.0
Water,0.0,0.0,0.0,0.0,0.0,100.0,0.0
Other,0.03362474781439139,0.0,0.0,0.08406186953597848,0.07565568258238063,0.0,99.80665770006725
