from_label,Crops,TreeCrops,Forest,Grassland,Urban,Water,Other
Crops,99.92467698012632,0.0,0.017382235355466714,0.052146706066400136,0.0,0.0,0.005794078451822238
TreeCrops,0.0,98.53694220921726,0.13167520117044623,1.3167520117044622,0.0,0.0,0.01463057790782736
Forest,0.0926497838171711,0.0,99.86617253448631,0.04117768169652048,0.0,0.0,0.0
Grassland,0.12076955483780367,0.01966016008987502,0.050554697373964334,99.77812105041427,0.002808594298553574,0.0,0.028085942985535742
Urban,0.0,0.0,0.0,0.0,100.0,0.0,0.0
Water,0.0,0.0,0.0,0.0,0.0,100.0,0.0
Other,0.1395724674943069,0.014691838683611255,0.0,0.06611327407625064,0.0,0.0,99.77962241974583
