from_label,Crops,TreeCrops,Forest,Grassland,Urban,Water,Other
Crops,99.86665185020559,0.0,0.0333370374486054,0.0833425936215135,0.011112345816201801,0.0,0.005556172908100901
TreeCrops,0.07389617587289858,99.83373360428598,0.07389617587289858,0.018474043968224645,0.0,0.0,0.0
Forest,0.009587727708533077,0.02876318312559923,99.89453499520614,0.06711409395973154,0.0,0.0,0.0
Grassland,0.03789211573334777,0.0730776517714564,0.13803556445719545,99.7103959726094,0.032478956342869514,0.0,0.008119739085717378
Urban,0.0,0.0,0.0,0.0,100.0,0.0,0.0
Water,0.0,0.0,0.0,0.0,0.0,100.0,0.0
Other,0.008385744234800839,0.0,0.0,0.13417190775681342,0.08385744234800838,0.0,99.77358490566037
