from_label,Crops,TreeCrops,Forest,Grassland,Urban,Water,Other
Crops,99.68602825745683,0.0,0.22735884804850323,0.08119958858875115,0.005413305905916743,0.0,0.0
TreeCrops,0.0,99.85533453887884,0.054249547920434,0.07233273056057866,0.0,0.0,0.018083182640144666
Forest,0.0,0.02797463632972771,99.9627004848937,0.009324878776575904,0.0,0.0,0.0
Grassland,1.6406184937401105,0.019432029536684894,0.2609443966354829,98.00682897038003,0.04996807595147544,0.0,0.02220803375621131
Urban,0.0,0.0,0.0,0.0,100.0,0.0,0.0
Water,0.0,0.0,0.0,0.0,0.0,100.0,0.0
Other,0.03379805661174483,0.0,0.0,0.04224757076468103,0.008449514152936207,0.0,99.91550485847064
