from_label,Crops,TreeCrops,Forest,Grassland,Urban,Water,Other
Crops,99.8787318819657,0.028873361436738465,0.034648033724086154,0.046197378298781545,0.005774672287347693,0.0,0.005774672287347693
TreeCrops,0.0,99.98517200474495,0.0,0.0,0.0,0.0,0.01482799525504152
Forest,0.09248792518754496,0.0,99.87668276641661,0.03082930839584832,0.0,0.0,0.0
Grassland,0.18800157135641732,0.011223974409338346,0.05331387844435714,99.66328076771985,0.03367192322801504,0.0,0.050507884842022566
Urban,0.0,0.0,0.0,0.0,100.0,0.0,0.0
Water,0.0,0.0,0.0,0.0,0.0,100.0,0.0
Other,0.03677822728944465,0.0,0.0,0.08826774549466716,0.0735564545788893,0.0,99.801397572637
