from_label,Crops,TreeCrops,Forest,Grassland,Urban,Water,Other
Crops,99.93189557321226,0.0,0.011350737797956867,0.05107832009080591,0.0056753688989784334,0.0,0.0
TreeCrops,0.0,99.86930545182973,0.09335324869305452,0.018670649738610906,0.0,0.0,0.018670649738610906
Forest,0.03926187671770711,0.0,99.84295249312916,0.10797016097369454,0.009815469179426778,0.0,0.0
Grassland,0.039889373470907354,0.0,0.08775662163599617,99.8324646314222,0.02127433251781725,0.0,0.018615040953090096
Urban,0.0,0.0,0.0,0.0,100.0,0.0,0.0
Water,0.0,0.0,0.0,0.0,0.0,100.0,0.0
Other,0.00825150589982672,0.0,0.0,0.28055120059410843,0.05776054129878703,0.0,99.65343675220728
