from_label,Crops,TreeCrops,Forest,Grassland,Urban,Water,Other
Crops,98.84439131301056,0.8916118748754732,0.049810719266786214,0.19924287706714486,0.004981071926678621,0.0,0.009962143853357242
TreeCrops,0.0,99.88046856323213,0.0,0.07171886206072196,0.0,0.0,0.04781257470714798
Forest,0.01051745898190997,0.0,99.87379049221708,0.11569204880100968,0.0,0.0,0.0
Grassland,0.013956734124214934,0.3461270062805304,0.039078855547801813,99.5840893230984,0.0,0.0,0.01674808094905792
Urban,0.0,0.0,0.0,0.0,100.0,0.0,0.0
Water,0.0,0.0,0.0,0.0,0.0,100.0,0.0
Other,0.03712228079293192,0.0,0.0,0.029697824634345532,0.0,0.0,99.93317989457272
