from_label,Crops,TreeCrops,Forest,Grassland,Urban,Water,Other
Crops,99.93406530401629,0.0,0.014333629561677608,0.04300088868503282,0.005733451824671044,0.0,0.002866725912335522
TreeCrops,0.0,0.0,0.0,0.0,0.0,0.0,0.0
Forest,0.0036667644470519214,0.0,99.93033147550602,0.055001466705778816,0.0,0.0,0.011000293341155763
Grassland,0.004861590517953854,0.0,0.006806226725135396,99.98541522844614,0.0019446362071815415,0.0,0.0009723181035907707
Urban,0.0,0.0,0.0,0.0,100.0,0.0,0.0
Water,0.0,0.0,0.0,0.0,0.0,100.0,0.0
Other,0.0,0.0,0.0,0.0,0.0,0.0,100.0
