from_label,Crops,TreeCrops,Forest,Grassland,Urban,Water,Other
Crops,99.9398298043036,0.0,0.005730494828228417,0.04584395862582734,0.005730494828228417,0.0,0.0028652474141142087
TreeCrops,0.0,0.0,0.0,0.0,0.0,0.0,0.0
Forest,0.0,0.0,99.60213667342052,0.3978633265794806,0.0,0.0,0.0
Grassland,0.0009703179731998177,0.0,0.008732861758798357,99.9873858663484,0.0019406359463996353,0.0,0.0009703179731998177
Urban,0.0,0.0,0.0,0.0,100.0,0.0,0.0
Water,0.0,0.0,0.0,0.0,0.0,100.0,0.0
Other,0.0,0.0,0.0,0.0,0.0,0.0,100.0
