from_label,Crops,TreeCrops,Forest,Grassland,Urban,Water,Other
Crops,99.94266055045871,0.0,0.0028669724770642203,0.045871559633027525,0.005733944954128441,0.0,0.0028669724770642203
TreeCrops,0.0,0.0,0.0,0.0,0.0,0.0,0.0
Forest,0.035285815102328866,0.0,99.53571295917988,0.4271440775545073,0.0,0.0,0.0018571481632804665
Grassland,0.0009660715665816522,0.0,0.00869464409923487,99.98744106963444,0.0019321431331633045,0.0,0.0009660715665816522
Urban,0.0,0.0,0.0,0.0,100.0,0.0,0.0
Water,0.0,0.0,0.0,0.0,0.0,100.0,0.0
Other,0.0,0.0,0.0,0.0,0.0,0.0,100.0
