from_label,Crops,TreeCrops,Forest,Grassland,Urban,Water,Other
Crops,92.61576971214018,0.0,0.0750938673341677,7.237171464330413,0.04380475594493116,0.0,0.028160200250312892
TreeCrops,0.0,0.0,0.0,0.0,0.0,0.0,0.0
Forest,0.0,0.0,99.99637950073314,0.003620499266848899,0.0,0.0,0.0
Grassland,0.0199295821430944,0.0,0.004745138605498667,99.9743762515303,0.0,0.0,0.0009490277210997334
Urban,0.0,0.0,0.0,0.0,100.0,0.0,0.0
Water,0.0,0.0,0.0,0.0,0.0,100.0,0.0
Other,0.0,0.0,0.0,0.0,0.0,0.0,100.0
