from_label,Crops,TreeCrops,Forest,Grassland,Urban,Water,Other
Crops,99.61139490425899,0.0,0.07834780156068821,0.26951643736876746,0.034473032686702806,0.0,0.006267824124855057
TreeCrops,0.0,0.0,0.0,0.0,0.0,0.0,0.0
Forest,0.0,0.0,99.99640158330335,0.003598416696653473,0.0,0.0,0.0
Grassland,0.015208691767345036,0.0,0.0,99.9838407649972,0.0,0.0,0.0009505432354590648
Urban,0.0,0.0,0.0,0.0,100.0,0.0,0.0
Water,0.0,0.0,0.0,0.0,0.0,100.0,0.0
Other,0.0,0.0,0.0,0.0,0.0,0.0,100.0
