from_label,Crops,TreeCrops,Forest,Grassland,Urban,Water,Other
Crops,99.9353420406052,0.0,0.01939738781844045,0.04202767360662098,0.0032328979697400753,0.0,0.0
TreeCrops,0.0,0.0,0.0,0.0,0.0,0.0,0.0
Forest,0.0036215482118605704,0.0,99.98551380715256,0.010864644635581712,0.0,0.0,0.0
Grassland,0.982824068854061,0.0,0.016912842485060323,98.9889878603375,0.011275228323373548,0.0,0.0
Urban,0.0,0.0,0.0,0.0,100.0,0.0,0.0
Water,0.0,0.0,0.0,0.0,0.0,100.0,0.0
Other,0.0,0.0,0.0,0.0,0.0,0.0,100.0
