from_label,Crops,TreeCrops,Forest,Grassland,Urban,Water,Other
Crops,99.9716134892699,0.0,0.011354604292040422,0.017031906438060632,0.0,0.0,0.0
TreeCrops,0.0,0.0,0.0,0.0,0.0,0.0,0.0
Forest,0.0018342902213988297,0.0,99.990828548893,0.007337160885595319,0.0,0.0,0.0
Grassland,1.602407995480138,0.0,0.021430380486664458,98.35960178456624,0.01655983946696799,0.0,0.0
Urban,0.0,0.0,0.0,0.0,100.0,0.0,0.0
Water,0.0,0.0,0.0,0.0,0.0,100.0,0.0
Other,0.2643171806167401,0.0,0.04405286343612335,0.04405286343612335,0.04405286343612335,0.0,99.60352422907489
