from_label,Crops,TreeCrops,Forest,Grassland,Urban,Water,Other
Crops,99.93020083124465,0.0,0.006345378977759447,0.057108410799835016,0.0031726894888797234,0.0,0.0031726894888797234
TreeCrops,0.0,0.0,0.0,0.0,0.0,0.0,0.0
Forest,0.0017991112390479103,0.0,99.96221866398,0.03238400230286238,0.0,0.0,0.0035982224780958206
Grassland,0.0018940111367854843,0.0,0.00852305011553468,99.98863593317928,0.0,0.0,0.0009470055683927422
Urban,0.0,0.0,0.0,0.0,100.0,0.0,0.0
Water,0.0,0.0,0.0,0.0,0.0,100.0,0.0
Other,0.0,0.0,0.0,0.0,0.0,0.0,100.0
