from_label,Crops,TreeCrops,Forest,Grassland,Urban,Water,Other
Crops,92.31963809459505,0.0,0.08102359812295332,7.211100232942845,0.047263765571722766,0.0,0.3409743087674285
TreeCrops,0.0,0.0,0.0,0.0,0.0,0.0,0.0
Forest,0.0018093652746616487,0.0,99.9764782514294,0.019903018021278137,0.0,0.0,0.0018093652746616487
Grassland,0.00464429355650712,0.0,0.0,99.99442684773219,0.0,0.0,0.000928858711301424
Urban,0.0,0.0,0.0,0.0,100.0,0.0,0.0
Water,0.0,0.0,0.0,0.0,0.0,100.0,0.0
Other,0.0,0.0,0.0,0.0,0.0,0.0,100.0
