from_label,Crops,TreeCrops,Forest,Grassland,Urban,Water,Other
Crops,99.93693239152371,0.0,0.04414732593340061,0.015766902119071644,0.003153380423814329,0.0,0.0
TreeCrops,0.0,0.0,0.0,0.0,0.0,0.0,0.0
Forest,0.0,0.0,99.98021048844112,0.019789511558873797,0.0,0.0,0.0
Grassland,0.21916716477385934,0.0,0.010436531655898062,99.76375487433468,0.0066414292355714945,0.0,0.0
Urban,0.0,0.0,0.0,0.0,100.0,0.0,0.0
Water,0.0,0.0,0.0,0.0,0.0,100.0,0.0
Other,0.4845814977973568,0.0,0.0,0.0,0.0,0.0,99.51541850220265
