from_label,Crops,TreeCrops,Forest,Grassland,Urban,Water,Other
Crops,99.82283464566929,0.0,0.02952755905511811,0.1410761154855643,0.0032808398950131233,0.0,0.0032808398950131233
TreeCrops,0.0,0.0,0.0,0.0,0.0,0.0,0.0
Forest,0.03802763341361389,0.0,99.94024229035003,0.01991923654998823,0.0018108396863625662,0.0,0.0
Grassland,0.37806121971533113,0.0,0.013101131376273849,99.59854390282705,0.00935795098305275,0.0,0.0009357950983052752
Urban,0.0,0.0,0.0,0.0,100.0,0.0,0.0
Water,0.0,0.0,0.0,0.0,0.0,100.0,0.0
Other,1.0309278350515463,0.0,0.0429553264604811,0.0429553264604811,0.0,0.0,98.8831615120275
