from_label,Crops,TreeCrops,Forest,Grassland,Urban,Water,Other
Crops,99.95482122111785,0.0,0.0258164450755131,0.019362333806634827,0.0,0.0,0.0
TreeCrops,0.0,0.0,0.0,0.0,0.0,0.0,0.0
Forest,0.0,0.0,99.98550750892194,0.014492491078060181,0.0,0.0,0.0
Grassland,0.5893577222780979,0.0,0.014099467040145882,99.38526323704964,0.010339609162773647,0.0,0.0009399644693430587
Urban,0.0,0.0,0.0,0.0,100.0,0.0,0.0
Water,0.0,0.0,0.0,0.0,0.0,100.0,0.0
Other,1.4795474325500435,0.0,0.04351610095735422,0.04351610095735422,0.0,0.0,98.43342036553526
