from_label,Crops,TreeCrops,Forest,Grassland,Urban,Water,Other
Crops,93.70570821995634,0.0,0.07774422151122806,6.135813174655383,0.04485243548724696,0.0,0.035881948389797566
TreeCrops,0.0,0.0,0.0,0.0,0.0,0.0,0.0
Forest,0.00904453529177671,0.0,99.53872870011938,0.44680004341376944,0.0036178141167106832,0.0,0.0018089070583553416
Grassland,0.03082821938131617,0.0,0.0,99.96820839876301,0.0,0.0,0.0009633818556661303
Urban,0.0,0.0,0.0,0.0,100.0,0.0,0.0
Water,0.0,0.0,0.0,0.0,0.0,100.0,0.0
Other,0.0,0.0,0.0,0.0,0.0,0.0,100.0
