from_label,Crops,TreeCrops,Forest,Grassland,Urban,Water,Other
Crops,97.73668405247352,0.0,0.0790263948158685,2.140034771613719,0.04109372530425162,0.0,0.00316105579263474
TreeCrops,0.0,0.0,0.0,0.0,0.0,0.0,0.0
Forest,0.003622072912327725,0.0,99.96921238024521,0.025354510386294073,0.0,0.0,0.0018110364561638626
Grassland,0.009456443620683134,0.0,0.0,99.98959791201725,0.0,0.0,0.0009456443620683134
Urban,0.0,0.0,0.0,0.0,100.0,0.0,0.0
Water,0.0,0.0,0.0,0.0,0.0,100.0,0.0
Other,0.04418912947414936,0.0,0.0,0.0,0.0,0.0,99.95581087052585
