from_label,Crops,TreeCrops,Forest,Grassland,Urban,Water,Other
Crops,99.94742894693609,0.0,0.02957121734844751,0.01971414489896501,0.003285690816494168,0.0,0.0
TreeCrops,0.0,0.0,0.0,0.0,0.0,0.0,0.0
Forest,0.0,0.0,99.9819572748268,0.01804272517321016,0.0,0.0,0.0
Grassland,0.5692031156381067,0.0,0.012170461354104253,99.41207309766327,0.006553325344517675,0.0,0.0
Urban,0.0,0.0,0.0,0.0,100.0,0.0,0.0
Water,0.0,0.0,0.0,0.0,0.0,100.0,0.0
Other,1.0984368398817068,0.0,0.04224757076468103,0.04224757076468103,0.0,0.0,98.81706801858893
