from_label,Crops,TreeCrops,Forest,Grassland,Urban,Water,Other
Crops,97.29111452085367,0.0,0.06416515553075743,2.4689635932487097,0.053005998047147444,0.0,0.12275073231970987
TreeCrops,0.0,0.0,0.0,0.0,0.0,0.0,0.0
Forest,0.0,0.0,99.99633182326725,0.0036681767327549843,0.0,0.0,0.0
Grassland,0.0088261253309797,0.0,0.0,99.9901931940767,0.0,0.0,0.0009806805923310777
Urban,0.0,0.0,0.0,0.0,100.0,0.0,0.0
Water,0.0,0.0,0.0,0.0,0.0,100.0,0.0
Other,0.0,0.0,0.0,0.0,0.0,0.0,100.0
