from_label,Crops,TreeCrops,Forest,Grassland,Urban,Water,Other
Crops,99.89937423351466,0.0,0.009433665607999749,0.08175843526933115,0.003144555202666583,0.0,0.006289110405333166
TreeCrops,0.0,0.0,0.0,0.0,0.0,0.0,0.0
Forest,0.0,0.0,99.96403071776703,0.03596928223297304,0.0,0.0,0.0
Grassland,0.00949902160077512,0.0,0.008549119440697608,99.98005205463836,0.000949902160077512,0.0,0.000949902160077512
Urban,0.0,0.0,0.0,0.0,100.0,0.0,0.0
Water,0.0,0.0,0.0,0.0,0.0,100.0,0.0
Other,0.0,0.0,0.0,0.0,0.0,0.0,100.0
