from_label,Crops,TreeCrops,Forest,Grassland,Urban,Water,Other
Crops,97.90779284064098,0.0007011418094366676,0.1858025795007169,1.7504005272586407,0.01717797433119836,0.0,0.13812493645902352
TreeCrops,0.0,100.0,0.0,0.0,0.0,0.0,0.0
Forest,0.2120109121028595,0.0,99.29709643836865,0.477974421909314,0.012918227619170651,0.0,0.0
Grassland,1.1994161309357434,0.0,0.8444361626137457,97.32973073697941,0.03167800242243548,0.0,0.5947389670486661
Urban,0.8758210822646231,0.0,0.6568658116984674,2.471066624960901,95.99624648107601,0.0,0.0
Water,0.0,0.0,0.0,0.0,0.0,100.0,0.0
Other,1.2054044507241257,0.0,0.008830801836806781,3.1437654539032143,0.008830801836806781,0.0,95.63316849169905
