from_label,Crops,TreeCrops,Forest,Grassland,Urban,Water,Other
Crops,98.3947776041649,0.0,0.15726841040276304,1.2561136399841375,0.01593020536407298,0.0,0.17591014008412506
TreeCrops,0.0,100.0,0.0,0.0,0.0,0.0,0.0
Forest,0.07278941705171213,0.0,99.74048990442434,0.16456737768213178,0.022153300841825433,0.0,0.0
Grassland,2.036776268362922,0.0,1.0592880060658805,95.75351010544323,0.038098510796445634,0.0,1.1123271093315206
Urban,0.9426115885777655,0.0,0.748544496811755,1.6357083448849459,96.67313556972553,0.0,0.0
Water,0.0,0.0,0.0,0.0,0.0,100.0,0.0
Other,2.202599464232563,0.0,0.0,0.7565234646294275,0.02976485762476436,0.0,97.01111221351326
