from_label,Crops,TreeCrops,Forest,Grassland,Urban,Water,Other
Crops,98.4171322160149,0.0003526889001749337,0.21937249590880878,0.829876982111619,0.027509734213644825,0.0,0.5057558828508549
TreeCrops,0.0,99.11504424778761,0.0,0.8849557522123894,0.0,0.0,0.0
Forest,0.3233509613413684,0.000512442094043373,98.5149428114623,1.1422334276226787,0.018960357479604804,0.0,0.0
Grassland,1.2862315779989075,0.0005631486768821836,1.3740827715925281,93.924752073795,0.13797142583613498,0.0,3.2763990021005447
Urban,1.0599536270288175,0.0,0.612785690626035,3.1467373302418022,95.18052335210334,0.0,0.0
Water,0.0,0.0,0.0,0.0,0.0,100.0,0.0
Other,1.58669675919141,0.0,0.13971529345096775,5.690222860548504,0.035173080868775096,0.0,92.54819200594035
