from_label,Crops,TreeCrops,Forest,Grassland,Urban,Water,Other
Crops,97.12120958144057,0.0,0.21690664968067452,2.3745746517592234,0.022796989456392375,0.0,0.264512127663141
TreeCrops,0.0,100.0,0.0,0.0,0.0,0.0,0.0
Forest,0.13800278895688678,0.0,99.62428560074564,0.19002478269979697,0.017340664580970066,0.0,0.030346163016697614
Grassland,1.3238258667510787,0.0,0.7650400679739433,97.02414074604735,0.02632324275694317,0.0,0.8606700764706863
Urban,0.8976660682226212,0.0,0.5685218432076601,2.7528426092160383,95.69120287253142,0.0,0.08976660682226212
Water,0.0,0.0,0.0,0.0,0.0,100.0,0.0
Other,1.2717045732452923,0.0,0.0,2.5067253607238933,0.0,0.0,96.22157006603082
