from_label,Crops,TreeCrops,Forest,Grassland,Urban,Water,Other
Crops,97.95223675450465,0.0,0.2842027647130411,1.0394519253484527,0.034362047118957115,0.0,0.6897465083148996
TreeCrops,0.0,100.0,0.0,0.0,0.0,0.0,0.0
Forest,0.2924036085147931,0.0,98.74444433143822,0.9560326678396713,0.0071193922073167016,0.0,0.0
Grassland,1.2265354167017828,0.0,1.325422376545811,93.97632331541007,0.13035099252167365,0.0,3.341367898820661
Urban,0.9589687156107531,0.0,1.0061311114604623,3.0812765288476656,94.95362364408112,0.0,0.0
Water,0.0,0.0,0.0,0.0,0.0,100.0,0.0
Other,1.508496681882696,0.0,0.00958993440484867,5.472016571406652,0.021097855690667074,0.0,92.98879895661514
