from_label,Crops,TreeCrops,Forest,Grassland,Urban,Water,Other
Crops,95.76465618331063,0.004005914186034655,0.5662905962985353,2.1435282635454525,0.0626379309089055,0.0,1.4588811117504388
TreeCrops,0.0,100.0,0.0,0.0,0.0,0.0,0.0
Forest,0.29359981902054705,0.0009835839833184157,98.70560347795296,0.8144075381876481,0.025573183566278808,0.0,0.15983239728924256
Grassland,1.164060793308991,0.0,1.2660071362440053,94.02261544383069,0.1050671493513924,0.0,3.4422494772649257
Urban,0.7905706482679316,0.014374011786689664,0.5749604714675867,2.8173063101911744,95.19908006324566,0.0,0.603708495040966
Water,0.0,0.0,0.0,0.0,0.0,100.0,0.0
Other,1.5712554033346295,0.0,0.0,5.969398257210163,0.0,0.0,92.45934633945521
