from_label,Crops,TreeCrops,Forest,Grassland,Urban,Water,Other
Crops,98.3516723650459,0.010758002104534162,0.16574046992297942,1.2832279385314656,0.014456065327967779,0.0,0.17414515906714675
TreeCrops,0.0,100.0,0.0,0.0,0.0,0.0,0.0
Forest,0.11833236756229225,0.0012199213150751776,99.3461221751197,0.5154167556192625,0.018908780383665256,0.0,0.0
Grassland,3.5343452048764767,0.0,1.1664557509255402,93.94606321184062,0.05305644419641103,0.0,1.3000793881609458
Urban,0.8317681781593774,0.0,0.7244432519452643,1.2342366514623022,97.20955191843305,0.0,0.0
Water,0.0,0.0,0.0,0.0,0.0,100.0,0.0
Other,5.538065889238682,0.0,0.011084999778300004,0.7648649847027003,0.0,0.0,93.68598412628032
