from_label,Crops,TreeCrops,Forest,Grassland,Urban,Water,Other
Crops,98.35925761941745,0.00036291581079021286,0.1012535112104694,1.459284475187446,0.010524558512916175,0.0,0.06931691986093066
TreeCrops,0.0,100.0,0.0,0.0,0.0,0.0,0.0
Forest,0.19221528111484865,0.0,98.8819477815153,0.9106198942815953,0.015217043088258851,0.0,0.0
Grassland,3.198703697168602,0.0,0.6828528072837633,95.62233122772346,0.036171789533119246,0.0,0.45994047829104473
Urban,2.140077821011673,0.0,0.4539559014267186,2.075226977950713,95.3307392996109,0.0,0.0
Water,0.0,0.0,0.0,0.0,0.0,100.0,0.0
Other,4.080861515208766,0.0,0.15114301908180616,5.861515208766295,0.04250897411675798,0.0,89.86397128282637
