from_label,Crops,TreeCrops,Forest,Grassland,Urban,Water,Other
Crops,98.29583992765092,0.0035326701333936246,0.14483947546913858,1.4476882206647073,0.01307087949355641,0.0,0.0950288265882885
TreeCrops,0.0,100.0,0.0,0.0,0.0,0.0,0.0
Forest,0.16493406602120356,0.0,99.09682739808582,0.7255513000451983,0.012687235847784887,0.0,0.0
Grassland,1.1757397752253325,0.0,0.7828213532918602,97.51583886424562,0.027742513290774706,0.0,0.49785749394640266
Urban,0.8974358974358974,0.0,0.608974358974359,2.6923076923076925,95.80128205128206,0.0,0.0
Water,0.0,0.0,0.0,0.0,0.0,100.0,0.0
Other,1.159713199557288,0.0,0.038496703719743994,5.456907752273712,0.014436263894903998,0.0,93.33044608055435
