from_label,Crops,TreeCrops,Forest,Grassland,Urban,Water,Other
Crops,98.441948548577,0.0021872505167379345,0.2183605099210038,0.9259360520857256,0.02770517321201384,0.0,0.38386246568750754
TreeCrops,0.0,100.0,0.0,0.0,0.0,0.0,0.0
Forest,0.34551107464324377,0.0,98.40788101369688,1.2258475895783183,0.02076032208156829,0.0,0.0
Grassland,1.2508427111963907,0.0,1.6781621117046102,93.95218586319555,0.13016646787325625,0.0,2.988642846030182
Urban,0.9975422871186931,0.014457134595923087,0.9541708833309239,3.2094838802949255,94.82434581465954,0.0,0.0
Water,0.0,0.0,0.0,0.0,0.0,100.0,0.0
Other,1.5539460709306676,0.0,0.39557051696192774,6.628356398834824,0.032869756423770505,0.0,91.38925725684881
