from_label,Crops,TreeCrops,Forest,Grassland,Urban,Water,Other
Crops,98.4022157529912,0.0003722703278212507,0.2084713835799004,0.9515229579111167,0.023453030652738793,0.0,0.4139646045372308
TreeCrops,0.0,99.35483870967742,0.0,0.0,0.6451612903225806,0.0,0.0
Forest,0.5333624138119055,0.0,98.37364118985423,1.0617679278671948,0.031228468466682195,0.0,0.0
Grassland,2.586237849760201,0.0,1.4644405119130055,93.03275114770075,0.12310533199969223,0.0,2.7934651586263497
Urban,1.9393409157188686,0.0,0.9040536599591719,2.7559055118110236,94.40069991251093,0.0,0.0
Water,0.0,0.0,0.0,0.0,0.0,100.0,0.0
Other,4.042152641031745,0.0,0.40464804275853117,7.109471360872482,0.08222794451777639,0.0,88.36150001081947
