from_label,Crops,TreeCrops,Forest,Grassland,Urban,Water,Other
Crops,97.60811275080854,0.0007897927189009245,0.345139418159704,1.2944702662786152,0.04146411774229854,0.0,0.710023654291931
TreeCrops,0.0,100.0,0.0,0.0,0.0,0.0,0.0
Forest,0.2038151497776343,0.0,98.54197483870657,1.2180725736119609,0.03613743790383587,0.0,0.0
Grassland,1.0640412163091835,0.0,0.5722788725647572,94.9060555564049,0.12892836576926409,0.0,3.3286959889519094
Urban,0.8229878644162365,0.0,1.1019668015064863,3.1664109359743344,94.90863439810295,0.0,0.0
Water,0.0,0.0,0.0,0.0,0.0,100.0,0.0
Other,1.2691518399713098,0.0,0.059771672212149594,5.926361299834632,0.010958139905560757,0.0,92.73375704807634
