from_label,Crops,TreeCrops,Forest,Grassland,Urban,Water,Other
Crops,98.39591610817519,0.0,0.22598192849663848,0.8376490828518144,0.026793489182128746,0.0,0.5136593912942313
TreeCrops,0.0,100.0,0.0,0.0,0.0,0.0,0.0
Forest,0.4583401538713373,0.0005115403503028319,98.52113684727452,1.0031306269438534,0.016880831559993453,0.0,0.0
Grassland,1.8925257354184755,0.0,1.3225693700600962,93.51907183366971,0.13699247950750357,0.0,3.1288405813442175
Urban,1.4976395897769819,0.0,0.50463942699007,2.9301644147810517,95.06755656845189,0.0,0.0
Water,0.0,0.0,0.0,0.0,0.0,100.0,0.0
Other,2.557464501451322,0.0,0.33733427473130934,5.870989252373107,0.05099239036636072,0.0,91.1832195810779
