from_label,Crops,TreeCrops,Forest,Grassland,Urban,Water,Other
Crops,98.3939702676351,0.0021910364698020397,0.1205070058391122,1.3953250585189325,0.011320355093977205,0.0,0.0766862764430714
TreeCrops,0.0,100.0,0.0,0.0,0.0,0.0,0.0
Forest,0.1724361257731291,0.0,98.87390304718112,0.9423269971827337,0.01133382986302257,0.0,0.0
Grassland,1.6034276360437718,0.0,0.6923428684606803,97.21548261569873,0.02825294835535801,0.0,0.46049393144145373
Urban,1.0114192495921697,0.0,0.5546492659053833,2.5448613376835234,95.88907014681892,0.0,0.0
Water,0.0,0.0,0.0,0.0,0.0,100.0,0.0
Other,1.6799503651028491,0.0,0.014317758793490194,5.793919725099031,0.014317758793490194,0.0,92.49749439221114
