from_label,Crops,TreeCrops,Forest,Grassland,Urban,Water,Other
Crops,98.40176347373189,0.0,0.13303894927536233,1.3650645380434783,0.01309159873188406,0.0,0.0870414402173913
TreeCrops,0.0,100.0,0.0,0.0,0.0,0.0,0.0
Forest,0.1499941408538729,0.0,99.16878246943479,0.664817780555447,0.01640560915589235,0.0,0.0
Grassland,1.32670335604677,0.0,0.7815202024185866,97.37207764233315,0.030035132002888227,0.0,0.489663667198602
Urban,1.0200828817341407,0.0,0.637551801083838,2.4226968441185845,95.91966847306344,0.0,0.0
Water,0.0,0.0,0.0,0.0,0.0,100.0,0.0
Other,1.3417780905465633,0.0,0.014074595355383532,3.936195167722261,0.014074595355383532,0.0,94.6938775510204
