from_label,Crops,TreeCrops,Forest,Grassland,Urban,Water,Other
Crops,97.96474722081359,0.012947358199454051,0.2794471478048833,1.0260781373067338,0.033806990854130026,0.0,0.6829731450212013
TreeCrops,0.0,99.11504424778761,0.0,0.0,0.8849557522123894,0.0,0.0
Forest,0.2902676744138923,0.0025328767400863202,98.67429231423883,1.0212559016028044,0.011651233004397073,0.0,0.0
Grassland,1.2177851707821474,0.0005619682375552134,1.3251211041551931,93.96783293808234,0.12869072640014387,0.0,3.3600080923426208
Urban,0.9837601499063086,0.0,0.2810743285446596,3.029356652092442,95.70580886945659,0.0,0.0
Water,0.0,0.0,0.0,0.0,0.0,100.0,0.0
Other,1.4956266274954932,0.0,0.015261496198933603,5.451215673556596,0.008584591611900151,0.0,93.02931161113708
