from_label,Crops,TreeCrops,Forest,Grassland,Urban,Water,Other
Crops,96.09968747159627,0.0,0.4848734854258287,1.8199360959818773,0.05733183245121551,0.0,1.5381711145448063
TreeCrops,0.0,97.41379310344827,1.7241379310344827,0.0,0.8620689655172413,0.0,0.0
Forest,0.30516587653539773,0.0,98.63338759638496,0.8369097617358733,0.02296398736470384,0.0,0.20157277797906706
Grassland,1.2092522251828335,0.0,1.100969442712172,93.88797550881569,0.11565281478541868,0.0,3.6861500085038834
Urban,0.8648302370275465,0.0,0.5445227418321589,2.994875080076874,95.24343369634849,0.0,0.3523382447149263
Water,0.0,0.0,0.0,0.0,0.0,100.0,0.0
Other,1.6961356908552685,0.0,0.0,5.339427154172334,0.0,0.0,92.9644371549724
