from_label,Crops,TreeCrops,Forest,Grassland,Urban,Water,Other
Crops,98.39585651459757,0.0,0.1579637577491655,1.2928522227520798,0.015233402214804218,0.0,0.13809410268637737
TreeCrops,0.0,100.0,0.0,0.0,0.0,0.0,0.0
Forest,0.13987540853854077,0.0,99.66156974324333,0.18217919063312388,0.016375657584999898,0.0,0.0
Grassland,1.5661571867685626,0.0,0.9965173006965398,96.59238318152336,0.033487493302501344,0.0,0.8114548377090325
Urban,1.1594202898550725,0.0,0.7536231884057971,1.8260869565217392,96.26086956521739,0.0,0.0
Water,0.0,0.0,0.0,0.0,0.0,100.0,0.0
Other,1.6027298107744805,0.0,0.024127115431013684,1.5682625030158894,0.01723365387929549,0.0,96.78764691689932
