from_label,Crops,TreeCrops,Forest,Grassland,Urban,Water,Other
Crops,98.9578532288626,0.0,0.017923900240692375,0.9077175193322067,0.01280278588620884,0.0,0.1037025656782916
TreeCrops,0.17516743946419372,99.47449768160742,0.030911901081916538,0.17516743946419372,0.05667181865018032,0.0,0.08758371973209686
Forest,0.03315833103067146,0.0,99.82868195634154,0.13263332412268583,0.0,0.0,0.005526388505111909
Grassland,0.0850099178237461,0.0,0.009445546424860677,99.85831680362709,0.009445546424860677,0.0,0.03778218569944271
Urban,0.0,0.0,0.0,0.0,100.0,0.0,0.0
Water,0.0,0.0,0.0,0.0,0.0,100.0,0.0
Other,0.0,0.0,0.0,0.12391573729863693,0.0,0.0,99.87608426270135
