from_label,Crops,TreeCrops,Forest,Grassland,Urban,Water,Other
Crops,99.98995794891107,0.0,0.0037657691583505935,0.005021025544467457,0.0012552563861168643,0.0,0.0
TreeCrops,0.0,99.99499073285578,0.0,0.005009267144216801,0.0,0.0,0.0
Forest,0.16007065187393055,0.0,99.83992934812606,0.0,0.0,0.0,0.0
Grassland,27.382192891050135,0.0,0.3126085446335533,72.131527150631,0.1736714136853074,0.0,0.0
Urban,0.10559662090813093,0.0,0.0,0.0,99.89440337909187,0.0,0.0
Water,0.0,0.0,0.0,0.0,0.0,100.0,0.0
Other,56.30936227951153,0.0,0.0,0.40705563093622793,0.0,0.0,43.28358208955223
