from_label,Crops,TreeCrops,Forest,Grassland,Urban,Water,Other
Crops,99.91088592124862,0.0,0.02291504882178457,0.0496492724471999,0.008911407875138446,0.0,0.007638349607261524
TreeCrops,0.009976555095525514,99.91021100414027,0.02992966528657655,0.0,0.049882775477627574,0.0,0.0
Forest,0.07183511079184395,0.0,99.85632977841631,0.06630933303862518,0.0,0.0,0.005525777753218766
Grassland,0.17500514721021207,0.0,0.04117768169652048,99.75293390982087,0.030883261272390366,0.0,0.0
Urban,0.0,0.0,0.0,0.0,100.0,0.0,0.0
Water,0.0,0.0,0.0,0.0,0.0,100.0,0.0
Other,0.11547344110854503,0.0,0.0,0.0,0.0,0.0,99.88452655889145
