from_label,Crops,TreeCrops,Forest,Grassland,Urban,Water,Other
Crops,99.98651873222157,0.0,0.0013481267778421883,0.009436887444895318,0.0013481267778421883,0.0,0.0013481267778421883
TreeCrops,0.0,99.99507000591599,0.0,0.0,0.0049299940840071,0.0,0.0
Forest,0.13900472616068948,0.0,99.84431470670003,0.016680567139282735,0.0,0.0,0.0
Grassland,6.48120745782776,0.0,0.15537141166025453,93.25984018940515,0.08878366380585972,0.0,0.014797277300976621
Urban,0.0,0.0,0.0,0.0,100.0,0.0,0.0
Water,0.0,0.0,0.0,0.0,0.0,100.0,0.0
Other,11.917098445595855,0.0,0.0,0.2590673575129534,0.19430051813471502,0.0,87.62953367875647
