from_label,Crops,TreeCrops,Forest,Grassland,Urban,Water,Other
Crops,99.96412055493542,0.0,0.011959815021527667,0.01727528836442885,0.005315473342901185,0.0,0.0013288683357252963
TreeCrops,0.0,99.96548833998915,0.029581422866439874,0.0,0.004930237144406646,0.0,0.0
Forest,0.10567884754435732,0.0,99.84426275098727,0.05005840146837978,0.0,0.0,0.0
Grassland,0.8558522862350424,0.0,0.12679293129408037,98.93810920041207,0.07924558205880022,0.0,0.0
Urban,0.0,0.0,0.0,0.0,100.0,0.0,0.0
Water,0.0,0.0,0.0,0.0,0.0,100.0,0.0
Other,1.5486725663716814,0.0,0.0,0.2949852507374631,0.07374631268436578,0.0,98.08259587020649
