from_label,Crops,TreeCrops,Forest,Grassland,Urban,Water,Other
Crops,99.92998357796647,0.0,0.016549336117016537,0.03564472394434331,0.008911180986085827,0.0,0.008911180986085827
TreeCrops,0.04468053418060865,99.82127786327757,0.02482251898922703,0.06453854937199027,0.04468053418060865,0.0,0.0
Forest,0.07185496351978776,0.0,99.86734468273269,0.060800353747512706,0.0,0.0,0.0
Grassland,0.13397918169638257,0.0,0.010306090899721737,99.83510254560444,0.010306090899721737,0.0,0.010306090899721737
Urban,0.0,0.0,0.0,0.0,100.0,0.0,0.0
Water,0.0,0.0,0.0,0.0,0.0,100.0,0.0
Other,0.11641443538998836,0.0,0.0,0.0,0.0,0.0,99.88358556461002
