from_label,Crops,TreeCrops,Forest,Grassland,Urban,Water,Other
Crops,99.80557526076561,0.14056383174377973,0.017077848716533985,0.019705210057539214,0.010509445364020915,0.0,0.006568403352513071
TreeCrops,0.01378993334865548,99.94484026660537,0.004596644449551828,0.022983222247759134,0.009193288899103655,0.0,0.004596644449551828
Forest,0.0672824025934308,2.672946357575387,97.14355618080617,0.08563214875527556,0.018349746161844763,0.0,0.012233164107896507
Grassland,0.16029922522041143,0.7836851010775671,0.05343307507347048,98.96696054857958,0.02671653753673524,0.0,0.008905512512245079
Urban,0.0,0.0,0.0,0.0,100.0,0.0,0.0
Water,0.0,0.0,0.0,0.0,0.0,100.0,0.0
Other,0.07861635220125787,0.0,0.0,0.0,0.0,0.0,99.92138364779875
