from_label,Crops,TreeCrops,Forest,Grassland,Urban,Water,Other
Crops,99.98596992462024,0.007652768388964708,0.003826384194482354,0.0012754613981607846,0.0012754613981607846,0.0,0.0
TreeCrops,0.0,99.24016623987238,0.6129045799924436,0.13433525040930272,0.012593929725872128,0.0,0.0
Forest,0.16091183372443849,0.02011397921555481,99.81226952732149,0.00670465973851827,0.0,0.0,0.0
Grassland,5.3930744033692095,0.07019185774450164,0.26906878802058964,94.15067852129152,0.10528778661675246,0.0,0.01169864295741694
Urban,0.0,0.0,0.0,0.0,100.0,0.0,0.0
Water,0.0,0.0,0.0,0.0,0.0,100.0,0.0
Other,2.405857740585774,0.20920502092050208,0.0,0.0,0.0,0.0,97.38493723849372
