from_label,Crops,TreeCrops,Forest,Grassland,Urban,Water,Other
Crops,99.8513294828108,0.13551383425210836,0.009209678055968529,0.0026313365874195797,0.0013156682937097899,0.0,0.0
TreeCrops,0.0,99.98659217877095,0.0,0.00446927374301676,0.00893854748603352,0.0,0.0
Forest,0.037731103005911204,2.974468620299333,96.98151175952711,0.0062885171676518685,0.0,0.0,0.0
Grassland,8.683950838790706,0.5831165335964833,0.17044944828204897,90.46380191979905,0.08971023593792052,0.0,0.008971023593792052
Urban,0.0,0.0,0.0,0.0,100.0,0.0,0.0
Water,0.0,0.0,0.0,0.0,0.0,100.0,0.0
Other,10.390625,0.546875,0.0,0.234375,0.0,0.0,88.828125
