from_label,Crops,TreeCrops,Forest,Grassland,Urban,Water,Other
Crops,99.93251416565863,0.0,0.022919717323486345,0.03055962309798179,0.014006493919908321,0.0,0.0
TreeCrops,0.004981071926678621,99.91532177724648,0.029886431560071723,0.024905359633393107,0.019924287706714484,0.0,0.004981071926678621
Forest,0.060810437282326275,0.0,99.87285090386423,0.06633865885344684,0.0,0.0,0.0
Grassland,0.17439474764054164,0.0,0.030775543701272057,99.74353713582273,0.04103405826836274,0.0,0.010258514567090685
Urban,0.0,0.0,0.0,0.0,100.0,0.0,0.0
Water,0.0,0.0,0.0,0.0,0.0,100.0,0.0
Other,0.11507479861910241,0.0,0.0,0.0,0.0,0.0,99.88492520138091
