from_label,Crops,TreeCrops,Forest,Grassland,Urban,Water,Other
Crops,98.9896422443922,0.008896231810383173,0.03812670775878503,0.8438711317277753,0.015250683103514013,0.0,0.10421300120734575
TreeCrops,0.1194494936380161,99.39236561931966,0.015580368735393403,0.2804466372370813,0.046741106206180216,0.0,0.14541677486367177
Forest,0.022099447513812154,0.0055248618784530384,99.8342541436464,0.13812154696132595,0.0,0.0,0.0
Grassland,0.08925914906277893,0.0,0.01983536645839532,99.85123475156203,0.00991768322919766,0.0,0.02975304968759298
Urban,0.5132591958939264,0.0855431993156544,0.0,0.0,99.40119760479041,0.0,0.0
Water,0.0,0.0,0.0,0.0,0.0,100.0,0.0
Other,0.0,0.0,0.0,0.12919896640826875,0.0,0.0,99.87080103359173
