from_label,Crops,TreeCrops,Forest,Grassland,Urban,Water,Other
Crops,99.98181090618066,0.0,0.0072756375277383675,0.004850425018492245,0.006063031273115306,0.0,0.0
TreeCrops,0.03506662659052199,99.93988578298769,0.015028554253080853,0.0,0.010019036168720569,0.0,0.0
Forest,0.13246495198145491,0.0,99.85097692902086,0.016558118997681864,0.0,0.0,0.0
Grassland,2.0679705033664635,0.0,0.25649246553382493,97.48316768194934,0.1923693491503687,0.0,0.0
Urban,0.10395010395010396,0.0,0.0,0.0,99.8960498960499,0.0,0.0
Water,0.0,0.0,0.0,0.0,0.0,100.0,0.0
Other,5.329153605015674,0.0,0.0,0.6269592476489028,0.0,0.0,94.04388714733543
