from_label,Crops,TreeCrops,Forest,Grassland,Urban,Water,Other
Crops,99.98103160946795,0.0,0.004064655114013576,0.010839080304036203,0.002709770076009051,0.0,0.0013548850380045254
TreeCrops,0.009857072449482505,99.97042878265155,0.014785608674223755,0.0,0.004928536224741252,0.0,0.0
Forest,0.0611961057023644,0.0,99.89986091794158,0.03894297635605007,0.0,0.0,0.0
Grassland,2.204553668232743,0.0,0.1590169859053126,97.54969280809541,0.0795084929526563,0.0,0.0072280448138778465
Urban,0.0,0.0,0.0,0.0,100.0,0.0,0.0
Water,0.0,0.0,0.0,0.0,0.0,100.0,0.0
Other,4.086687306501548,0.0,0.0,0.30959752321981426,0.12383900928792571,0.0,95.47987616099071
