from_label,Crops,TreeCrops,Forest,Grassland,Urban,Water,Other
Crops,99.97306690949199,0.007695168716574111,0.014107809313719204,0.0038475843582870557,0.0012825281194290186,0.0,0.0
TreeCrops,0.0,99.95226730310263,0.021696680407897594,0.008678672163159037,0.017357344326318074,0.0,0.0
Forest,0.10351966873706005,0.0,99.88354037267081,0.006469979296066253,0.006469979296066253,0.0,0.0
Grassland,4.063892209062262,0.010866021949364337,0.05433010974682169,95.78398348364664,0.0869281755949147,0.0,0.0
Urban,0.0,0.0,0.0,0.0,100.0,0.0,0.0
Water,0.0,0.0,0.0,0.0,0.0,100.0,0.0
Other,1.6064257028112447,0.1004016064257028,0.0,0.30120481927710846,0.0,0.0,97.99196787148594
