from_label,Crops,TreeCrops,Forest,Grassland,Urban,Water,Other
Crops,99.9312224571414,0.0,0.02419950582061798,0.029294138624958603,0.012736582010851568,0.0,0.0025473164021703135
TreeCrops,0.014978281491836838,99.92510859254081,0.01997104198911578,0.00998552099455789,0.029956562983673676,0.0,0.0
Forest,0.08840267418089397,0.0,99.88397149013758,0.027625835681529366,0.0,0.0,0.0
Grassland,0.1539882968894364,0.0,0.09239297813366185,99.722821065599,0.030797659377887282,0.0,0.0
Urban,0.0,0.0,0.0,0.0,100.0,0.0,0.0
Water,0.0,0.0,0.0,0.0,0.0,100.0,0.0
Other,0.0,0.0,0.0,0.0,0.0,0.0,100.0
