from_label,Crops,TreeCrops,Forest,Grassland,Urban,Water,Other
Crops,99.96896939606688,0.0,0.016808243797111568,0.0077576509832822625,0.006464709152735218,0.0,0.0
TreeCrops,0.031075201988812924,99.95338719701678,0.005179200331468821,0.010358400662937643,0.0,0.0,0.0
Forest,0.1271772186895217,0.0,99.85070500414707,0.02211777716339508,0.0,0.0,0.0
Grassland,1.3492063492063493,0.0,0.15873015873015872,98.35978835978835,0.11463844797178131,0.0,0.017636684303350973
Urban,0.09250693802035154,0.0,0.0,0.0,99.90749306197965,0.0,0.0
Water,0.0,0.0,0.0,0.0,0.0,100.0,0.0
Other,1.54015401540154,0.0,0.0,0.11001100110011,0.0,0.0,98.34983498349835
