from_label,Crops,TreeCrops,Forest,Grassland,Urban,Water,Other
Crops,99.91600809376551,0.0,0.024179488158413826,0.0445411623970781,0.0063630231995825855,0.0,0.00890823247941562
TreeCrops,0.02975304968759298,99.88594664286423,0.02975304968759298,0.024794208072994147,0.02975304968759298,0.0,0.0
Forest,0.08294625082946251,0.0,99.86728599867286,0.04976775049767751,0.0,0.0,0.0
Grassland,0.18593120545398203,0.0,0.07230657989877079,99.72110319181903,0.020659022828220228,0.0,0.0
Urban,0.0,0.0,0.0,0.0,100.0,0.0,0.0
Water,0.0,0.0,0.0,0.0,0.0,100.0,0.0
Other,0.11723329425556857,0.0,0.0,0.0,0.0,0.0,99.88276670574443
