from_label,Crops,TreeCrops,Forest,Grassland,Urban,Water,Other
Crops,0.0,0.0,0.0,0.0,0.0,0.0,0.0
TreeCrops,0.0,0.0,0.0,0.0,0.0,0.0,0.0
Forest,0.0,0.0,0.0,0.0,0.0,0.0,0.0
Grassland,0.0,0.0,0.0,91.66666666666666,0.0,0.0,8.333333333333332
Urban,0.0,0.0,0.0,0.0,0.0,0.0,0.0
Water,0.0,0.0,0.0,0.0,0.0,100.0,0.0
Other,0.0,0.0,0.0,1.4492753623188406,0.0,0.0,98.55072463768117
