from_label,Crops,TreeCrops,Forest,Grassland,Urban,Water,Other
Crops,99.96205653576172,0.0,0.01897173211914248,0.0,0.01897173211914248,0.0,0.0
TreeCrops,0.0,0.0,0.0,0.0,0.0,0.0,0.0
Forest,0.002678014305952422,0.0,99.93787006810192,0.0570417047167866,0.0005356028611904844,0.0,0.0018746100141666959
Grassland,0.0,0.0,0.10181618051733628,99.89543203082003,0.001375894331315355,0.0,0.001375894331315355
Urban,0.0,0.0,0.0,0.0,100.0,0.0,0.0
Water,0.0,0.0,0.0,0.0,0.0,100.0,0.0
Other,0.0,0.0,0.0,0.0,0.0,0.0,100.0
