from_label,Crops,TreeCrops,Forest,Grassland,Urban,Water,Other
Crops,99.96095275283092,0.0,0.03904724716907458,0.0,0.0,0.0,0.0
TreeCrops,0.0,0.0,0.0,0.0,0.0,0.0,0.0
Forest,0.0031915233140778097,0.0,99.94069085841339,0.054521856615495905,0.0002659602761731508,0.0,0.001329801380865754
Grassland,0.0,0.0,0.12789722747232446,99.87068169222243,0.0,0.0,0.0014210803052480496
Urban,0.0,0.0,0.0,0.0,100.0,0.0,0.0
Water,0.0,0.0,0.0,0.0,0.0,100.0,0.0
Other,0.0,0.0,0.0,0.0,0.0,0.0,100.0
