from_label,Crops,TreeCrops,Forest,Grassland,Urban,Water,Other
Crops,99.98054853141413,0.0,0.019451468585878234,0.0,0.0,0.0,0.0
TreeCrops,0.0,0.0,0.0,0.0,0.0,0.0,0.0
Forest,0.0007984393172811545,0.0,99.94144778339938,0.056423045087868245,0.0,0.0,0.0013307321954685908
Grassland,0.0,0.0,0.10906670066148245,99.88951684868057,0.0,0.0,0.0014164506579413306
Urban,0.0,0.0,0.0,0.0,100.0,0.0,0.0
Water,0.0,0.0,0.0,0.0,0.0,100.0,0.0
Other,0.0,0.0,0.0,0.03315649867374005,0.0,0.0,99.96684350132627
