from_label,Crops,TreeCrops,Forest,Grassland,Urban,Water,Other
Crops,99.82594936708861,0.0,0.1740506329113924,0.0,0.0,0.0,0.0
TreeCrops,0.0,99.75429975429975,0.2457002457002457,0.0,0.0,0.0,0.0
Forest,0.008108831328199543,0.0045950044193130745,99.93269669997595,0.05216681487808372,0.001351471888033257,0.0,0.0010811775104266057
Grassland,0.1355868494180505,0.08994375159415231,0.12887462914983017,99.63888254956976,0.0013424440536440644,0.0,0.0053697762145762575
Urban,0.0,0.0,0.0,0.0,100.0,0.0,0.0
Water,0.0,0.0,0.0,0.0,0.0,100.0,0.0
Other,0.0,0.0,0.0,0.03128911138923655,0.0,0.0,99.96871088861077
