from_label,Crops,TreeCrops,Forest,Grassland,Urban,Water,Other
Crops,99.83892224337384,0.01464343242055938,0.11714745936447504,0.01464343242055938,0.01464343242055938,0.0,0.0
TreeCrops,0.0,99.81872467477075,0.17061207080400936,0.0,0.010663254425250585,0.0,0.0
Forest,0.0008207709775382342,0.021887226067686248,99.87360126945912,0.09931328828212635,0.0008207709775382342,0.0,0.0035566742359990147
Grassland,0.0,0.460689734850673,0.2902778580093582,99.24614407024436,0.0,0.0,0.002888336895615505
Urban,0.0,0.0,0.0,0.0,100.0,0.0,0.0
Water,0.0,0.0,0.0,0.0,0.0,100.0,0.0
Other,0.0,0.0,0.0,0.32855436081242534,0.0,0.0,99.67144563918757
