from_label,Crops,TreeCrops,Forest,Grassland,Urban,Water,Other
Crops,99.9811782420478,0.0,0.018821757952192736,0.0,0.0,0.0,0.0
TreeCrops,0.0,0.0,0.0,0.0,0.0,0.0,0.0
Forest,0.002145744318471372,0.0,99.93589588848567,0.060080840917198404,0.0008046541194267644,0.0,0.001072872159235686
Grassland,0.0,0.0,0.10931201748992281,99.88932158229146,0.001366400218624035,0.0,0.0
Urban,0.0,0.0,0.0,0.0,100.0,0.0,0.0
Water,0.0,0.0,0.0,0.0,0.0,100.0,0.0
Other,0.0,0.0,0.0,0.0319693094629156,0.0,0.0,99.96803069053708
