from_label,Crops,TreeCrops,Forest,Grassland,Urban,Water,Other
Crops,99.9624060150376,0.0,0.03759398496240602,0.0,0.0,0.0,0.0
TreeCrops,0.0,0.0,0.0,0.0,0.0,0.0,0.0
Forest,0.001609990527889061,0.0008049952639445305,99.93613704239374,0.05956964953189526,0.0008049952639445305,0.0,0.0010733270185927072
Grassland,0.0,0.005454867787641997,0.10227877101828743,99.88953892730025,0.0013637169469104993,0.0,0.0013637169469104993
Urban,0.0,0.0,0.0,0.0,100.0,0.0,0.0
Water,0.0,0.0,0.0,0.0,0.0,100.0,0.0
Other,0.0,0.0,0.0,0.0,0.0,0.0,100.0
