from_label,Crops,TreeCrops,Forest,Grassland,Urban,Water,Other
Crops,99.96152366294729,0.0,0.038476337052712584,0.0,0.0,0.0,0.0
TreeCrops,0.0,0.0,0.0,0.0,0.0,0.0,0.0
Forest,0.0018673837420236038,0.0,99.93944341293724,0.0570885886847216,0.0,0.0,0.0016006146360202317
Grassland,0.0014008545212579673,0.0,0.13588288856202282,99.86131540239546,0.0,0.0,0.0014008545212579673
Urban,0.0,0.0,0.0,0.0,100.0,0.0,0.0
Water,0.0,0.0,0.0,0.0,0.0,100.0,0.0
Other,0.0,0.0,0.0,0.03281916639317361,0.0,0.0,99.96718083360683
