from_label,Crops,TreeCrops,Forest,Grassland,Urban,Water,Other
Crops,99.95596007046389,0.01467997651203758,0.01467997651203758,0.01467997651203758,0.0,0.0,0.0
TreeCrops,0.0,99.98874507597074,0.011254924029262802,0.0,0.0,0.0,0.0
Forest,0.004641777637007528,0.01911320203473688,99.85992753365971,0.11140266328818066,0.0013652287167669201,0.0,0.0035495946635939924
Grassland,0.0,0.7066012191766937,0.1433473784805178,99.12398824261905,0.0014479533179850282,0.0,0.02461520640574548
Urban,0.0,0.0,0.0,0.0,100.0,0.0,0.0
Water,0.0,0.0,0.0,0.0,0.0,100.0,0.0
Other,0.0,0.0,0.0,0.2710843373493976,0.0,0.0,99.7289156626506
