from_label,Crops,TreeCrops,Forest,Grassland,Urban,Water,Other
Crops,99.84199438202246,0.0175561797752809,0.12289325842696629,0.0175561797752809,0.0,0.0,0.0
TreeCrops,0.0,100.0,0.0,0.0,0.0,0.0,0.0
Forest,0.007824282796560552,0.005665859956130056,99.93254928623655,0.05207195102538575,0.0008094085651614366,0.0,0.0010792114202152487
Grassland,0.14748273781591473,0.09519340349936314,0.13407521619628612,99.6205671381645,0.0026815043239257225,0.0,0.0
Urban,0.0,0.0,0.0,0.0,100.0,0.0,0.0
Water,0.0,0.0,0.0,0.0,0.0,100.0,0.0
Other,0.0,0.0,0.0,0.2197112366603892,0.0,0.0,99.78028876333961
