from_label,Crops,TreeCrops,Forest,Grassland,Urban,Water,Other
Crops,99.88213503956895,0.0,0.10102710894089914,0.0,0.016837851490149856,0.0,0.0
TreeCrops,0.22371364653243847,78.74720357941834,5.1454138702460845,15.883668903803134,0.0,0.0,0.0
Forest,0.00810011745170305,0.0002700039150567683,99.94086914260258,0.05022072820055891,0.0005400078301135366,0.0,0.0
Grassland,0.13162666380132435,0.0,0.10879346701946195,99.75689361073428,0.001343129222462493,0.0,0.001343129222462493
Urban,0.0,0.0,0.0,0.4608294930875576,99.53917050691244,0.0,0.0
Water,0.0,0.0,0.0,0.0,0.0,100.0,0.0
Other,0.0,0.0,0.0,0.031377470975839344,0.0,0.0,99.96862252902416
