from_label,Crops,TreeCrops,Forest,Grassland,Urban,Water,Other
Crops,99.98062766369624,0.0,0.019372336303758234,0.0,0.0,0.0,0.0
TreeCrops,0.0,0.0,0.0,0.0,0.0,0.0,0.0
Forest,0.0013325870845659763,0.0,99.9698835318888,0.028517363609711893,0.00026651741691319523,0.0,0.0
Grassland,0.0014068457112308493,0.0,0.0942586626524669,99.90292764592506,0.0,0.0,0.0014068457112308493
Urban,0.0,0.0,0.0,0.0,100.0,0.0,0.0
Water,0.0,0.0,0.0,0.0,0.0,100.0,0.0
Other,0.0,0.0,0.0,0.032948929159802305,0.0,0.0,99.9670510708402
