from_label,Crops,TreeCrops,Forest,Grassland,Urban,Water,Other
Crops,99.96229971724789,0.0,0.018850141376060323,0.0,0.018850141376060323,0.0,0.0
TreeCrops,0.0,0.0,0.0,0.0,0.0,0.0,0.0
Forest,0.0024129850770278458,0.0,99.94182024869833,0.05442621895962807,0.000536218906006188,0.0,0.0008043283590092819
Grassland,0.0013689441333899163,0.0,0.08898136867034456,99.90691179892949,0.0013689441333899163,0.0,0.0013689441333899163
Urban,0.0,0.0,0.0,0.0,100.0,0.0,0.0
Water,0.0,0.0,0.0,0.0,0.0,100.0,0.0
Other,0.0,0.0,0.0,0.032,0.0,0.0,99.968
