from_label,Crops,TreeCrops,Forest,Grassland,Urban,Water,Other
Crops,99.98070615473664,0.0,0.019293845263360986,0.0,0.0,0.0,0.0
TreeCrops,0.0,0.0,0.0,0.0,0.0,0.0,0.0
Forest,0.0040003093572569615,0.0,99.93946198506018,0.05520426913014606,0.0,0.0,0.001333436452418987
Grassland,0.0014027016032879325,0.0,0.15569987796496051,99.84149471882846,0.0,0.0,0.0014027016032879325
Urban,0.0,0.0,0.0,0.0,100.0,0.0,0.0
Water,0.0,0.0,0.0,0.0,0.0,100.0,0.0
Other,0.0,0.0,0.0,0.0,0.0,0.0,100.0
