from_label,Crops,TreeCrops,Forest,Grassland,Urban,Water,Other
Crops,99.98154981549816,0.0,0.01845018450184502,0.0,0.0,0.0,0.0
TreeCrops,0.0,100.0,0.0,0.0,0.0,0.0,0.0
Forest,0.0002690414054723022,0.0010761656218892088,99.93946568376873,0.057843902176544976,0.0010761656218892088,0.0,0.0002690414054723022
Grassland,0.001349782684987717,0.01754717490484032,0.10528304942904192,99.87042086224119,0.001349782684987717,0.0,0.004049348054963151
Urban,0.0,0.0,0.0,0.0,100.0,0.0,0.0
Water,0.0,0.0,0.0,0.0,0.0,100.0,0.0
Other,0.0,0.0,0.0,0.22144890857323632,0.0,0.0,99.77855109142676
