from_label,Crops,TreeCrops,Forest,Grassland,Urban,Water,Other
Crops,99.98064640990904,0.0,0.019353590090961874,0.0,0.0,0.0,0.0
TreeCrops,0.0,0.0,0.0,0.0,0.0,0.0,0.0
Forest,0.0007996481548118828,0.0,99.95975104287447,0.03891621020084496,0.0,0.0,0.0005330987698745885
Grassland,0.00140607424071991,0.0,0.1279527559055118,99.86923509561305,0.0,0.0,0.00140607424071991
Urban,0.0,0.0,0.0,0.0,100.0,0.0,0.0
Water,0.0,0.0,0.0,0.0,0.0,100.0,0.0
Other,0.0,0.0,0.0,0.0,0.0,0.0,100.0
