from_label,Crops,TreeCrops,Forest,Grassland,Urban,Water,Other
Crops,99.96168582375479,0.0,0.03831417624521073,0.0,0.0,0.0,0.0
TreeCrops,0.0,0.0,0.0,0.0,0.0,0.0,0.0
Forest,0.0008010894816951053,0.0,99.93778205025501,0.0598146812999012,0.0,0.0,0.0016021789633902106
Grassland,0.001394427866246479,0.0,0.11155422929971834,99.8856569149678,0.0,0.0,0.001394427866246479
Urban,0.0,0.0,0.0,0.0,100.0,0.0,0.0
Water,0.0,0.0,0.0,0.0,0.0,100.0,0.0
Other,0.0,0.0,0.0,0.032658393207054215,0.0,0.0,99.96734160679294
