from_label,Crops,TreeCrops,Forest,Grassland,Urban,Water,Other
Crops,99.98093058733791,0.0,0.01906941266209001,0.0,0.0,0.0,0.0
TreeCrops,0.0,0.0,0.0,0.0,0.0,0.0,0.0
Forest,0.0032102471087711976,0.0,99.93847026374854,0.056714365588291155,0.0002675205923975998,0.0,0.001337602961987999
Grassland,0.0,0.0,0.1382208215845635,99.85901476198374,0.001382208215845635,0.0,0.001382208215845635
Urban,0.0,0.0,0.0,0.0,100.0,0.0,0.0
Water,0.0,0.0,0.0,0.0,0.0,100.0,0.0
Other,0.0,0.0,0.0,0.0,0.0,0.0,100.0
