from_label,Crops,TreeCrops,Forest,Grassland,Urban,Water,Other
Crops,99.9252615844544,0.05979073243647235,0.0,0.014947683109118088,0.0,0.0,0.0
TreeCrops,0.0,99.90530303030303,0.0,0.0,0.0946969696969697,0.0,0.0
Forest,0.006766925433895258,0.0969023722133801,99.84409003800306,0.050075248210824916,0.0010827080694232414,0.0,0.0010827080694232414
Grassland,0.14467670840206603,4.102328348522135,0.13115552070093836,95.61913518483463,0.0013521187701127668,0.0,0.0013521187701127668
Urban,0.0,0.0,0.0,0.8163265306122449,99.18367346938776,0.0,0.0
Water,0.0,0.0,0.0,0.0,0.0,100.0,0.0
Other,0.0,0.031104199066874026,0.0,0.0,0.0,0.0,99.96889580093313
