from_label,Crops,TreeCrops,Forest,Grassland,Urban,Water,Other
Crops,99.92334227673439,0.0,0.0,0.0,0.0,0.0,0.07665772326561901
TreeCrops,0.0,100.0,0.0,0.0,0.0,0.0,0.0
Forest,0.0,0.0,100.0,0.0,0.0,0.0,0.0
Grassland,0.02502815667626079,0.0,0.0,99.96245776498561,0.0,0.0,0.012514078338130395
Urban,0.0,0.0,0.0,0.0,100.0,0.0,0.0
Water,0.0,0.0,0.0,0.0,0.0,100.0,0.0
Other,0.031314831487063065,0.0,0.0,0.003914353935882883,0.0,0.0,99.96477081457705
