from_label,Crops,TreeCrops,Forest,Grassland,Urban,Water,Other
Crops,95.47581903276131,0.5850234009360374,0.0,0.1170046801872075,1.0530421216848673,0.0,2.769110764430577
TreeCrops,0.0,100.0,0.0,0.0,0.0,0.0,0.0
Forest,0.0,2.182952182952183,97.81704781704782,0.0,0.0,0.0,0.0
Grassland,0.0,0.0,0.0,99.94680851063829,0.0,0.0,0.05319148936170213
Urban,0.0,0.0,0.0,0.0,100.0,0.0,0.0
Water,0.0,0.0,0.0,0.0,0.0,100.0,0.0
Other,0.0026034547844990302,0.0,0.0,0.0,0.0026034547844990302,0.0,99.994793090431
