from_label,Crops,TreeCrops,Forest,Grassland,Urban,Water,Other
Crops,99.88623435722411,0.0,0.0,0.0,0.0,0.0,0.11376564277588168
TreeCrops,0.0,100.0,0.0,0.0,0.0,0.0,0.0
Forest,0.0,0.0,100.0,0.0,0.0,0.0,0.0
Grassland,0.0374859427714607,0.0,0.0,99.96251405722853,0.0,0.0,0.0
Urban,0.0,0.0,0.0,0.0,100.0,0.0,0.0
Water,0.0,0.0,0.0,0.0,0.0,100.0,0.0
Other,0.3147282367383185,0.0,0.0,0.003917778880559981,0.013059262935199937,0.0,99.66829472144593
