from_label,Crops,TreeCrops,Forest,Grassland,Urban,Water,Other
Crops,97.09653092006033,0.0,0.0,0.11312217194570137,0.26395173453996984,0.0,2.526395173453997
TreeCrops,0.0,100.0,0.0,0.0,0.0,0.0,0.0
Forest,0.0,0.0,100.0,0.0,0.0,0.0,0.0
Grassland,0.0,0.0,0.0,99.96245776498561,0.0,0.0,0.03754223501439119
Urban,0.0,0.0,0.0,0.0,100.0,0.0,0.0
Water,0.0,0.0,0.0,0.0,0.0,100.0,0.0
Other,0.0026110683186025565,0.0,0.0,0.0,0.0,0.0,99.9973889316814
