from_label,Crops,TreeCrops,Forest,Grassland,Urban,Water,Other
Crops,99.92226972405753,0.0,0.0,0.0,0.0,0.0,0.0777302759424796
TreeCrops,0.0,100.0,0.0,0.0,0.0,0.0,0.0
Forest,0.0,0.0,100.0,0.0,0.0,0.0,0.0
Grassland,0.024990628514307136,0.0,0.0,99.96251405722853,0.0,0.0,0.012495314257153568
Urban,0.0,0.0,0.0,0.0,100.0,0.0,0.0
Water,0.0,0.0,0.0,0.0,0.0,100.0,0.0
Other,0.08349968035278615,0.0,0.0,0.003914047516536851,0.011742142549610552,0.0,99.90084412958107
