from_label,Crops,TreeCrops,Forest,Grassland,Urban,Water,Other
Crops,99.92035045798487,0.0,0.0,0.0,0.0,0.0,0.07964954201513341
TreeCrops,0.0,100.0,0.0,0.0,0.0,0.0,0.0
Forest,0.0,0.0,100.0,0.0,0.0,0.0,0.0
Grassland,0.02502815667626079,0.0,0.0,99.96245776498561,0.0,0.0,0.012514078338130395
Urban,0.0,0.0,0.0,0.0,100.0,0.0,0.0
Water,0.0,0.0,0.0,0.0,0.0,100.0,0.0
Other,0.04168946559316293,0.0,0.0,0.003908387399359024,0.0,0.0,99.95440214700749
