from_label,Crops,TreeCrops,Forest,Grassland,Urban,Water,Other
Crops,69.36681995047755,0.0,0.0,0.10611956137247967,0.49522461973823845,0.0,30.031835868411743
TreeCrops,0.0,100.0,0.0,0.0,0.0,0.0,0.0
Forest,0.0,0.0,100.0,0.0,0.0,0.0,0.0
Grassland,0.0,0.0,0.0,99.96251405722853,0.0,0.0,0.0374859427714607
Urban,0.0,0.0,0.0,0.0,100.0,0.0,0.0
Water,0.0,0.0,0.0,0.0,0.0,100.0,0.0
Other,0.015716474794703547,0.0,0.0,0.0,0.0,0.0,99.9842835252053
