from_label,Crops,TreeCrops,Forest,Grassland,Urban,Water,Other
Crops,99.91876523151909,0.0,0.0,0.0,0.04061738424045491,0.0,0.04061738424045491
TreeCrops,0.0,100.0,0.0,0.0,0.0,0.0,0.0
Forest,0.0,0.0,100.0,0.0,0.0,0.0,0.0
Grassland,0.012521913348359628,0.0,0.0,99.96243425995492,0.012521913348359628,0.0,0.012521913348359628
Urban,0.0,0.0,0.0,0.0,100.0,0.0,0.0
Water,0.0,0.0,0.0,0.0,0.0,100.0,0.0
Other,0.01171630910227036,0.0,0.0,0.0039054363674234536,0.0,0.0,99.9843782545303
