from_label,Crops,TreeCrops,Forest,Grassland,Urban,Water,Other
Crops,97.55969349588565,0.050544873738905406,0.028305129293787024,0.05661025858757405,0.23857180404763348,0.0,2.0662744384464524
TreeCrops,0.0,93.40723453908984,4.084014002333722,0.0,0.2333722287047841,0.0,2.2753792298716453
Forest,0.010615147815933337,0.31314686057003344,99.67623799161403,0.0,0.0,0.0,0.0
Grassland,0.028511374712399794,0.0006630552258697627,0.0,99.63134129441642,0.00994582838804644,0.0,0.32953844725727205
Urban,0.0,0.0,0.0,0.0,100.0,0.0,0.0
Water,0.0,0.0,0.0,0.0,0.0,100.0,0.0
Other,0.12200581463445105,0.0013664651239058518,6.506976780504057e-05,0.002863069783421785,0.01698320939711559,0.0,99.8567163712933
