from_label,Crops,TreeCrops,Forest,Grassland,Urban,Water,Other
Crops,99.9056158565361,0.0,0.0,0.0,0.0,0.0,0.09438414346389806
TreeCrops,0.0,100.0,0.0,0.0,0.0,0.0,0.0
Forest,0.0,0.0,100.0,0.0,0.0,0.0,0.0
Grassland,0.19990004997501248,0.01249375312343828,0.0,93.76561719140429,0.08745627186406797,0.0,5.9345327336331835
Urban,0.0,0.0,0.0,0.0,100.0,0.0,0.0
Water,0.0,0.0,0.0,0.0,0.0,100.0,0.0
Other,0.0,0.0,0.0,0.003900206710955681,0.0,0.0,99.99609979328903
