from_label,Crops,TreeCrops,Forest,Grassland,Urban,Water,Other
Crops,99.92233009708738,0.0,0.0,0.0,0.0,0.0,0.07766990291262137
TreeCrops,0.0,100.0,0.0,0.0,0.0,0.0,0.0
Forest,0.0,0.0,100.0,0.0,0.0,0.0,0.0
Grassland,0.02502815667626079,0.0,0.0,99.96245776498561,0.0,0.0,0.012514078338130395
Urban,0.0,0.0,0.0,0.0,100.0,0.0,0.0
Water,0.0,0.0,0.0,0.0,0.0,100.0,0.0
Other,0.0443430061949788,0.0,0.0,0.003912618193674601,0.0,0.0,99.95174437561136
