from_label,Crops,TreeCrops,Forest,Grassland,Urban,Water,Other
Crops,97.35973597359737,0.033003300330033,0.297029702970297,0.09900990099009901,0.7260726072607261,0.0,1.4851485148514851
TreeCrops,0.0,93.22033898305084,0.0,0.0,0.847457627118644,0.0,5.932203389830509
Forest,0.0,0.0,100.0,0.0,0.0,0.0,0.0
Grassland,0.0,0.0,0.0,99.96010638297872,0.013297872340425532,0.0,0.026595744680851064
Urban,0.0,0.0,0.0,0.0,100.0,0.0,0.0
Water,0.0,0.0,0.0,0.0,0.0,100.0,0.0
Other,0.003938817041948401,0.0,0.0013129390139828005,0.0,0.003938817041948401,0.0,99.99080942690212
