from_label,Crops,TreeCrops,Forest,Grassland,Urban,Water,Other
Crops,99.88465974625143,0.0,0.0,0.0,0.0,0.0,0.11534025374855825
TreeCrops,0.0,100.0,0.0,0.0,0.0,0.0,0.0
Forest,0.0,0.0,100.0,0.0,0.0,0.0,0.0
Grassland,0.03989361702127659,0.0,0.0,99.96010638297872,0.0,0.0,0.0
Urban,0.0,0.0,0.0,0.0,100.0,0.0,0.0
Water,0.0,0.0,0.0,0.0,0.0,100.0,0.0
Other,0.1946872590908497,0.0,0.0,0.003919877699815766,0.018292762599140238,0.0,99.78310010061018
