from_label,Crops,TreeCrops,Forest,Grassland,Urban,Water,Other
Crops,99.85714285714286,0.0,0.047619047619047616,0.0,0.0,0.0,0.09523809523809523
TreeCrops,0.0,100.0,0.0,0.0,0.0,0.0,0.0
Forest,0.0,0.0,100.0,0.0,0.0,0.0,0.0
Grassland,0.01249375312343828,0.0,0.0,99.96251874062968,0.01249375312343828,0.0,0.01249375312343828
Urban,0.0,0.0,0.0,0.0,100.0,0.0,0.0
Water,0.0,0.0,0.0,0.0,0.0,100.0,0.0
Other,0.027291867023626955,0.0,0.0,0.0038988381462324224,0.007797676292464845,0.0,99.96101161853768
