from_label,Crops,TreeCrops,Forest,Grassland,Urban,Water,Other
Crops,99.90623534927332,0.0,0.0,0.0,0.0,0.0,0.09376465072667604
TreeCrops,0.0,100.0,0.0,0.0,0.0,0.0,0.0
Forest,0.1076426264800861,0.0,99.89235737351991,0.0,0.0,0.0,0.0
Grassland,0.02663825253063399,0.0,0.0,99.96004262120405,0.0,0.0,0.013319126265316995
Urban,0.0,0.0,0.0,0.0,100.0,0.0,0.0
Water,0.0,0.0,0.0,0.0,0.0,100.0,0.0
Other,0.03617898259532516,0.0,0.0,0.0038763195637848383,0.00904474564883129,0.0,99.95089995219206
