from_label,Crops,TreeCrops,Forest,Grassland,Urban,Water,Other
Crops,99.89840839823908,0.0,0.0,0.0,0.033863867253640365,0.0,0.06772773450728073
TreeCrops,0.0,100.0,0.0,0.0,0.0,0.0,0.0
Forest,0.0,0.0,100.0,0.0,0.0,0.0,0.0
Grassland,0.026595744680851064,0.0,0.0,99.96010638297872,0.013297872340425532,0.0,0.0
Urban,0.0,0.0,0.0,0.0,100.0,0.0,0.0
Water,0.0,0.0,0.0,0.0,0.0,100.0,0.0
Other,0.10890673384768802,0.01574555188159345,0.0,0.003936387970398363,0.027554715792788537,0.0,99.84385661050753
