from_label,Crops,TreeCrops,Forest,Grassland,Urban,Water,Other
Crops,99.78326831382748,0.0,0.0,0.043346337234503686,0.043346337234503686,0.0,0.13003901170351106
TreeCrops,0.0,100.0,0.0,0.0,0.0,0.0,0.0
Forest,0.0,0.21834061135371177,99.78165938864629,0.0,0.0,0.0,0.0
Grassland,0.012514078338130395,0.0,0.0,99.88737329495683,0.03754223501439119,0.0,0.06257039169065198
Urban,0.0,0.0,0.0,0.0,100.0,0.0,0.0
Water,0.0,0.0,0.0,0.0,0.0,100.0,0.0
Other,0.0012987181651709762,0.0,0.0,0.0025974363303419524,0.003896154495512929,0.0,99.99220769100897
