from_label,Crops,TreeCrops,Forest,Grassland,Urban,Water,Other
Crops,93.94335511982571,0.0,0.0,0.130718954248366,0.6971677559912853,0.0,5.228758169934641
TreeCrops,0.0,100.0,0.0,0.0,0.0,0.0,0.0
Forest,0.0,0.0,100.0,0.0,0.0,0.0,0.0
Grassland,0.0,0.0,0.0,99.96250468691413,0.0,0.0,0.03749531308586427
Urban,0.0,0.0,0.0,0.0,100.0,0.0,0.0
Water,0.0,0.0,0.0,0.0,0.0,100.0,0.0
Other,0.007809551080972029,0.0,0.0,0.0039047755404860145,0.0013015918468286714,0.0,99.98698408153172
