from_label,Crops,TreeCrops,Forest,Grassland,Urban,Water,Other
Crops,99.92208804051423,0.0,0.0,0.0,0.0,0.0,0.07791195948578107
TreeCrops,0.0,100.0,0.0,0.0,0.0,0.0,0.0
Forest,0.0,0.0,100.0,0.0,0.0,0.0,0.0
Grassland,0.012514078338130395,0.0,0.0,99.96245776498561,0.012514078338130395,0.0,0.012514078338130395
Urban,0.0,0.0,0.0,0.0,100.0,0.0,0.0
Water,0.0,0.0,0.0,0.0,0.0,100.0,0.0
Other,0.011735711770918906,0.0,0.0,0.003911903923639636,0.006519839872732726,0.0,99.97783254443272
