from_label,Crops,TreeCrops,Forest,Grassland,Urban,Water,Other
Crops,99.91368148467846,0.0,0.0,0.0,0.0,0.0,0.08631851532153648
TreeCrops,0.0,100.0,0.0,0.0,0.0,0.0,0.0
Forest,0.0,3.6764705882352944,96.32352941176471,0.0,0.0,0.0,0.0
Grassland,0.012521913348359628,0.0,0.0,99.96243425995492,0.012521913348359628,0.0,0.012521913348359628
Urban,0.0,0.0,0.0,0.0,100.0,0.0,0.0
Water,0.0,0.0,0.0,0.0,0.0,100.0,0.0
Other,0.01558826203868487,0.0,0.0,0.0038970655096712175,0.0,0.0,99.98051467245165
