from_label,Crops,TreeCrops,Forest,Grassland,Urban,Water,Other
Crops,99.91607217792698,0.0,0.0,0.0,0.0419639110365086,0.0,0.0419639110365086
TreeCrops,0.0,97.6470588235294,2.3529411764705883,0.0,0.0,0.0,0.0
Forest,0.0,0.0,100.0,0.0,0.0,0.0,0.0
Grassland,0.012521913348359628,0.0,0.0,99.96243425995492,0.012521913348359628,0.0,0.012521913348359628
Urban,0.0,0.0,0.0,0.0,100.0,0.0,0.0
Water,0.0,0.0,0.0,0.0,0.0,100.0,0.0
Other,0.03250806199937585,0.0,0.0,0.0039009674399251015,0.0039009674399251015,0.0,99.95969000312077
