from_label,Crops,TreeCrops,Forest,Grassland,Urban,Water,Other
Crops,99.8085513720485,0.0,0.0,0.1914486279514997,0.0,0.0,0.0
TreeCrops,0.0,0.0,0.0,0.0,0.0,0.0,0.0
Forest,0.01858045336306206,0.0,99.86993682645856,0.09290226681531029,0.01858045336306206,0.0,0.0
Grassland,0.06018657839301836,0.0,0.06018657839301836,99.78934697562444,0.09027986758952752,0.0,0.0
Urban,0.0,0.0,0.0,0.0,100.0,0.0,0.0
Water,0.0,0.0,0.0,0.0,0.0,100.0,0.0
Other,0.0,0.0,0.0,1.1494252873563218,0.0,0.0,98.85057471264368
