from_label,Crops,TreeCrops,Forest,Grassland,Urban,Water,Other
Crops,99.46686976389947,0.15232292460015232,0.38080731150038083,0.0,0.0,0.0,0.0
TreeCrops,0.0,97.4124809741248,2.13089802130898,0.30441400304414,0.0,0.0,0.15220700152207
Forest,0.01811922449719152,0.01811922449719152,99.92752310201124,0.03623844899438304,0.0,0.0,0.0
Grassland,0.41275797373358347,0.0375234521575985,0.7504690431519699,98.76172607879926,0.0375234521575985,0.0,0.0
Urban,0.0,0.0,0.0,0.0,100.0,0.0,0.0
Water,0.0,0.0,0.0,0.0,0.0,100.0,0.0
Other,0.0,0.0,1.0869565217391304,0.0,0.0,0.0,98.91304347826086
