from_label,Crops,TreeCrops,Forest,Grassland,Urban,Water,Other
Crops,98.48101265822785,0.0,0.12658227848101267,1.2025316455696202,0.18987341772151897,0.0,0.0
TreeCrops,0.0,0.0,0.0,0.0,0.0,0.0,0.0
Forest,0.018508236165093468,0.0,99.88895058300943,0.09254118082546733,0.0,0.0,0.0
Grassland,0.09041591320072333,0.0,0.06027727546714888,99.78902953586498,0.03013863773357444,0.0,0.03013863773357444
Urban,0.0,0.0,0.0,0.0,100.0,0.0,0.0
Water,0.0,0.0,0.0,0.0,0.0,100.0,0.0
Other,0.0,0.0,0.0,1.1494252873563218,0.0,0.0,98.85057471264368
