from_label,Crops,TreeCrops,Forest,Grassland,Urban,Water,Other
Crops,99.80340760157273,0.0,0.0,0.0655307994757536,0.0,0.0,0.1310615989515072
TreeCrops,0.0,0.0,0.0,0.0,0.0,0.0,0.0
Forest,0.05626406601650412,0.0,99.92498124531133,0.018754688672168042,0.0,0.0,0.0
Grassland,0.14934289127837516,0.0,0.08960573476702509,99.61170848267622,0.11947431302270012,0.0,0.02986857825567503
Urban,0.0,0.0,0.0,0.0,100.0,0.0,0.0
Water,0.0,0.0,0.0,0.0,0.0,100.0,0.0
Other,0.0,0.0,0.0,1.098901098901099,0.0,0.0,98.9010989010989
