from_label,Crops,TreeCrops,Forest,Grassland,Urban,Water,Other
Crops,99.04336734693877,0.0,0.12755102040816327,0.5739795918367347,0.1913265306122449,0.0,0.06377551020408163
TreeCrops,0.0,0.0,0.0,0.0,0.0,0.0,0.0
Forest,0.0,0.0,99.86969471332837,0.11169024571854058,0.018615040953090096,0.0,0.0
Grassland,0.06013229104028864,0.0,0.06013229104028864,99.81960312687913,0.03006614552014432,0.0,0.03006614552014432
Urban,0.0,0.0,0.0,0.0,100.0,0.0,0.0
Water,0.0,0.0,0.0,0.0,0.0,100.0,0.0
Other,0.0,0.0,0.0,0.0,0.0,0.0,100.0
