from_label,Crops,TreeCrops,Forest,Grassland,Urban,Water,Other
Crops,98.56864020819779,0.0,0.1951854261548471,0.9759271307742355,0.1951854261548471,0.0,0.06506180871828238
TreeCrops,0.0,0.0,0.0,0.0,0.0,0.0,0.0
Forest,0.01865671641791045,0.0,99.86940298507463,0.09328358208955223,0.01865671641791045,0.0,0.0
Grassland,0.08968609865470852,0.0,0.029895366218236175,99.82062780269058,0.05979073243647235,0.0,0.0
Urban,0.0,0.0,0.0,0.0,100.0,0.0,0.0
Water,0.0,0.0,0.0,0.0,0.0,100.0,0.0
Other,0.0,0.0,0.0,0.0,0.0,0.0,100.0
