from_label,Crops,TreeCrops,Forest,Grassland,Urban,Water,Other
Crops,100.0,0.0,0.0,0.0,0.0,0.0,0.0
TreeCrops,0.0,99.2,0.4,0.4,0.0,0.0,0.0
Forest,0.033984706881903144,0.0,99.89804587935429,0.06796941376380629,0.0,0.0,0.0
Grassland,0.07339449541284404,0.0,1.3944954128440368,98.45871559633026,0.07339449541284404,0.0,0.0
Urban,0.0,0.0,0.0,0.0,100.0,0.0,0.0
Water,0.0,0.0,0.0,0.0,0.0,100.0,0.0
Other,0.0,0.0,2.4390243902439024,0.0,0.0,0.0,97.5609756097561
