from_label,Crops,TreeCrops,Forest,Grassland,Urban,Water,Other
Crops,99.80952380952381,0.0,0.0,0.19047619047619047,0.0,0.0,0.0
TreeCrops,0.0,0.0,0.0,0.0,0.0,0.0,0.0
Forest,0.09240436148586213,0.0,99.87063389391979,0.018480872297172428,0.018480872297172428,0.0,0.0
Grassland,0.06022282445046673,0.0,0.09033423667570009,99.75910870219813,0.06022282445046673,0.0,0.030111412225233364
Urban,0.0,0.0,0.0,0.0,100.0,0.0,0.0
Water,0.0,0.0,0.0,0.0,0.0,100.0,0.0
Other,0.0,0.0,0.0,1.1494252873563218,0.0,0.0,98.85057471264368
