from_label,Crops,TreeCrops,Forest,Grassland,Urban,Water,Other
Crops,99.61449498843486,0.0,0.30840400925212025,0.07710100231303006,0.0,0.0,0.0
TreeCrops,0.0,96.88013136288998,2.6272577996715927,0.49261083743842365,0.0,0.0,0.0
Forest,0.0,0.0,99.92560907569276,0.07439092430723451,0.0,0.0,0.0
Grassland,0.3819444444444444,0.3819444444444444,0.9027777777777777,98.19444444444444,0.10416666666666667,0.0,0.034722222222222224
Urban,0.0,0.0,0.0,0.0,100.0,0.0,0.0
Water,0.0,0.0,0.0,0.0,0.0,100.0,0.0
Other,0.0,0.0,0.0,1.0638297872340425,0.0,0.0,98.93617021276596
