from_label,Crops,TreeCrops,Forest,Grassland,Urban,Water,Other
Crops,99.53952417498081,0.0,0.3069838833461243,0.15349194167306215,0.0,0.0,0.0
TreeCrops,0.49916805324459235,42.42928452579035,2.329450915141431,54.742096505823625,0.0,0.0,0.0
Forest,0.018453589223103892,0.0,99.90773205388447,0.07381435689241557,0.0,0.0,0.0
Grassland,0.24673951357067325,0.0,1.163200563976031,98.44906591469864,0.10574550581600281,0.0,0.035248501938667604
Urban,0.0,0.0,0.0,0.0,100.0,0.0,0.0
Water,0.0,0.0,0.0,0.0,0.0,100.0,0.0
Other,0.0,0.0,1.0638297872340425,1.0638297872340425,0.0,0.0,97.87234042553192
