from_label,Crops,TreeCrops,Forest,Grassland,Urban,Water,Other
Crops,99.61028838659392,0.0,0.23382696804364772,0.1558846453624318,0.0,0.0,0.0
TreeCrops,0.0,100.0,0.0,0.0,0.0,0.0,0.0
Forest,0.0,0.0,99.93278440598219,0.06721559401781213,0.0,0.0,0.0
Grassland,0.07524454477050413,0.0,1.1662904439428141,98.72084273890142,0.037622272385252065,0.0,0.0
Urban,0.0,0.0,0.0,0.0,100.0,0.0,0.0
Water,0.0,0.0,0.0,0.0,0.0,100.0,0.0
Other,0.0,0.0,0.0,0.0,0.0,0.0,100.0
