from_label,Crops,TreeCrops,Forest,Grassland,Urban,Water,Other
Crops,99.80988593155894,0.0,0.0,0.19011406844106463,0.0,0.0,0.0
TreeCrops,0.0,0.0,0.0,0.0,0.0,0.0,0.0
Forest,0.018433179723502304,0.0,99.87096774193547,0.09216589861751152,0.018433179723502304,0.0,0.0
Grassland,0.0906070673512534,0.0,0.12080942313500453,99.72817879794624,0.06040471156750227,0.0,0.0
Urban,0.0,0.0,0.0,0.0,100.0,0.0,0.0
Water,0.0,0.0,0.0,0.0,0.0,100.0,0.0
Other,0.0,0.0,0.0,1.098901098901099,0.0,0.0,98.9010989010989
