from_label,Crops,TreeCrops,Forest,Grassland,Urban,Water,Other
Crops,99.76599063962558,0.0,0.15600624024961,0.078003120124805,0.0,0.0,0.0
TreeCrops,0.0,100.0,0.0,0.0,0.0,0.0,0.0
Forest,0.01720282126268708,0.0,99.93118871494924,0.05160846378806125,0.0,0.0,0.0
Grassland,0.0716075904045829,0.0,1.3247404224847834,98.49624060150376,0.10741138560687433,0.0,0.0
Urban,0.0,0.0,0.0,0.0,100.0,0.0,0.0
Water,0.0,0.0,0.0,0.0,0.0,100.0,0.0
Other,0.0,0.0,2.272727272727273,1.1363636363636365,0.0,0.0,96.5909090909091
