from_label,Crops,TreeCrops,Forest,Grassland,Urban,Water,Other
Crops,99.76617303195636,0.0779423226812159,0.1558846453624318,0.0,0.0,0.0,0.0
TreeCrops,0.0,76.29427792915531,2.861035422343324,20.844686648501362,0.0,0.0,0.0
Forest,0.0,0.053295434357790016,99.87564398649849,0.07106057914372002,0.0,0.0,0.0
Grassland,0.3194888178913738,0.039936102236421724,0.6389776357827476,98.9217252396166,0.07987220447284345,0.0,0.0
Urban,0.0,0.0,0.0,0.0,100.0,0.0,0.0
Water,0.0,0.0,0.0,0.0,0.0,100.0,0.0
Other,0.0,0.0,1.098901098901099,0.0,0.0,0.0,98.9010989010989
