from_label,Crops,TreeCrops,Forest,Grassland,Urban,Water,Other
Crops,99.67148488830486,0.0,0.0657030223390276,0.19710906701708278,0.0657030223390276,0.0,0.0
TreeCrops,0.0,0.0,0.0,0.0,0.0,0.0,0.0
Forest,0.05622188905547226,0.0,99.8688155922039,0.05622188905547226,0.018740629685157422,0.0,0.0
Grassland,0.05959475566150178,0.0,0.08939213349225268,99.79141835518475,0.02979737783075089,0.0,0.02979737783075089
Urban,0.0,0.0,0.0,0.0,100.0,0.0,0.0
Water,0.0,0.0,0.0,0.0,0.0,100.0,0.0
Other,0.0,0.0,0.0,0.0,0.0,0.0,100.0
