from_label,Crops,TreeCrops,Forest,Grassland,Urban,Water,Other
Crops,99.45440374123149,0.0,0.1558846453624318,0.3117692907248636,0.0,0.0,0.0779423226812159
TreeCrops,0.6230529595015576,41.90031152647975,1.0903426791277258,56.074766355140184,0.3115264797507788,0.0,0.0
Forest,0.0,0.0,99.92485440541049,0.0751455945895172,0.0,0.0,0.0
Grassland,0.0,0.0,0.0,99.93181043300375,0.06818956699624958,0.0,0.0
Urban,0.0,0.0,0.0,0.0,100.0,0.0,0.0
Water,0.0,0.0,0.0,0.0,0.0,100.0,0.0
Other,0.0,0.0,0.0,1.0638297872340425,0.0,0.0,98.93617021276596
