from_label,Crops,TreeCrops,Forest,Grassland,Urban,Water,Other
Crops,97.55164498852334,2.065799540933435,0.3825554705432288,0.0,0.0,0.0,0.0
TreeCrops,0.0,98.09523809523809,1.5873015873015872,0.31746031746031744,0.0,0.0,0.0
Forest,0.0,0.035765379113018594,99.91058655221745,0.0536480686695279,0.0,0.0,0.0
Grassland,0.30511060259344014,3.318077803203661,0.9534706331045004,95.30892448512586,0.07627765064836003,0.0,0.03813882532418002
Urban,0.0,0.0,0.0,0.0,100.0,0.0,0.0
Water,0.0,0.0,0.0,0.0,0.0,100.0,0.0
Other,0.0,0.0,2.1739130434782608,0.0,0.0,0.0,97.82608695652173
