from_label,Crops,TreeCrops,Forest,Grassland,Urban,Water,Other
Crops,99.23017705927637,0.4618937644341801,0.07698229407236336,0.15396458814472672,0.07698229407236336,0.0,0.0
TreeCrops,0.0,99.37984496124031,0.0,0.31007751937984496,0.31007751937984496,0.0,0.0
Forest,0.0,0.0,99.94364080405786,0.056359195942137896,0.0,0.0,0.0
Grassland,0.0,0.47928791509756935,0.06846970215679561,99.38377268058885,0.034234851078397806,0.0,0.034234851078397806
Urban,0.0,0.0,0.0,0.0,100.0,0.0,0.0
Water,0.0,0.0,0.0,0.0,0.0,100.0,0.0
Other,0.0,0.0,0.0,1.0638297872340425,0.0,0.0,98.93617021276596
