from_label,Crops,TreeCrops,Forest,Grassland,Urban,Water,Other
Crops,93.69876925308895,6.227885646121979,0.01370183201553949,0.05077737746935222,0.001611980237122293,0.0,0.007253911067050318
TreeCrops,0.0,100.0,0.0,0.0,0.0,0.0,0.0
Forest,0.23827137661056652,0.01479563528759016,98.77196227113002,0.8892793292645337,0.0049318784291967205,0.0,0.0807595092780963
Grassland,0.07972739782879361,0.5941329372447085,0.2894213756798672,99.006683995544,0.0016382342019615123,0.0,0.028396059500666215
Urban,0.0,0.0,0.0,0.0,100.0,0.0,0.0
Water,0.0,0.0,0.0,0.0,0.0,100.0,0.0
Other,0.0747421396183168,0.0,0.0,0.26408889331805274,0.0,0.0,99.66116896706363
