from_label,Crops,TreeCrops,Forest,Grassland,Urban,Water,Other
Crops,99.9175225510709,0.0,0.020836408150508322,0.04775010201158157,0.0008681836729378467,0.0,0.013022755094067702
TreeCrops,0.0,0.0,0.0,0.0,0.0,0.0,0.0
Forest,0.02931613453440648,0.0,98.88252225361121,1.0044773732743457,0.0005330206278982997,0.0,0.08315121795213475
Grassland,0.04520486020739442,0.0,0.3164340214517609,99.60822454486924,0.0,0.0,0.030136573471596283
Urban,0.0,0.0,0.0,0.0,100.0,0.0,0.0
Water,0.0,0.0,0.0,0.0,0.0,100.0,0.0
Other,0.006418073294397022,0.0,0.006418073294397022,0.3401578846030422,0.0,0.0,99.64700596880817
