from_label,Crops,TreeCrops,Forest,Grassland,Urban,Water,Other
Crops,99.91767064999429,0.0,0.017117983664552732,0.05135395099365819,0.0008151420792644158,0.0,0.013042273268230653
TreeCrops,0.0,0.0,0.0,0.0,0.0,0.0,0.0
Forest,0.013652853446370291,0.0,99.30045379484312,0.683076096237447,0.0004334239189323902,0.0,0.0023838315541281465
Grassland,0.016382103462084532,0.0,0.380428847063963,99.5158178310095,0.00910116859004696,0.0,0.07827004987440386
Urban,0.0,0.0,0.0,0.0,100.0,0.0,0.0
Water,0.0,0.0,0.0,0.0,0.0,100.0,0.0
Other,0.01518141794443601,0.0,0.0,0.23531197813875818,0.0,0.0,99.7495066039168
