from_label,Crops,TreeCrops,Forest,Grassland,Urban,Water,Other
Crops,99.73309300149053,0.0,0.038996152379631874,0.20364657353807758,0.001733162327983639,0.0,0.022531110263787308
TreeCrops,0.0,0.0,0.0,0.0,0.0,0.0,0.0
Forest,0.02188016523478999,0.0,98.76653863694479,1.1071890841700958,0.0015816986916715654,0.0,0.10281041495865176
Grassland,0.0077408095479367224,0.0,0.36241062883521924,99.5981816134662,0.002111129876710015,0.0,0.029555818273940212
Urban,0.0,0.0,0.0,0.0,100.0,0.0,0.0
Water,0.0,0.0,0.0,0.0,0.0,100.0,0.0
Other,0.006597176408497163,0.0,0.0,0.22430399788890354,0.0,0.0,99.7690988257026
