from_label,Crops,TreeCrops,Forest,Grassland,Urban,Water,Other
Crops,99.85782071706323,0.0,0.024838549428713365,0.09935419771485346,0.0017130034088767836,0.0,0.016273532384329444
TreeCrops,0.0,0.0,0.0,0.0,0.0,0.0,0.0
Forest,0.0029985145820070674,0.0,99.13504387057488,0.8601123751003349,0.0004613099356933949,0.0,0.001383929807080185
Grassland,0.010275028256327704,0.0,0.33222591362126247,99.59584888858444,0.0034250094187759017,0.0,0.058225160119190336
Urban,0.0,0.0,0.0,0.0,100.0,0.0,0.0
Water,0.0,0.0,0.0,0.0,0.0,100.0,0.0
Other,0.007018528916339136,0.0,0.0,0.2807411566535654,0.007018528916339136,0.0,99.70522178551376
