from_label,Crops,TreeCrops,Forest,Grassland,Urban,Water,Other
Crops,99.89427312775331,0.013425634571009018,0.018460247535137402,0.06544996853366898,0.0008391021606880636,0.0,0.007551919446192573
TreeCrops,0.0,99.93680219085739,0.06319780914261638,0.0,0.0,0.0,0.0
Forest,0.06532532009406845,0.0,98.8512542461458,0.9896785994251373,0.005879278808466161,0.0,0.08786255552652208
Grassland,0.014878814620231082,0.03232294210601925,0.2611488497137111,99.65419582572291,0.0020522502924456665,0.0,0.03540131754468775
Urban,0.0,0.0,0.0,0.0,100.0,0.0,0.0
Water,0.0,0.0,0.0,0.0,0.0,100.0,0.0
Other,0.013760205485735253,0.0,0.0,0.013760205485735253,0.0,0.0,99.97247958902852
