from_label,Crops,TreeCrops,Forest,Grassland,Urban,Water,Other
Crops,99.90889766170665,0.0,0.020823391609908464,0.05899960956140732,0.0017352826341590385,0.0,0.009544054487874713
TreeCrops,0.0,0.0,0.0,0.0,0.0,0.0,0.0
Forest,0.0375307543681628,0.0,98.69170570328464,1.1584492848306251,0.0016680335274739022,0.0,0.11064622398910219
Grassland,0.0212696744488652,0.0,0.33405900457923576,99.61026449465756,0.002502314641042965,0.0,0.0319045116732978
Urban,0.0,0.0,0.0,0.0,100.0,0.0,0.0
Water,0.0,0.0,0.0,0.0,0.0,100.0,0.0
Other,0.017498833411105925,0.0,0.005832944470368642,0.11082594493700419,0.0,0.0,99.86584227718151
