from_label,Crops,TreeCrops,Forest,Grassland,Urban,Water,Other
Crops,99.82885460304486,0.023841149824597258,0.012772044548891385,0.11920574912298629,0.0017029392731855181,0.0,0.013623514185484145
TreeCrops,0.0,100.0,0.0,0.0,0.0,0.0,0.0
Forest,0.0239053098096697,0.00031454355012723286,98.88085404864731,1.0002484894046004,0.005347240352162959,0.0,0.08933036823613413
Grassland,0.011245220781168004,0.0498002634594583,0.3148661818727041,99.58499780450451,0.0021419468154605724,0.0,0.036948582566694865
Urban,0.0,0.0,0.0,0.0,100.0,0.0,0.0
Water,0.0,0.0,0.0,0.0,0.0,100.0,0.0
Other,0.004859086491739553,0.0,0.0,0.014577259475218658,0.0,0.0,99.98056365403303
