from_label,Crops,TreeCrops,Forest,Grassland,Urban,Water,Other
Crops,99.91668098264903,0.0,0.019756055660539427,0.054973372272805354,0.0008589589417625837,0.0,0.007730630475863254
TreeCrops,0.0,0.0,0.0,0.0,0.0,0.0,0.0
Forest,0.002620008288753495,0.0,99.14087546386055,0.8557899801355736,0.0,0.0,0.0007145477151145897
Grassland,0.0364467385094269,0.0,0.30831970685001675,99.60302606434327,0.001970093973482535,0.0,0.050237396323804646
Urban,0.0,0.0,0.0,0.0,100.0,0.0,0.0
Water,0.0,0.0,0.0,0.0,0.0,100.0,0.0
Other,0.03489427036080676,0.0,0.0,0.41175239025751975,0.006978854072161351,0.0,99.54637448530951
