from_label,Crops,TreeCrops,Forest,Grassland,Urban,Water,Other
Crops,99.91528107002577,0.0,0.017970682115748305,0.05476779311466151,0.0008557467674165861,0.0,0.01112470797641562
TreeCrops,0.0,0.0,0.0,0.0,0.0,0.0,0.0
Forest,0.005907627428659718,0.0,99.19815318477923,0.7941214562756045,0.00022721643956383534,0.0,0.0015905150769468471
Grassland,0.023460845084335564,0.0,0.32227792457955695,99.60240041488653,0.006173906601140938,0.0,0.04568690884844294
Urban,0.0,0.0,0.0,0.0,100.0,0.0,0.0
Water,0.0,0.0,0.0,0.0,0.0,100.0,0.0
Other,0.01408153207068929,0.0,0.0,0.2605083433077519,0.0,0.0,99.72541012462156
