from_label,Crops,TreeCrops,Forest,Grassland,Urban,Water,Other
Crops,99.9264994119953,0.0,0.03103358160198615,0.03838364040245655,0.0,0.0,0.004083366000261335
TreeCrops,0.0,100.0,0.0,0.0,0.0,0.0,0.0
Forest,0.4297552926392587,0.0,98.81626664958625,0.6859614287762191,0.005795138793574106,0.0,0.0622214902046904
Grassland,0.15368090556060482,0.0,0.22143270263571016,99.59844666611583,0.0011016552369935827,0.0,0.025338070450852405
Urban,0.0,0.0,0.0,0.0,100.0,0.0,0.0
Water,0.0,0.0,0.0,0.0,0.0,100.0,0.0
Other,0.12593823988715933,0.0,0.0,0.06045035514583648,0.0,0.0,99.813611404967
