from_label,Crops,TreeCrops,Forest,Grassland,Urban,Water,Other
Crops,99.91474263471093,0.0,0.015501339143464896,0.060282985557919035,0.0008611855079702718,0.0,0.008611855079702718
TreeCrops,0.0,0.0,0.0,0.0,0.0,0.0,0.0
Forest,0.016670813635232647,0.0,98.97536700671809,1.003234635481463,0.0007464543418760885,0.0,0.003981089823339139
Grassland,0.010893063632250172,0.0,0.3502538921754286,99.6011462854653,0.004189639858557758,0.0,0.033517118868462065
Urban,0.0,0.0,0.034638032559750606,0.0,99.96536196744024,0.0,0.0
Water,0.0,0.0,0.0,0.0,0.0,100.0,0.0
Other,0.006805498843065197,0.0,0.0,0.36749693752552065,0.0,0.0,99.6256975636314
