from_label,Crops,TreeCrops,Forest,Grassland,Urban,Water,Other
Crops,99.91726348992943,0.0,0.014651256991666022,0.058605027966664086,0.0008618386465685894,0.0,0.008618386465685895
TreeCrops,0.0,0.0,0.0,0.0,0.0,0.0,0.0
Forest,0.042135973525795345,0.0,98.93033765452937,0.9853903984190386,0.007145866855251842,0.0,0.0349901066705435
Grassland,0.011234498552478071,0.0,0.3413559175560645,99.58259516916563,0.002592576589033401,0.0,0.06222183813680163
Urban,0.0,0.0,0.0,0.0,100.0,0.0,0.0
Water,0.0,0.0,0.0,0.0,0.0,100.0,0.0
Other,0.0,0.0,0.0,0.2962860883345966,0.0,0.0,99.7037139116654
