from_label,Crops,TreeCrops,Forest,Grassland,Urban,Water,Other
Crops,99.91903938094954,0.0,0.01278325563954628,0.05965519298454931,0.001704434085272837,0.0,0.006817736341091348
TreeCrops,0.0,99.9889819303658,0.011018069634200088,0.0,0.0,0.0,0.0
Forest,0.12763282386035318,0.0009524837601518894,98.86971927128643,0.9143844097458139,0.006984880907780522,0.0,0.080326130439476
Grassland,0.0459602523059368,0.0,0.3106279121366763,99.6096019947806,0.0021131150485488182,0.0,0.031696725728232275
Urban,0.0,0.0,0.0,0.0,100.0,0.0,0.0
Water,0.0,0.0,0.0,0.0,0.0,100.0,0.0
Other,0.0,0.0,0.0,0.019097636667462402,0.0,0.0,99.98090236333253
