from_label,Crops,TreeCrops,Forest,Grassland,Urban,Water,Other
Crops,99.9097817412124,0.0,0.03730178007564454,0.04597661265137583,0.0017349665151462578,0.0,0.005204899545438773
TreeCrops,0.0,0.0,0.0,0.0,0.0,0.0,0.0
Forest,0.2940263969100188,0.0,98.71061028266952,0.9020035351479667,0.007969737767164111,0.0,0.08539004750532976
Grassland,0.1691794497782135,0.0,0.28754528389865974,99.49784191585265,0.0035868434581953395,0.0,0.04184650701227896
Urban,0.0,0.0,0.0,0.0,100.0,0.0,0.0
Water,0.0,0.0,0.0,0.0,0.0,100.0,0.0
Other,0.1052806560647199,0.0,0.02216434864520419,0.23826674793594504,0.0,0.0,99.63428824735414
