from_label,Crops,TreeCrops,Forest,Grassland,Urban,Water,Other
Crops,99.91845983503137,0.0,0.04119924124730703,0.035191018565408086,0.0008583175259855632,0.0,0.004291587629927815
TreeCrops,0.0,0.0,0.0,0.0,0.0,0.0,0.0
Forest,0.02965505129172221,0.0,99.22868075329589,0.6777474829195541,0.0017274787160226532,0.0,0.06218923377681551
Grassland,0.19563590508123013,0.0,0.21508164263448495,99.56747965563366,0.0023570590973642186,0.0,0.019445737553254804
Urban,0.0,0.0,0.0,0.0,100.0,0.0,0.0
Water,0.0,0.0,0.0,0.0,0.0,100.0,0.0
Other,0.10350275099417117,0.0,0.01089502642043907,0.16342539630658603,0.0,0.0,99.72217682627881
