from_label,Crops,TreeCrops,Forest,Grassland,Urban,Water,Other
Crops,95.35477659192533,0.0,0.44469467019158593,3.4939129867162766,0.02937432683834329,0.0,0.6772414243284702
TreeCrops,0.0,0.0,0.0,0.0,0.0,0.0,0.0
Forest,0.0060548841610958,0.0,99.25794030781238,0.7346592782129571,0.00022425496892947407,0.0,0.0011212748446473703
Grassland,0.03409575223753374,0.0,0.3295922716294928,99.56243784628498,0.0028413126864611452,0.0,0.07103281716152864
Urban,0.0,0.0,0.0,0.0,100.0,0.0,0.0
Water,0.0,0.0,0.0,0.0,0.0,100.0,0.0
Other,0.015001500150015003,0.0,0.0,0.30753075307530753,0.0,0.0,99.67746774677467
