from_label,Crops,TreeCrops,Forest,Grassland,Urban,Water,Other
Crops,98.907907640189,0.0,0.1136667558170634,0.9494517250601766,0.024516359097797983,0.0,0.00445751983596327
TreeCrops,0.0,92.58632362897767,0.5416384563303994,6.838185511171294,0.033852403520649964,0.0,0.0
Forest,0.10992366412213742,0.0,99.04732824427481,0.818320610687023,0.024427480916030534,0.0,0.0
Grassland,1.5320925624513482,0.03538320005661312,1.3870214422192342,96.73059231476896,0.2618356804189371,0.0,0.05307480008491969
Urban,0.0,0.0,0.19387359441644048,1.3183404420317952,98.48778596355177,0.0,0.0
Water,0.0,0.0,0.0,0.0,0.0,100.0,0.0
Other,1.9900497512437811,0.0,0.9950248756218906,12.935323383084576,0.4975124378109453,0.0,83.5820895522388
