from_label,Crops,TreeCrops,Forest,Grassland,Urban,Water,Other
Crops,98.69377861567466,0.0,0.1773049645390071,1.0817847203519166,0.04039859951521681,0.0,0.006733099919202801
TreeCrops,0.0,99.22964049889949,0.036683785766691124,0.6969919295671314,0.036683785766691124,0.0,0.0
Forest,0.14225181598062953,0.0,99.05569007263922,0.7838983050847457,0.018159806295399514,0.0,0.0
Grassland,1.5296972254457222,0.010549636037556704,1.2940886872736224,96.930055913071,0.19340999402187292,0.0,0.042198544150226815
Urban,0.037439161362785474,0.0,0.1497566454511419,1.647323099962561,98.16548109322352,0.0,0.0
Water,0.0,0.0,0.0,0.0,0.0,100.0,0.0
Other,1.6304347826086956,0.0,0.0,7.608695652173914,0.0,0.0,90.76086956521739
