from_label,Crops,TreeCrops,Forest,Grassland,Urban,Water,Other
Crops,97.60747779256553,0.0,0.37450865084032314,1.8880188182859265,0.08356804605527872,0.0,0.04642669225293262
TreeCrops,0.0,98.43912591050989,0.0,1.352757544224766,0.10405827263267431,0.0,0.10405827263267431
Forest,0.07443142660234321,0.0,99.03239145416953,0.8545830461750517,0.03859407305306685,0.0,0.0
Grassland,0.8710899937779286,0.0,1.5526896317665027,97.12653430623904,0.26302392669268626,0.0,0.18666214152384183
Urban,0.33126293995859213,0.0,0.16563146997929606,1.6563146997929608,97.80538302277432,0.0,0.041407867494824016
Water,0.0,0.0,0.0,0.0,0.0,100.0,0.0
Other,0.8695652173913043,0.0,0.5434782608695652,7.065217391304348,0.0,0.0,91.52173913043478
