from_label,Crops,TreeCrops,Forest,Grassland,Urban,Water,Other
Crops,98.89704973168139,0.0,0.09150035858248634,0.9520983257907363,0.03956772263026436,0.0,0.01978386131513218
TreeCrops,0.0,99.25077126487439,0.0,0.617011899515205,0.13221683561040104,0.0,0.0
Forest,0.3073770491803279,0.0,97.78395784543325,1.7827868852459017,0.09660421545667448,0.0,0.02927400468384075
Grassland,1.3664972569082157,0.016828783952071623,0.9323146309447679,97.13237521456699,0.40389081484971895,0.0,0.1480932987782303
Urban,0.0,0.0,0.044208664898320066,0.0,99.93368700265252,0.0,0.022104332449160033
Water,0.0,0.0,0.0,0.0,0.0,100.0,0.0
Other,1.364522417153996,0.0,0.0,5.0682261208577,0.0,0.0,93.56725146198829
