from_label,Crops,TreeCrops,Forest,Grassland,Urban,Water,Other
Crops,98.93501122796096,0.0022233586055094828,0.1400715921470974,0.8871200835982836,0.028903661871623278,0.0,0.006670075816528448
TreeCrops,0.0,99.50177935943061,0.0711743772241993,0.3558718861209964,0.0711743772241993,0.0,0.0
Forest,0.1391508704660008,0.0,99.05068183926528,0.7977983240050713,0.012368966263644516,0.0,0.0
Grassland,1.4856984171063594,0.2429880588725354,1.291307970008331,96.7057761732852,0.22563176895306858,0.0,0.04859761177450708
Urban,0.0,0.0,0.3640776699029126,1.901294498381877,97.69417475728154,0.0,0.04045307443365696
Water,0.0,0.0,0.0,0.0,0.0,100.0,0.0
Other,1.4423076923076923,0.0,0.4807692307692308,5.288461538461538,0.0,0.0,92.78846153846155
