from_label,Crops,TreeCrops,Forest,Grassland,Urban,Water,Other
Crops,98.87561291777038,0.0,0.1578087132953841,0.8989460632362059,0.0422701910612636,0.0,0.025362114636758158
TreeCrops,0.0,99.0,0.0,0.8888888888888888,0.1111111111111111,0.0,0.0
Forest,0.10261146170027191,0.0,99.06110512544252,0.7926735416346006,0.043609871222615566,0.0,0.0
Grassland,1.26235639861074,0.0,1.4159764894469677,96.7005076142132,0.41744589901148815,0.0,0.2037135987176062
Urban,0.4700089525514772,0.0,0.6042972247090421,3.133393017009848,95.76991942703671,0.0,0.022381378692927483
Water,0.0,0.0,0.0,0.0,0.0,100.0,0.0
Other,1.070663811563169,0.0,0.4282655246252677,7.387580299785867,0.0,0.0,91.1134903640257
