from_label,Crops,TreeCrops,Forest,Grassland,Urban,Water,Other
Crops,96.78980823958085,0.0,0.26330487512965767,2.7474134950397615,0.12234367935317428,0.0,0.0771297108965664
TreeCrops,0.0,99.568345323741,0.047961630695443645,0.3357314148681055,0.047961630695443645,0.0,0.0
Forest,0.09092508945855575,0.0,99.03795389218044,0.8271250073326686,0.03519680882266674,0.0,0.008799202205666686
Grassland,1.105092091007584,0.0,0.7955424856833309,97.50812567713976,0.3559820461228912,0.0,0.23525770004643246
Urban,0.4211412929037693,0.0,0.3158559696778269,2.4847336281322385,96.7150979153506,0.0,0.06317119393556538
Water,0.0,0.0,0.0,0.0,0.0,100.0,0.0
Other,0.639386189258312,0.1278772378516624,0.0,7.8005115089514065,0.0,0.0,91.43222506393862
