from_label,Crops,TreeCrops,Forest,Grassland,Urban,Water,Other
Crops,98.2994881954763,0.0,0.22877898063633578,1.4080520766999223,0.054246562418924976,0.0,0.009434184768508692
TreeCrops,0.0,99.1796875,0.0,0.703125,0.1171875,0.0,0.0
Forest,0.1464050895732957,0.0,99.03372640881625,0.7852636622567679,0.03460483935368808,0.0,0.0
Grassland,1.4639987639060568,0.05407911001236094,1.278584672435105,96.9097651421508,0.24335599505562422,0.0,0.050216316440049445
Urban,0.0,0.0,0.26720106880427524,1.0354041416165665,98.69739478957916,0.0,0.0
Water,0.0,0.0,0.0,0.0,0.0,100.0,0.0
Other,1.4563106796116505,0.0,0.0,3.8834951456310676,0.0,0.0,94.66019417475728
