from_label,Crops,TreeCrops,Forest,Grassland,Urban,Water,Other
Crops,98.91940567312022,0.0,0.1519585772174696,0.8526564610535794,0.05065285907248987,0.0,0.025326429536244935
TreeCrops,0.0,99.77553310886644,0.0,0.22446689113355783,0.0,0.0,0.0
Forest,0.14567945408541416,0.0,99.04924987860045,0.7616224090781302,0.043448258236000716,0.0,0.0
Grassland,1.5398034150759838,0.0,1.3821329128786608,96.44402697171995,0.4193364420141568,0.0,0.21470025831124825
Urban,0.67598017124831,0.0,0.6083821541234791,1.3294276701216765,97.36367733213159,0.0,0.02253267237494367
Water,0.0,0.0,0.0,0.0,0.0,100.0,0.0
Other,1.5184381778741864,0.0,0.43383947939262474,5.639913232104121,0.0,0.0,92.40780911062907
