from_label,Crops,TreeCrops,Forest,Grassland,Urban,Water,Other
Crops,98.76276276276276,0.0,0.14714714714714716,1.024024024024024,0.04504504504504504,0.0,0.021021021021021023
TreeCrops,0.0,99.68119022316685,0.0,0.2656748140276302,0.0,0.0,0.053134962805526036
Forest,0.22707469701370367,0.0,99.04681435323317,0.6891453014020542,0.036965648351068046,0.0,0.0
Grassland,2.6719985458511313,0.0,1.4238541003968614,95.40125420339908,0.32415401860098764,0.0,0.17873913175194645
Urban,1.0544437271357865,0.0,0.5379814934366258,2.022810415321713,96.38476436410588,0.0,0.0
Water,0.0,0.0,0.0,0.0,0.0,100.0,0.0
Other,0.9966777408637874,0.0,0.7751937984496124,7.751937984496124,0.0,0.0,90.47619047619048
