from_label,Crops,TreeCrops,Forest,Grassland,Urban,Water,Other
Crops,98.87951878280357,0.0,0.10320221737335615,0.9642035737453558,0.026537713038863008,0.0,0.026537713038863008
TreeCrops,0.0,99.57356076759062,0.0,0.3731343283582089,0.053304904051172705,0.0,0.0
Forest,0.28374011507238,0.0,99.05157239313769,0.6357880356251477,0.026272232877072223,0.0,0.0026272232877072223
Grassland,4.95009608827723,0.0,1.5560101667596553,92.84297315727481,0.3502572686132292,0.0,0.3006633190750728
Urban,1.2351029252437704,0.0,0.39003250270855905,1.6901408450704223,96.61971830985917,0.0,0.06500541711809318
Water,0.0,0.0,0.0,0.0,0.0,100.0,0.0
Other,0.11312217194570137,0.0,0.0,5.88235294117647,0.0,0.0,94.00452488687783
