from_label,Crops,TreeCrops,Forest,Grassland,Urban,Water,Other
Crops,94.4122190806541,0.0,0.7549479698020811,4.547176960970065,0.17780627860203457,0.0,0.10784970997172588
TreeCrops,0.0,96.14052449282534,0.0,3.5625927758535374,0.24740227610094012,0.0,0.04948045522018803
Forest,0.07873130131593746,0.0,99.04116522325947,0.8491733213361826,0.030930154088404004,0.0,0.0
Grassland,0.9955070037882124,0.0,1.2245617126244384,97.3218218659149,0.29072328429213284,0.0,0.1673861333803189
Urban,0.3138075313807531,0.0,0.41841004184100417,1.4016736401673642,97.84518828451883,0.0,0.02092050209205021
Water,0.0,0.0,0.0,0.0,0.0,100.0,0.0
Other,0.562429696287964,0.0,0.44994375703037126,7.311586051743532,0.0,0.0,91.67604049493814
