from_label,Crops,TreeCrops,Forest,Grassland,Urban,Water,Other
Crops,97.12539057193315,0.0,0.44287460942806683,2.2632794457274827,0.10868088574921884,0.0,0.059774487162070365
TreeCrops,0.0,99.71112181030333,0.0,0.19258545979778527,0.04814636494944632,0.0,0.04814636494944632
Forest,0.0966664713808659,0.0,99.02454742515671,0.8407053723123791,0.03808073115003808,0.0,0.0
Grassland,1.0545134995909216,0.0030302112057210384,1.4878337020090302,96.90312414775309,0.34847428865791946,0.0,0.20302415078330957
Urban,0.3985735263268303,0.0,0.6922592825676527,2.936857562408223,95.93035452066289,0.0,0.04195510803440319
Water,0.0,0.0,0.0,0.0,0.0,100.0,0.0
Other,0.847457627118644,0.0,0.6053268765133172,6.900726392251816,0.0,0.0,91.64648910411623
