from_label,Crops,TreeCrops,Forest,Grassland,Urban,Water,Other
Crops,98.84620075618979,0.0,0.08293694352969874,1.022075862910111,0.039029149896328816,0.0,0.009757287474082204
TreeCrops,0.0,99.95395948434623,0.0,0.04604051565377532,0.0,0.0,0.0
Forest,0.4717259272362757,0.0,99.03296184916563,0.46288106610059554,0.03243115749749396,0.0,0.0
Grassland,7.514886044760797,0.0,1.0950653617137773,90.87331462596674,0.37642871808911094,0.0,0.1403052494695777
Urban,2.2478991596638656,0.0,0.33613445378151263,2.100840336134454,95.31512605042018,0.0,0.0
Water,0.0,0.0,0.0,0.0,0.0,100.0,0.0
Other,2.376599634369287,0.18281535648994515,0.3656307129798903,4.93601462522852,0.0,0.0,92.13893967093236
