from_label,Crops,TreeCrops,Forest,Grassland,Urban,Water,Other
Crops,98.60108621540921,0.0,0.1951425951614041,1.1426421837161733,0.05172454329579385,0.0,0.009404462417417063
TreeCrops,0.0,99.1064491064491,0.03885003885003885,0.8158508158508158,0.03885003885003885,0.0,0.0
Forest,0.14941700685717335,0.0,99.0314576162651,0.7844392860001601,0.0346860908775581,0.0,0.0
Grassland,1.5501778258852636,0.03479202102984382,1.3800835008504717,96.83006030616978,0.15463120457708365,0.0,0.05025514148755219
Urban,0.03379520108144643,0.0,0.3041568097330179,1.0476512335248396,98.61439675566069,0.0,0.0
Water,0.0,0.0,0.0,0.0,0.0,100.0,0.0
Other,1.4925373134328357,0.0,0.4975124378109453,3.9800995024875623,0.0,0.0,94.02985074626866
