from_label,Crops,TreeCrops,Forest,Grassland,Urban,Water,Other
Crops,98.90358954018755,0.0,0.158653709947021,0.8669292007819361,0.048162733376774236,0.0,0.022664815706717287
TreeCrops,0.0,99.89224137931035,0.0,0.10775862068965517,0.0,0.0,0.0
Forest,0.17166042446941324,0.0,99.0506658343737,0.7360590928006658,0.04161464835622139,0.0,0.0
Grassland,1.9132485912724415,0.0,1.5299436508976543,95.9146900799371,0.4226182675927139,0.0,0.21949941030009174
Urban,0.7702464788732395,0.0,0.6161971830985915,1.9806338028169015,96.63292253521126,0.0,0.0
Water,0.0,0.0,0.0,0.0,0.0,100.0,0.0
Other,0.10582010582010583,0.0,0.8465608465608466,7.936507936507936,0.10582010582010583,0.0,91.005291005291
