from_label,Crops,TreeCrops,Forest,Grassland,Urban,Water,Other
Crops,97.12323193643347,0.0,0.35421104276859006,2.400497810114161,0.10051934997487015,0.0,0.021539860708900748
TreeCrops,0.0,97.98179659675505,0.0,2.0182034032449545,0.0,0.0,0.0
Forest,0.12766296975983404,0.0,99.04252772680124,0.7978935609989628,0.03191574243995851,0.0,0.0
Grassland,1.4508165590581086,0.05696923661222939,0.569692366122294,97.58070641853399,0.284846183061147,0.0,0.05696923661222939
Urban,0.03169572107765452,0.0,0.0,0.8874801901743266,99.08082408874802,0.0,0.0
Water,0.0,0.0,0.0,0.0,0.0,100.0,0.0
Other,0.0,0.0,0.0,2.272727272727273,0.0,0.0,97.72727272727273
