from_label,Crops,TreeCrops,Forest,Grassland,Urban,Water,Other
Crops,99.88034949078968,0.0,0.0361734097612555,0.08208581445823362,0.0013912849908175192,0.0,0.0
TreeCrops,0.0,99.03846153846155,0.0,0.9615384615384616,0.0,0.0,0.0
Forest,0.07669963578227999,0.0,99.4847754741304,0.4382434235339815,0.0002814665533294679,0.0,0.0
Grassland,0.0011537085962827509,0.0,0.05624329406878411,99.94144928873865,0.0011537085962827509,0.0,0.0
Urban,0.0,0.0,0.0,0.0,100.0,0.0,0.0
Water,0.0,0.0,0.0,0.0,0.0,100.0,0.0
Other,0.0,0.0,0.0,0.6295399515738499,0.0,0.0,99.37046004842614
