from_label,Crops,TreeCrops,Forest,Grassland,Urban,Water,Other
Crops,99.74948203718499,0.0,0.02437472070632524,0.22478909095833277,0.0013541511503514022,0.0,0.0
TreeCrops,0.0,98.4090909090909,1.1363636363636365,0.45454545454545453,0.0,0.0,0.0
Forest,0.35132046305470993,0.0,98.18790339117454,1.4606327496633775,0.00014339610736926935,0.0,0.0
Grassland,0.000558843417662805,0.00111768683532561,0.057560872019268926,99.93992433260125,0.0008382651264942076,0.0,0.0
Urban,0.0,0.0,0.0,0.0,100.0,0.0,0.0
Water,0.0,0.0,0.0,0.0,0.0,100.0,0.0
Other,0.0,0.0,0.0,2.06794682422452,0.0,0.0,97.93205317577548
