from_label,Crops,TreeCrops,Forest,Grassland,Urban,Water,Other
Crops,99.93052005086457,0.0013109424365176125,0.028840733603387472,0.038017330659010765,0.0013109424365176125,0.0,0.0
TreeCrops,0.0,99.77477477477478,0.0,0.22522522522522523,0.0,0.0,0.0
Forest,0.032742362916935254,0.000730856315110162,99.8507591404545,0.11547529778740558,0.0,0.0,0.00029234252604406477
Grassland,0.004339453771256543,0.0008136475821106018,0.046920343901711375,99.94602804371999,0.0016272951642212036,0.0,0.00027121586070353394
Urban,0.0,0.0,0.0,0.0,100.0,0.0,0.0
Water,0.0,0.0,0.0,0.0,0.0,100.0,0.0
Other,0.0,0.0,0.0,0.05025125628140704,0.0,0.0,99.94974874371859
