from_label,Crops,TreeCrops,Forest,Grassland,Urban,Water,Other
Crops,99.89906440467409,0.020704737502749846,0.04658565938118716,0.029763060160202904,0.0025880921878437308,0.0,0.0012940460939218654
TreeCrops,0.0,99.81441385709867,0.03093102381688834,0.07732755954222086,0.07732755954222086,0.0,0.0
Forest,0.034603838479468386,0.04928425480409134,99.65755681920318,0.2576562865137906,0.0007490008328889262,0.0,0.00014980016657778524
Grassland,0.001057991139324208,0.029094756331415728,0.02195331614097732,99.94392646961582,0.001057991139324208,0.0,0.0029094756331415725
Urban,0.0,0.0,0.0,0.0,100.0,0.0,0.0
Water,0.0,0.0,0.0,0.0,0.0,100.0,0.0
Other,0.0,0.0,0.0,0.09915716410510658,0.0,0.0,99.90084283589489
