from_label,Crops,TreeCrops,Forest,Grassland,Urban,Water,Other
Crops,99.92744733335972,0.0,0.04485073937763004,0.026382787869194138,0.0013191393934597069,0.0,0.0
TreeCrops,0.570999248685199,49.34635612321563,15.311795642374154,34.74079639368895,0.015026296018031557,0.0,0.015026296018031557
Forest,0.04081614478896569,0.0,99.83614173146539,0.12259685671158421,0.0,0.0,0.0004452670340614439
Grassland,0.004554368443048962,0.0005358080521234073,0.04152512403956407,99.95204517933496,0.0013395201303085184,0.0,0.0
Urban,0.0,0.0,0.0,0.0,100.0,0.0,0.0
Water,0.0,0.0,0.0,0.0,0.0,100.0,0.0
Other,0.0,0.0,0.0,0.10050251256281408,0.0,0.0,99.89949748743719
