from_label,Crops,TreeCrops,Forest,Grassland,Urban,Water,Other
Crops,99.27461745123233,0.005840439201027918,0.05490012848966242,0.6179184674687537,0.0035042635206167507,0.0,0.04321925008760658
TreeCrops,0.09244992295839753,97.22650231124807,1.2326656394453006,1.2326656394453006,0.15408320493066258,0.0,0.061633281972265024
Forest,0.034675491236125844,0.0022166980698893235,99.61508621372136,0.3283879854964612,0.0022166980698893235,0.0,0.017416913406273254
Grassland,0.13078560028373826,0.001231502827530492,0.0761068747413844,99.7694626706863,0.002955606786073181,0.0,0.01945774467498177
Urban,0.0,0.0,0.0,0.0,100.0,0.0,0.0
Water,0.0,0.0,0.0,0.0,0.0,100.0,0.0
Other,0.0,0.0,0.0,0.13636363636363638,0.0,0.0,99.86363636363636
