from_label,Crops,TreeCrops,Forest,Grassland,Urban,Water,Other
Crops,99.91490000750882,0.0037544114334342855,0.03754411433434285,0.0438014667234,0.0,0.0,0.0
TreeCrops,0.0,99.28057553956835,0.32973621103117506,0.38968824940047964,0.0,0.0,0.0
Forest,0.12766370789063475,0.0015418322209013859,99.59295629368204,0.2741377688762664,0.0035462141080731873,0.0,0.0001541832220901386
Grassland,0.03729030502461664,0.0015117691226195936,0.08894241671411943,99.86822412481166,0.0037794228065489836,0.0,0.0002519615204365989
Urban,0.0,0.0,0.0,0.0,100.0,0.0,0.0
Water,0.0,0.0,0.0,0.0,0.0,100.0,0.0
Other,0.2896152254861398,0.0,0.3723624327678941,2.813405047579644,0.0,0.0,96.52461729416632
