from_label,Crops,TreeCrops,Forest,Grassland,Urban,Water,Other
Crops,99.92835820895523,0.006633499170812604,0.045107794361525705,0.01990049751243781,0.0,0.0,0.0
TreeCrops,0.015281173594132029,99.51100244498777,0.1986552567237164,0.2597799511002445,0.015281173594132029,0.0,0.0
Forest,0.037002884744894715,0.0031082423185711553,99.83851941097328,0.12136946196325467,0.0,0.0,0.0
Grassland,0.004301618752906953,0.004301618752906953,0.03817686643204921,99.95133793785774,0.0016131070323401075,0.0,0.00026885117205668456
Urban,0.0,0.0,0.0,0.0,100.0,0.0,0.0
Water,0.0,0.0,0.0,0.0,0.0,100.0,0.0
Other,0.0,0.0,0.0,0.1004016064257028,0.0,0.0,99.8995983935743
