from_label,Crops,TreeCrops,Forest,Grassland,Urban,Water,Other
Crops,99.91835973035386,0.010496606097361853,0.04898416178768865,0.019826922628350167,0.0011662895663735393,0.0,0.0011662895663735393
TreeCrops,0.0,99.74834853727587,0.06291286568103177,0.1887385970430953,0.0,0.0,0.0
Forest,0.10499813354301189,0.013025487065850192,99.65879577783602,0.21301436774762322,0.00460657469402019,0.0,0.0055596591134726425
Grassland,0.14495206280765524,0.02256444970948271,0.035563534868206445,99.79471256079525,0.0009810630308470744,0.0,0.0012263287885588428
Urban,0.0,0.0,0.0,0.0,100.0,0.0,0.0
Water,0.0,0.0,0.0,0.0,0.0,100.0,0.0
Other,0.0,0.0,0.0,0.08654262224145391,0.0,0.0,99.91345737775855
