from_label,Crops,TreeCrops,Forest,Grassland,Urban,Water,Other
Crops,99.93165269051812,0.002628742672379801,0.04074551142188691,0.023658684051418206,0.0013143713361899005,0.0,0.0
TreeCrops,0.0,99.17833231892878,0.2738892270237371,0.5477784540474742,0.0,0.0,0.0
Forest,0.052533401003477004,0.0005935977514517175,99.83438622734498,0.11189317614864874,0.00029679887572585877,0.0,0.00029679887572585877
Grassland,0.0045182844339785614,0.0018604700610499961,0.04279081140414991,99.94896996403978,0.0015946886237571396,0.0,0.0002657814372928566
Urban,0.0,0.0,0.0,0.0,100.0,0.0,0.0
Water,0.0,0.0,0.0,0.0,0.0,100.0,0.0
Other,0.0,0.0,0.0,0.1004016064257028,0.0,0.0,99.8995983935743
