from_label,Crops,TreeCrops,Forest,Grassland,Urban,Water,Other
Crops,99.68910626784977,0.06879326693646849,0.06197591615898062,0.16953230156579335,0.0020846444526202573,0.0,0.008507603036369158
TreeCrops,0.060684090107673255,94.8525130593802,0.9824262155269264,4.07075436884446,0.024601658151759426,0.0,0.009020607988978458
Forest,0.04346476896695659,0.022894758423022507,99.64226138326828,0.2796110552503589,0.0026694518749532546,0.0,0.009098582216432264
Grassland,0.22457593608918594,0.16236565108110326,0.07054837887316126,99.5083471810366,0.0033155896076159336,0.0,0.03084726331233787
Urban,0.0,0.0,0.0,0.0,100.0,0.0,0.0
Water,0.0,0.0,0.0,0.0,0.0,100.0,0.0
Other,0.07049842385666663,0.0010071203408095234,0.07654114590152378,0.4350759872297141,0.0,0.0,99.41687732267128
