from_label,Crops,TreeCrops,Forest,Grassland,Urban,Water,Other
Crops,99.93868138313472,0.007998080460689434,0.0226612279719534,0.02932629502252793,0.0013330134101149057,0.0,0.0
TreeCrops,0.0,97.11318160989765,1.1913853673438215,1.6954330227585153,0.0,0.0,0.0
Forest,0.03380957091372949,0.0028051609055059403,99.8480783909597,0.11471631703042715,0.0002952800953164148,0.0,0.0002952800953164148
Grassland,0.004586871295089619,0.0029679755438815182,0.04424981719968809,99.9463066242516,0.001618895751208101,0.0,0.0002698159585346835
Urban,0.0,0.0,0.0,0.0,100.0,0.0,0.0
Water,0.0,0.0,0.0,0.0,0.0,100.0,0.0
Other,0.0,0.0,0.0,0.1004016064257028,0.0,0.0,99.8995983935743
