from_label,Crops,TreeCrops,Forest,Grassland,Urban,Water,Other
Crops,99.92261839989361,0.0012090875016624951,0.03506353754821236,0.039899887554862346,0.0012090875016624951,0.0,0.0
TreeCrops,0.031665611146295125,99.46168461051298,0.253324889170361,0.253324889170361,0.0,0.0,0.0
Forest,0.10287388226585999,0.0021954791946982312,99.60826378368884,0.2840009158284641,0.0026659390221335667,0.0,0.0
Grassland,0.13606624539100423,0.006207401705793989,0.09907013122447206,99.75319370817763,0.004469329228171672,0.0,0.0009931842729270382
Urban,0.0,0.0,0.0,0.0,100.0,0.0,0.0
Water,0.0,0.0,0.0,0.0,0.0,100.0,0.0
Other,0.04298302170642596,0.0,0.2364066193853428,2.6004728132387704,0.0,0.0,97.12013754566946
