from_label,Crops,TreeCrops,Forest,Grassland,Urban,Water,Other
Crops,99.84853905784138,0.0,0.05128205128205128,0.1001788908765653,0.0,0.0,0.0
TreeCrops,0.0,96.88777114115058,1.7918893429739076,1.2889028607356179,0.03143665513989311,0.0,0.0
Forest,0.11170143308218865,0.00943955772525538,99.60180798995631,0.27437647788075636,0.0026745413554890244,0.0,0.0
Grassland,0.1357362950926871,0.013127780364803677,0.10304069116525152,99.74338904796346,0.003963103506355827,0.0,0.0007430819074417176
Urban,0.0,0.0,0.0,0.0,100.0,0.0,0.0
Water,0.0,0.0,0.0,0.0,0.0,100.0,0.0
Other,0.022109219544550078,0.0,0.15476453681185054,2.1003758567322577,0.0,0.0,97.72275038691134
