from_label,Crops,TreeCrops,Forest,Grassland,Urban,Water,Other
Crops,99.92503543779304,0.0,0.038163777123541597,0.03543779304328863,0.0013629920401264856,0.0,0.0
TreeCrops,0.0,99.75550122249389,0.0,0.24449877750611246,0.0,0.0,0.0
Forest,0.022565335930727275,0.0002856371636800921,99.87146327634396,0.10525729481611393,0.00014281858184004605,0.0,0.0002856371636800921
Grassland,0.003374473792992905,0.0002812061494160754,0.050054694596061426,99.9440399762662,0.001968443045912528,0.0,0.0002812061494160754
Urban,0.0,0.0,0.0,0.0,100.0,0.0,0.0
Water,0.0,0.0,0.0,0.0,0.0,100.0,0.0
Other,0.0,0.0,0.0,0.09842519685039369,0.0,0.0,99.9015748031496
