from_label,Crops,TreeCrops,Forest,Grassland,Urban,Water,Other
Crops,99.89437032979932,0.001304070002477733,0.07563606014370851,0.027385470052032394,0.001304070002477733,0.0,0.0
TreeCrops,0.0,99.81612013484524,0.061293288384921846,0.12258657676984369,0.0,0.0,0.0
Forest,0.043602293510401305,0.0017857594611768452,99.8255908259584,0.12797942805100726,0.0007440664421570189,0.0,0.0002976265768628075
Grassland,0.004238354458881339,0.00503304591992159,0.03443662997841088,99.95417279241335,0.0015893829220805023,0.0,0.0005297943073601674
Urban,0.0,0.0,0.0,0.0,100.0,0.0,0.0
Water,0.0,0.0,0.0,0.0,0.0,100.0,0.0
Other,0.0,0.0,0.0,0.05002501250625312,0.0,0.0,99.94997498749375
