from_label,Crops,TreeCrops,Forest,Grassland,Urban,Water,Other
Crops,99.74347508884235,0.009413758207620438,0.07060318655715328,0.17180108728907298,0.0035301593278576644,0.0,0.0011767197759525547
TreeCrops,0.09389671361502347,96.18153364632238,1.0328638497652582,2.629107981220657,0.06259780907668232,0.0,0.0
Forest,0.05792160854777744,0.010258595519361128,99.6218523867017,0.3064952692092201,0.003472140021937612,0.0,0.0
Grassland,0.11763194053161728,0.0244654666231725,0.06351136285005388,99.79241422259126,0.0017298814784061367,0.0,0.00024712592548659096
Urban,0.0,0.0,0.0,0.0,100.0,0.0,0.0
Water,0.0,0.0,0.0,0.0,0.0,100.0,0.0
Other,0.0,0.0,0.022609088853719195,0.5426181324892607,0.0,0.0,99.43477277865702
