from_label,Crops,TreeCrops,Forest,Grassland,Urban,Water,Other
Crops,99.91848712096511,0.001358547983914792,0.03803934354961417,0.04075643951744376,0.001358547983914792,0.0,0.0
TreeCrops,0.0,99.0453460620525,0.23866348448687352,0.7159904534606205,0.0,0.0,0.0
Forest,0.023039957869791326,0.0,99.87077588846944,0.10618415366077741,0.0,0.0,0.0
Grassland,0.003644100341704486,0.0011212616436013802,0.047933935263959004,99.94533849487443,0.0016818924654020703,0.0,0.00028031541090034506
Urban,0.0,0.0,0.0,0.0,100.0,0.0,0.0
Water,0.0,0.0,0.0,0.0,0.0,100.0,0.0
Other,0.0,0.0,0.0,0.0983767830791933,0.0,0.0,99.90162321692081
