from_label,Crops,TreeCrops,Forest,Grassland,Urban,Water,Other
Crops,99.63071188624546,0.0,0.11159173530900555,0.2519442271409507,0.0046017210436703326,0.0,0.0011504302609175831
TreeCrops,0.20870602265951102,88.87895050685748,4.47227191413238,6.440071556350627,0.0,0.0,0.0
Forest,0.05083049702346807,0.0,99.62171912246485,0.32442285874539495,0.003027521766288067,0.0,0.0
Grassland,0.13178135073435035,0.0004898934971537188,0.07274918432732724,99.7925301039554,0.0019595739886148753,0.0,0.0004898934971537188
Urban,0.0,0.0,0.0,0.0,100.0,0.0,0.0
Water,0.0,0.0,0.0,0.0,0.0,100.0,0.0
Other,0.0,0.0,0.0,0.68684267010088,0.0,0.0,99.31315732989911
