from_label,Crops,TreeCrops,Forest,Grassland,Urban,Water,Other
Crops,99.87338971383618,0.019667617268167962,0.08604582554823482,0.01843839118890746,0.0012292260792604976,0.0,0.0012292260792604976
TreeCrops,0.09047044632086852,96.92400482509046,1.6586248492159228,1.3268998793727382,0.0,0.0,0.0
Forest,0.08121029740359965,0.0009316668918194988,99.56040850487649,0.33555535887032284,0.0012422225224259986,0.0,0.020651949435332224
Grassland,0.0962528875866276,0.012750382511475344,0.11350340510215305,99.64648939468184,0.006750202506075182,0.0,0.12425372761182836
Urban,0.0,0.0,0.0,0.0,100.0,0.0,0.0
Water,0.0,0.0,0.0,0.0,0.0,100.0,0.0
Other,0.0,0.0,0.0,0.20973154362416108,0.0,0.0,99.79026845637584
