from_label,Crops,TreeCrops,Forest,Grassland,Urban,Water,Other
Crops,99.86699579571456,0.06537494786911485,0.04170470812340085,0.025924548292924853,0.0,0.0,0.0
TreeCrops,0.11922503725782414,98.92697466467958,0.47690014903129657,0.47690014903129657,0.0,0.0,0.0
Forest,0.01793562564632885,0.09662616339193382,99.59507497414684,0.29004007238883145,0.0003231644260599793,0.0,0.0
Grassland,0.007723312335577922,1.0426471653030194,0.08133613303405499,98.86129413752323,0.00506842372022301,0.0,0.0019308280838944804
Urban,0.0,0.0,0.0,0.0,100.0,0.0,0.0
Water,0.0,0.0,0.0,0.0,0.0,100.0,0.0
Other,0.05617977528089888,0.018726591760299626,0.6367041198501873,1.0486891385767791,0.0,0.0,98.23970037453184
