from_label,Crops,TreeCrops,Forest,Grassland,Urban,Water,Other
Crops,96.78667411033068,3.1380237072043418,0.025966269815509653,0.04803759915869286,0.0012983134907754825,0.0,0.0
TreeCrops,0.0,99.79296066252587,0.2070393374741201,0.0,0.0,0.0,0.0
Forest,0.0713887011956873,0.14821234466347424,99.55345339169776,0.22679867211140162,0.00014689033167836893,0.0,0.0
Grassland,0.002424301195180489,0.561091043284551,0.046331089507893795,99.38880673201506,0.001077467197857995,0.0,0.0002693667994644988
Urban,0.0,0.0,0.0,0.0,100.0,0.0,0.0
Water,0.0,0.0,0.0,0.0,0.0,100.0,0.0
Other,0.0,0.0,0.0,0.10045203415369162,0.0,0.0,99.89954796584631
