from_label,Crops,TreeCrops,Forest,Grassland,Urban,Water,Other
Crops,99.9295381424659,0.009306283070541627,0.03323672525193438,0.026589380201547504,0.001329469010077375,0.0,0.0
TreeCrops,0.0,99.74976540506725,0.09383797309978105,0.15639662183296843,0.0,0.0,0.0
Forest,0.028526959454765553,0.010198757525278877,99.83622864727522,0.1250456357447236,0.0,0.0,0.0
Grassland,0.004578064071353168,0.024236809789516773,0.039586789322877396,99.9297132516104,0.0016157873193011181,0.0,0.00026929788655018634
Urban,0.0,0.0,0.0,0.0,100.0,0.0,0.0
Water,0.0,0.0,0.0,0.0,0.0,100.0,0.0
Other,0.0,0.0,0.0,0.10035122930255895,0.0,0.0,99.89964877069744
