from_label,Crops,TreeCrops,Forest,Grassland,Urban,Water,Other
Crops,99.37804284323272,0.004868549172346641,0.027994157740993186,0.547711781888997,0.0024342745861733205,0.0,0.03894839337877313
TreeCrops,0.3346516580468512,98.11378156373593,0.0608457560085184,1.4602981442044418,0.0,0.0,0.0304228780042592
Forest,0.00841442606602208,0.004830503852716379,99.59922400292946,0.36805322903600285,0.00046746811477900446,0.0,0.019010370001012848
Grassland,0.12799433132318194,0.02145713936412017,0.13098835076933826,99.34356123643023,0.008233553476929834,0.0,0.3677653886361992
Urban,0.0,0.0,0.0,0.0,100.0,0.0,0.0
Water,0.0,0.0,0.0,0.0,0.0,100.0,0.0
Other,0.0,0.0,0.0,0.26578073089701,0.0,0.0,99.73421926910298
