from_label,Crops,TreeCrops,Forest,Grassland,Urban,Water,Other
Crops,99.78345864661654,0.0,0.0,0.1894736842105263,0.003007518796992481,0.0,0.024060150375939848
TreeCrops,0.0,0.0,0.0,0.0,0.0,0.0,0.0
Forest,0.0,0.0,99.58700440528634,0.4129955947136564,0.0,0.0,0.0
Grassland,0.020767199691458748,0.0,0.004450114219598303,99.34434983831252,0.0,0.0,0.6304328477764263
Urban,0.0,0.0,0.0,0.0,100.0,0.0,0.0
Water,0.0,0.0,0.0,0.0,0.0,100.0,0.0
Other,0.003461690623763682,0.0,0.0006593696426216537,0.17962328014418216,0.002692426040705086,0.0,99.81356323354873
