from_label,Crops,TreeCrops,Forest,Grassland,Urban,Water,Other
Crops,99.76827855357034,0.0,0.0,0.0853710592109275,0.006097932800780535,0.0,0.1402524544179523
TreeCrops,0.0,0.0,0.0,0.0,0.0,0.0,0.0
Forest,0.0,0.0,99.88795518207283,0.11204481792717086,0.0,0.0,0.0
Grassland,0.04421518054532056,0.0,0.011790714812085483,99.37803979366248,0.0,0.0,0.5659543109801032
Urban,0.0,0.0,0.0,0.0,100.0,0.0,0.0
Water,0.0,0.0,0.0,0.0,0.0,100.0,0.0
Other,0.020194648631812556,0.0,0.00037397497466319543,0.017309698827267905,0.002671249819022825,0.0,99.95945042774723
