from_label,Crops,TreeCrops,Forest,Grassland,Urban,Water,Other
Crops,99.76300600129964,0.0,0.0,0.18347922480027523,0.0,0.0,0.053514773900080276
TreeCrops,0.0,0.0,0.0,0.0,0.0,0.0,0.0
Forest,0.055233360950013806,0.0,99.66859983429993,0.27616680475006905,0.0,0.0,0.0
Grassland,0.33161299362462343,0.0,0.00467060554400878,99.28072674622264,0.0,0.0,0.38298965460872003
Urban,0.0,0.0,0.0,0.0,100.0,0.0,0.0
Water,0.0,0.0,0.0,0.0,0.0,100.0,0.0
Other,0.06667447684830018,0.0,0.0007018365984031598,0.13113546904009807,0.00453494417429734,0.0,99.7969532733389
