from_label,Crops,TreeCrops,Forest,Grassland,Urban,Water,Other
Crops,99.76281131015541,0.0,0.0,0.08114349915735597,0.012483615254977841,0.0,0.14356157543224518
TreeCrops,0.0,0.0,0.0,0.0,0.0,0.0,0.0
Forest,0.14013452914798205,0.0,99.74775784753363,0.11210762331838565,0.0,0.0,0.0
Grassland,0.04734848484848485,0.0,0.011837121212121212,99.3844696969697,0.0,0.0,0.556344696969697
Urban,0.0,0.0,0.0,0.0,100.0,0.0,0.0
Water,0.0,0.0,0.0,0.0,0.0,100.0,0.0
Other,0.02109655063385788,0.0,0.0003738629226253295,0.017304512418658113,0.00245681349153788,0.0,99.95876826053333
