from_label,Crops,TreeCrops,Forest,Grassland,Urban,Water,Other
Crops,99.78853726119294,0.0,0.0,0.051042730056876186,0.007291818579553741,0.0,0.15312819017062856
TreeCrops,0.0,0.0,0.0,0.0,0.0,0.0,0.0
Forest,0.0,0.0,99.88671764372698,0.11328235627301048,0.0,0.0,0.0
Grassland,0.009108850766661607,0.0,0.012145134355548808,99.39274328222257,0.0,0.0,0.5860027326552301
Urban,0.0,0.0,0.0,0.0,100.0,0.0,0.0
Water,0.0,0.0,0.0,0.0,0.0,100.0,0.0
Other,0.0189785084385059,0.0,0.0003731729187346666,0.01689940217698419,0.001865864593673333,0.0,99.9618830518721
