from_label,Crops,TreeCrops,Forest,Grassland,Urban,Water,Other
Crops,99.762256634325,0.0,0.0,0.07710595643513463,0.012850992739189103,0.0,0.14778641650067467
TreeCrops,0.0,0.0,0.0,0.0,0.0,0.0,0.0
Forest,0.0,0.0,99.88767200224656,0.11232799775344005,0.0,0.0,0.0
Grassland,0.011893081200011894,0.0,0.011893081200011894,99.46183807569946,0.0,0.0,0.5143757619005144
Urban,0.0,0.0,0.0,0.0,100.0,0.0,0.0
Water,0.0,0.0,0.0,0.0,0.0,100.0,0.0
Other,0.02621436301500412,0.0,0.00037372818962327665,0.017298276205420234,0.002616097327362936,0.0,99.95349753526258
