from_label,Crops,TreeCrops,Forest,Grassland,Urban,Water,Other
Crops,99.76844194508766,0.0,0.0,0.20449282771479266,0.0030072474663940096,0.0,0.024057979731152077
TreeCrops,0.0,0.0,0.0,0.0,0.0,0.0,0.0
Forest,0.0,0.0,99.586890663729,0.4131093362709997,0.0,0.0,0.0
Grassland,0.01794951291549043,0.0,0.004895321704224662,99.28038770947897,0.0,0.0,0.6967674559013103
Urban,0.0,0.0,0.0,0.0,100.0,0.0,0.0
Water,0.0,0.0,0.0,0.0,0.0,100.0,0.0
Other,0.003504660102730349,0.0,0.0007118840833671022,0.174740162309571,0.0023546935065219534,0.0,99.81868859999781
