from_label,Crops,TreeCrops,Forest,Grassland,Urban,Water,Other
Crops,99.79587029912852,0.0,0.0,0.054957996388474525,0.007851142341210647,0.0,0.14132056214179164
TreeCrops,0.0,0.0,0.0,0.0,0.0,0.0,0.0
Forest,0.0,0.0,99.85754985754986,0.14245014245014245,0.0,0.0,0.0
Grassland,0.02764722145424385,0.0,0.015359567474579916,99.22280588578626,0.0,0.0,0.7341873252849199
Urban,0.0,0.0,0.0,0.0,100.0,0.0,0.0
Water,0.0,0.0,0.0,0.0,0.0,100.0,0.0
Other,0.008150020028807391,0.0,0.000213072419053788,0.016619648686195462,0.001171898304795834,0.0,99.97384536056114
