from_label,Crops,TreeCrops,Forest,Grassland,Urban,Water,Other
Crops,99.7684280172025,0.0,0.0,0.207512556013353,0.0030074283480196083,0.0,0.02105199843613726
TreeCrops,0.0,0.0,0.0,0.0,0.0,0.0,0.0
Forest,0.0,0.0,99.58700440528634,0.4129955947136564,0.0,0.0,0.0
Grassland,0.017156404017717886,0.0,0.004679019277559424,99.31218416619878,0.0,0.0,0.6659804105059579
Urban,0.0,0.0,0.0,0.0,100.0,0.0,0.0
Water,0.0,0.0,0.0,0.0,0.0,100.0,0.0
Other,0.0035650350141285076,0.0,0.0006581603103006476,0.20046466117907225,0.0025229478561524825,0.0,99.79278919564034
