from_label,Crops,TreeCrops,Forest,Grassland,Urban,Water,Other
Crops,99.78941034897714,0.0,0.0,0.18351383874849578,0.0030084235860409142,0.0,0.024067388688327314
TreeCrops,0.0,0.0,0.0,0.0,0.0,0.0,0.0
Forest,0.0,0.0,99.586890663729,0.4131093362709997,0.0,0.0,0.0
Grassland,0.02287718763106722,0.0,0.005719296907766805,99.1535440576505,0.0,0.0,0.8178594578106533
Urban,0.0,0.0,0.0,0.0,100.0,0.0,0.0
Water,0.0,0.0,0.0,0.0,0.0,100.0,0.0
Other,0.003541962170754182,0.0,0.0006539007084469259,0.17584479884651916,0.0030515366394189875,0.0,99.81690780163485
