from_label,Crops,TreeCrops,Forest,Grassland,Urban,Water,Other
Crops,99.78119389587073,0.0,0.0,0.07854578096947935,0.0,0.0,0.14026032315978457
TreeCrops,0.0,0.0,0.0,0.0,0.0,0.0,0.0
Forest,0.08347245409015025,0.0,99.77740678909294,0.11129660545353368,0.02782415136338342,0.0,0.0
Grassland,0.014511681903932667,0.0,0.011609345523146132,99.42823973298506,0.0,0.0,0.5456392395878682
Urban,0.0,0.0,0.0,0.0,100.0,0.0,0.0
Water,0.0,0.0,0.0,0.0,0.0,100.0,0.0
Other,0.021074466144725957,0.0,0.00037441944927178093,0.01754422562302059,0.004011636956483367,0.0,99.9569952518265
