from_label,Crops,TreeCrops,Forest,Grassland,Urban,Water,Other
Crops,99.78945468764098,0.0,0.0,0.1834752007699943,0.0030077901765572833,0.0,0.024062321412458267
TreeCrops,0.0,0.0,0.0,0.0,0.0,0.0,0.0
Forest,0.0,0.0,99.586890663729,0.4131093362709997,0.0,0.0,0.0
Grassland,0.02169471914378175,0.0,0.005423679785945438,99.40520311680798,0.0,0.0,0.5676784842622892
Urban,0.0,0.0,0.0,0.0,100.0,0.0,0.0
Water,0.0,0.0,0.0,0.0,0.0,100.0,0.0
Other,0.003547612784068271,0.0,0.0006549438985972193,0.1772714818869807,0.0028380902272546167,0.0,99.8156878712031
