from_label,Crops,TreeCrops,Forest,Grassland,Urban,Water,Other
Crops,99.79802687796162,0.0,0.0,0.0543773790103317,0.0077681970014759575,0.0,0.13982754602656725
TreeCrops,0.0,0.0,0.0,0.0,0.0,0.0,0.0
Forest,0.0,0.0,99.88616960728514,0.11383039271485487,0.0,0.0,0.0
Grassland,0.04904364884747425,0.0,0.012260912211868563,99.3011280039235,0.0,0.0,0.6375674350171653
Urban,0.0,0.0,0.0,0.0,100.0,0.0,0.0
Water,0.0,0.0,0.0,0.0,0.0,100.0,0.0
Other,0.014490730727061758,0.0,0.0002663737266004,0.01672827003050512,0.00138514337832208,0.0,99.96712948213751
