from_label,Crops,TreeCrops,Forest,Grassland,Urban,Water,Other
Crops,98.34839937470264,0.0,0.016991775980425474,0.7816216950995719,0.04757697274519133,0.0,0.8054101814721675
TreeCrops,0.0,100.0,0.0,0.0,0.0,0.0,0.0
Forest,0.0,0.0,99.75274725274726,0.19230769230769232,0.0,0.0,0.054945054945054944
Grassland,0.042447223951553564,0.0014149074650517857,0.004244722395155357,99.19774746731564,0.0,0.0,0.7541456788726018
Urban,0.0,0.0,0.0,0.0,100.0,0.0,0.0
Water,0.0,0.0,0.0,0.0,0.0,100.0,0.0
Other,0.0013189291614138482,5.4955381725577e-05,0.0,0.020883045055719262,0.001483795306590579,0.0,99.97625927509455
