from_label,Crops,TreeCrops,Forest,Grassland,Urban,Water,Other
Crops,99.76431916147239,0.0,0.003101063664837039,0.11163829193413341,0.009303190994511117,0.0,0.11163829193413341
TreeCrops,0.0,0.0,0.0,0.0,0.0,0.0,0.0
Forest,0.19278435692646653,0.0,99.64197190856513,0.13770311209033323,0.02754062241806665,0.0,0.0
Grassland,0.4225752712201861,0.0,0.010158059404331397,99.45349640404697,0.0,0.0,0.11377026532851163
Urban,0.0,0.0,0.0,0.0,100.0,0.0,0.0
Water,0.0,0.0,0.0,0.0,0.0,100.0,0.0
Other,0.027562092174812165,0.0,0.000380541706555592,0.024626484724240453,0.00277251814776217,0.0,99.94465836324663
