from_label,Crops,TreeCrops,Forest,Grassland,Urban,Water,Other
Crops,99.78383571514351,0.0,0.00300228173411793,0.1230935510988351,0.015011408670589647,0.0,0.07505704335294824
TreeCrops,0.0,0.0,0.0,0.0,0.0,0.0,0.0
Forest,0.02754062241806665,0.0,99.72459377581934,0.24786560176259984,0.0,0.0,0.0
Grassland,0.06250177561862552,0.0,0.012784454103809769,99.35083383050655,0.0,0.0,0.5738799397710161
Urban,0.0,0.0,0.0,0.0,100.0,0.0,0.0
Water,0.0,0.0,0.0,0.0,0.0,100.0,0.0
Other,0.002201719322619033,0.0,5.504298306547583e-05,0.025099600277856977,0.001871461424226178,0.0,99.97077217599222
