from_label,Crops,TreeCrops,Forest,Grassland,Urban,Water,Other
Crops,99.52235264735265,0.0,0.006243756243756244,0.27784715284715283,0.024975024975024976,0.0,0.16858141858141856
TreeCrops,0.0,100.0,0.0,0.0,0.0,0.0,0.0
Forest,0.0,0.0,99.78118161925602,0.19146608315098468,0.02735229759299781,0.0,0.0
Grassland,0.06642076850242365,0.0,0.002826415680954198,99.3894942129139,0.0,0.0,0.5412586029027289
Urban,0.0,0.0,0.0,0.0,100.0,0.0,0.0
Water,0.0,0.0,0.0,0.0,0.0,100.0,0.0
Other,0.0014311041684211454,0.0,0.0,0.020585883038058014,0.0014861466364373432,0.0,99.97649686615708
