from_label,Crops,TreeCrops,Forest,Grassland,Urban,Water,Other
Crops,99.75791677571316,0.0,0.0,0.081784873069877,0.006542789845590159,0.0,0.15375556137136875
TreeCrops,0.0,0.0,0.0,0.0,0.0,0.0,0.0
Forest,0.3029468465987331,0.0,99.61443128614707,0.08262186725419994,0.0,0.0,0.0
Grassland,0.6332851412164777,0.0,0.006108859883117148,99.22213850821642,0.0,0.0,0.13846749068398867
Urban,0.0,0.0,0.0,0.0,100.0,0.0,0.0
Water,0.0,0.0,0.0,0.0,0.0,100.0,0.0
Other,0.0777151000276429,0.0,0.0005973907060126288,0.025361950882536153,0.0034757277440734765,0.0,99.89284983063973
