from_label,Crops,TreeCrops,Forest,Grassland,Urban,Water,Other
Crops,99.78700745473908,0.0,0.0,0.0655361677725895,0.008192020971573687,0.0,0.13926435651675267
TreeCrops,0.0,0.0,0.0,0.0,0.0,0.0,0.0
Forest,0.0,0.0,99.85718366181091,0.14281633818908884,0.0,0.0,0.0
Grassland,0.05565002318750966,0.0,0.015458339774308239,99.25490802287834,0.0,0.0,0.6739836141598393
Urban,0.0,0.0,0.0,0.0,100.0,0.0,0.0
Water,0.0,0.0,0.0,0.0,0.0,100.0,0.0
Other,0.011926871240905761,0.0,0.0002662248044845036,0.016452692917142322,0.0011713891397318159,0.0,99.97018282189774
