from_label,Crops,TreeCrops,Forest,Grassland,Urban,Water,Other
Crops,99.76300108342362,0.0,0.0,0.07448537378114843,0.006771397616468038,0.0,0.1557421451787649
TreeCrops,0.0,0.0,0.0,0.0,0.0,0.0,0.0
Forest,0.0,0.0,99.91542148294333,0.08457851705666761,0.0,0.0,0.0
Grassland,0.008997390756680563,0.0,0.008997390756680563,99.47815133611253,0.0,0.0,0.5038538823741114
Urban,0.0,0.0,0.0,0.0,100.0,0.0,0.0
Water,0.0,0.0,0.0,0.0,0.0,100.0,0.0
Other,0.02843861847005568,0.0,0.0004268460558357325,0.017180553747388236,0.002454364821055462,0.0,99.95149961690566
