from_label,Crops,TreeCrops,Forest,Grassland,Urban,Water,Other
Crops,99.7944423296536,0.0,0.0,0.05329272934906738,0.007613247049866768,0.0,0.1446516939474686
TreeCrops,0.0,0.0,0.0,0.0,0.0,0.0,0.0
Forest,0.0,0.0,99.88633134413185,0.11366865586814436,0.0,0.0,0.0
Grassland,0.03361755447571896,0.0,0.012224565263897804,99.30931206258977,0.0,0.0,0.644845817670609
Urban,0.0,0.0,0.0,0.0,100.0,0.0,0.0
Water,0.0,0.0,0.0,0.0,0.0,100.0,0.0
Other,0.014227320611870702,0.0,0.0003197150699296787,0.01673175532631985,0.001438717814683554,0.0,99.9672824911772
