from_label,Crops,TreeCrops,Forest,Grassland,Urban,Water,Other
Crops,99.77198796096434,0.0,0.0,0.20065059435138174,0.003040160520475481,0.0,0.024321284163803848
TreeCrops,0.0,0.0,0.0,0.0,0.0,0.0,0.0
Forest,0.0550812448361333,0.0,99.586890663729,0.35802809143486647,0.0,0.0,0.0
Grassland,0.11123020607923635,0.0,0.004044734766517686,99.25576880296074,0.0,0.0,0.6289562561935002
Urban,0.0,0.0,0.0,0.0,100.0,0.0,0.0
Water,0.0,0.0,0.0,0.0,0.0,100.0,0.0
Other,0.019852525649191186,0.0,0.0007070762559985902,0.17927102613625795,0.003317819355070308,0.0,99.79685155260348
