from_label,Crops,TreeCrops,Forest,Grassland,Urban,Water,Other
Crops,99.29577464788733,0.0,0.0,0.0,0.7042253521126761,0.0,0.0
TreeCrops,0.0,0.0,0.0,0.0,0.0,0.0,0.0
Forest,0.0,0.0,0.0,0.0,0.0,0.0,0.0
Grassland,0.0,0.0,0.0,100.0,0.0,0.0,0.0
Urban,0.0,0.0,0.0,0.0,100.0,0.0,0.0
Water,0.0,0.0,0.0,0.0,0.0,100.0,0.0
Other,0.0,0.0,0.0,0.0,0.14018223690798037,0.0,99.85981776309202
