from_label,Crops,TreeCrops,Forest,Grassland,Urban,Water,Other
Crops,99.79927739863508,0.0,0.04014452027298274,0.16057808109193095,0.0,0.0,0.0
TreeCrops,0.0,99.8073217726397,0.0,0.1926782273603083,0.0,0.0,0.0
Forest,0.02234437145283103,0.0,99.54417482236225,0.433480806184922,0.0,0.0,0.0
Grassland,0.017361111111111112,0.034722222222222224,0.12152777777777778,99.82638888888889,0.0,0.0,0.0
Urban,0.0,0.0,0.0,0.0,100.0,0.0,0.0
Water,0.0,0.0,0.0,0.0,0.0,100.0,0.0
Other,0.0,0.0,0.0,0.0,0.0,0.0,100.0
