from_label,Crops,TreeCrops,Forest,Grassland,Urban,Water,Other
Crops,99.87752602571953,0.0,0.0,0.1224739742804654,0.0,0.0,0.0
TreeCrops,0.0,100.0,0.0,0.0,0.0,0.0,0.0
Forest,0.02749626836357923,0.0,99.897871003221,0.07463272841542934,0.0,0.0,0.0
Grassland,0.04965243296921549,0.0,0.19860973187686196,99.75173783515392,0.0,0.0,0.0
Urban,0.0,0.0,0.0,0.0,100.0,0.0,0.0
Water,0.0,0.0,0.0,0.0,0.0,100.0,0.0
Other,0.0,0.0,0.0,0.0,0.0,0.0,100.0
