from_label,Crops,TreeCrops,Forest,Grassland,Urban,Water,Other
Crops,99.8170731707317,0.0,0.0,0.1829268292682927,0.0,0.0,0.0
TreeCrops,0.0,100.0,0.0,0.0,0.0,0.0,0.0
Forest,0.01597763131615738,0.0,99.59656480926704,0.3874575594168165,0.0,0.0,0.0
Grassland,0.0,0.0,0.2025658338960162,99.79743416610398,0.0,0.0,0.0
Urban,0.0,0.0,0.0,0.0,100.0,0.0,0.0
Water,0.0,0.0,0.0,0.0,0.0,100.0,0.0
Other,0.0,0.0,0.0,0.0,0.0,0.0,100.0
