from_label,Crops,TreeCrops,Forest,Grassland,Urban,Water,Other
Crops,99.8170731707317,0.0,0.06097560975609756,0.12195121951219512,0.0,0.0,0.0
TreeCrops,0.0,100.0,0.0,0.0,0.0,0.0,0.0
Forest,0.039308176100628936,1.8514150943396226,98.01100628930818,0.09827044025157233,0.0,0.0,0.0
Grassland,0.04951720722951226,0.19806882891804903,0.22282743253280515,99.52958653131964,0.0,0.0,0.0
Urban,0.0,0.0,0.0,0.0,100.0,0.0,0.0
Water,0.0,0.0,0.0,0.0,0.0,100.0,0.0
Other,0.0,0.0,0.0,0.0,0.0,0.0,100.0
