from_label,Crops,TreeCrops,Forest,Grassland,Urban,Water,Other
Crops,99.72329828444937,0.0,0.11068068622025456,0.16602102933038185,0.0,0.0,0.0
TreeCrops,0.0,100.0,0.0,0.0,0.0,0.0,0.0
Forest,0.1260777615096795,0.0,99.56889539612818,0.30502684236212785,0.0,0.0,0.0
Grassland,0.08469193309337286,0.0,0.16938386618674572,99.74592420071988,0.0,0.0,0.0
Urban,0.0,0.0,0.0,0.0,100.0,0.0,0.0
Water,0.0,0.0,0.0,0.0,0.0,100.0,0.0
Other,0.0,0.0,0.0,0.0,0.0,0.0,100.0
