from_label,Crops,TreeCrops,Forest,Grassland,Urban,Water,Other
Crops,99.74276527331189,0.0,0.12861736334405144,0.12861736334405144,0.0,0.0,0.0
TreeCrops,0.0,98.87429643527204,1.125703564727955,0.0,0.0,0.0,0.0
Forest,0.027763455360329987,0.0,99.90877721810178,0.06345932653789713,0.0,0.0,0.0
Grassland,0.0517464424320828,0.0,0.2069857697283312,99.74126778783958,0.0,0.0,0.0
Urban,0.0,0.0,0.0,0.0,100.0,0.0,0.0
Water,0.0,0.0,0.0,0.0,0.0,100.0,0.0
Other,0.0,0.0,0.0,0.0,0.0,0.0,100.0
