from_label,Crops,TreeCrops,Forest,Grassland,Urban,Water,Other
Crops,99.79347377116893,0.0,0.08261049153242463,0.12391573729863693,0.0,0.0,0.0
TreeCrops,0.0,100.0,0.0,0.0,0.0,0.0,0.0
Forest,0.021222410865874362,0.0,99.5288624787776,0.44991511035653653,0.0,0.0,0.0
Grassland,0.01949317738791423,0.0,0.1949317738791423,99.78557504873294,0.0,0.0,0.0
Urban,0.0,0.0,0.0,0.0,100.0,0.0,0.0
Water,0.0,0.0,0.0,0.0,0.0,100.0,0.0
Other,0.0,0.0,0.0,0.0,0.0,0.0,100.0
