from_label,Crops,TreeCrops,Forest,Grassland,Urban,Water,Other
Crops,99.87995198079231,0.0,0.0,0.12004801920768307,0.0,0.0,0.0
TreeCrops,0.0,100.0,0.0,0.0,0.0,0.0,0.0
Forest,0.04423355316068844,0.0,99.70242882419174,0.2493163905420621,0.004021232105517131,0.0,0.0
Grassland,0.1705237515225335,0.0,0.097442143727162,99.7320341047503,0.0,0.0,0.0
Urban,0.0,0.0,0.0,0.0,100.0,0.0,0.0
Water,0.0,0.0,0.0,0.0,0.0,100.0,0.0
Other,0.0,0.0,0.0,0.0,0.0,0.0,100.0
