from_label,Crops,TreeCrops,Forest,Grassland,Urban,Water,Other
Crops,99.75961538461539,0.0,0.04006410256410256,0.2003205128205128,0.0,0.0,0.0
TreeCrops,0.0,100.0,0.0,0.0,0.0,0.0,0.0
Forest,0.020755500207555,0.0,99.53922789539227,0.43171440431714403,0.008302200083022002,0.0,0.0
Grassland,0.02209456473707468,0.0,0.17675651789659744,99.80114891736632,0.0,0.0,0.0
Urban,0.0,0.0,0.0,0.0,100.0,0.0,0.0
Water,0.0,0.0,0.0,0.0,0.0,100.0,0.0
Other,0.0,0.0,0.0,0.0,0.0,0.0,100.0
