from_label,Crops,TreeCrops,Forest,Grassland,Urban,Water,Other
Crops,99.76662777129522,0.0,0.11668611435239205,0.11668611435239205,0.0,0.0,0.0
TreeCrops,0.0,100.0,0.0,0.0,0.0,0.0,0.0
Forest,0.19375151368370064,0.0,99.5802050536853,0.22604343263098411,0.0,0.0,0.0
Grassland,0.12958963282937366,0.0,0.1511879049676026,99.71922246220302,0.0,0.0,0.0
Urban,0.0,0.0,0.0,0.0,100.0,0.0,0.0
Water,0.0,0.0,0.0,0.0,0.0,100.0,0.0
Other,0.0,0.0,0.0,0.0,0.0,0.0,100.0
