from_label,Crops,TreeCrops,Forest,Grassland,Urban,Water,Other
Crops,98.10606060606061,0.0,0.3787878787878788,1.5151515151515151,0.0,0.0,0.0
TreeCrops,0.0,100.0,0.0,0.0,0.0,0.0,0.0
Forest,0.016106950148989288,0.0,99.60537972134976,0.3785133285012483,0.0,0.0,0.0
Grassland,0.0,0.0,0.2370791844476055,99.76292081555239,0.0,0.0,0.0
Urban,0.0,0.0,0.0,0.0,100.0,0.0,0.0
Water,0.0,0.0,0.0,0.0,0.0,100.0,0.0
Other,0.0,0.0,0.0,0.0,0.0,0.0,100.0
