from_label,Crops,TreeCrops,Forest,Grassland,Urban,Water,Other
Crops,99.79983987189752,0.0,0.040032025620496396,0.16012810248198558,0.0,0.0,0.0
TreeCrops,0.0,100.0,0.0,0.0,0.0,0.0,0.0
Forest,0.022017702232595006,0.0,99.82826192258575,0.14972037518164602,0.0,0.0,0.0
Grassland,0.018521948508983144,0.0,0.16669753658084832,99.81478051491017,0.0,0.0,0.0
Urban,0.0,0.0,0.0,0.0,100.0,0.0,0.0
Water,0.0,0.0,0.0,0.0,0.0,100.0,0.0
Other,0.0,0.0,0.0,0.0,0.0,0.0,100.0
