from_label,Crops,TreeCrops,Forest,Grassland,Urban,Water,Other
Crops,99.7568093385214,0.0,0.048638132295719845,0.19455252918287938,0.0,0.0,0.0
TreeCrops,0.0,100.0,0.0,0.0,0.0,0.0,0.0
Forest,0.016399491615759914,0.0,99.54491410766266,0.43868640072157766,0.0,0.0,0.0
Grassland,0.0,0.0,0.1927607624759049,99.80723923752409,0.0,0.0,0.0
Urban,0.0,0.0,0.0,0.0,100.0,0.0,0.0
Water,0.0,0.0,0.0,0.0,0.0,100.0,0.0
Other,0.0,0.0,0.0,0.0,0.0,0.0,100.0
