from_label,Crops,TreeCrops,Forest,Grassland,Urban,Water,Other
Crops,99.81807155852032,0.0,0.1212856276531231,0.06064281382656155,0.0,0.0,0.0
TreeCrops,0.0,100.0,0.0,0.0,0.0,0.0,0.0
Forest,0.032071840923669014,0.0,99.88774855676715,0.08017960230917255,0.0,0.0,0.0
Grassland,0.04941932295527551,0.0,0.1729676303434643,99.77761304670126,0.0,0.0,0.0
Urban,0.0,0.0,0.0,0.0,100.0,0.0,0.0
Water,0.0,0.0,0.0,0.0,0.0,100.0,0.0
Other,0.0,0.0,0.0,0.0,0.0,0.0,100.0
