from_label,Crops,TreeCrops,Forest,Grassland,Urban,Water,Other
Crops,99.81331673926572,0.0,0.06222775357809583,0.12445550715619166,0.0,0.0,0.0
TreeCrops,0.0,100.0,0.0,0.0,0.0,0.0,0.0
Forest,0.023487042981288658,0.0,99.92170985672904,0.05480310028967353,0.0,0.0,0.0
Grassland,0.05044136191677175,0.0,0.17654476670870115,99.77301387137453,0.0,0.0,0.0
Urban,0.0,0.0,0.0,0.0,100.0,0.0,0.0
Water,0.0,0.0,0.0,0.0,0.0,100.0,0.0
Other,0.0,0.0,0.0,0.0,0.0,0.0,100.0
