from_label,Crops,TreeCrops,Forest,Grassland,Urban,Water,Other
Crops,96.27403846153845,0.0,0.28044871794871795,3.4054487179487176,0.04006410256410256,0.0,0.0
TreeCrops,0.0,92.6829268292683,0.0,7.317073170731707,0.0,0.0,0.0
Forest,0.01250625312656328,0.0,99.65399366349843,0.33350008337502085,0.0,0.0,0.0
Grassland,0.043233895373973194,0.0,0.324254215304799,99.61089494163424,0.021616947686986597,0.0,0.0
Urban,0.0,0.0,0.0,0.0,100.0,0.0,0.0
Water,0.0,0.0,0.0,0.0,0.0,100.0,0.0
Other,0.0,0.0,0.0,0.0,0.0,0.0,100.0
