from_label,Crops,TreeCrops,Forest,Grassland,Urban,Water,Other
Crops,99.82164090368609,0.0,0.05945303210463733,0.11890606420927466,0.0,0.0,0.0
TreeCrops,0.0,8.380952380952381,90.0952380952381,1.5238095238095237,0.0,0.0,0.0
Forest,0.03629324945560126,0.0,99.7015888378095,0.262117912734898,0.0,0.0,0.0
Grassland,0.1443001443001443,0.0,0.1443001443001443,99.71139971139971,0.0,0.0,0.0
Urban,0.0,0.0,0.0,0.0,100.0,0.0,0.0
Water,0.0,0.0,0.0,0.0,0.0,100.0,0.0
Other,0.0,0.0,0.0,0.0,0.0,0.0,100.0
