from_label,Crops,TreeCrops,Forest,Grassland,Urban,Water,Other
Crops,99.79927739863508,0.0,0.04014452027298274,0.16057808109193095,0.0,0.0,0.0
TreeCrops,0.0,100.0,0.0,0.0,0.0,0.0,0.0
Forest,0.022512381809995496,0.0,99.59027465105808,0.38721296713192255,0.0,0.0,0.0
Grassland,0.016874789065136685,0.016874789065136685,0.15187310158623016,99.8143773202835,0.0,0.0,0.0
Urban,0.0,0.0,0.0,0.0,100.0,0.0,0.0
Water,0.0,0.0,0.0,0.0,0.0,100.0,0.0
Other,0.0,0.0,0.0,0.0,0.0,0.0,100.0
