from_label,Crops,TreeCrops,Forest,Grassland,Urban,Water,Other
Crops,99.7999199679872,0.0,0.040016006402561026,0.1600640256102441,0.0,0.0,0.0
TreeCrops,0.0,99.07578558225508,0.0,0.9242144177449169,0.0,0.0,0.0
Forest,0.008818342151675486,0.0,99.57671957671957,0.41446208112874783,0.0,0.0,0.0
Grassland,0.018426386585590565,0.0,0.16583747927031509,99.81573613414409,0.0,0.0,0.0
Urban,0.0,0.0,0.0,0.0,100.0,0.0,0.0
Water,0.0,0.0,0.0,0.0,0.0,100.0,0.0
Other,0.0,0.0,0.0,0.0,0.0,0.0,100.0
