from_label,Crops,TreeCrops,Forest,Grassland,Urban,Water,Other
Crops,99.81143934632307,0.0,0.1257071024512885,0.06285355122564425,0.0,0.0,0.0
TreeCrops,0.0,100.0,0.0,0.0,0.0,0.0,0.0
Forest,0.027860696517412936,0.0,99.90049751243781,0.07164179104477612,0.0,0.0,0.0
Grassland,0.05096839959225281,0.0,0.1783893985728848,99.77064220183486,0.0,0.0,0.0
Urban,0.0,0.0,0.0,0.0,100.0,0.0,0.0
Water,0.0,0.0,0.0,0.0,0.0,100.0,0.0
Other,0.0,0.0,0.0,0.0,0.0,0.0,100.0
