from_label,Crops,TreeCrops,Forest,Grassland,Urban,Water,Other
Crops,99.91375344986201,0.0,0.014785122880799055,0.06242607438559601,0.004928374293599685,0.0,0.004106978577999737
TreeCrops,0.0,100.0,0.0,0.0,0.0,0.0,0.0
Forest,0.0217157885847338,0.0,99.62841872866122,0.34323010290870926,0.006635379845335327,0.0,0.0
Grassland,0.007869315403285553,0.0,0.03698578239544209,99.94008078414356,0.008094152986236568,0.0,0.006969965071481489
Urban,0.0,0.0,0.0,0.0,100.0,0.0,0.0
Water,0.0,0.0,0.0,0.0,0.0,100.0,0.0
Other,0.002591277759062994,0.0,0.0,0.02591277759062994,0.0,0.0,99.9714959446503
