from_label,Crops,TreeCrops,Forest,Grassland,Urban,Water,Other
Crops,99.91293348446766,0.0,0.004928293332019122,0.08049545775631231,0.0016427644440063739,0.0,0.0
TreeCrops,0.0,99.12280701754386,0.8771929824561403,0.0,0.0,0.0,0.0
Forest,0.05326296166277282,0.0,99.89650038131438,0.04781561331089833,0.002421043711944219,0.0,0.0
Grassland,0.16925475087746114,0.0,0.028658672957339038,99.79275845908496,0.0077546997413976216,0.0,0.0015734173388343
Urban,0.0,0.0,0.0,0.0,100.0,0.0,0.0
Water,0.0,0.0,0.0,0.0,0.0,100.0,0.0
Other,0.17051179373239983,0.0,0.010334048104993929,1.6250290645102954,0.0077505360787454465,0.0,98.18637455757356
