from_label,Crops,TreeCrops,Forest,Grassland,Urban,Water,Other
Crops,99.9453589235708,0.0,0.0017075336384126767,0.012806502288095076,0.0,0.0,0.04012704050269791
TreeCrops,0.0,0.0,0.0,0.0,0.0,0.0,0.0
Forest,0.015326704022953271,0.0,99.93378863862084,0.049045452873450475,0.0018392044827543926,0.0,0.0
Grassland,0.06154677222602277,0.0,0.03796860229051405,99.88819741016496,0.006752433643502498,0.0,0.005534781675002048
Urban,0.0,0.0,0.0,0.0,100.0,0.0,0.0
Water,0.0,0.0,0.0,0.0,0.0,100.0,0.0
Other,0.002956480605487228,0.0,0.0,0.041390728476821195,0.0,0.0,99.9556527909177
