from_label,Crops,TreeCrops,Forest,Grassland,Urban,Water,Other
Crops,99.90799618957669,0.0,0.015469667239315752,0.06757802004543197,0.00407096506297783,0.0,0.004885158075573395
TreeCrops,0.0,98.82718178682303,1.1728182131769576,0.0,0.0,0.0,0.0
Forest,0.022428009042028907,0.0,99.97580135866518,0.001770632292791756,0.0,0.0,0.0
Grassland,0.007743429868092356,0.0,0.038268254855354976,99.946469332651,0.00695786451915545,0.0,0.000561118106383504
Urban,0.0,0.0,0.0,0.0,100.0,0.0,0.0
Water,0.0,0.0,0.0,0.0,0.0,100.0,0.0
Other,0.0036433854337450363,0.0,0.0,0.02550369803621525,0.0036433854337450363,0.0,99.96720953109629
