from_label,Crops,TreeCrops,Forest,Grassland,Urban,Water,Other
Crops,99.52879156528792,0.0,0.0316301703163017,0.4274128142741282,0.010543390105433901,0.0,0.0016220600162206002
TreeCrops,0.0,97.34513274336283,2.6548672566371683,0.0,0.0,0.0,0.0
Forest,0.009678609667721232,0.002419652416930308,99.66306340094245,0.32362851076442867,0.001209826208465154,0.0,0.0
Grassland,0.008326347827554585,0.0,0.027229407760381213,99.95645545122616,0.006751092833152367,0.0,0.0012377003527446005
Urban,0.0,0.0,0.0,0.0,100.0,0.0,0.0
Water,0.0,0.0,0.0,0.0,0.0,100.0,0.0
Other,0.052605276309213814,0.0,0.0,2.251505826034351,0.0,0.0,97.69588889765643
