from_label,Crops,TreeCrops,Forest,Grassland,Urban,Water,Other
Crops,99.90625600923018,0.0,0.004807384142042176,0.08733414524709955,0.0016024613806807256,0.0,0.0
TreeCrops,0.0,100.0,0.0,0.0,0.0,0.0,0.0
Forest,0.0006098676587180582,0.0006098676587180582,99.99207172043667,0.004269073611026407,0.002439470634872233,0.0,0.0
Grassland,0.07566356950455495,0.0,0.027350979198683567,99.88745744624804,0.008182874924196313,0.0,0.0013451301245254214
Urban,0.0,0.0,0.0,0.0,100.0,0.0,0.0
Water,0.0,0.0,0.0,0.0,0.0,100.0,0.0
Other,0.14056460114794422,0.0,0.049783296239896926,3.41162000702823,0.0,0.0,96.39803209558393
