from_label,Crops,TreeCrops,Forest,Grassland,Urban,Water,Other
Crops,99.33227570856913,0.0,0.1097088374809588,0.5288123821024633,0.02052107751442395,0.0,0.008681994333025517
TreeCrops,0.0,99.36952714535902,0.5253940455341506,0.0,0.10507880910683014,0.0,0.0
Forest,0.008969736110363634,0.0,99.97907061574249,0.0017939472220727265,0.009567718517721209,0.0,0.0005979824073575756
Grassland,0.009104581290422655,0.0,0.024054078964820348,99.95998480321741,0.0032596649064476173,0.0,0.0035968716209077156
Urban,0.0,0.0,0.0,0.0,100.0,0.0,0.0
Water,0.0,0.0,0.0,0.0,0.0,100.0,0.0
Other,0.0,0.0,0.0,0.03605162592832937,0.0,0.0,99.96394837407168
