from_label,Crops,TreeCrops,Forest,Grassland,Urban,Water,Other
Crops,99.913015113624,0.0,0.006213206169713726,0.07921837866385001,0.0015533015424284316,0.0,0.0
TreeCrops,0.0,100.0,0.0,0.0,0.0,0.0,0.0
Forest,0.030987781092592707,0.0,99.95442973368736,0.008506449711692116,0.006076035508351511,0.0,0.0
Grassland,0.02649669857872158,0.0,0.02818081077652168,99.93611601063012,0.008083738549440481,0.0,0.0011227414652000669
Urban,0.0,0.0,0.0,0.0,100.0,0.0,0.0
Water,0.0,0.0,0.0,0.0,0.0,100.0,0.0
Other,0.052046060763775936,0.0,0.022770151584151976,3.561902283520916,0.003252878797735996,0.0,96.36002862533341
