from_label,Crops,TreeCrops,Forest,Grassland,Urban,Water,Other
Crops,99.38224246783345,0.0,0.1006952769120115,0.49708303364500916,0.01918005274514505,0.0,0.0007991688643810437
TreeCrops,0.0,99.50634696755995,0.4936530324400564,0.0,0.0,0.0,0.0
Forest,0.02193684560018024,0.0,99.87905090533955,0.09723358590350159,0.0017786631567713708,0.0,0.0
Grassland,0.008990541949868737,0.0,0.0261849534289927,99.95931779767685,0.004158125651814291,0.0,0.0013485812924803108
Urban,0.0,0.0,0.0,0.0,100.0,0.0,0.0
Water,0.0,0.0,0.0,0.0,0.0,100.0,0.0
Other,0.0,0.0,0.0,0.036451119049354816,0.0,0.0,99.96354888095065
