from_label,Crops,TreeCrops,Forest,Grassland,Urban,Water,Other
Crops,99.85988921472793,0.039100684261974585,0.015477354187031606,0.0765721733463669,0.004072987943955686,0.0,0.004887585532746823
TreeCrops,0.0,99.9665551839465,0.0,0.033444816053511704,0.0,0.0,0.0
Forest,0.020594050084729806,0.014121634343814724,99.85937205799284,0.10414705328563359,0.0017652042929768405,0.0,0.0
Grassland,0.007749770033997904,0.0,0.03829958813903312,99.93923731031315,0.006851245972085104,0.0,0.007862085541737004
Urban,0.0,0.0,0.0,0.0,100.0,0.0,0.0
Water,0.0,0.0,0.0,0.0,0.0,100.0,0.0
Other,0.0036384805705137534,0.0,0.0,0.025469363993596273,0.0036384805705137534,0.0,99.96725367486538
