from_label,Crops,TreeCrops,Forest,Grassland,Urban,Water,Other
Crops,99.41578775179548,0.0015578993285453894,0.09503185904126875,0.4712645468849803,0.01012634563554503,0.0,0.006231597314181558
TreeCrops,0.0,99.72241498959056,0.0,0.2775850104094379,0.0,0.0,0.0
Forest,0.02160488270349099,0.0054012206758727475,99.95078887828649,0.01620366202761824,0.006001356306525274,0.0,0.0
Grassland,0.009112437351993206,0.0,0.025987321337165806,99.93677543466889,0.0033749767970345204,0.0,0.024749829844919816
Urban,0.0,0.0,0.0,0.0,100.0,0.0,0.0
Water,0.0,0.0,0.0,0.0,0.0,100.0,0.0
Other,0.003633192849876471,0.0,0.0,0.02906554279901177,0.0,0.0,99.96730126435112
