from_label,Crops,TreeCrops,Forest,Grassland,Urban,Water,Other
Crops,99.45184772663988,0.0,0.11297187636739726,0.43199809061617406,0.0015911531882732012,0.0,0.0015911531882732012
TreeCrops,0.0,99.12617965746242,0.8039147151345682,0.06990562740300593,0.0,0.0,0.0
Forest,0.025543694568697685,0.0,99.96673379311983,0.006534433494318013,0.0011880788171487295,0.0,0.0
Grassland,0.009105144181644254,0.0,0.02450520285924009,99.96043196602544,0.0038219123725420326,0.0,0.00213577456112643
Urban,0.0,0.0,0.0,0.0,100.0,0.0,0.0
Water,0.0,0.0,0.0,0.0,0.0,100.0,0.0
Other,0.0,0.0,0.0,0.047400277109312335,0.0,0.0,99.9525997228907
