from_label,Crops,TreeCrops,Forest,Grassland,Urban,Water,Other
Crops,99.91293348446766,0.0,0.01396349777405418,0.06406781331624858,0.004928293332019122,0.0,0.004106911110015935
TreeCrops,0.0,97.43589743589743,2.564102564102564,0.0,0.0,0.0,0.0
Forest,0.022355279773305377,0.0,99.61150148934499,0.34620473811091845,0.01631331226700663,0.0,0.0036251805037792505
Grassland,0.007643429516901534,0.0,0.03731792058251925,99.94008900099253,0.007980639642647188,0.0,0.006969009265410222
Urban,0.0,0.0,0.0,0.0,100.0,0.0,0.0
Water,0.0,0.0,0.0,0.0,0.0,100.0,0.0
Other,0.002587522964266308,0.0,0.0,0.031050275571195694,0.0,0.0,99.96636220146455
