from_label,Crops,TreeCrops,Forest,Grassland,Urban,Water,Other
Crops,98.06942397445346,1.848440186686318,0.013049619258167526,0.06831859493981822,0.0,0.0,0.0007676246622451485
TreeCrops,0.0,100.0,0.0,0.0,0.0,0.0,0.0
Forest,0.0012102947672905735,0.04357061162246065,99.9503779145411,0.004841179069162294,0.0,0.0,0.0
Grassland,0.045450923663770904,0.0,0.03512626939940813,99.91212821425005,0.006509021166663486,0.0,0.0007855715201145587
Urban,0.0,0.0,0.0,0.0,100.0,0.0,0.0
Water,0.0,0.0,0.0,0.0,0.0,100.0,0.0
Other,0.1218943821030366,0.0,0.025095902197684008,0.23661850643530635,0.0,0.0,99.61639120926398
