from_label,Crops,TreeCrops,Forest,Grassland,Urban,Water,Other
Crops,99.91361295312063,0.0,0.01480920803646356,0.06499596860447897,0.0008227337798035311,0.0,0.005759136458624719
TreeCrops,0.0,90.0,8.461538461538462,1.5384615384615385,0.0,0.0,0.0
Forest,0.036185341318231985,0.0,99.82208873851869,0.13750429700928155,0.004221623153793731,0.0,0.0
Grassland,0.014716389339492498,0.0,0.03707182047353072,99.92933886340045,0.008088397194224885,0.0,0.010784529592299846
Urban,0.0,0.0,0.0,0.0,100.0,0.0,0.0
Water,0.0,0.0,0.0,0.0,0.0,100.0,0.0
Other,0.0026073579641749016,0.0,0.0,0.028680937605923915,0.0,0.0,99.96871170442991
