from_label,Crops,TreeCrops,Forest,Grassland,Urban,Water,Other
Crops,99.6484048297646,0.026795936761589242,0.05196787735580944,0.2590273886953627,0.013803967422636884,0.0,0.0
TreeCrops,0.0,99.89357928343384,0.0,0.0354735721887194,0.0709471443774388,0.0,0.0
Forest,0.016552572151479684,0.029558164556213715,99.95093344683669,0.002955816455621372,0.0,0.0,0.0
Grassland,0.008191478617996567,0.0,0.03276591447198627,99.95230988475824,0.005835025864874267,0.0,0.0008976962869037333
Urban,0.0,0.0,0.0,0.0,100.0,0.0,0.0
Water,0.0,0.0,0.0,0.0,0.0,100.0,0.0
Other,0.0,0.0,0.0,0.02914708346996029,0.0,0.0,99.97085291653003
