from_label,Crops,TreeCrops,Forest,Grassland,Urban,Water,Other
Crops,99.92909535452323,0.0,0.008964955175224124,0.05297473512632436,0.004074979625101874,0.0,0.004889975550122249
TreeCrops,0.0,99.86531986531986,0.0,0.13468013468013468,0.0,0.0,0.0
Forest,0.006456801065959157,0.0,99.94306275423655,0.05048044469749887,0.0,0.0,0.0
Grassland,0.00887892850439507,0.0,0.03855028451908239,99.93807228346935,0.006406315503171126,0.0,0.008092188004005633
Urban,0.0,0.0,0.0,0.0,100.0,0.0,0.0
Water,0.0,0.0,0.0,0.0,0.0,100.0,0.0
Other,0.0036206958977515477,0.0,0.0,0.028965567182012382,0.0036206958977515477,0.0,99.96379304102248
