from_label,Crops,TreeCrops,Forest,Grassland,Urban,Water,Other
Crops,99.83229067536155,0.07332407681867112,0.012480693926582317,0.08112451052278506,0.0,0.0,0.0007800433704113948
TreeCrops,0.0,100.0,0.0,0.0,0.0,0.0,0.0
Forest,0.013292730085073473,0.007250580046403712,99.97099767981439,0.006646365042536737,0.001812645011600928,0.0,0.0
Grassland,0.018305330669514664,0.0,0.03604914812830801,99.93879506003138,0.006064342675790133,0.0,0.000786118495009832
Urban,0.0,0.0,0.0,0.0,100.0,0.0,0.0
Water,0.0,0.0,0.0,0.0,0.0,100.0,0.0
Other,0.035978988270849825,0.0,0.039576887097934804,0.17269914370007913,0.0,0.0,99.75174498093114
