from_label,Crops,TreeCrops,Forest,Grassland,Urban,Water,Other
Crops,99.85994397759103,0.0,0.012004801920768308,0.10404161664665866,0.004001600640256103,0.0,0.020008003201280513
TreeCrops,0.0,0.0,0.0,0.0,0.0,0.0,0.0
Forest,0.037162879592270125,0.0,99.31115948184328,0.556115948184328,0.002654491399447866,0.0,0.0929071989806753
Grassland,0.03769080972422891,0.0,0.2701174696903072,99.55399208492996,0.018845404862114456,0.0,0.11935423079339155
Urban,0.0,0.0,0.0,0.0,100.0,0.0,0.0
Water,0.0,0.0,0.0,0.0,0.0,100.0,0.0
Other,0.0,0.0,0.0,0.0,0.0,0.0,100.0
