from_label,Crops,TreeCrops,Forest,Grassland,Urban,Water,Other
Crops,99.85531049585484,0.0,0.02346316283435007,0.11340528703269201,0.0,0.0,0.00782105427811669
TreeCrops,0.0,0.0,0.0,0.0,0.0,0.0,0.0
Forest,0.16308146307369728,0.0,99.72509124796149,0.09940203463539643,0.0031063135823561384,0.0,0.009318940747068417
Grassland,1.2069547602970965,0.0,0.13082376772451046,98.54405806887239,0.01688048615800135,0.0,0.1012829169480081
Urban,0.0,0.0,0.0,0.0,100.0,0.0,0.0
Water,0.0,0.0,0.0,0.0,0.0,100.0,0.0
Other,0.3607366622365673,0.0,0.0,0.03797228023542813,0.018986140117714066,0.0,99.5823049174103
