from_label,Crops,TreeCrops,Forest,Grassland,Urban,Water,Other
Crops,99.84995064165844,0.0,0.035538005923000986,0.11056268509378085,0.0,0.0,0.003948667324777888
TreeCrops,0.0,0.0,0.0,0.0,0.0,0.0,0.0
Forest,0.6045004916989646,0.0,99.27546711401631,0.09978596633308268,0.01012321397581998,0.0,0.01012321397581998
Grassland,2.2239601153526563,0.0,0.15152255730974143,97.50720954103329,0.034214771005425484,0.0,0.08309301529889046
Urban,0.0,0.0,0.0,0.0,100.0,0.0,0.0
Water,0.0,0.0,0.0,0.0,0.0,100.0,0.0
Other,0.6295399515738499,0.0,0.0,0.024213075060532687,0.024213075060532687,0.0,99.32203389830508
