from_label,Crops,TreeCrops,Forest,Grassland,Urban,Water,Other
Crops,99.84726522187822,0.0,0.02476780185758514,0.10319917440660474,0.00412796697626419,0.0,0.02063983488132095
TreeCrops,0.0,0.0,0.0,0.0,0.0,0.0,0.0
Forest,0.03346547907120424,0.0,99.33583895381763,0.5405962003809917,0.002574267620861865,0.0,0.08752509910930341
Grassland,0.04073043242142421,0.0,0.30547824316068156,99.53160002715362,0.020365216210712106,0.0,0.10182608105356052
Urban,0.0,0.0,0.0,0.0,100.0,0.0,0.0
Water,0.0,0.0,0.0,0.0,0.0,100.0,0.0
Other,0.0,0.0,0.0,0.19290123456790123,0.0,0.0,99.8070987654321
