from_label,Crops,TreeCrops,Forest,Grassland,Urban,Water,Other
Crops,99.37352245862884,0.0,0.04334121355397951,0.46887312844759654,0.007880220646178094,0.0,0.10638297872340426
TreeCrops,0.0,0.0,0.0,0.0,0.0,0.0,0.0
Forest,0.024055809477988934,0.0,99.59586240076979,0.3111218025819902,0.0048111618955977865,0.0,0.06414882527463715
Grassland,0.04770802687552181,0.0,0.10734306046992406,99.70182483202798,0.0,0.0,0.14312408062656543
Urban,0.0,0.0,0.0,0.0,100.0,0.0,0.0
Water,0.0,0.0,0.0,0.0,0.0,100.0,0.0
Other,0.03352891869237217,0.0,0.0,0.03352891869237217,0.0,0.0,99.93294216261526
