from_label,Crops,TreeCrops,Forest,Grassland,Urban,Water,Other
Crops,99.85993837288407,0.0,0.016007043098963544,0.10004401936852216,0.004001760774740886,0.0,0.02000880387370443
TreeCrops,0.0,0.0,0.0,0.0,0.0,0.0,0.0
Forest,0.04407581039387747,0.0,99.29745829493395,0.5636361207944331,0.0,0.0,0.09482977387773636
Grassland,0.042963235745412144,0.0,0.2639170195789603,99.56423003743939,0.012275210212974898,0.0,0.11661449702326152
Urban,0.0,0.0,0.0,0.0,100.0,0.0,0.0
Water,0.0,0.0,0.0,0.0,0.0,100.0,0.0
Other,0.0,0.0,0.0,0.032829940906106365,0.0,0.0,99.96717005909389
