from_label,Crops,TreeCrops,Forest,Grassland,Urban,Water,Other
Crops,99.83639567077775,0.0,0.13843443241882708,0.01677993120228207,0.004194982800570518,0.0,0.004194982800570518
TreeCrops,0.0,0.0,0.0,0.0,0.0,0.0,0.0
Forest,0.3912878308218311,0.0,99.47701658857794,0.11523363302519946,0.003798910978852729,0.0,0.012663036596175764
Grassland,0.8409949397762098,0.0,0.14254151521630676,98.95231986316014,0.03563537880407669,0.0,0.02850830304326135
Urban,0.0,0.0,0.0,0.0,100.0,0.0,0.0
Water,0.0,0.0,0.0,0.0,0.0,100.0,0.0
Other,0.0,0.0,0.0,0.08261049153242463,0.0,0.0,99.91738950846758
