from_label,Crops,TreeCrops,Forest,Grassland,Urban,Water,Other
Crops,99.86,0.0,0.016,0.1,0.004,0.0,0.02
TreeCrops,0.0,0.0,0.0,0.0,0.0,0.0,0.0
Forest,0.03839350601269728,0.0,99.28834894212179,0.5663042136872849,0.006855983216553085,0.0,0.10009735496167506
Grassland,0.033709758975223325,0.0,0.2415866059891005,99.61795606494746,0.011236586325074441,0.0,0.09551098376313276
Urban,0.0,0.0,0.0,0.0,100.0,0.0,0.0
Water,0.0,0.0,0.0,0.0,0.0,100.0,0.0
Other,0.02918855808523059,0.0,0.0,0.05837711617046118,0.02918855808523059,0.0,99.88324576765908
