from_label,Crops,TreeCrops,Forest,Grassland,Urban,Water,Other
Crops,99.86163522012579,0.0,0.016771488469601678,0.09643605870020965,0.0041928721174004195,0.0,0.020964360587002094
TreeCrops,0.0,0.0,0.0,0.0,0.0,0.0,0.0
Forest,0.033482009398878354,0.0,99.54201394286534,0.4197209035359394,0.0011957860499599412,0.0,0.0035873581498798235
Grassland,0.04022526146419952,0.0,0.502815768302494,99.32622687047466,0.02011263073209976,0.0,0.11061946902654868
Urban,0.0,0.0,0.0,0.0,100.0,0.0,0.0
Water,0.0,0.0,0.0,0.0,0.0,100.0,0.0
Other,0.0,0.0,0.0,0.2627430373095113,0.0,0.0,99.7372569626905
