from_label,Crops,TreeCrops,Forest,Grassland,Urban,Water,Other
Crops,99.84062408253995,0.0,0.033552824728431824,0.10485257727634945,0.004194103091053978,0.0,0.016776412364215912
TreeCrops,0.0,0.0,0.0,0.0,0.0,0.0,0.0
Forest,0.032736933556616006,0.0,99.361629795646,0.521272711247655,0.002518225658201231,0.0,0.08184233389154001
Grassland,0.043933513948890675,0.0,0.3514681115911254,99.47279783261331,0.02928900929926045,0.0,0.10251153254741158
Urban,0.0,0.0,0.0,0.0,100.0,0.0,0.0
Water,0.0,0.0,0.0,0.0,0.0,100.0,0.0
Other,0.042625745950554135,0.0,0.0,0.29838022165387895,0.0,0.0,99.65899403239557
