from_label,Crops,TreeCrops,Forest,Grassland,Urban,Water,Other
Crops,99.85353632684524,0.0,0.03854307188282906,0.09635767970707265,0.0,0.0,0.011562921564848718
TreeCrops,0.0,0.0,0.0,0.0,0.0,0.0,0.0
Forest,0.1229667678418554,0.0,99.68402210288738,0.1649933846991984,0.003113082730173554,0.0,0.024904661841388433
Grassland,0.37533054678836475,0.0,0.12368847564616565,99.41994370041797,0.012795359549603345,0.0,0.06824191759788449
Urban,0.0,0.0,0.0,0.0,100.0,0.0,0.0
Water,0.0,0.0,0.0,0.0,0.0,100.0,0.0
Other,0.34110289937464466,0.0,0.037900322152738294,0.018950161076369147,0.0,0.0,99.60204661739624
