from_label,Crops,TreeCrops,Forest,Grassland,Urban,Water,Other
Crops,99.85998319798377,0.0,0.012001440172820739,0.10401248149777974,0.004000480057606913,0.0,0.02000240028803456
TreeCrops,0.0,0.0,0.0,0.0,0.0,0.0,0.0
Forest,0.03776065339915808,0.0,99.26716361551263,0.5803952281722445,0.009789799029411354,0.0,0.10489070388655021
Grassland,0.037007665873645255,0.0,0.2167591858313508,99.64049696008459,0.010573618821041502,0.0,0.09516256938937351
Urban,0.0,0.0,0.0,0.0,100.0,0.0,0.0
Water,0.0,0.0,0.0,0.0,0.0,100.0,0.0
Other,0.026946914578280787,0.0,0.0,0.08084074373484236,0.026946914578280787,0.0,99.8652654271086
