from_label,Crops,TreeCrops,Forest,Grassland,Urban,Water,Other
Crops,99.25598151701452,0.0,0.05090652778321651,0.5599718056153816,0.007831773505110232,0.0,0.1253083760817637
TreeCrops,0.0,0.0,0.0,0.0,0.0,0.0,0.0
Forest,0.02397238381384645,0.0,99.59246947516462,0.31483730742185,0.004794476762769289,0.0,0.06392635683692387
Grassland,0.07232110570934952,0.0,0.10044598015187432,99.67455502430794,0.008035678412149947,0.0,0.14464221141869904
Urban,0.0,0.0,0.0,0.0,100.0,0.0,0.0
Water,0.0,0.0,0.0,0.0,0.0,100.0,0.0
Other,0.0,0.0,0.0,0.08529512111907199,0.0,0.0,99.91470487888094
