from_label,Crops,TreeCrops,Forest,Grassland,Urban,Water,Other
Crops,99.45821640162146,0.0,0.04287496102276271,0.40146554412223256,0.0077954474586841285,0.0,0.08964764577486747
TreeCrops,0.0,0.0,0.0,0.0,0.0,0.0,0.0
Forest,0.025482170443867556,0.0,99.59547054420361,0.3121565879373776,0.004777906958225167,0.0,0.062112790456927164
Grassland,0.008113261125309319,0.0,0.10547239462902114,99.74037564399009,0.008113261125309319,0.0,0.1379254391302584
Urban,0.0,0.0,0.0,0.0,100.0,0.0,0.0
Water,0.0,0.0,0.0,0.0,0.0,100.0,0.0
Other,0.03465603881476347,0.0,0.0,0.051984058222145205,0.0,0.0,99.9133599029631
