from_label,Crops,TreeCrops,Forest,Grassland,Urban,Water,Other
Crops,99.856,0.0,0.012,0.108,0.004,0.0,0.02
TreeCrops,0.0,0.0,0.0,0.0,0.0,0.0,0.0
Forest,0.03751094069103488,0.0,99.27617777407299,0.5793356395615388,0.004167882299003876,0.0,0.10280776337542893
Grassland,0.032360714093090985,0.0,0.2265249986516369,99.61706488323175,0.010786904697696996,0.0,0.11326249932581844
Urban,0.0,0.0,0.0,0.0,100.0,0.0,0.0
Water,0.0,0.0,0.0,0.0,0.0,100.0,0.0
Other,0.0,0.0,0.0,0.02767783005812344,0.02767783005812344,0.0,99.94464433988375
