from_label,Crops,TreeCrops,Forest,Grassland,Urban,Water,Other
Crops,99.85685884691848,0.0,0.015904572564612324,0.10337972166998012,0.003976143141153081,0.0,0.019880715705765408
TreeCrops,0.0,0.0,0.0,0.0,0.0,0.0,0.0
Forest,0.028922852097667904,0.0,99.61030262436826,0.29988430859160936,0.007611276867807343,0.0,0.05327893807465141
Grassland,0.03454678930776871,0.0,0.1511422032214881,99.68907889623007,0.012955045990413265,0.0,0.1122770652502483
Urban,0.0,0.0,0.0,0.0,100.0,0.0,0.0
Water,0.0,0.0,0.0,0.0,0.0,100.0,0.0
Other,0.06030150753768845,0.0,0.0,0.10050251256281408,0.020100502512562814,0.0,99.81909547738694
