from_label,Crops,TreeCrops,Forest,Grassland,Urban,Water,Other
Crops,99.85689867631275,0.0,0.007950073538180228,0.10732599276543307,0.003975036769090114,0.0,0.023850220614540684
TreeCrops,0.0,0.0,0.0,0.0,0.0,0.0,0.0
Forest,0.037669323609625265,0.0,99.2360661171968,0.5981888589208493,0.010547410610695074,0.0,0.11752828966203083
Grassland,0.030895528975592532,0.0,0.1853731738535552,99.65132188727546,0.004413646996513219,0.0,0.12799576289888334
Urban,0.0,0.0,0.0,0.0,100.0,0.0,0.0
Water,0.0,0.0,0.0,0.0,0.0,100.0,0.0
Other,0.04154549231408392,0.0,0.0,0.12463647694225177,0.02077274615704196,0.0,99.81304528458662
