from_label,Crops,TreeCrops,Forest,Grassland,Urban,Water,Other
Crops,99.86163522012579,0.0,0.020964360587002094,0.09643605870020965,0.0041928721174004195,0.0,0.016771488469601678
TreeCrops,0.0,0.0,0.0,0.0,0.0,0.0,0.0
Forest,0.034100181461679924,0.0,99.42760409689323,0.49445263119435884,0.0036535908708942772,0.0,0.04018949957983705
Grassland,0.04388274530454625,0.0,0.4388274530454625,99.40319466385817,0.02632964718272775,0.0,0.0877654906090925
Urban,0.0,0.0,0.0,0.0,100.0,0.0,0.0
Water,0.0,0.0,0.0,0.0,0.0,100.0,0.0
Other,0.0,0.0,0.0,0.35879036391594055,0.0,0.0,99.64120963608406
