from_label,Crops,TreeCrops,Forest,Grassland,Urban,Water,Other
Crops,99.85322485951522,0.0,0.020967877212111047,0.10483938606055522,0.00419357544242221,0.0,0.01677430176968884
TreeCrops,0.0,0.0,0.0,0.0,0.0,0.0,0.0
Forest,0.03361135316818125,0.0,99.36262915473671,0.5215984065728868,0.0,0.0,0.08216108552222084
Grassland,0.04652244708071644,0.0,0.35667209428549274,99.47274559975187,0.031014964720477628,0.0,0.09304489416143288
Urban,0.0,0.0,0.0,0.0,100.0,0.0,0.0
Water,0.0,0.0,0.0,0.0,0.0,100.0,0.0
Other,0.045310376076121435,0.0,0.0,0.3624830086089715,0.0,0.0,99.59220661531491
