from_label,Crops,TreeCrops,Forest,Grassland,Urban,Water,Other
Crops,99.86162941842426,0.0,0.020965239632689002,0.09644010231036941,0.0041930479265378,0.0,0.0167721917061512
TreeCrops,0.0,0.0,0.0,0.0,0.0,0.0,0.0
Forest,0.03393404675626871,0.0,99.44735980996934,0.510222631585326,0.0036357907238859333,0.0,0.004847720965181244
Grassland,0.04540913631822723,0.0,0.44500953591862685,99.37335391880846,0.02724548179093634,0.0,0.10898192716374536
Urban,0.0,0.0,0.0,0.0,100.0,0.0,0.0
Water,0.0,0.0,0.0,0.0,0.0,100.0,0.0
Other,0.051546391752577324,0.0,0.0,0.4123711340206186,0.0,0.0,99.5360824742268
