from_label,Crops,TreeCrops,Forest,Grassland,Urban,Water,Other
Crops,99.85546745953089,0.0,0.012388503468780971,0.1073670300627684,0.004129501156260323,0.0,0.02064750578130162
TreeCrops,0.0,0.0,0.0,0.0,0.0,0.0,0.0
Forest,0.03539173406388863,0.0,99.31575980809816,0.5570921102649137,0.0026216099306584175,0.0,0.08913473764238619
Grassland,0.037816714988024705,0.0,0.2836253624101853,99.55250220597505,0.012605571662674902,0.0,0.11345014496407413
Urban,0.0,0.0,0.0,0.0,100.0,0.0,0.0
Water,0.0,0.0,0.0,0.0,0.0,100.0,0.0
Other,0.0,0.0,0.0,0.0351123595505618,0.0,0.0,99.96488764044943
