from_label,Crops,TreeCrops,Forest,Grassland,Urban,Water,Other
Crops,99.85743637049771,0.0,0.0167721917061512,0.10063315023690719,0.0041930479265378,0.0,0.020965239632689002
TreeCrops,0.0,0.0,0.0,0.0,0.0,0.0,0.0
Forest,0.034814761458858555,0.0,99.46937501500636,0.48860716943984245,0.0012005090158227088,0.0,0.006002545079113544
Grassland,0.0390015600624025,0.0,0.46801872074883,99.38572542901716,0.01950078003120125,0.0,0.08775351014040562
Urban,0.0,0.0,0.0,0.0,100.0,0.0,0.0
Water,0.0,0.0,0.0,0.0,0.0,100.0,0.0
Other,0.05216484089723526,0.0,0.0,0.3129890453834116,0.0,0.0,99.63484611371936
