from_label,Crops,TreeCrops,Forest,Grassland,Urban,Water,Other
Crops,99.85190958690569,0.0,0.011691348402182385,0.10911925175370225,0.003897116134060795,0.0,0.02338269680436477
TreeCrops,0.0,0.0,0.0,0.0,0.0,0.0,0.0
Forest,0.03015537956100116,0.0,99.59528306378657,0.3079022965702224,0.00634850096021077,0.0,0.06031075912200232
Grassland,0.057126535275635534,0.0,0.1387358713836863,99.665401721957,0.004080466805402538,0.0,0.13465540457828376
Urban,0.0,0.0,0.0,0.0,100.0,0.0,0.0
Water,0.0,0.0,0.0,0.0,0.0,100.0,0.0
Other,0.017543859649122806,0.0,0.0,0.07017543859649122,0.017543859649122806,0.0,99.89473684210526
