from_label,Crops,TreeCrops,Forest,Grassland,Urban,Water,Other
Crops,99.8561553522196,0.0,0.023974107963399528,0.0998921165141647,0.003995684660566589,0.0,0.015982738642266354
TreeCrops,0.0,0.0,0.0,0.0,0.0,0.0,0.0
Forest,0.1630326915988545,0.0,99.29541523717712,0.4579092120559131,0.0028353511582409484,0.0,0.08080750800986702
Grassland,0.1731778128660928,0.0,0.18845820811898334,99.53140121224469,0.01528039525289054,0.0,0.09168237151734325
Urban,0.0,0.0,0.0,0.0,100.0,0.0,0.0
Water,0.0,0.0,0.0,0.0,0.0,100.0,0.0
Other,0.025627883136852894,0.0,0.0,0.05125576627370579,0.0,0.0,99.92311635058944
