from_label,Crops,TreeCrops,Forest,Grassland,Urban,Water,Other
Crops,99.57300226057627,0.0,0.15788151709785067,0.20811654526534862,0.0,0.0,0.060999677060533206
TreeCrops,0.0,0.0,0.0,0.0,0.0,0.0,0.0
Forest,0.24634473751043068,0.0,99.53615353916481,0.21713891811486413,0.00036280520988281393,0.0,0.0
Grassland,0.1192304436678477,0.0,0.07980942476752483,99.75936249198882,0.0012092337085988609,0.0,0.04038840586720195
Urban,0.0,0.0,0.0,0.0,100.0,0.0,0.0
Water,0.0,0.0,0.0,0.0,0.0,100.0,0.0
Other,0.12430361723526155,0.0,0.0,0.10848315685986464,0.001130032883956923,0.0,99.76608319302092
