from_label,Crops,TreeCrops,Forest,Grassland,Urban,Water,Other
Crops,99.56491684625706,0.0,0.19111129183100883,0.21144228032366932,0.0,0.0,0.03252958158825682
TreeCrops,0.0,0.0,0.0,0.0,0.0,0.0,0.0
Forest,0.3157686283687688,0.0,99.50078312060057,0.18110789061515473,0.0023403604155039876,0.0,0.0
Grassland,0.15363849395502802,0.0,0.07681924697751401,99.74700538219393,0.000726996028178366,0.0,0.021809880845350984
Urban,0.0,0.0,0.0,0.0,100.0,0.0,0.0
Water,0.0,0.0,0.0,0.0,0.0,100.0,0.0
Other,0.1572184771298014,0.0,0.0,0.07125729538976609,0.0011310681807899382,0.0,99.77039315929964
