from_label,Crops,TreeCrops,Forest,Grassland,Urban,Water,Other
Crops,98.95917451772095,0.0,0.13907581875280395,0.5114401076716016,0.004486316733961417,0.0,0.3858232391206819
TreeCrops,0.0,0.0,0.0,0.0,0.0,0.0,0.0
Forest,0.010784625720448358,0.0,99.67769880838726,0.3108093773204625,0.0007071885718326792,0.0,0.0
Grassland,0.005194471103899316,0.0,0.08855336453314072,99.80236274228498,0.0009894230674093935,0.0,0.10289999901057693
Urban,0.0,0.0,0.0,0.0,100.0,0.0,0.0
Water,0.0,0.0,0.0,0.0,0.0,100.0,0.0
Other,0.0044929685042907844,0.0,0.0,0.1785954980455587,0.0011232421260726961,0.0,99.81578829132408
