from_label,Crops,TreeCrops,Forest,Grassland,Urban,Water,Other
Crops,99.60016264570343,0.0,0.04743833017077799,0.17619951206288967,0.0,0.0,0.17619951206288967
TreeCrops,0.0,0.0,0.0,0.0,0.0,0.0,0.0
Forest,0.004857851178109875,0.0,99.72844611914365,0.2663721729330248,0.000323856745207325,0.0,0.0
Grassland,0.007963481747984244,0.0,0.15898522489725686,99.53498954793021,0.0011376402497120348,0.0,0.2969241051748411
Urban,0.0,0.0,0.0,0.0,100.0,0.0,0.0
Water,0.0,0.0,0.0,0.0,0.0,100.0,0.0
Other,0.003074810130474443,0.0,0.0,0.1588651900745129,0.0010249367101581477,0.0,99.83703506308485
