from_label,Crops,TreeCrops,Forest,Grassland,Urban,Water,Other
Crops,99.57628988833474,0.0,0.18316635035529857,0.2118550558326345,0.0022068234982566097,0.0,0.026481881979079313
TreeCrops,0.0,100.0,0.0,0.0,0.0,0.0,0.0
Forest,0.3308490698971743,0.0,99.49368896712936,0.17218049611918287,0.0,0.0,0.00328146685428936
Grassland,0.16950915633141522,0.0,0.07045150430510702,99.74301749939714,0.0009456577759074769,0.0,0.016076182190427106
Urban,0.0,0.0,0.0,0.0,100.0,0.0,0.0
Water,0.0,0.0,0.0,0.0,0.0,100.0,0.0
Other,0.1746308937926655,0.0,0.0,0.08678626236968831,0.0010583690532888817,0.0,99.73752447478435
