from_label,Crops,TreeCrops,Forest,Grassland,Urban,Water,Other
Crops,99.59278865731315,0.0,0.10365379632029023,0.1962018287491208,0.0,0.0,0.10735571761744346
TreeCrops,0.0,0.0,0.0,0.0,0.0,0.0,0.0
Forest,0.11969746555985687,0.0,99.60347954384778,0.2764613668293371,0.0003616237630207156,0.0,0.0
Grassland,0.060571699932644274,0.0,0.08819239510193005,99.77467327625055,0.0012114339986528855,0.0,0.07535119471620948
Urban,0.0,0.0,0.0,0.0,100.0,0.0,0.0
Water,0.0,0.0,0.0,0.0,0.0,100.0,0.0
Other,0.061150305185319394,0.0,0.0,0.11210889283975221,0.0011324130589873962,0.0,99.82560838891594
