from_label,Crops,TreeCrops,Forest,Grassland,Urban,Water,Other
Crops,99.60023097765736,0.0,0.07551192644249989,0.19544263314529384,0.0,0.0,0.12881446275485275
TreeCrops,0.0,0.0,0.0,0.0,0.0,0.0,0.0
Forest,0.053414808721569965,0.0,99.64443542327675,0.2987668301159813,0.002314641711268032,0.0,0.0010682961744313995
Grassland,0.025971162209508875,0.0,0.08869396905511522,99.83143245660243,0.0012250548212032488,0.0,0.0526773573117397
Urban,0.0,0.0,0.0,0.0,100.0,0.0,0.0
Water,0.0,0.0,0.0,0.0,0.0,100.0,0.0
Other,0.007875255945818239,0.0,0.0,0.16538037486218302,0.0011250365636883198,0.0,99.8256193326283
