from_label,Crops,TreeCrops,Forest,Grassland,Urban,Water,Other
Crops,99.60166576136157,0.0,0.04979177982980265,0.3078037298569618,0.0,0.0,0.04073872895165671
TreeCrops,0.0,0.0,0.0,0.0,0.0,0.0,0.0
Forest,0.035038357317294336,0.0,99.49079934994162,0.47187335482587345,0.0021128657678770456,0.0,0.00017607214732308712
Grassland,0.017657694402510873,0.0,0.13728235648149298,99.80800366086284,0.0012434996058106249,0.0,0.035812788647346
Urban,0.0,0.0,0.0,0.0,100.0,0.0,0.0
Water,0.0,0.0,0.0,0.0,0.0,100.0,0.0
Other,0.017957351290684622,0.0,0.0,0.2345679012345679,0.0011223344556677889,0.0,99.74635241301908
