from_label,Crops,TreeCrops,Forest,Grassland,Urban,Water,Other
Crops,99.59291926232035,0.0,0.08635045950780239,0.1788688089804478,0.0,0.0,0.14186146919138964
TreeCrops,0.0,0.0,0.0,0.0,0.0,0.0,0.0
Forest,0.050128023039232555,0.0,99.70267202020847,0.24719995675229386,0.0,0.0,0.0
Grassland,0.026719468085704804,0.0,0.08915864613861497,99.78652551287315,0.0008437726763906781,0.0,0.09675260022613108
Urban,0.0,0.0,0.0,0.0,100.0,0.0,0.0
Water,0.0,0.0,0.0,0.0,0.0,100.0,0.0
Other,0.006044487427466151,0.0,0.0,0.1188749194068343,0.0010074145712443586,0.0,99.87407317859446
