from_label,Crops,TreeCrops,Forest,Grassland,Urban,Water,Other
Crops,99.59353673223606,0.0,0.08530710558008832,0.18566840626254516,0.0,0.0,0.13548775592131673
TreeCrops,0.0,0.0,0.0,0.0,0.0,0.0,0.0
Forest,0.052997522793208796,0.0,99.67551839270482,0.2709712052491482,0.0005128792528375045,0.0,0.0
Grassland,0.027307908370264027,0.0,0.08894575869171711,99.7903792938435,0.0010403012712481535,0.0,0.09232673782327362
Urban,0.0,0.0,0.0,0.0,100.0,0.0,0.0
Water,0.0,0.0,0.0,0.0,0.0,100.0,0.0
Other,0.0032607986782896025,0.0,0.0,0.1239103497750049,0.0010869328927632007,0.0,99.87174191865394
