from_label,Crops,TreeCrops,Forest,Grassland,Urban,Water,Other
Crops,99.11914197105445,0.0,0.1636802205375603,0.6094934527911785,0.004307374224672639,0.0,0.10337698139214334
TreeCrops,0.0,10.526315789473683,73.68421052631578,15.789473684210526,0.0,0.0,0.0
Forest,0.02214754849549412,0.0,99.67752405681992,0.2974644875515503,0.0,0.0,0.0028639071330380326
Grassland,0.013407072230601643,0.0,0.08618832148243913,99.80631568866863,0.0011970600205894323,0.0,0.09289185759773995
Urban,0.0,0.0,0.0,0.0,100.0,0.0,0.0
Water,0.0,0.0,0.0,0.0,0.0,100.0,0.0
Other,0.01505797319680771,0.0,0.0,0.1839223869038656,0.0010755695140576935,0.0,99.79994407038527
