from_label,Crops,TreeCrops,Forest,Grassland,Urban,Water,Other
Crops,98.95691315544592,0.0,0.18178276959033954,0.6665368218312451,0.00432816118072237,0.0,0.1904390919517843
TreeCrops,0.0,100.0,0.0,0.0,0.0,0.0,0.0
Forest,0.022007505516229098,0.0,99.67352343990707,0.2994934446339004,0.0019136961318460088,0.0,0.0030619138109536136
Grassland,0.013129562522976734,0.0,0.08641639333304688,99.80615991329714,0.001193596592997885,0.0,0.09310053425383502
Urban,0.0,0.0,0.0,0.0,100.0,0.0,0.0
Water,0.0,0.0,0.0,0.0,0.0,100.0,0.0
Other,0.01501517605293922,0.0,0.0,0.18876221323695022,0.0010725125752099442,0.0,99.7951500981349
