from_label,Crops,TreeCrops,Forest,Grassland,Urban,Water,Other
Crops,99.58975006311537,0.0,0.08836152486745771,0.18303458722544813,0.0,0.0,0.13885382479171926
TreeCrops,0.0,0.0,0.0,0.0,0.0,0.0,0.0
Forest,0.05131389724146948,0.0,99.70371944044973,0.24463982219898026,0.0003268401098182769,0.0,0.0
Grassland,0.027350292394363023,0.0,0.08909992161462592,99.78599101105854,0.0008458853317844232,0.0,0.09671288960068573
Urban,0.0,0.0,0.0,0.0,100.0,0.0,0.0
Water,0.0,0.0,0.0,0.0,0.0,100.0,0.0
Other,0.02322200234239328,0.0,0.0,0.12216792536650378,0.0010096522757562297,0.0,99.85360042001534
