from_label,Crops,TreeCrops,Forest,Grassland,Urban,Water,Other
Crops,99.59944108057755,0.0,0.032603632976245925,0.35398230088495575,0.0,0.0,0.013972985561248253
TreeCrops,0.0,0.0,0.0,0.0,0.0,0.0,0.0
Forest,0.01882753282615214,0.0,99.46167202437817,0.5181058107344829,0.0013946320611964548,0.0,0.0
Grassland,0.019437965122736867,0.0,0.11486070299799057,99.82859248937223,0.001262205527450446,0.0,0.035846636979592665
Urban,0.0,0.0,0.0,0.0,100.0,0.0,0.0
Water,0.0,0.0,0.0,0.0,0.0,100.0,0.0
Other,0.06329605898748515,0.0,0.02998234373091402,1.6656857628285566,0.004441828700876151,0.0,98.23659400575217
