from_label,Crops,TreeCrops,Forest,Grassland,Urban,Water,Other
Crops,99.59770646444095,0.0,0.06936095440673264,0.1942106723388514,0.0,0.0,0.13872190881346527
TreeCrops,0.0,0.0,0.0,0.0,0.0,0.0,0.0
Forest,0.039752797143402525,0.0,99.66516586723266,0.29297986617142036,0.002101469452514671,0.0,0.0
Grassland,0.019499951250121876,0.0,0.09049977375056562,99.79350051624871,0.00099999750000625,0.0,0.09549976125059688
Urban,0.0,0.0,0.0,0.0,100.0,0.0,0.0
Water,0.0,0.0,0.0,0.0,0.0,100.0,0.0
Other,0.021442275138246245,0.0,0.0,0.16250987473197157,0.0011285407967498026,0.0,99.81491930933302
