from_label,Crops,TreeCrops,Forest,Grassland,Urban,Water,Other
Crops,99.60150639341391,0.0,0.0394114555964267,0.34156594850236466,0.0,0.0,0.017516202487300753
TreeCrops,0.0,0.0,0.0,0.0,0.0,0.0,0.0
Forest,0.0544619516306444,0.0,99.45520191991771,0.4889076182449324,0.0014285102067054269,0.0,0.0
Grassland,0.03957725627006347,0.0,0.11922037691228997,99.81188588069168,0.001465824306298647,0.0,0.027850661819674296
Urban,0.0,0.0,0.0,0.0,100.0,0.0,0.0
Water,0.0,0.0,0.0,0.0,0.0,100.0,0.0
Other,0.043829581596071074,0.0,0.0,0.8282667086231892,0.0033715062766208515,0.0,99.12453220350412
