from_label,Crops,TreeCrops,Forest,Grassland,Urban,Water,Other
Crops,99.7923790913532,0.0,0.012212994626282364,0.14167073766487542,0.002442598925256473,0.0,0.05129457743038593
TreeCrops,0.0,97.1830985915493,2.8169014084507045,0.0,0.0,0.0,0.0
Forest,0.007882536840839557,0.002004034790043955,99.93947814934067,0.04876484655773625,0.0014696255126989005,0.0,0.00040080695800879103
Grassland,0.041253850913905876,0.0003326923460798861,0.018963463726553508,99.90717883544372,0.0009980770382396582,0.0,0.03127308053150929
Urban,0.0,0.0,0.0,0.0,100.0,0.0,0.0
Water,0.0,0.0,0.0,0.0,0.0,100.0,0.0
Other,0.06871027687118385,0.0,0.0,0.03539620323667047,0.002082129602157086,0.0,99.89381139028998
