from_label,Crops,TreeCrops,Forest,Grassland,Urban,Water,Other
Crops,99.77354954579766,0.0,0.026028787839350323,0.14315833311642676,0.002602878783935032,0.0,0.05466045446263567
TreeCrops,0.0,100.0,0.0,0.0,0.0,0.0,0.0
Forest,0.002380250270092288,0.0,99.9062445865836,0.07365552224674468,0.002644722522324764,0.0,0.015074918377251155
Grassland,0.03957761135468023,0.00034118630478172606,0.017741687848649757,99.903103089442,0.0023883041334720823,0.0,0.03684812091642641
Urban,0.0,0.0,0.0,0.0,100.0,0.0,0.0
Water,0.0,0.0,0.0,0.0,0.0,100.0,0.0
Other,0.06878673545340212,0.0,0.0,0.15810682477349144,0.00410667077333744,0.0,99.76899976899976
