from_label,Crops,TreeCrops,Forest,Grassland,Urban,Water,Other
Crops,99.77066507129325,0.0,0.029913251570445706,0.14956625785222855,0.002492770964203809,0.0,0.04736264831987237
TreeCrops,0.0,100.0,0.0,0.0,0.0,0.0,0.0
Forest,0.0183881090228319,0.010260031846072874,99.91858598106558,0.04903495739421841,0.0015989660019853826,0.0,0.002131954669313844
Grassland,0.03446233734947821,0.0003345857995094972,0.019405976371550837,99.91367686372655,0.0010037573985284915,0.0,0.031116479354383244
Urban,0.0,0.0,0.0,0.0,100.0,0.0,0.0
Water,0.0,0.0,0.0,0.0,0.0,100.0,0.0
Other,0.05602328078557089,0.0,0.0,0.13227719074370906,0.0020749363253915144,0.0,99.80962459214533
