from_label,Crops,TreeCrops,Forest,Grassland,Urban,Water,Other
Crops,99.82804115153132,0.0,0.032612885054404225,0.029648077322185655,0.0029648077322185656,0.0,0.10673307835986835
TreeCrops,0.0,100.0,0.0,0.0,0.0,0.0,0.0
Forest,0.017209601118229962,0.0,99.92551264248827,0.049001383336639504,0.0028901620198554133,0.0,0.00538621103700327
Grassland,0.0372886412019146,0.0,0.013220518244315176,99.88915103933613,0.0020339258837407965,0.0,0.05830587533390283
Urban,0.0,0.0,0.0,0.0,100.0,0.0,0.0
Water,0.0,0.0,0.0,0.0,0.0,100.0,0.0
Other,0.06165228113440197,0.0,0.0,0.07460444103658727,0.003108518376524469,0.0,99.86063475945248
