from_label,Crops,TreeCrops,Forest,Grassland,Urban,Water,Other
Crops,95.24103831891225,4.549776552248741,0.019016829894456595,0.1402491204716174,0.0023771037368070743,0.0,0.047542074736141485
TreeCrops,0.0,98.44961240310077,1.03359173126615,0.2583979328165375,0.0,0.0,0.2583979328165375
Forest,0.015816655474372325,0.2440858442273899,99.63487652955772,0.09838495862872278,0.0014744339848991152,0.0,0.0053615781269058735
Grassland,0.042061058084002886,1.9430884077074404,0.018215418855276843,97.96351617198005,0.0009935683011969185,0.0,0.032125375072033696
Urban,0.0,0.0,0.0,0.0,100.0,0.0,0.0
Water,0.0,0.0,0.0,0.0,0.0,100.0,0.0
Other,0.0688360450563204,0.0010429703796412183,0.0,0.13975803087192323,0.0020859407592824365,0.0,99.78827701293284
