from_label,Crops,TreeCrops,Forest,Grassland,Urban,Water,Other
Crops,99.77547758581323,0.0,0.01522185858893371,0.08752568688636883,0.0038054646472334276,0.0,0.11796940406423626
TreeCrops,0.0,0.0,0.0,0.0,0.0,0.0,0.0
Forest,0.0036486933768396577,0.0,99.93719034972726,0.058248783551690254,0.00013031047774427352,0.0,0.0007818628664656409
Grassland,0.009561829177921737,0.0,0.014342743766882604,99.89242942174839,0.0020489633952689434,0.0,0.08161704191154624
Urban,0.0,0.0,0.0,0.0,100.0,0.0,0.0
Water,0.0,0.0,0.0,0.0,0.0,100.0,0.0
Other,0.015752913018512213,0.0,0.0,0.09146852720426446,0.003557109391276952,0.0,99.88922145038595
