from_label,Crops,TreeCrops,Forest,Grassland,Urban,Water,Other
Crops,96.68849156383781,0.4658776126920171,0.03525560312263913,1.4077058675396625,0.02518257365902795,0.0,1.377486779148829
TreeCrops,0.0,98.92504785745841,0.007362685907819172,0.03681342953909586,0.0515388013547342,0.0,0.97923722573995
Forest,0.0038103843861334668,0.01673847426765773,99.74892288598514,0.08940794791748885,0.002313447663009605,0.0,0.1388068597805763
Grassland,0.005983644704474436,0.06050129645635263,0.007313343527690978,99.8311282494515,0.000997274117412406,0.0,0.0940761917425703
Urban,0.0,0.0,0.0,0.0,100.0,0.0,0.0
Water,0.0,0.0,0.0,0.0,0.0,100.0,0.0
Other,0.01606200972010653,0.0,0.0,0.10828903327426659,0.0025906467290494396,0.0,99.87305831027658
