from_label,Crops,TreeCrops,Forest,Grassland,Urban,Water,Other
Crops,99.77571656656276,0.0,0.03421272713449403,0.12544666615981145,0.0038014141260548926,0.0,0.06082262601687828
TreeCrops,0.0,0.0,0.0,0.0,0.0,0.0,0.0
Forest,0.002346922011781549,0.0,99.96297078603634,0.03403036917083246,0.0,0.0,0.0006519227810504302
Grassland,0.03342816015499751,0.0,0.01841959845275373,99.91131304448673,0.00204662205030597,0.0,0.034792574855201486
Urban,0.0,0.0,0.0,0.0,100.0,0.0,0.0
Water,0.0,0.0,0.0,0.0,0.0,100.0,0.0
Other,0.05232490208131189,0.0,0.0,0.03200455175847232,0.003556061306496924,0.0,99.91211448485372
