from_label,Crops,TreeCrops,Forest,Grassland,Urban,Water,Other
Crops,99.7808288197506,0.0,0.0277112986522232,0.14107570222949992,0.0025192089683839275,0.0,0.047864970399294625
TreeCrops,0.0,100.0,0.0,0.0,0.0,0.0,0.0
Forest,0.004520410985130507,0.00013295326426854433,99.8896487906571,0.10263992001531622,0.0018613456997596204,0.0,0.0011965793784168989
Grassland,0.035999057968576526,0.0,0.01917706826363422,99.9121892137402,0.001345759176395384,0.0,0.03128890085119268
Urban,0.0,0.0,0.0,0.0,100.0,0.0,0.0
Water,0.0,0.0,0.0,0.0,0.0,100.0,0.0
Other,0.05744360435329369,0.0,0.0,0.13403507682435195,0.0025875497456438598,0.0,99.80593376907672
