from_label,Crops,TreeCrops,Forest,Grassland,Urban,Water,Other
Crops,98.37943065176721,0.1719168731354604,0.01264094655407797,1.0289730495019467,0.02528189310815594,0.0,0.38175658593315465
TreeCrops,0.0,99.59576846994067,0.043003354261632404,0.034402683409305926,0.043003354261632404,0.0,0.28382213812677387
Forest,0.004602325257154923,0.01123508812776055,99.86301314234586,0.10043898061202804,0.0020304376134507016,0.0,0.018680026043746453
Grassland,0.005664986054137272,0.08197568054810406,0.006997923949228396,99.81038958442329,0.0009997034213183422,0.0,0.09397212160392417
Urban,0.0,0.0,0.0,0.0,100.0,0.0,0.0
Water,0.0,0.0,0.0,0.0,0.0,100.0,0.0
Other,0.014580068005602912,0.002082866857943273,0.0,0.10778835989856438,0.001562150143457455,0.0,99.87398655509443
