from_label,Crops,TreeCrops,Forest,Grassland,Urban,Water,Other
Crops,99.8229009406573,0.005806526535826269,0.031935895947044476,0.029032632679131344,0.0029032632679131345,0.0,0.10742074091278596
TreeCrops,0.0,100.0,0.0,0.0,0.0,0.0,0.0
Forest,0.0038161660690199687,0.0,99.93788860742836,0.05316314109945061,0.002895022535118597,0.0,0.002237062868046189
Grassland,0.0355226566887471,0.0,0.013870751659415535,99.89004891977292,0.002029866096499834,0.0,0.058527805782411894
Urban,0.0,0.0,0.0,0.0,100.0,0.0,0.0
Water,0.0,0.0,0.0,0.0,0.0,100.0,0.0
Other,0.06066136441407343,0.0,0.0,0.06947540881611829,0.0036293124008420006,0.0,99.86623391436896
