from_label,Crops,TreeCrops,Forest,Grassland,Urban,Water,Other
Crops,99.81205903194996,0.0,0.03389099423853098,0.043133992667221246,0.003080999476230089,0.0,0.10783498166805311
TreeCrops,0.0,100.0,0.0,0.0,0.0,0.0,0.0
Forest,0.0011782973341677423,0.0,99.94959505848283,0.04844111262689608,0.00013092192601863803,0.0,0.0006546096300931902
Grassland,0.03952488364010549,0.0,0.013288538465207882,99.88892144770108,0.0020443905331089048,0.0,0.05622073966049487
Urban,0.0,0.0,0.0,0.0,100.0,0.0,0.0
Water,0.0,0.0,0.0,0.0,0.0,100.0,0.0
Other,0.06516275172991591,0.0,0.0,0.07292022217395351,0.0036201528738842173,0.0,99.85829687322224
