from_label,Crops,TreeCrops,Forest,Grassland,Urban,Water,Other
Crops,99.76007811410238,0.0,0.005579578741804993,0.10601199609429489,0.0,0.0,0.12833031106151485
TreeCrops,0.0,100.0,0.0,0.0,0.0,0.0,0.0
Forest,0.02111910117105416,0.0011879494408717965,99.92502719084275,0.043954129312256465,0.0006599719115954426,0.0,0.008051657321464399
Grassland,0.6991640356758979,0.0003369465232173002,0.03436854536816462,98.29875700427586,0.009771449173301704,0.0,0.9576020189835671
Urban,0.0,0.0,0.0,0.0,100.0,0.0,0.0
Water,0.0,0.0,0.0,0.0,0.0,100.0,0.0
Other,0.06965381016737707,0.0,0.0,0.09772325605572303,0.0010396091069757771,0.0,99.83158332466992
