from_label,Crops,TreeCrops,Forest,Grassland,Urban,Water,Other
Crops,99.77460183786194,0.0024769028806380503,0.0346766403289327,0.1337527555544547,0.0024769028806380503,0.0,0.05201496049339905
TreeCrops,0.0,91.42857142857143,8.571428571428571,0.0,0.0,0.0,0.0
Forest,0.005467074874923994,0.0010667463170583404,99.91226011542194,0.07107197337401193,0.001466776185955218,0.0,0.008667313826099015
Grassland,0.04944838323833453,0.0010023320926689431,0.018041977668040977,99.89675979445511,0.0010023320926689431,0.0,0.03374518045318775
Urban,0.0,0.0,0.0,0.0,100.0,0.0,0.0
Water,0.0,0.0,0.0,0.0,0.0,100.0,0.0
Other,0.08881363678858199,0.0,0.0,0.15010023995263275,0.0020775119716627366,0.0,99.75900861128713
