from_label,Crops,TreeCrops,Forest,Grassland,Urban,Water,Other
Crops,99.81121159526202,0.0,0.03044974269967419,0.045674614049511286,0.003044974269967419,0.0,0.10961907371882709
TreeCrops,0.0,100.0,0.0,0.0,0.0,0.0,0.0
Forest,0.001703494916378055,0.0,99.94496401039395,0.051366923632322904,0.0002620761409812393,0.0,0.001703494916378055
Grassland,0.033687104644396886,0.0,0.013610951371473487,99.88907074632249,0.002041642705721023,0.0,0.06158955495591753
Urban,0.0,0.0,0.0,0.0,100.0,0.0,0.0
Water,0.0,0.0,0.0,0.0,0.0,100.0,0.0
Other,0.05485719017331767,0.0,0.0,0.07814561996387706,0.0036226446340870155,0.0,99.86337454522872
