from_label,Crops,TreeCrops,Forest,Grassland,Urban,Water,Other
Crops,99.77839490588796,0.0,0.03085640550927095,0.07573844988639232,0.002805127773570086,0.0,0.11220511094280346
TreeCrops,0.0,100.0,0.0,0.0,0.0,0.0,0.0
Forest,0.007651169969421704,0.0,99.93456930508908,0.05395393995678408,0.0027702511958250997,0.0,0.0010553337888857522
Grassland,0.034735688390523566,0.0,0.013152348031363292,99.89242053789731,0.0020234381586712756,0.0,0.057667987522131356
Urban,0.0,0.0,0.0,0.0,100.0,0.0,0.0
Water,0.0,0.0,0.0,0.0,0.0,100.0,0.0
Other,0.059244784899855525,0.0,0.0,0.07327644448140026,0.0031181465736766067,0.0,99.86436062404506
