from_label,Crops,TreeCrops,Forest,Grassland,Urban,Water,Other
Crops,97.23991507430998,0.0,0.5277525022747953,2.153472854109797,0.07885956930542919,0.0,0.0
TreeCrops,0.0,100.0,0.0,0.0,0.0,0.0,0.0
Forest,0.22283833855880603,0.0,99.15528722825383,0.5959629984712254,0.023320291244526208,0.0,0.002591143471614023
Grassland,1.495612047299246,0.0,1.2154422973919492,96.86869103044786,0.15656544847760703,0.0,0.2636891763833381
Urban,0.1226993865030675,0.0,0.16359918200409,0.81799591002045,98.8957055214724,0.0,0.0
Water,0.0,0.0,0.0,0.0,0.0,100.0,0.0
Other,0.0,0.0,0.0,2.1714922048997773,0.0,0.0,97.82850779510022
