from_label,Crops,TreeCrops,Forest,Grassland,Urban,Water,Other
Crops,96.75867682971952,0.0,0.6364241841189966,2.220084363205802,0.16280618663509214,0.0,0.2220084363205802
TreeCrops,0.0,99.44237918215613,0.0,0.37174721189591076,0.0,0.0,0.18587360594795538
Forest,0.20678872244918545,0.0,99.17284511020326,0.5724517072678671,0.04791446007968931,0.0,0.0
Grassland,1.1925268318537166,0.0,1.1483591714146901,97.05401704871693,0.25617243054635397,0.0,0.3489245174683097
Urban,0.4094165813715456,0.0255885363357216,0.3838280450358239,0.7676560900716478,98.41351074718526,0.0,0.0
Water,0.0,0.0,0.0,0.0,0.0,100.0,0.0
Other,0.029859659599880562,0.0,0.059719319199761124,1.58256195879367,0.0,0.0,98.32785906240669
