from_label,Crops,TreeCrops,Forest,Grassland,Urban,Water,Other
Crops,97.22500626409422,0.0,0.7015785517414181,2.0045101478326237,0.06890503633174642,0.0,0.0
TreeCrops,0.0,100.0,0.0,0.0,0.0,0.0,0.0
Forest,0.24556545364298965,0.0,99.16142009979362,0.5721152590193056,0.020899187544084225,0.0,0.0
Grassland,1.6858050329831418,0.012215978499877841,1.1930939001547358,96.73018975486603,0.13844775633194886,0.0,0.2402475771642642
Urban,0.0,0.0,0.15048908954100826,0.5267118133935289,99.32279909706546,0.0,0.0
Water,0.0,0.0,0.0,0.0,0.0,100.0,0.0
Other,0.0,0.0,0.0,2.671040299906279,0.0,0.0,97.32895970009372
