from_label,Crops,TreeCrops,Forest,Grassland,Urban,Water,Other
Crops,96.81532959989204,0.0,0.6477295729033128,2.408744349234195,0.12819647797044734,0.0,0.0
TreeCrops,0.0,98.46938775510205,0.0,1.530612244897959,0.0,0.0,0.0
Forest,0.2241343775762572,0.0,99.17559769167353,0.5667765869744436,0.03349134377576257,0.0,0.0
Grassland,1.342925659472422,0.0,1.1728798779158491,96.98277741443209,0.1787660780466536,0.0,0.3226509701329845
Urban,0.45792787635947335,0.0,0.40068689181453926,0.8872352604464796,98.25414997137952,0.0,0.0
Water,0.0,0.0,0.0,0.0,0.0,100.0,0.0
Other,0.0339097999321804,0.0,0.10172939979654119,2.644964394710071,0.0,0.0,97.21939640556121
