from_label,Crops,TreeCrops,Forest,Grassland,Urban,Water,Other
Crops,97.190150801131,0.0,1.2900565504241281,1.4667766258246937,0.05301602262016965,0.0,0.0
TreeCrops,0.0,0.0,0.0,0.0,0.0,0.0,0.0
Forest,0.2012460715664112,0.0,99.11782543970888,0.6643877157192479,0.016540773005458455,0.0,0.0
Grassland,1.5224755452365546,0.0,4.190613938263617,93.92532257450614,0.15605374338674685,0.0,0.20553419860693486
Urban,0.3094606542882405,0.0,0.4420866489832007,0.7957559681697612,98.45269672855879,0.0,0.0
Water,0.0,0.0,0.0,0.0,0.0,100.0,0.0
Other,0.0,0.0,0.385038503850385,5.775577557755775,0.0,0.0,93.83938393839384
