from_label,Crops,TreeCrops,Forest,Grassland,Urban,Water,Other
Crops,96.89483853160364,0.0,0.5589290643113443,2.394424510074524,0.14490753519182997,0.0,0.00690035881865857
TreeCrops,0.0,99.82363315696648,0.0,0.1763668430335097,0.0,0.0,0.0
Forest,0.2070552147239264,0.0,99.16922290388548,0.5777096114519428,0.03578732106339468,0.0,0.010224948875255624
Grassland,1.3271429197144236,0.0,1.1300424860934692,96.8770531295169,0.23214051070912356,0.0,0.43362095396609873
Urban,0.44805376645197426,0.0,0.33604032483898066,1.0921310557266872,98.12377485298236,0.0,0.0
Water,0.0,0.0,0.0,0.0,0.0,100.0,0.0
Other,0.03309066843150232,0.0,0.0,2.4818001323626735,0.0,0.0,97.48510919920582
