from_label,Crops,TreeCrops,Forest,Grassland,Urban,Water,Other
Crops,97.15152769156494,0.0,0.5241740809711014,2.186357679839989,0.13794054762397406,0.0,0.0
TreeCrops,0.0,99.12587412587412,0.0,0.8741258741258742,0.0,0.0,0.0
Forest,0.20717702125482773,0.0,99.17129191498069,0.5754917257078549,0.0358083740440443,0.0,0.010230964012584085
Grassland,1.3501704098575549,0.0,1.1273267499781525,96.88892772874246,0.21410469282530806,0.0,0.41947041859652184
Urban,0.42241622078287805,0.0,0.36609405801182765,0.9856378484933821,98.22585187271191,0.0,0.0
Water,0.0,0.0,0.0,0.0,0.0,100.0,0.0
Other,0.033355570380253496,0.0,0.0,2.5016677785190127,0.0,0.0,97.46497665110073
