from_label,Crops,TreeCrops,Forest,Grassland,Urban,Water,Other
Crops,97.25778074379664,0.0,0.5035491112054844,2.1598010070982223,0.07886913789965419,0.0,0.0
TreeCrops,0.0,92.85714285714286,7.142857142857142,0.0,0.0,0.0,0.0
Forest,0.21538301847623004,0.0,99.1540377828524,0.6046294374091759,0.023354785135976747,0.0,0.002594976126219639
Grassland,1.5089388223716582,0.0,1.2260127931769722,96.87141216991964,0.15581433491881252,0.0,0.2378218796129244
Urban,0.12463647694225177,0.0,0.0,0.7893643539675945,99.08599916909016,0.0,0.0
Water,0.0,0.0,0.0,0.0,0.0,100.0,0.0
Other,0.0,0.0,0.0,2.140845070422535,0.0,0.0,97.85915492957746
