from_label,Crops,TreeCrops,Forest,Grassland,Urban,Water,Other
Crops,96.81328245296913,0.0,0.6159201981656289,2.4235120840864965,0.14728526477873735,0.0,0.0
TreeCrops,0.0,99.66216216216216,0.0,0.16891891891891891,0.16891891891891891,0.0,0.0
Forest,0.2248759305210918,0.0,99.17287014061208,0.5660669975186103,0.03618693134822167,0.0,0.0
Grassland,1.3745704467353952,0.0,1.1875244682239332,96.86806733655227,0.2087955108965157,0.0,0.3610422375918918
Urban,0.4618937644341801,0.0,0.37528868360277134,1.010392609699769,98.15242494226328,0.0,0.0
Water,0.0,0.0,0.0,0.0,0.0,100.0,0.0
Other,0.03409478349812479,0.0,0.10228435049437436,2.42072962836686,0.0,0.0,97.44289123764064
