from_label,Crops,TreeCrops,Forest,Grassland,Urban,Water,Other
Crops,97.89626885419423,0.1455411484519714,0.4101614183646467,1.462026991267531,0.08600158772161948,0.0,0.0
TreeCrops,0.0,99.67479674796748,0.16260162601626016,0.0,0.16260162601626016,0.0,0.0
Forest,0.45165735282859987,0.0,97.84378269412335,1.4698001990354437,0.07144862078644518,0.0,0.16331113322616042
Grassland,1.0931829113647296,0.0,1.0888101797192706,97.15335169880625,0.1443001443001443,0.0,0.5203550658096112
Urban,0.06224712107065049,0.0,0.2801120448179272,0.06224712107065049,99.59539371304076,0.0,0.0
Water,0.0,0.0,0.0,0.0,0.0,100.0,0.0
Other,0.0,0.0,0.0,1.9223375624759707,0.0,0.0,98.07766243752403
