from_label,Crops,TreeCrops,Forest,Grassland,Urban,Water,Other
Crops,92.94008072027322,0.0,1.937286556969885,4.930145917416951,0.19248680533995652,0.0,0.0
TreeCrops,0.0,85.71428571428571,14.285714285714285,0.0,0.0,0.0,0.0
Forest,0.22025303488193412,0.0,99.15740408748655,0.5659990780105517,0.015366490805716334,0.0,0.04097730881524356
Grassland,1.4235027572350702,0.0,1.0045740178685931,96.99055272944898,0.08549566109519942,0.0,0.4958748343521566
Urban,0.0,0.0,0.17217630853994492,0.17217630853994492,99.65564738292011,0.0,0.0
Water,0.0,0.0,0.0,0.0,0.0,100.0,0.0
Other,0.0,0.0,0.0,1.7281644091546005,0.0,0.0,98.2718355908454
