from_label,Crops,TreeCrops,Forest,Grassland,Urban,Water,Other
Crops,96.35847575336675,0.06039012017633915,0.6340962618515611,2.850413672323208,0.09662419228214264,0.0,0.0
TreeCrops,0.0,0.0,0.0,0.0,0.0,0.0,0.0
Forest,0.20334211006543443,0.0026069501290440313,99.16577595870592,0.5891707291639511,0.023462551161396283,0.0,0.01564170077426419
Grassland,1.4761344742284763,0.012165943468916016,1.1233221136299119,96.9382375603228,0.1419360071373535,0.0,0.30820390121253904
Urban,0.17286084701815038,0.0,0.043215211754537596,0.9507346585998271,98.83318928262749,0.0,0.0
Water,0.0,0.0,0.0,0.0,0.0,100.0,0.0
Other,0.0,0.0,0.0,2.336448598130841,0.0,0.0,97.66355140186917
