from_label,Crops,TreeCrops,Forest,Grassland,Urban,Water,Other
Crops,97.17959647627167,0.0,0.5328218243819267,2.1241830065359477,0.14919011082693948,0.0,0.014208581983518044
TreeCrops,0.0,99.81884057971014,0.0,0.18115942028985507,0.0,0.0,0.0
Forest,0.20052797238298303,0.0,99.17758148035334,0.573662300741192,0.04061326022946492,0.0,0.007614986293024673
Grassland,1.2915538591274245,0.004438329412809019,1.2072256002840531,96.76445785806223,0.23523145887887797,0.0,0.49709289423461006
Urban,0.42541877160329705,0.0,0.3722414251528849,1.0901356022334485,98.11220420101037,0.0,0.0
Water,0.0,0.0,0.0,0.0,0.0,100.0,0.0
Other,0.0,0.0,0.0,2.6163675083662916,0.0,0.0,97.3836324916337
