from_label,Crops,TreeCrops,Forest,Grassland,Urban,Water,Other
Crops,97.816887217035,0.0,0.9001141935917244,1.2023913481561093,0.08060724121716933,0.0,0.0
TreeCrops,0.0,99.51140065146579,0.32573289902280134,0.0,0.16286644951140067,0.0,0.0
Forest,0.26768937736480397,0.010295745283261692,99.1480270778101,0.5482484363336851,0.025739363208154228,0.0,0.0
Grassland,1.9101505998468475,0.0,2.2462350038288097,95.36288607164128,0.18293201735727047,0.0,0.29779630732578916
Urban,0.03170577045022194,0.0,0.15852885225110971,0.03170577045022194,99.77805960684844,0.0,0.0
Water,0.0,0.0,0.0,0.0,0.0,100.0,0.0
Other,0.0,0.0,0.0,2.3157082207641837,0.0,0.0,97.68429177923582
