from_label,Crops,TreeCrops,Forest,Grassland,Urban,Water,Other
Crops,97.11168613189733,0.0,0.5245122036506049,2.223931743478565,0.13986992097349465,0.0,0.0
TreeCrops,0.0,100.0,0.0,0.0,0.0,0.0,0.0
Forest,0.20879484633208567,0.0,99.1851908435821,0.5627275736511089,0.033101621979477,0.0,0.01018511445522369
Grassland,1.2728719172633254,0.0,1.157959869177053,96.88853531335631,0.2209847078582162,0.0,0.4596481923450897
Urban,0.4351373402230079,0.0,0.3535490889311939,0.6255099265705739,98.55860756051129,0.0,0.027196083763937992
Water,0.0,0.0,0.0,0.0,0.0,100.0,0.0
Other,0.4100946372239748,0.0,0.0,2.7129337539432177,0.0,0.0,96.8769716088328
