from_label,Crops,TreeCrops,Forest,Grassland,Urban,Water,Other
Crops,96.13507452842633,0.0065954359583168445,0.7320933913731698,2.934969001450996,0.1648858989579211,0.0,0.026381743833267378
TreeCrops,0.0,99.01477832512316,0.0,0.6568144499178982,0.3284072249589491,0.0,0.0
Forest,0.2209054524663444,0.0,99.17355371900827,0.5613597380321222,0.036384427465044965,0.0,0.00779666302822392
Grassland,1.3909953633487888,0.0,1.1353295489015036,96.87134376218745,0.17766607444641852,0.0,0.42466525111582965
Urban,0.44418122594018355,0.0,0.3553449807521469,1.036422860527095,98.16405093278058,0.0,0.0
Water,0.0,0.0,0.0,0.0,0.0,100.0,0.0
Other,0.10344827586206896,0.0,0.034482758620689655,2.379310344827586,0.0,0.0,97.48275862068965
