from_label,Crops,TreeCrops,Forest,Grassland,Urban,Water,Other
Crops,97.15097639172254,0.0,0.5974934421451472,2.076654036723987,0.17487612940833577,0.0,0.0
TreeCrops,0.0,99.81549815498155,0.0,0.18450184501845018,0.0,0.0,0.0
Forest,0.20719104530409074,0.0,99.18639613917173,0.5609318543598555,0.045480961164312605,0.0,0.0
Grassland,0.7556227220197351,0.0,1.160103120277358,97.53755889412392,0.17334874211040982,0.0,0.37336652146857496
Urban,0.4380314351971141,0.0,0.38649832517392424,1.107961865498583,98.06750837413037,0.0,0.0
Water,0.0,0.0,0.0,0.0,0.0,100.0,0.0
Other,0.0,0.0,0.11830819284235432,2.632357290742384,0.0,0.0,97.24933451641526
