from_label,Crops,TreeCrops,Forest,Grassland,Urban,Water,Other
Crops,96.98195241422633,0.0,0.5678249024216373,2.2758873808061773,0.15069063600623936,0.0,0.023644666539620697
TreeCrops,0.0,99.64928057553956,0.02697841726618705,0.28776978417266186,0.02697841726618705,0.0,0.008992805755395683
Forest,0.20464350085289312,0.0,99.17697722483075,0.5705867548625075,0.03914919146750998,0.0,0.008643327986333374
Grassland,1.1838790931989924,0.00022095541119802022,1.148305271996111,96.99655309558531,0.21985063414203015,0.0,0.45119094966635737
Urban,0.4291152692395647,0.0013451889317854693,0.3578202558549348,0.9981301873848183,98.20551796499818,0.0,0.008071133590712815
Water,0.0,0.0,0.0,0.0,0.0,100.0,0.0
Other,0.03910833007430582,0.0,0.03597966366836136,2.645287446226046,0.001564333202972233,0.0,97.27806022682832
