from_label,Crops,TreeCrops,Forest,Grassland,Urban,Water,Other
Crops,97.22121101808034,0.0,0.5278485620677102,2.172066496784371,0.07887392306758889,0.0,0.0
TreeCrops,0.0,100.0,0.0,0.0,0.0,0.0,0.0
Forest,0.21473106873981324,0.0,99.16694693814193,0.5950379013271933,0.023284091791064082,0.0,0.0
Grassland,1.5276340302214861,0.0,1.233699027116539,96.84123369902711,0.15317739598426827,0.0,0.24425584765058994
Urban,0.08071025020177562,0.0,0.12106537530266344,0.8071025020177561,98.9911218724778,0.0,0.0
Water,0.0,0.0,0.0,0.0,0.0,100.0,0.0
Other,0.0,0.0,0.0,2.3600439077936337,0.0,0.0,97.63995609220638
