from_label,Crops,TreeCrops,Forest,Grassland,Urban,Water,Other
Crops,97.35613190602773,0.0,0.4598031467777858,2.0475608879948273,0.13650405919965514,0.0,0.0
TreeCrops,0.0,99.81651376146789,0.0,0.1834862385321101,0.0,0.0,0.0
Forest,0.1670547737167156,0.0,99.16978839728662,0.5973473726840134,0.03290472815632277,0.0,0.03290472815632277
Grassland,1.0967054435662906,0.0,1.2743095639818842,96.63884202113489,0.23976556256105142,0.0,0.7503774087558831
Urban,0.3658217925267834,0.0,0.3135615364515286,1.2281160177684871,98.04024039717795,0.0,0.052260256075254766
Water,0.0,0.0,0.0,0.0,0.0,100.0,0.0
Other,0.0,0.0,0.0,2.8641072516758075,0.0,0.0,97.1358927483242
