from_label,Crops,TreeCrops,Forest,Grassland,Urban,Water,Other
Crops,96.89467658843732,0.0,0.593875214653692,2.3325701202060674,0.16456783056668575,0.0,0.014310246136233542
TreeCrops,0.0,98.91107078039929,0.0,1.0889292196007259,0.0,0.0,0.0
Forest,0.2102969494273842,0.0,99.17654808959156,0.5675483936353501,0.045606567345697784,0.0,0.0
Grassland,1.2350615309431783,0.0,1.1595361855257897,96.97010084854946,0.25767470789461994,0.0,0.377626727086943
Urban,0.4220522289633343,0.0,0.3692957003429174,0.8968609865470852,98.31179108414666,0.0,0.0
Water,0.0,0.0,0.0,0.0,0.0,100.0,0.0
Other,0.0,0.0,0.21160822249093109,3.1741233373639663,0.03022974607013301,0.0,96.58403869407496
