from_label,Crops,TreeCrops,Forest,Grassland,Urban,Water,Other
Crops,97.02795971547292,0.0,0.5493344601732516,2.2818508345658146,0.14085498978801325,0.0,0.0
TreeCrops,0.0,99.46140035906643,0.0,0.3590664272890485,0.17953321364452424,0.0,0.0
Forest,0.19835215135794934,0.0,99.17607567897467,0.5772556199776218,0.035601668192452446,0.0,0.012714881497304445
Grassland,1.076316605394871,0.0,1.1959073393276343,97.01023165168091,0.20817646277184748,0.0,0.5093679408247331
Urban,0.4294149221685454,0.0,0.3488996242619431,1.0198604401502953,98.20182501341922,0.0,0.0
Water,0.0,0.0,0.0,0.0,0.0,100.0,0.0
Other,0.0,0.0,0.0,2.670807453416149,0.0,0.0,97.32919254658385
