from_label,Crops,TreeCrops,Forest,Grassland,Urban,Water,Other
Crops,94.91725072147948,0.0,2.379409859237882,2.6032157370869897,0.10012368219565344,0.0,0.0
TreeCrops,0.0,0.0,0.0,0.0,0.0,0.0,0.0
Forest,0.23598187230162776,0.0,99.11774959105414,0.6301788635327559,0.01608967311147462,0.0,0.0
Grassland,1.376037959667853,0.0,3.835508105970739,94.4681692368525,0.1423487544483986,0.0,0.1779359430604982
Urban,0.3066141042487955,0.0,0.17520805957074026,0.7446342531756461,98.77354358300482,0.0,0.0
Water,0.0,0.0,0.0,0.0,0.0,100.0,0.0
Other,0.0,0.0,1.0795454545454546,4.204545454545454,0.0,0.0,94.7159090909091
