from_label,Crops,TreeCrops,Forest,Grassland,Urban,Water,Other
Crops,97.22272976429745,0.0,0.5116024118399416,2.192581765028321,0.07308605883427736,0.0,0.0
TreeCrops,0.0,100.0,0.0,0.0,0.0,0.0,0.0
Forest,0.2468750812089083,0.0025986850653569294,99.155427353759,0.5717107143785245,0.023388165588212363,0.0,0.0
Grassland,1.7193611473272492,0.0,1.1897001303780965,96.74462190352021,0.1507496740547588,0.0,0.1955671447196871
Urban,0.12626262626262627,0.0,0.08417508417508417,0.9259259259259258,98.86363636363636,0.0,0.0
Water,0.0,0.0,0.0,0.0,0.0,100.0,0.0
Other,0.0,0.0,0.11299435028248588,2.3163841807909606,0.0,0.0,97.57062146892656
