from_label,Crops,TreeCrops,Forest,Grassland,Urban,Water,Other
Crops,96.70994842715879,0.0,0.0008696937808197735,0.2869989476705252,0.00260908134245932,0.0,2.999573850047398
TreeCrops,0.0,0.0,0.0,0.0,0.0,0.0,0.0
Forest,0.01928268414963363,0.0,99.9421519475511,0.03856536829926726,0.0,0.0,0.0
Grassland,0.003175981113498978,0.0,0.0,99.75862543537409,0.0,0.0,0.23819858351242337
Urban,0.0,0.0,0.0,0.0,100.0,0.0,0.0
Water,0.0,0.0,0.0,0.0,0.0,100.0,0.0
Other,0.0033029123714569146,0.0,0.0,0.013781117136078852,0.0,0.0,99.98291597049247
