from_label,Crops,TreeCrops,Forest,Grassland,Urban,Water,Other
Crops,99.96660693924092,0.0,0.0,0.01384590324157029,0.0,0.0,0.019547157517510995
TreeCrops,0.0,0.0,0.0,0.0,0.0,0.0,0.0
Forest,0.0,0.0,99.38811188811188,0.0,0.0,0.0,0.6118881118881119
Grassland,0.01110262377204981,0.0,0.0,99.75485406711314,0.0013323148526459773,0.0,0.23271099426216404
Urban,0.0,0.0,0.0,0.0,100.0,0.0,0.0
Water,0.0,0.0,0.0,0.0,0.0,100.0,0.0
Other,0.0028759529589961006,0.0,0.0,0.05967602389916909,0.0,0.0,99.93744802314184
