from_label,Crops,TreeCrops,Forest,Grassland,Urban,Water,Other
Crops,99.93509423209352,0.0,0.0,0.047492025297418805,0.0,0.0,0.01741374260905356
TreeCrops,0.0,0.0,0.0,0.0,0.0,0.0,0.0
Forest,0.0,0.0,99.5497523638001,0.45024763619990993,0.0,0.0,0.0
Grassland,0.004829087451059056,0.0,0.0,99.76003150050892,0.001485873061864325,0.0,0.23365353897816507
Urban,0.0,0.0,0.0,0.0,100.0,0.0,0.0
Water,0.0,0.0,0.0,0.0,0.0,100.0,0.0
Other,0.0029223642180642765,0.0,0.0,0.07699794418030224,0.0,0.0,99.92007969160164
