from_label,Crops,TreeCrops,Forest,Grassland,Urban,Water,Other
Crops,99.96804781550432,0.0,0.0,0.0028193103966769727,0.0,0.0,0.029132874098995384
TreeCrops,0.0,0.0,0.0,0.0,0.0,0.0,0.0
Forest,0.44283413848631237,0.0,99.35587761674718,0.18115942028985507,0.0,0.0,0.020128824476650563
Grassland,0.20532591261329158,0.0,0.0,99.75795698301351,0.0,0.0,0.036717104373200374
Urban,0.0,0.0,0.0,0.0,100.0,0.0,0.0
Water,0.0,0.0,0.0,0.0,0.0,100.0,0.0
Other,0.8454070132866118,0.0,0.0,0.05571582168174293,0.00011511533405318789,0.0,99.0987620496976
