from_label,Crops,TreeCrops,Forest,Grassland,Urban,Water,Other
Crops,99.96936879965219,0.0,0.0,0.022726374451602704,0.0,0.0,0.007904825896209637
TreeCrops,0.0,0.0,0.0,0.0,0.0,0.0,0.0
Forest,0.56640625,0.0,99.2578125,0.17578125,0.0,0.0,0.0
Grassland,0.04136932464577516,0.0,0.0,99.76316061640293,0.0,0.0,0.1954700589512876
Urban,0.0,0.0,0.0,0.0,100.0,0.0,0.0
Water,0.0,0.0,0.0,0.0,0.0,100.0,0.0
Other,0.16306448541153215,0.0,0.0,0.5675139934571362,0.0,0.0,99.26942152113133
