from_label,Crops,TreeCrops,Forest,Grassland,Urban,Water,Other
Crops,99.96758736082275,0.0,0.0,0.011388224575788634,0.0,0.0,0.021024414601455942
TreeCrops,0.0,0.0,0.0,0.0,0.0,0.0,0.0
Forest,0.02025931928687196,0.0,99.89870340356563,0.06077795786061589,0.02025931928687196,0.0,0.0
Grassland,0.009181493974040533,0.0,0.0,99.7559655549005,0.0009664730498990036,0.0,0.23388647807555887
Urban,0.0,0.0,0.0,0.0,100.0,0.0,0.0
Water,0.0,0.0,0.0,0.0,0.0,100.0,0.0
Other,0.0023228129264539358,0.0,0.0,0.05644435411283064,0.00011614064632269679,0.0,99.9411166923144
