from_label,Crops,TreeCrops,Forest,Grassland,Urban,Water,Other
Crops,99.97044817454153,0.0,0.0,0.008443378702421562,0.0,0.0,0.021108446756053903
TreeCrops,0.0,0.0,0.0,0.0,0.0,0.0,0.0
Forest,0.0,0.0,99.90404912684706,0.07676069852235655,0.0,0.0,0.019190174630589137
Grassland,0.006349038385227904,0.0,0.0,99.75926562789344,0.0005290865321023253,0.0,0.23385624718922782
Urban,0.0,0.0,0.0,0.0,100.0,0.0,0.0
Water,0.0,0.0,0.0,0.0,0.0,100.0,0.0
Other,0.0026302066656298316,0.0,0.0,0.04722936316978785,0.0,0.0,99.95014043016458
