from_label,Crops,TreeCrops,Forest,Grassland,Urban,Water,Other
Crops,99.9644192968906,0.0,0.0,0.013885152432939054,0.0,0.0,0.02169555067646727
TreeCrops,0.0,0.0,0.0,0.0,0.0,0.0,0.0
Forest,0.2691272587466359,0.0,99.73087274125336,0.0,0.0,0.0,0.0
Grassland,0.04551011012388275,0.0,0.0,99.76133651551312,0.0005291873270218925,0.0,0.19262418703596887
Urban,0.0,0.0,0.0,0.0,100.0,0.0,0.0
Water,0.0,0.0,0.0,0.0,0.0,100.0,0.0
Other,0.026546625787141634,0.0,0.0,0.0472826167453381,0.0,0.0,99.92617075746753
