from_label,Crops,TreeCrops,Forest,Grassland,Urban,Water,Other
Crops,97.66862327093615,0.0,0.0009734349599431514,0.276455528623855,0.0029203048798294544,0.0,2.0510274606002197
TreeCrops,0.0,0.0,0.0,0.0,0.0,0.0,0.0
Forest,0.01967729240456513,0.0,99.84258166076347,0.07870916961826052,0.0,0.0,0.05903187721369539
Grassland,0.00252538006970049,0.0,0.0,99.76008889337845,0.000505076013940098,0.0,0.23688065053790597
Urban,0.0,0.0,0.0,0.0,100.0,0.0,0.0
Water,0.0,0.0,0.0,0.0,0.0,100.0,0.0
Other,0.0027233053665001667,0.0,0.0,0.01940355073631369,0.0,0.0,99.97787314389718
