from_label,Crops,TreeCrops,Forest,Grassland,Urban,Water,Other
Crops,99.9697017084327,0.0,0.0,0.020524649126236364,0.0,0.0,0.009773642441064937
TreeCrops,0.0,0.0,0.0,0.0,0.0,0.0,0.0
Forest,0.05827505827505827,0.0,99.9028749028749,0.03885003885003885,0.0,0.0,0.0
Grassland,0.0746885329265192,0.0,0.0,99.7558055767438,0.0,0.0,0.16950589032968894
Urban,0.0,0.0,0.0,0.0,100.0,0.0,0.0
Water,0.0,0.0,0.0,0.0,0.0,100.0,0.0
Other,0.28546091329531675,0.0,0.0,0.5666561896636882,0.0,0.0,99.147882897041
