from_label,Crops,TreeCrops,Forest,Grassland,Urban,Water,Other
Crops,99.96950558930449,0.0,0.0,0.004012422459935962,0.0,0.0,0.026481988235577347
TreeCrops,0.0,0.0,0.0,0.0,0.0,0.0,0.0
Forest,0.0,0.0,99.86571172784244,0.08952551477170993,0.0,0.0,0.044762757385854966
Grassland,0.1961272301114731,0.0,0.0,99.76004130558331,0.00037145308733233537,0.0,0.04346001121788323
Urban,0.0,0.0,0.0,0.0,100.0,0.0,0.0
Water,0.0,0.0,0.0,0.0,0.0,100.0,0.0
Other,0.15670781726042785,0.0,0.0,0.0811432063484416,0.00012678625991944002,0.0,99.76202219013122
