from_label,Crops,TreeCrops,Forest,Grassland,Urban,Water,Other
Crops,99.96743625647204,0.0,0.0,0.011397310234784592,0.0,0.0,0.02116643329317138
TreeCrops,0.0,0.0,0.0,0.0,0.0,0.0,0.0
Forest,0.10311404413281089,0.0,99.50505258816251,0.32996494122499487,0.02062280882656218,0.0,0.04124561765312436
Grassland,0.005316449578308886,0.0,0.0,99.76027645537808,0.000966627196056161,0.0,0.2334404678475629
Urban,0.0,0.0,0.0,0.0,100.0,0.0,0.0
Water,0.0,0.0,0.0,0.0,0.0,100.0,0.0
Other,0.002463476035070514,0.0,0.0,0.04809643687518623,0.00023461676524481084,0.0,99.9492054703245
