from_label,Crops,TreeCrops,Forest,Grassland,Urban,Water,Other
Crops,99.97020694097753,0.0,0.0,0.02898784121104759,0.0,0.0,0.0008052178114179886
TreeCrops,0.0,0.0,0.0,0.0,0.0,0.0,0.0
Forest,0.0,0.0,99.33598937583001,0.6640106241699867,0.0,0.0,0.0
Grassland,0.005702029483878608,0.0,0.0,99.71226681989044,0.0,0.0,0.28203115062568807
Urban,0.0,0.0,0.0,0.0,100.0,0.0,0.0
Water,0.0,0.0,0.0,0.0,0.0,100.0,0.0
Other,0.028422434453771392,0.0,0.0,5.036551732443727,0.0,0.0,94.9350258331025
