from_label,Crops,TreeCrops,Forest,Grassland,Urban,Water,Other
Crops,99.97025396955648,0.0,0.0,0.008205801501661676,0.0,0.0,0.021540228941861896
TreeCrops,0.0,0.0,0.0,0.0,0.0,0.0,0.0
Forest,0.3776585171934009,0.0,99.30431325780164,0.19876764062810573,0.0,0.0,0.11926058437686345
Grassland,0.09992298618625645,0.0,0.0,99.76457169596115,0.000487429200908568,0.0,0.13501788865167333
Urban,0.0,0.0,0.0,0.0,100.0,0.0,0.0
Water,0.0,0.0,0.0,0.0,0.0,100.0,0.0
Other,0.09358802619100144,0.0,0.0,0.051285783489844056,0.000568578530929535,0.0,99.85455761178822
