from_label,Crops,TreeCrops,Forest,Grassland,Urban,Water,Other
Crops,99.96662270632865,0.0,0.0,0.012211205001709568,0.0,0.0,0.02116608866962992
TreeCrops,0.0,0.0,0.0,0.0,0.0,0.0,0.0
Forest,0.10285949393128986,0.0,99.7531372145649,0.02057189878625797,0.0,0.0,0.12343139271754783
Grassland,0.006283805666059233,0.0,0.0,99.75879853635665,0.000966739333239882,0.0,0.2339509186440514
Urban,0.0,0.0,0.0,0.0,100.0,0.0,0.0
Water,0.0,0.0,0.0,0.0,0.0,100.0,0.0
Other,0.0024634413571919585,0.0,0.0,0.059474512766491565,0.0,0.0,99.93806204587632
