from_label,Crops,TreeCrops,Forest,Grassland,Urban,Water,Other
Crops,99.96279850244184,0.0,0.0,0.01978803061604097,0.0,0.0,0.017413466942116054
TreeCrops,0.0,0.0,0.0,0.0,0.0,0.0,0.0
Forest,0.0,0.0,99.55177050649932,0.44822949350067237,0.0,0.0,0.0
Grassland,0.00854332580530132,0.0,0.0,99.75595804112683,0.0014857957922263165,0.0,0.23401283727564484
Urban,0.0,0.0,0.0,0.0,100.0,0.0,0.0
Water,0.0,0.0,0.0,0.0,0.0,100.0,0.0
Other,0.002795411459153956,0.0,0.0,0.0759843660260939,0.00025412831446854143,0.0,99.92096609420028
