from_label,Crops,TreeCrops,Forest,Grassland,Urban,Water,Other
Crops,99.97044792502217,0.0,0.0,0.008443449993667413,0.0,0.0,0.02110862498416853
TreeCrops,0.0,0.0,0.0,0.0,0.0,0.0,0.0
Forest,0.03826286588865506,0.0,99.73215993877942,0.21044576238760282,0.0,0.0,0.01913143294432753
Grassland,0.007405291609804606,0.0,0.0,99.75827012387995,0.000528949400700329,0.0,0.23379563510954543
Urban,0.0,0.0,0.0,0.0,100.0,0.0,0.0
Water,0.0,0.0,0.0,0.0,0.0,100.0,0.0
Other,0.0026303931637225325,0.0,0.0,0.04734707694700559,0.0,0.0,99.95002252988927
