from_label,Crops,TreeCrops,Forest,Grassland,Urban,Water,Other
Crops,99.9701700308243,0.0,0.0,0.008948990752709555,0.0,0.0,0.02088097842298896
TreeCrops,0.0,0.0,0.0,0.0,0.0,0.0,0.0
Forest,0.038580246913580245,0.0,99.92283950617285,0.0,0.0,0.0,0.038580246913580245
Grassland,0.006351861360039381,0.0,0.0,99.7586292683185,0.0005293217800032818,0.0,0.23448954854145385
Urban,0.0,0.0,0.0,0.0,100.0,0.0,0.0
Water,0.0,0.0,0.0,0.0,0.0,100.0,0.0
Other,0.0021290471505505267,0.0,0.0,0.04527026572749541,0.0,0.0,99.95260068712196
