from_label,Crops,TreeCrops,Forest,Grassland,Urban,Water,Other
Crops,99.96876029010714,0.0,0.0,0.01013179780308851,0.0,0.0,0.021107912089767727
TreeCrops,0.0,0.0,0.0,0.0,0.0,0.0,0.0
Forest,0.038248231019315355,0.0,99.96175176898069,0.0,0.0,0.0,0.0
Grassland,0.004231013327691982,0.0,0.0,99.76094774698541,0.0005288766659614977,0.0,0.23429236302094353
Urban,0.0,0.0,0.0,0.0,100.0,0.0,0.0
Water,0.0,0.0,0.0,0.0,0.0,100.0,0.0
Other,0.002630486422687145,0.0,0.0,0.047348755608368605,0.0,0.0,99.95002075796894
