from_label,Crops,TreeCrops,Forest,Grassland,Urban,Water,Other
Crops,99.96145962896134,0.0,0.0008759175236059772,0.01664243294851357,0.0,0.0,0.021022020566543457
TreeCrops,0.0,0.0,0.0,0.0,0.0,0.0,0.0
Forest,0.0,0.0,99.97974068071312,0.02025931928687196,0.0,0.0,0.0
Grassland,0.005314446113932062,0.0,0.0,99.75988366194325,0.0009662629298058294,0.0,0.23383562901301072
Urban,0.0,0.0,0.0,0.0,100.0,0.0,0.0
Water,0.0,0.0,0.0,0.0,0.0,100.0,0.0
Other,0.0023229532168836885,0.0,0.0,0.05017578948468768,0.0004645906433767377,0.0,99.94703666665505
