from_label,Crops,TreeCrops,Forest,Grassland,Urban,Water,Other
Crops,99.96813859710261,0.0,0.0,0.008961019564892717,0.0,0.0,0.022900383332503608
TreeCrops,0.0,0.0,0.0,0.0,0.0,0.0,0.0
Forest,0.233326852031888,0.0,99.55279020027221,0.058331713007972,0.0,0.0,0.15555123468792534
Grassland,0.08273565441317152,0.0,0.0,99.7688572654832,0.000517097840082322,0.0,0.14788998226354408
Urban,0.0,0.0,0.0,0.0,100.0,0.0,0.0
Water,0.0,0.0,0.0,0.0,0.0,100.0,0.0
Other,0.07082384230041244,0.0,0.0,0.048191740070868884,0.0,0.0,99.88098441762871
