from_label,Crops,TreeCrops,Forest,Grassland,Urban,Water,Other
Crops,99.85744875192789,0.0,0.0017968644714972373,0.13147058383121454,0.0,0.0,0.009283799769402393
TreeCrops,0.0,96.49122807017544,0.0,3.508771929824561,0.0,0.0,0.0
Forest,0.00959877135726627,0.0,99.78882703014014,0.2015741985025917,0.0,0.0,0.0
Grassland,0.012194260995693502,0.0,0.002122887541760407,99.96040567887228,0.0,0.0,0.02527717259026345
Urban,0.0,0.0,0.0,0.014983518130056939,99.94006592747976,0.0,0.04495055439017081
Water,0.0,0.0,0.0,0.0,0.0,100.0,0.0
Other,0.03480554690505413,0.0,0.005495612669219074,0.8023594497059847,0.0,0.0,99.15733939071974
