from_label,Crops,TreeCrops,Forest,Grassland,Urban,Water,Other
Crops,99.90325214797984,0.0,0.0008875949726620749,0.08787190229354541,0.0008875949726620749,0.0,0.007100759781296599
TreeCrops,0.0,100.0,0.0,0.0,0.0,0.0,0.0
Forest,0.019159535061949163,0.0,99.74453953250735,0.23630093243070635,0.0,0.0,0.0
Grassland,0.01710205229570338,0.0,0.0021748274595692163,99.95418033965862,0.0019276879755272599,0.0,0.024615092610578856
Urban,0.0,0.0,0.0,0.0,100.0,0.0,0.0
Water,0.0,0.0,0.0,0.0,0.0,100.0,0.0
Other,0.05301563224823097,0.0,0.005154297579689122,0.7440596720394083,0.006626954031028871,0.0,99.19114344410164
