from_label,Crops,TreeCrops,Forest,Grassland,Urban,Water,Other
Crops,99.9039066521764,0.0,0.000857976319853572,0.08837156094491792,0.0005719842132357147,0.0,0.006291826345592862
TreeCrops,0.0,100.0,0.0,0.0,0.0,0.0,0.0
Forest,0.019042178425211845,0.0,99.79688343013107,0.18407439144371449,0.0,0.0,0.0
Grassland,0.030794705591727523,0.0,0.002281089303090928,99.92970097511383,0.0017626599160248078,0.0,0.035460570075322606
Urban,0.0,0.0,0.0,0.0,100.0,0.0,0.0
Water,0.0,0.0,0.0,0.0,0.0,100.0,0.0
Other,0.13199369582348305,0.0,0.007598784194528876,1.2611167398401442,0.002814364516492176,0.0,98.59647641562536
