from_label,Crops,TreeCrops,Forest,Grassland,Urban,Water,Other
Crops,98.5787103295426,0.0,0.008036870689841704,1.3885239668757283,0.0,0.0,0.024728832891820627
TreeCrops,0.0,100.0,0.0,0.0,0.0,0.0,0.0
Forest,0.006388143605468251,0.0,99.79238533282229,0.20122652357224988,0.0,0.0,0.0
Grassland,0.012958416441638781,0.0,0.0013456817074009504,99.96820203965476,0.0,0.0,0.017493862196212354
Urban,0.030632562413845914,0.0,0.015316281206922957,0.09189768724153775,99.78557206310307,0.0,0.0765814060346148
Water,0.0,0.0,0.0,0.0,0.0,100.0,0.0
Other,0.021812845783180313,0.0,0.002643981307052159,0.6705797590011039,0.0,0.0,99.30496341390867
