from_label,Crops,TreeCrops,Forest,Grassland,Urban,Water,Other
Crops,99.9011826872068,0.0,0.000693454826618957,0.06414457146225352,0.000693454826618957,0.0,0.03328583167770993
TreeCrops,0.0,100.0,0.0,0.0,0.0,0.0,0.0
Forest,0.012810658467845248,0.0,99.55803228285934,0.2690238278247502,0.003202664616961312,0.0,0.1569305662311043
Grassland,0.01264817483895638,0.0,0.00299045994254395,99.8107676167505,0.0023531488072476986,0.0,0.1712405996607544
Urban,0.0,0.0,0.0,0.0,100.0,0.0,0.0
Water,0.0,0.0,0.0,0.0,0.0,100.0,0.0
Other,0.005584004782535861,0.0,0.0,0.19609710912787698,0.000985412608682799,0.0,99.7973334734809
