from_label,Crops,TreeCrops,Forest,Grassland,Urban,Water,Other
Crops,99.91037080303732,0.0,0.005706727896500097,0.06445245624282463,0.0013427595050588465,0.0,0.018127253318294425
TreeCrops,0.0,100.0,0.0,0.0,0.0,0.0,0.0
Forest,0.028174305033809164,0.0,99.82469321312296,0.14400200350613573,0.003130478337089907,0.0,0.0
Grassland,0.04719469469225451,0.0,0.022427230948798633,99.85841591592323,0.005119259238312732,0.0,0.06684289919739766
Urban,0.0,0.0,0.0,0.0,100.0,0.0,0.0
Water,0.0,0.0,0.0,0.0,0.0,100.0,0.0
Other,0.009570768745414007,0.0,0.0,0.15880386659057316,0.0031902562484713353,0.0,99.82843510841553
