from_label,Crops,TreeCrops,Forest,Grassland,Urban,Water,Other
Crops,99.49928575901897,0.0,0.0050697689676459275,0.48073338681442557,0.004771547263666755,0.0,0.010139537935291855
TreeCrops,0.0,98.30508474576271,0.0,1.694915254237288,0.0,0.0,0.0
Forest,0.012799180852425445,0.0,99.73441699731217,0.24958402662229617,0.0,0.0,0.003199795213106361
Grassland,0.01366246221244093,0.0,0.0020715646675903217,99.96325438863441,0.0018249498262105214,0.0,0.019186634659348452
Urban,0.0,0.0,0.0,0.0,100.0,0.0,0.0
Water,0.0,0.0,0.0,0.0,0.0,100.0,0.0
Other,0.013713303015814774,0.0,0.0,0.2549933101319071,0.00259440867866766,0.0,99.72869897817361
