from_label,Crops,TreeCrops,Forest,Grassland,Urban,Water,Other
Crops,98.11890021725954,0.0,0.015664480450047334,1.843641242533832,0.006810643673933624,0.0,0.014983416082653972
TreeCrops,0.0,100.0,0.0,0.0,0.0,0.0,0.0
Forest,0.006393453104021481,0.0,99.60999936065468,0.23655776484879484,0.0,0.0,0.14704942139249408
Grassland,0.010902763555892134,0.0,0.000884007855883146,99.88075716255086,0.00039289238039250926,0.0,0.10706317365695879
Urban,0.0,0.0,0.0,0.0,100.0,0.0,0.0
Water,0.0,0.0,0.0,0.0,0.0,100.0,0.0
Other,0.017503071293642092,0.0,0.0,0.19121279771733532,0.00033024662818192626,0.0,99.79095388436085
