from_label,Crops,TreeCrops,Forest,Grassland,Urban,Water,Other
Crops,97.56297828022882,0.0,0.01569740238177894,2.402004437534904,0.0,0.0,0.019319879854497155
TreeCrops,0.0,92.5925925925926,0.0,7.4074074074074066,0.0,0.0,0.0
Forest,0.00319642000958926,0.0,99.86575035959724,0.10228544030685632,0.0,0.0,0.02876778008630334
Grassland,0.011497114224329693,0.0,0.000649836890940374,99.86658348754463,0.0,0.0,0.12126956134010364
Urban,0.0,0.0,0.0,0.6046863189720333,98.69992441421013,0.0,0.6953892668178382
Water,0.0,0.0,0.0,0.0,0.0,100.0,0.0
Other,0.028603072502136916,0.0,0.0,0.18359181419976253,0.0,0.0,99.7878051132981
