from_label,Crops,TreeCrops,Forest,Grassland,Urban,Water,Other
Crops,99.90367219544531,0.0,0.0006905218964493364,0.06490905826623762,0.0006905218964493364,0.0,0.030037702495546135
TreeCrops,0.0,100.0,0.0,0.0,0.0,0.0,0.0
Forest,0.04179258020960586,0.0,99.56600012859256,0.25718510898218994,0.003214813862277374,0.0,0.13180736835337234
Grassland,0.04893395293389786,0.0,0.0030491508360820773,99.79742818880932,0.0029016112794974605,0.0,0.14768709614120126
Urban,0.0,0.0,0.0,0.0,100.0,0.0,0.0
Water,0.0,0.0,0.0,0.0,0.0,100.0,0.0
Other,0.0003229118902616232,0.0,0.0,0.17857027531467765,0.0012916475610464928,0.0,99.81981516523402
