from_label,Crops,TreeCrops,Forest,Grassland,Urban,Water,Other
Crops,99.90559085622287,0.0,0.000591906857536898,0.08760221491546091,0.000591906857536898,0.0,0.005623115146600531
TreeCrops,0.0,100.0,0.0,0.0,0.0,0.0,0.0
Forest,0.012757949797467548,0.0,99.78630434089241,0.20093770931011384,0.0,0.0,0.0
Grassland,0.017009661785439233,0.0,0.002082815728829294,99.95273991929585,0.0018348614753972352,0.0,0.026332741714484645
Urban,0.0,0.0,0.0,0.0,100.0,0.0,0.0
Water,0.0,0.0,0.0,0.0,0.0,100.0,0.0
Other,0.07037373479873471,0.0,0.007180993346809664,1.122748309773691,0.00789909268149063,0.0,98.79179786939928
