from_label,Crops,TreeCrops,Forest,Grassland,Urban,Water,Other
Crops,99.90425876307832,0.0,0.0006887858771343753,0.0637126936349297,0.0006887858771343753,0.0,0.030650971532479695
TreeCrops,0.0,100.0,0.0,0.0,0.0,0.0,0.0
Forest,0.03544385371354922,0.0,99.57145158691799,0.26421781859191235,0.0,0.0,0.1288867407765426
Grassland,0.03748666908039437,0.0,0.0030048446963259617,99.80256692552665,0.002807805699845571,0.0,0.1541337549967858
Urban,0.0,0.0,0.0,0.0,100.0,0.0,0.0
Water,0.0,0.0,0.0,0.0,0.0,100.0,0.0
Other,0.016012553842212295,0.0,0.0,0.17966085410962193,0.0012810043073769835,0.0,99.8030455877408
