from_label,Crops,TreeCrops,Forest,Grassland,Urban,Water,Other
Crops,99.90460785533574,0.0,0.0011849955858914427,0.08235719321945525,0.0011849955858914427,0.0,0.010664960273022984
TreeCrops,0.0,100.0,0.0,0.0,0.0,0.0,0.0
Forest,0.028743891922966367,0.0,99.78601769346236,0.18523841461467216,0.0,0.0,0.0
Grassland,0.02446152267249359,0.0,0.0026404494941795523,99.9439527230009,0.0023415306835177165,0.0,0.026603774148903418
Urban,0.0,0.0,0.0,0.0,100.0,0.0,0.0
Water,0.0,0.0,0.0,0.0,0.0,100.0,0.0
Other,0.030525983509031185,0.0,0.0003468861762389907,0.23553571366627468,0.003121975586150917,0.0,99.73046944106231
