from_label,Crops,TreeCrops,Forest,Grassland,Urban,Water,Other
Crops,99.11916075942626,0.0,0.009397289195310127,0.8639241200221776,0.0,0.0,0.007517831356248101
TreeCrops,0.0,100.0,0.0,0.0,0.0,0.0,0.0
Forest,0.006388755789809935,0.0,99.83708672735985,0.1437470052707235,0.0,0.0,0.01277751157961987
Grassland,0.012969781898954964,0.0,0.0014410868776616626,99.90995691647161,0.0,0.0,0.07563221475176037
Urban,0.03069838833461243,0.0,0.015349194167306216,0.015349194167306216,99.47812739831159,0.0,0.4604758250191865
Water,0.0,0.0,0.0,0.0,0.0,100.0,0.0
Other,0.011631500762694123,0.0,0.0,0.19042428391496377,0.0,0.0,99.79794421532235
