from_label,Crops,TreeCrops,Forest,Grassland,Urban,Water,Other
Crops,99.02421925556646,0.0,0.008987848428924096,0.960201807156724,0.0,0.0,0.00659108884787767
TreeCrops,0.0,92.72727272727272,0.0,7.2727272727272725,0.0,0.0,0.0
Forest,0.009599385639319084,0.0,99.78881351593498,0.19198771278638166,0.0,0.0,0.009599385639319084
Grassland,0.01459972102695227,0.0,0.001578348219129975,99.95427722502708,0.0,0.0,0.029544705726839218
Urban,0.0,0.0,0.014992503748125935,0.0,99.85007496251875,0.0,0.13493253373313344
Water,0.0,0.0,0.0,0.0,0.0,100.0,0.0
Other,0.009218595012371355,0.0,0.0,0.20465280927464408,0.0,0.0,99.78612859571298
