from_label,Crops,TreeCrops,Forest,Grassland,Urban,Water,Other
Crops,99.88083511232338,0.0,0.0017964555931147847,0.09461332790404532,0.001197637062076523,0.0,0.021557467117377414
TreeCrops,0.0,100.0,0.0,0.0,0.0,0.0,0.0
Forest,0.012799180852425445,0.0,99.80481249200052,0.15998976065531806,0.003199795213106361,0.0,0.019198771278638168
Grassland,0.014165515410057122,0.0,0.0028133602033911355,99.93223256913586,0.0024678598275360837,0.0,0.04832069542315652
Urban,0.0,0.0,0.0,0.0,100.0,0.0,0.0
Water,0.0,0.0,0.0,0.0,0.0,100.0,0.0
Other,0.01137915339098771,0.0,0.0,0.18463594050538124,0.00220241678535246,0.0,99.80178248931828
