from_label,Crops,TreeCrops,Forest,Grassland,Urban,Water,Other
Crops,99.64675667786155,0.0,0.0041280521785795376,0.276579495964829,0.003833191308680999,0.0,0.06870258268635944
TreeCrops,0.0,100.0,0.0,0.0,0.0,0.0,0.0
Forest,0.012762427413694086,0.0,99.77027630655351,0.19143641120541127,0.0,0.0,0.02552485482738817
Grassland,0.014021249428047786,0.0,0.0022952935006768623,99.93772768937295,0.002045805076690247,0.0,0.04390996262164432
Urban,0.0,0.0,0.0,0.0,100.0,0.0,0.0
Water,0.0,0.0,0.0,0.0,0.0,100.0,0.0
Other,0.011725512646310256,0.0,0.0,0.18312491809384548,0.001724340095045626,0.0,99.8034252291648
