from_label,Crops,TreeCrops,Forest,Grassland,Urban,Water,Other
Crops,99.81396862014404,0.0,0.0017745441639678808,0.16680715141298078,0.0020703015246291943,0.0,0.0153793827543883
TreeCrops,0.0,100.0,0.0,0.0,0.0,0.0,0.0
Forest,0.012759170653907498,0.0,99.77033492822966,0.21690590111642744,0.0,0.0,0.0
Grassland,0.012184044448979066,0.0,0.002080202710801304,99.9590398180516,0.0019811454388583847,0.0,0.02471478934975835
Urban,0.0,0.0,0.0,0.0,100.0,0.0,0.0
Water,0.0,0.0,0.0,0.0,0.0,100.0,0.0
Other,0.025027385037250903,0.0,0.003264441526597944,0.5085274466989241,0.005078020152485691,0.0,99.45810270658474
