from_label,Crops,TreeCrops,Forest,Grassland,Urban,Water,Other
Crops,99.82204937835131,0.0,0.0014731011725885334,0.16911201461316364,0.0005892404690354134,0.0,0.006776265393907253
TreeCrops,0.0,100.0,0.0,0.0,0.0,0.0,0.0
Forest,0.003177831447820008,0.0,99.79661878733953,0.2002033812126605,0.0,0.0,0.0
Grassland,0.008382225440458175,0.0,0.002373280696997194,99.95773540545986,0.001514860019359911,0.0,0.029994228383326237
Urban,0.0,0.0,0.0,0.0,100.0,0.0,0.0
Water,0.0,0.0,0.0,0.0,0.0,100.0,0.0
Other,0.051346817454090844,0.0,0.0,2.4636904648003215,0.0038270919841558388,0.0,97.48113562576142
