from_label,Crops,TreeCrops,Forest,Grassland,Urban,Water,Other
Crops,100.0,0.0,0.0,0.0,0.0,0.0,0.0
TreeCrops,0.0,99.79838709677419,0.0,0.0,0.20161290322580644,0.0,0.0
Forest,0.0,0.0,99.83579638752053,0.0,0.16420361247947454,0.0,0.0
Grassland,0.0,0.0,0.18181818181818182,99.63636363636364,0.18181818181818182,0.0,0.0
Urban,0.0,0.0,0.0,0.0,100.0,0.0,0.0
Water,0.0,0.0,0.0,0.0,0.0,100.0,0.0
Other,0.0,0.0,0.0,0.0,0.0,0.0,100.0
