from_label,Crops,TreeCrops,Forest,Grassland,Urban,Water,Other
Crops,96.66666666666667,0.0,3.3333333333333335,0.0,0.0,0.0,0.0
TreeCrops,0.0,83.11345646437994,0.6596306068601583,16.094986807387862,0.13192612137203166,0.0,0.0
Forest,0.0,0.04269854824935952,99.7865072587532,0.08539709649871904,0.08539709649871904,0.0,0.0
Grassland,0.0,0.0,0.0,100.0,0.0,0.0,0.0
Urban,0.0,0.0,0.0,0.0,100.0,0.0,0.0
Water,0.0,0.0,0.0,0.0,0.0,100.0,0.0
Other,0.0,0.0,0.0,0.0,0.0,0.0,100.0
