from_label,Crops,TreeCrops,Forest,Grassland,Urban,Water,Other
Crops,91.66666666666666,0.0,0.0,0.0,8.333333333333332,0.0,0.0
TreeCrops,0.0,99.69696969696969,0.0,0.0,0.30303030303030304,0.0,0.0
Forest,0.0,0.0,99.83532317826266,0.0,0.16467682173734047,0.0,0.0
Grassland,0.0,0.0,0.0,99.63302752293578,0.3669724770642202,0.0,0.0
Urban,0.0,0.0,0.0,0.0,100.0,0.0,0.0
Water,0.0,0.0,0.0,0.0,0.0,100.0,0.0
Other,0.0,0.0,0.0,0.0,0.0,0.0,100.0
