from_label,Crops,TreeCrops,Forest,Grassland,Urban,Water,Other
Crops,100.0,0.0,0.0,0.0,0.0,0.0,0.0
TreeCrops,0.0,99.33837429111531,0.0945179584120983,0.0,0.5671077504725899,0.0,0.0
Forest,0.0,0.0,99.95972613773661,0.0,0.04027386226339106,0.0,0.0
Grassland,0.0,4.6040515653775325,0.0,95.39594843462247,0.0,0.0,0.0
Urban,0.0,0.0,0.0,0.0,100.0,0.0,0.0
Water,0.0,0.0,0.0,0.0,0.0,100.0,0.0
Other,0.0,0.0,0.0,0.0,0.0,0.0,100.0
