from_label,Crops,TreeCrops,Forest,Grassland,Urban,Water,Other
Crops,100.0,0.0,0.0,0.0,0.0,0.0,0.0
TreeCrops,0.0,99.40179461615155,0.09970089730807577,0.19940179461615154,0.29910269192422734,0.0,0.0
Forest,0.0,0.0,99.79533360622186,0.0,0.2046663937781416,0.0,0.0
Grassland,0.0,0.0,0.0,99.63702359346642,0.3629764065335753,0.0,0.0
Urban,0.0,0.0,0.0,0.0,100.0,0.0,0.0
Water,0.0,0.0,0.0,0.0,0.0,100.0,0.0
Other,0.0,0.0,0.0,0.0,0.0,0.0,100.0
