from_label,Crops,TreeCrops,Forest,Grassland,Urban,Water,Other
Crops,100.0,0.0,0.0,0.0,0.0,0.0,0.0
TreeCrops,0.0,99.49849548645938,0.0,0.0,0.5015045135406219,0.0,0.0
Forest,0.0,0.0,99.8359983599836,0.0,0.16400164001640016,0.0,0.0
Grassland,0.0,0.0,0.18148820326678766,99.8185117967332,0.0,0.0,0.0
Urban,0.0,0.0,0.0,0.0,100.0,0.0,0.0
Water,0.0,0.0,0.0,0.0,0.0,100.0,0.0
Other,0.0,0.0,0.0,0.0,0.0,0.0,100.0
