from_label,Crops,TreeCrops,Forest,Grassland,Urban,Water,Other
Crops,97.05882352941177,0.0,0.0,2.941176470588235,0.0,0.0,0.0
TreeCrops,0.0,99.86737400530504,0.0,0.0,0.1326259946949602,0.0,0.0
Forest,0.0,0.3391267486222976,99.61848240779992,0.0,0.0,0.0,0.0423908435777872
Grassland,0.0,19.463087248322147,0.0,80.53691275167785,0.0,0.0,0.0
Urban,0.0,0.0,0.0,0.0,100.0,0.0,0.0
Water,0.0,0.0,0.0,0.0,0.0,100.0,0.0
Other,0.0,0.0,0.0,0.0,0.0,0.0,100.0
