from_label,Crops,TreeCrops,Forest,Grassland,Urban,Water,Other
Crops,100.0,0.0,0.0,0.0,0.0,0.0,0.0
TreeCrops,0.0,99.70760233918129,0.0,0.0,0.29239766081871343,0.0,0.0
Forest,0.0,0.21385799828913601,99.57228400342173,0.0427715996578272,0.1710863986313088,0.0,0.0
Grassland,0.0,32.92999135695765,0.0,67.07000864304236,0.0,0.0,0.0
Urban,0.0,0.0,0.0,0.0,100.0,0.0,0.0
Water,0.0,0.0,0.0,0.0,0.0,100.0,0.0
Other,0.0,0.0,0.0,0.0,0.0,0.0,100.0
