from_label,Crops,TreeCrops,Forest,Grassland,Urban,Water,Other
Crops,100.0,0.0,0.0,0.0,0.0,0.0,0.0
TreeCrops,0.0,97.52155172413794,0.0,2.3706896551724137,0.10775862068965517,0.0,0.0
Forest,0.0,0.0,99.8740025199496,0.0,0.125997480050399,0.0,0.0
Grassland,0.0,0.0,0.17452006980802792,99.65095986038395,0.17452006980802792,0.0,0.0
Urban,0.0,0.0,0.0,0.0,100.0,0.0,0.0
Water,0.0,0.0,0.0,0.0,0.0,100.0,0.0
Other,0.0,0.0,0.0,0.0,0.0,0.0,100.0
