from_label,Crops,TreeCrops,Forest,Grassland,Urban,Water,Other
Crops,92.3076923076923,0.0,0.0,0.0,7.6923076923076925,0.0,0.0
TreeCrops,0.0,99.79797979797979,0.0,0.0,0.20202020202020202,0.0,0.0
Forest,0.0,0.0,99.83559391697493,0.0,0.16440608302507193,0.0,0.0
Grassland,0.0,0.36496350364963503,0.0,99.45255474452554,0.18248175182481752,0.0,0.0
Urban,0.0,0.0,0.0,0.0,100.0,0.0,0.0
Water,0.0,0.0,0.0,0.0,0.0,100.0,0.0
Other,0.0,0.0,0.0,0.0,0.0,0.0,100.0
