from_label,Crops,TreeCrops,Forest,Grassland,Urban,Water,Other
Crops,99.9438769783365,0.0,0.0,0.05612302166348636,0.0,0.0,0.0
TreeCrops,0.0,0.0,0.0,0.0,0.0,0.0,0.0
Forest,0.0,0.0,99.80857580398163,0.17866258295048493,0.0,0.0,0.012761613067891782
Grassland,0.01175508167382767,0.0,0.0007196988779894492,99.97816913403432,0.0,0.0,0.00935608541386284
Urban,0.0,0.0,0.0,0.0,100.0,0.0,0.0
Water,0.0,0.0,0.0,0.0,0.0,100.0,0.0
Other,0.0,0.0,0.0,0.14852856027993858,0.0,0.0,99.85147143972006
