from_label,Crops,TreeCrops,Forest,Grassland,Urban,Water,Other
Crops,98.21740405973652,0.0,0.0013970187619619732,1.775610846453668,0.0037253833652319285,0.0,0.0018626916826159643
TreeCrops,0.0,0.0,0.0,0.0,0.0,0.0,0.0
Forest,0.09162349790323149,0.0,98.95954470169504,0.903020051450118,0.0,0.0,0.045811748951615744
Grassland,0.04922894431783271,0.0,0.0003476112454874966,99.93768169430037,0.0008510482217107676,0.0,0.011890701914606781
Urban,0.0,0.0,0.0,0.0,100.0,0.0,0.0
Water,0.0,0.0,0.0,0.0,0.0,100.0,0.0
Other,0.004281199239457547,0.0,0.0002518352493798557,0.10174144074946169,0.00037775287406978354,0.0,99.89334777188763
