from_label,Crops,TreeCrops,Forest,Grassland,Urban,Water,Other
Crops,99.98107315226649,0.0,0.0,0.018926847733509982,0.0,0.0,0.0
TreeCrops,0.0,0.0,0.0,0.0,0.0,0.0,0.0
Forest,0.03460806367883717,0.0,99.34244679010209,0.6056411143796504,0.0,0.0,0.017304031839418584
Grassland,0.0014378524236200812,0.0,0.0,99.98154756056354,0.0,0.0,0.017014587012837624
Urban,0.0,0.0,0.0,0.0,100.0,0.0,0.0
Water,0.0,0.0,0.0,0.0,0.0,100.0,0.0
Other,0.0,0.0,0.0,0.017666060973147588,0.0,0.0,99.98233393902686
