from_label,Crops,TreeCrops,Forest,Grassland,Urban,Water,Other
Crops,99.93257479983144,0.0,0.0,0.067425200168563,0.0,0.0,0.0
TreeCrops,0.0,0.0,0.0,0.0,0.0,0.0,0.0
Forest,0.49619583195501155,0.0,98.87528944756863,0.628514720476348,0.0,0.0,0.0
Grassland,0.16833114102061575,0.0,0.0004809461172017593,99.82325230192835,0.0004809461172017593,0.0,0.007454664816627269
Urban,0.0,0.0,0.0,0.0,100.0,0.0,0.0
Water,0.0,0.0,0.0,0.0,0.0,100.0,0.0
Other,0.06832675372001215,0.0,0.002530620508148598,0.05820427168741776,0.0,0.0,99.87093835408443
