from_label,Crops,TreeCrops,Forest,Grassland,Urban,Water,Other
Crops,99.89189189189189,0.0,0.0,0.10810810810810811,0.0,0.0,0.0
TreeCrops,0.0,0.0,0.0,0.0,0.0,0.0,0.0
Forest,0.015598190609889253,0.0,99.00171580096708,0.9670878178131337,0.0,0.0,0.015598190609889253
Grassland,0.003356501183166667,0.0,0.0004795001690238096,99.98321749408416,0.0002397500845119048,0.0,0.012706754479130953
Urban,0.0,0.0,0.0,0.0,100.0,0.0,0.0
Water,0.0,0.0,0.0,0.0,0.0,100.0,0.0
Other,0.0,0.0,0.0,0.166654041360503,0.0,0.0,99.8333459586395
