from_label,Crops,TreeCrops,Forest,Grassland,Urban,Water,Other
Crops,99.9444197421076,0.0,0.0,0.055580257892396616,0.0,0.0,0.0
TreeCrops,0.0,0.0,0.0,0.0,0.0,0.0,0.0
Forest,0.0,0.0,99.7438524590164,0.19211065573770492,0.0,0.0,0.06403688524590163
Grassland,0.011516066111816204,0.0,0.0007197541319885128,99.97840737604035,0.0,0.0,0.009356803715850666
Urban,0.0,0.0,0.0,0.0,100.0,0.0,0.0
Water,0.0,0.0,0.0,0.0,0.0,100.0,0.0
Other,0.0,0.0,0.0,0.15366787585650948,0.0,0.0,99.84633212414349
