from_label,Crops,TreeCrops,Forest,Grassland,Urban,Water,Other
Crops,99.92824928249281,0.0,0.0,0.07175071750717507,0.0,0.0,0.0
TreeCrops,0.0,0.0,0.0,0.0,0.0,0.0,0.0
Forest,0.0,0.0,99.22362401220019,0.7486482739498128,0.0,0.0,0.02772771384999307
Grassland,0.01103180998426768,0.0,0.0004796439123594643,99.98369210697979,0.0,0.0,0.004796439123594644
Urban,0.0,0.0,0.0,0.0,100.0,0.0,0.0
Water,0.0,0.0,0.0,0.0,0.0,100.0,0.0
Other,0.0,0.0,0.0,0.16518844189178886,0.0,0.0,99.83481155810821
