from_label,Crops,TreeCrops,Forest,Grassland,Urban,Water,Other
Crops,99.94103773584906,0.0,0.0,0.0589622641509434,0.0,0.0,0.0
TreeCrops,0.0,0.0,0.0,0.0,0.0,0.0,0.0
Forest,0.0,0.0,98.85587160336883,1.0964563801048786,0.0,0.0,0.04767201652629906
Grassland,0.001438248788275396,0.0,0.00047941626275846535,99.98993225848207,0.00023970813137923268,0.0,0.007910368335514678
Urban,0.0,0.0,0.0,0.0,100.0,0.0,0.0
Water,0.0,0.0,0.0,0.0,0.0,100.0,0.0
Other,0.0,0.0,0.0,0.1614367874079306,0.0,0.0,99.83856321259206
