from_label,Crops,TreeCrops,Forest,Grassland,Urban,Water,Other
Crops,99.94317536083645,0.0,0.0,0.056824639163541316,0.0,0.0,0.0
TreeCrops,0.0,0.0,0.0,0.0,0.0,0.0,0.0
Forest,0.0,0.0,99.84754160843603,0.11434379367297676,0.0,0.0,0.03811459789099225
Grassland,0.006477274362948072,0.0,0.0007196971514386747,99.98608585507218,0.0,0.0,0.006717173413427629
Urban,0.0,0.0,0.0,0.0,100.0,0.0,0.0
Water,0.0,0.0,0.0,0.0,0.0,100.0,0.0
Other,0.0,0.0,0.0,0.15579063748523758,0.0,0.0,99.84420936251476
