from_label,Crops,TreeCrops,Forest,Grassland,Urban,Water,Other
Crops,99.94359842075579,0.0,0.0,0.05640157924421885,0.0,0.0,0.0
TreeCrops,0.0,0.0,0.0,0.0,0.0,0.0,0.0
Forest,0.0,0.0,99.75802343352012,0.1782985226693836,0.0,0.0,0.06367804381049415
Grassland,0.011754743278805718,0.0,0.0007196781599268807,99.97960911880207,0.0,0.0,0.007916459759195688
Urban,0.0,0.0,0.0,0.0,100.0,0.0,0.0
Water,0.0,0.0,0.0,0.0,0.0,100.0,0.0
Other,0.0,0.0,0.0,0.1358866604594982,0.0,0.0,99.86411333954051
