from_label,Crops,TreeCrops,Forest,Grassland,Urban,Water,Other
Crops,99.9410551134689,0.0,0.0,0.05894488653109342,0.0,0.0,0.0
TreeCrops,0.0,0.0,0.0,0.0,0.0,0.0,0.0
Forest,0.0,0.0,99.08647031028508,0.8977791778232793,0.0,0.0,0.015750511891636478
Grassland,0.0007191312894024019,0.0,0.00047942085960160126,99.97962461346694,0.00047942085960160126,0.0,0.01869741352446245
Urban,0.0,0.0,0.0,0.0,100.0,0.0,0.0
Water,0.0,0.0,0.0,0.0,0.0,100.0,0.0
Other,0.0,0.0,0.0,0.06567149099542825,0.0,0.0,99.93432850900457
