from_label,Crops,TreeCrops,Forest,Grassland,Urban,Water,Other
Crops,99.9366152545954,0.0,0.0,0.06338474540460595,0.0,0.0,0.0
TreeCrops,0.0,0.0,0.0,0.0,0.0,0.0,0.0
Forest,0.0,0.0,99.36566671071759,0.5946874587022598,0.0,0.0,0.03964583058015066
Grassland,0.011517972836780726,0.0,0.0004799155348658636,99.98008350530306,0.0002399577674329318,0.0,0.0076786485578538176
Urban,0.0,0.0,0.0,0.0,100.0,0.0,0.0
Water,0.0,0.0,0.0,0.0,0.0,100.0,0.0
Other,0.0,0.0,0.0,0.16190235264356184,0.0025297242600556538,0.0,99.83556792309638
