from_label,Crops,TreeCrops,Forest,Grassland,Urban,Water,Other
Crops,89.2203513909224,0.0,0.009150805270863836,10.743045387994144,0.02745241581259151,0.0,0.0
TreeCrops,0.0,0.0,0.0,0.0,0.0,0.0,0.0
Forest,0.017006802721088433,0.0,98.79251700680271,0.9863945578231291,0.0,0.0,0.20408163265306123
Grassland,0.0014392354781140257,0.0,0.0,99.97913108556735,0.0,0.0,0.01942967895453935
Urban,0.0,0.0,0.0,0.0,100.0,0.0,0.0
Water,0.0,0.0,0.0,0.0,0.0,100.0,0.0
Other,0.0,0.0,0.0,0.08086730181193298,0.0,0.0,99.91913269818806
