from_label,Crops,TreeCrops,Forest,Grassland,Urban,Water,Other
Crops,99.93924665856622,0.0,0.0,0.060753341433778855,0.0,0.0,0.0
TreeCrops,0.0,0.0,0.0,0.0,0.0,0.0,0.0
Forest,0.0,0.0,99.26262053318207,0.737379466817924,0.0,0.0,0.0
Grassland,0.011268929403753753,0.0,0.00047952891079803205,99.97794167010329,0.0,0.0,0.010309871582157688
Urban,0.0,0.0,0.0,0.0,100.0,0.0,0.0
Water,0.0,0.0,0.0,0.0,0.0,100.0,0.0
Other,0.007635725012089898,0.0,0.0,0.038178625060449486,0.0,0.0,99.95418564992747
