from_label,Crops,TreeCrops,Forest,Grassland,Urban,Water,Other
Crops,99.93823347745521,0.0,0.0,0.06176652254478073,0.0,0.0,0.0
TreeCrops,0.0,0.0,0.0,0.0,0.0,0.0,0.0
Forest,0.0,0.0,99.16116611661167,0.8113311331133114,0.0,0.0,0.0275027502750275
Grassland,0.011512530670101238,0.0,0.0004796887779208849,99.98321089277276,0.0,0.0,0.004796887779208849
Urban,0.0,0.0,0.0,0.0,100.0,0.0,0.0
Water,0.0,0.0,0.0,0.0,0.0,100.0,0.0
Other,0.0,0.0,0.0,0.11175738487719387,0.0,0.0,99.8882426151228
