from_label,Crops,TreeCrops,Forest,Grassland,Urban,Water,Other
Crops,99.94078752590546,0.0,0.0,0.05921247409454258,0.0,0.0,0.0
TreeCrops,0.0,0.0,0.0,0.0,0.0,0.0,0.0
Forest,0.0,0.0,98.79740980573543,1.171754548257786,0.0,0.0,0.03083564600678384
Grassland,0.011269496828955413,0.0,0.0007193295848269413,99.97674167675726,0.0002397765282756471,0.0,0.011029720300679767
Urban,0.0,0.0,0.0,0.0,100.0,0.0,0.0
Water,0.0,0.0,0.0,0.0,0.0,100.0,0.0
Other,0.002524168917383951,0.0,0.0,0.15397430396042106,0.0,0.0,99.84350152712219
