from_label,Crops,TreeCrops,Forest,Grassland,Urban,Water,Other
Crops,99.92783505154638,0.0,0.0,0.07216494845360824,0.0,0.0,0.0
TreeCrops,0.0,0.0,0.0,0.0,0.0,0.0,0.0
Forest,0.43336944745395445,0.0,98.91657638136512,0.6500541711809318,0.0,0.0,0.0
Grassland,0.20016740404161185,0.0,0.0004782972617481765,99.79289728566305,0.000956594523496353,0.0,0.005500418510104029
Urban,0.0,0.0,0.0,0.0,100.0,0.0,0.0
Water,0.0,0.0,0.0,0.0,0.0,100.0,0.0
Other,0.002508717794335315,0.0,0.0,0.1781189633978074,0.0,0.0,99.81937231880785
