from_label,Crops,TreeCrops,Forest,Grassland,Urban,Water,Other
Crops,99.93770117329457,0.0,0.0,0.06229882670543038,0.0,0.0,0.0
TreeCrops,0.0,0.0,0.0,0.0,0.0,0.0,0.0
Forest,0.0,0.0,99.38925081433226,0.5564603691639523,0.0,0.0,0.05428881650380022
Grassland,0.011514601954603682,0.0,0.0004797750814418201,99.97841012133512,0.00023988754072091004,0.0,0.00935561408811549
Urban,0.0,0.0,0.0,0.0,100.0,0.0,0.0
Water,0.0,0.0,0.0,0.0,0.0,100.0,0.0
Other,0.0,0.0,0.0,0.16482819830100165,0.0,0.0,99.83517180169899
