from_label,Crops,TreeCrops,Forest,Grassland,Urban,Water,Other
Crops,99.98108747044917,0.0,0.0,0.018912529550827423,0.0,0.0,0.0
TreeCrops,0.0,0.0,0.0,0.0,0.0,0.0,0.0
Forest,0.0,0.0,98.85145482388974,1.1294027565084226,0.0,0.0,0.019142419601837674
Grassland,0.0023947392368445,0.0,0.0004789478473689,99.99042104305262,0.00119736961842225,0.0,0.00550790024474235
Urban,0.0,0.0,0.0,0.0,100.0,0.0,0.0
Water,0.0,0.0,0.0,0.0,0.0,100.0,0.0
Other,0.0,0.0,0.0,0.032628884092164044,0.0,0.0,99.96737111590784
