from_label,Crops,TreeCrops,Forest,Grassland,Urban,Water,Other
Crops,99.93716619541313,0.0,0.0,0.06283380458686773,0.0,0.0,0.0
TreeCrops,0.0,0.0,0.0,0.0,0.0,0.0,0.0
Forest,0.0,0.0,99.38370846730975,0.5493033226152197,0.0,0.0,0.0669882100750268
Grassland,0.011276093961051892,0.0,0.00047983378557667623,99.98032681479135,0.0007197506783650143,0.0,0.007197506783650143
Urban,0.0,0.0,0.0,0.0,100.0,0.0,0.0
Water,0.0,0.0,0.0,0.0,0.0,100.0,0.0
Other,0.0,0.0,0.0,0.15959063734927553,0.0,0.0,99.84040936265073
