from_label,Crops,TreeCrops,Forest,Grassland,Urban,Water,Other
Crops,99.94028662420382,0.0,0.0,0.059713375796178345,0.0,0.0,0.0
TreeCrops,0.0,0.0,0.0,0.0,0.0,0.0,0.0
Forest,0.0,0.0,99.00136177939174,0.9835073384778332,0.0,0.0,0.015130882130428205
Grassland,0.013666442888654455,0.0,0.0004795243118826124,99.97554426009398,0.0,0.0,0.010309772705476167
Urban,0.0,0.0,0.0,0.0,100.0,0.0,0.0
Water,0.0,0.0,0.0,0.0,0.0,100.0,0.0
Other,0.0,0.0,0.0,0.012640307412276267,0.0,0.0,99.98735969258772
