from_label,Crops,TreeCrops,Forest,Grassland,Urban,Water,Other
Crops,99.93743482794578,0.0,0.0,0.06256517205422316,0.0,0.0,0.0
TreeCrops,0.0,0.0,0.0,0.0,0.0,0.0,0.0
Forest,0.0,0.0,99.2722371967655,0.6603773584905661,0.0,0.0,0.06738544474393532
Grassland,0.01127533652081499,0.0,0.0004798015540772336,99.97744932695836,0.0002399007770386168,0.0,0.010555634189699141
Urban,0.0,0.0,0.0,0.0,100.0,0.0,0.0
Water,0.0,0.0,0.0,0.0,0.0,100.0,0.0
Other,0.0,0.0,0.0,0.1571689312512675,0.0,0.0,99.84283106874872
