from_label,Crops,TreeCrops,Forest,Grassland,Urban,Water,Other
Crops,99.93547693300356,0.0,0.0,0.06452306699645123,0.0,0.0,0.0
TreeCrops,0.0,0.0,0.0,0.0,0.0,0.0,0.0
Forest,0.0,0.0,99.49521097592545,0.4659590991457417,0.0,0.0,0.0388299249288118
Grassland,0.011520129025445086,0.0,0.0007200080640903179,99.97575972850896,0.0,0.0,0.012000134401505297
Urban,0.0,0.0,0.0,0.0,100.0,0.0,0.0
Water,0.0,0.0,0.0,0.0,0.0,100.0,0.0
Other,0.0,0.0,0.0,0.1615305015017289,0.0,0.0,99.83846949849827
