from_label,Crops,TreeCrops,Forest,Grassland,Urban,Water,Other
Crops,99.94103773584906,0.0,0.0,0.0589622641509434,0.0,0.0,0.0
TreeCrops,0.0,0.0,0.0,0.0,0.0,0.0,0.0
Forest,0.04820825968182549,0.0,98.9233488671059,0.9802346135304516,0.0,0.0,0.04820825968182549
Grassland,0.009346443917741707,0.0,0.00047930481629444654,99.97723302122601,0.0009586096325888931,0.0,0.011982620407361163
Urban,0.0,0.0,0.0,0.0,100.0,0.0,0.0
Water,0.0,0.0,0.0,0.0,0.0,100.0,0.0
Other,0.0,0.0,0.0,0.05300888529886914,0.0,0.0,99.94699111470113
