from_label,Crops,TreeCrops,Forest,Grassland,Urban,Water,Other
Crops,96.36576787807736,0.0,0.8909730363423213,2.5322391559202813,0.04689331770222743,0.0,0.16412661195779601
TreeCrops,0.24630541871921183,90.88669950738915,0.9852216748768473,7.635467980295567,0.24630541871921183,0.0,0.0
Forest,0.48642075395216866,0.020267531414673693,95.3486015403324,4.094041345764086,0.05066882853668423,0.0,0.0
Grassland,1.291722641314457,0.04133512452206262,4.2575178257724495,93.82039888395164,0.11367159243567222,0.0,0.47535393200372017
Urban,0.6191950464396285,0.30959752321981426,1.5479876160990713,3.4055727554179565,94.11764705882352,0.0,0.0
Water,0.0,0.0,0.0,0.0,0.0,100.0,0.0
Other,2.1212121212121215,0.0,0.30303030303030304,14.84848484848485,0.0,0.0,82.72727272727273
