from_label,Crops,TreeCrops,Forest,Grassland,Urban,Water,Other
Crops,96.18965764217161,0.014324595330181922,0.4440624552356396,3.294656925941842,0.028649190660363845,0.0,0.028649190660363845
TreeCrops,0.0,90.0,0.0,10.0,0.0,0.0,0.0
Forest,0.44908616187989553,0.0,96.43864229765013,3.101827676240209,0.010443864229765013,0.0,0.0
Grassland,2.4810817516437167,0.0,4.751271554397717,92.58156556258528,0.09924327006574865,0.0,0.08683786130753009
Urban,0.4878048780487805,0.0,0.0,2.9268292682926833,96.58536585365853,0.0,0.0
Water,0.0,0.0,0.0,0.0,0.0,100.0,0.0
Other,2.7027027027027026,0.0,0.0,2.7027027027027026,0.0,0.0,94.5945945945946
