from_label,Crops,TreeCrops,Forest,Grassland,Urban,Water,Other
Crops,95.74861367837339,0.0,1.3093037584719656,2.865064695009242,0.030807147258163897,0.0,0.04621072088724584
TreeCrops,0.0,100.0,0.0,0.0,0.0,0.0,0.0
Forest,0.591715976331361,0.0,95.80784274395747,3.6004412797111627,0.0,0.0,0.0
Grassland,2.201492537313433,0.0,3.8184079601990053,93.66915422885572,0.11194029850746269,0.0,0.1990049751243781
Urban,0.823045267489712,0.0,0.0,1.2345679012345678,97.94238683127571,0.0,0.0
Water,0.0,0.0,0.0,0.0,0.0,100.0,0.0
Other,2.7777777777777777,0.0,0.0,17.59259259259259,0.0,0.0,79.62962962962963
