from_label,Crops,TreeCrops,Forest,Grassland,Urban,Water,Other
Crops,95.92027405792588,0.0,0.23357209592027406,3.7215820616630335,0.04671441918405481,0.0,0.07785736530675802
TreeCrops,0.0,93.75,0.0,6.25,0.0,0.0,0.0
Forest,0.1282051282051282,0.0,97.08086785009861,2.7909270216962523,0.0,0.0,0.0
Grassland,2.0933165195460277,0.0,5.397225725094577,92.18158890290039,0.12610340479192939,0.0,0.201765447667087
Urban,0.78125,0.0,0.0,1.171875,98.046875,0.0,0.0
Water,0.0,0.0,0.0,0.0,0.0,100.0,0.0
Other,2.857142857142857,0.0,0.0,15.238095238095239,0.0,0.0,81.9047619047619
