from_label,Crops,TreeCrops,Forest,Grassland,Urban,Water,Other
Crops,95.92941176470589,0.0,1.1764705882352942,2.705882352941176,0.047058823529411764,0.0,0.1411764705882353
TreeCrops,0.0,97.03504043126685,1.6172506738544474,1.3477088948787064,0.0,0.0,0.0
Forest,0.4542873367404884,0.00946431951542684,97.83267083096725,1.6751845542305508,0.028392958546280524,0.0,0.0
Grassland,1.284162001975634,0.043902974426517395,1.4597738996817033,96.60849522555152,0.12073317967292285,0.0,0.4829327186916914
Urban,0.33333333333333337,0.33333333333333337,0.33333333333333337,3.3333333333333335,95.66666666666667,0.0,0.0
Water,0.0,0.0,0.0,0.0,0.0,100.0,0.0
Other,0.36900369003690037,0.0,0.0,9.22509225092251,0.0,0.0,90.40590405904058
