from_label,Crops,TreeCrops,Forest,Grassland,Urban,Water,Other
Crops,96.72795263321908,0.0,0.5609224057338735,2.6332190713617947,0.03116235587410408,0.0,0.046743533811156125
TreeCrops,0.0,100.0,0.0,0.0,0.0,0.0,0.0
Forest,0.2004008016032064,0.0,96.90380761523046,2.8957915831663326,0.0,0.0,0.0
Grassland,2.322995181020635,0.01235635734585444,5.3255900160632645,92.00543679723218,0.12356357345854442,0.0,0.21005807487952552
Urban,0.7874015748031495,0.0,0.0,3.149606299212598,96.06299212598425,0.0,0.0
Water,0.0,0.0,0.0,0.0,0.0,100.0,0.0
Other,3.669724770642202,0.0,1.834862385321101,16.51376146788991,0.0,0.0,77.98165137614679
