from_label,Crops,TreeCrops,Forest,Grassland,Urban,Water,Other
Crops,96.20551496582607,0.16497761018147536,1.0134338911147773,2.4275276926702802,0.023568230025925053,0.0,0.16497761018147536
TreeCrops,0.3597122302158274,94.60431654676259,0.0,4.676258992805756,0.3597122302158274,0.0,0.0
Forest,0.4931065713998189,0.6339941632283386,94.69658850759787,4.125993760692362,0.05031699708161417,0.0,0.0
Grassland,1.34152585765489,0.7373271889400922,4.198668714797747,93.23092677931388,0.051203277009728626,0.0,0.4403481822836662
Urban,0.6097560975609756,0.3048780487804878,1.524390243902439,2.7439024390243905,94.8170731707317,0.0,0.0
Water,0.0,0.0,0.0,0.0,0.0,100.0,0.0
Other,0.0,0.0,0.0,11.949685534591195,0.0,0.0,88.0503144654088
