from_label,Crops,TreeCrops,Forest,Grassland,Urban,Water,Other
Crops,95.91319052987599,0.0,0.7328072153325818,3.3117249154453217,0.02818489289740699,0.0,0.014092446448703494
TreeCrops,0.0,78.57142857142857,0.0,21.428571428571427,0.0,0.0,0.0
Forest,0.7336757153338225,0.0,95.8914159941306,3.374908290535583,0.0,0.0,0.0
Grassland,2.5554302893649004,0.012526619065514218,4.296630339471377,92.97256670424653,0.08768633345859952,0.0,0.0751597143930853
Urban,0.5,0.0,0.0,3.5000000000000004,96.0,0.0,0.0
Water,0.0,0.0,0.0,0.0,0.0,100.0,0.0
Other,2.857142857142857,0.0,0.0,14.285714285714285,0.0,0.0,82.85714285714286
