from_label,Crops,TreeCrops,Forest,Grassland,Urban,Water,Other
Crops,95.78113750899928,0.0,0.8927285817134629,3.2541396688264936,0.028797696184305253,0.0,0.04319654427645788
TreeCrops,0.0,100.0,0.0,0.0,0.0,0.0,0.0
Forest,0.7973490732111421,0.031065548306927617,96.31355493424459,2.858030444237341,0.0,0.0,0.0
Grassland,2.4344334295394656,0.037645877776383486,4.542602585016941,92.73434558915798,0.1003890074036893,0.0,0.15058351110553395
Urban,0.46511627906976744,0.0,0.0,2.7906976744186047,96.74418604651163,0.0,0.0
Water,0.0,0.0,0.0,0.0,0.0,100.0,0.0
Other,4.3478260869565215,0.0,0.0,1.4492753623188406,0.0,0.0,94.20289855072464
