from_label,Crops,TreeCrops,Forest,Grassland,Urban,Water,Other
Crops,96.0481630132757,0.0,1.1886384686631677,2.686014201914171,0.030873726458783574,0.0,0.04631058968817536
TreeCrops,0.0,88.23529411764706,0.0,11.76470588235294,0.0,0.0,0.0
Forest,0.7547169811320755,0.0,95.26315789473684,3.9523336643495535,0.029791459781529295,0.0,0.0
Grassland,2.3728813559322033,0.0,3.766478342749529,93.49654739485248,0.11299435028248588,0.0,0.25109855618330196
Urban,0.847457627118644,0.0,0.0,2.11864406779661,97.03389830508475,0.0,0.0
Water,0.0,0.0,0.0,0.0,0.0,100.0,0.0
Other,2.912621359223301,0.0,0.9708737864077669,13.592233009708737,0.0,0.0,82.52427184466019
