from_label,Crops,TreeCrops,Forest,Grassland,Urban,Water,Other
Crops,95.64983888292159,0.0,0.9935553168635876,3.316326530612245,0.02685284640171858,0.0,0.01342642320085929
TreeCrops,0.0,85.71428571428571,0.0,14.285714285714285,0.0,0.0,0.0
Forest,0.7830097608066072,0.0,95.22685830741177,3.9901319317816153,0.0,0.0,0.0
Grassland,2.7820121951219514,0.012703252032520327,4.522357723577236,92.51778455284553,0.08892276422764227,0.0,0.07621951219512195
Urban,0.5434782608695652,0.0,0.0,3.804347826086957,95.65217391304348,0.0,0.0
Water,0.0,0.0,0.0,0.0,0.0,100.0,0.0
Other,2.857142857142857,0.0,0.0,14.285714285714285,0.0,0.0,82.85714285714286
