from_label,Crops,TreeCrops,Forest,Grassland,Urban,Water,Other
Crops,95.37119195504289,0.0,1.2866015971606033,3.2682638272700384,0.02957704821058858,0.0,0.044365572315882874
TreeCrops,0.0,100.0,0.0,0.0,0.0,0.0,0.0
Forest,0.7539764511464574,0.0,95.2489155133237,3.997108035529849,0.0,0.0,0.0
Grassland,2.3344861660079053,0.012351778656126482,3.816699604743083,93.50296442687747,0.11116600790513835,0.0,0.2223320158102767
Urban,0.9090909090909091,0.0,0.0,3.1818181818181817,95.9090909090909,0.0,0.0
Water,0.0,0.0,0.0,0.0,0.0,100.0,0.0
Other,3.1578947368421053,0.0,0.0,14.736842105263156,0.0,0.0,82.10526315789474
