from_label,Crops,TreeCrops,Forest,Grassland,Urban,Water,Other
Crops,96.03448275862068,0.0,0.617816091954023,3.290229885057471,0.028735632183908046,0.0,0.028735632183908046
TreeCrops,0.0,100.0,0.0,0.0,0.0,0.0,0.0
Forest,0.5286069651741294,0.0,96.37230514096186,3.0990878938640134,0.0,0.0,0.0
Grassland,2.4756189047261814,0.012503125781445362,3.8259564891222806,93.49837459364842,0.1000250062515629,0.0,0.08752188047011752
Urban,0.4784688995215311,0.0,0.0,3.349282296650718,96.17224880382776,0.0,0.0
Water,0.0,0.0,0.0,0.0,0.0,100.0,0.0
Other,4.545454545454546,0.0,0.0,0.0,0.0,0.0,95.45454545454545
