from_label,Crops,TreeCrops,Forest,Grassland,Urban,Water,Other
Crops,95.6861075635022,0.014190435646374344,0.9649496239534554,3.292181069958848,0.02838087129274869,0.0,0.014190435646374344
TreeCrops,0.0,57.14285714285714,21.428571428571427,21.428571428571427,0.0,0.0,0.0
Forest,0.356020942408377,0.0,95.75916230366492,3.884816753926702,0.0,0.0,0.0
Grassland,2.5190173338321484,0.012470382840753212,4.476867439830403,92.81705948372615,0.0997630627260257,0.0,0.07482229704451926
Urban,0.49019607843137253,0.0,0.0,3.9215686274509802,95.58823529411765,0.0,0.0
Water,0.0,0.0,0.0,0.0,0.0,100.0,0.0
Other,2.857142857142857,0.0,0.0,11.428571428571429,0.0,0.0,85.71428571428571
