from_label,Crops,TreeCrops,Forest,Grassland,Urban,Water,Other
Crops,96.00654218345372,0.0,0.6269592476489028,3.3256099223115716,0.027259097723865342,0.0,0.013629548861932671
TreeCrops,0.0,77.77777777777779,0.0,22.22222222222222,0.0,0.0,0.0
Forest,0.594542945110946,0.0,95.56216158827901,3.843295466610044,0.0,0.0,0.0
Grassland,2.715391447785814,0.02537749016622256,4.441060779088948,92.66590534196169,0.08882121558177897,0.0,0.0634437254155564
Urban,0.5319148936170213,0.0,0.5319148936170213,3.723404255319149,95.2127659574468,0.0,0.0
Water,0.0,0.0,0.0,0.0,0.0,100.0,0.0
Other,2.857142857142857,0.0,0.0,14.285714285714285,0.0,0.0,82.85714285714286
