from_label,Crops,TreeCrops,Forest,Grassland,Urban,Water,Other
Crops,94.66099692889203,1.3229388140798488,1.0394519253484527,2.7876210725253956,0.04724781478856603,0.0,0.14174344436569808
TreeCrops,0.0,95.09536784741145,1.3623978201634876,2.997275204359673,0.0,0.0,0.544959128065395
Forest,0.49684693292566406,0.06688324097076247,95.41372061914771,3.9747754634053125,0.047773743550544624,0.0,0.0
Grassland,1.490913048209816,0.1305909239307868,1.9044509739906408,95.81020785722059,0.1305909239307868,0.0,0.5332462727173795
Urban,0.3236245954692557,0.3236245954692557,0.0,2.912621359223301,96.44012944983818,0.0,0.0
Water,0.0,0.0,0.0,0.0,0.0,100.0,0.0
Other,0.0,0.32786885245901637,1.639344262295082,11.80327868852459,0.0,0.0,86.22950819672131
