from_label,Crops,TreeCrops,Forest,Grassland,Urban,Water,Other
Crops,96.49769585253456,0.015360983102918587,0.2457757296466974,3.14900153609831,0.030721966205837174,0.0,0.06144393241167435
TreeCrops,0.0,100.0,0.0,0.0,0.0,0.0,0.0
Forest,0.7408890668802564,0.0,98.08770524629556,1.171405686824189,0.0,0.0,0.0
Grassland,2.171200399301223,0.0,5.390566508609933,92.1637135013726,0.09982530571499876,0.0,0.1746942850012478
Urban,0.423728813559322,0.0,0.423728813559322,2.5423728813559325,96.61016949152543,0.0,0.0
Water,0.0,0.0,0.0,0.0,0.0,100.0,0.0
Other,2.8846153846153846,0.0,0.9615384615384616,15.384615384615385,0.0,0.0,80.76923076923077
