from_label,Crops,TreeCrops,Forest,Grassland,Urban,Water,Other
Crops,95.6509460604349,0.0,1.016661959898334,3.2900310646709974,0.02824060999717594,0.0,0.01412030499858797
TreeCrops,0.0,91.66666666666666,0.0,8.333333333333332,0.0,0.0,0.0
Forest,0.7020117351215424,0.0,95.8298407376362,3.4576697401508802,0.010477787091366304,0.0,0.0
Grassland,2.551913935451589,0.03752814610958219,4.153114836127095,93.09482111583688,0.10007505629221916,0.0,0.06254691018263697
Urban,0.4975124378109453,0.0,0.0,3.482587064676617,96.01990049751244,0.0,0.0
Water,0.0,0.0,0.0,0.0,0.0,100.0,0.0
Other,2.7777777777777777,0.0,0.0,16.666666666666664,0.0,0.0,80.55555555555556
