from_label,Crops,TreeCrops,Forest,Grassland,Urban,Water,Other
Crops,95.27299925205685,0.0,1.406133133881825,3.2311144353029166,0.02991772625280479,0.0,0.05983545250560958
TreeCrops,0.0,100.0,0.0,0.0,0.0,0.0,0.0
Forest,0.26707755521314847,0.0,95.64458140729327,4.0780688238315355,0.010272213662044172,0.0,0.0
Grassland,2.246358923722538,0.0,5.171562577141446,92.24882745001234,0.09874105159219945,0.0,0.23450999753147372
Urban,0.43859649122807015,0.0,0.0,2.631578947368421,96.9298245614035,0.0,0.0
Water,0.0,0.0,0.0,0.0,0.0,100.0,0.0
Other,2.941176470588235,0.0,0.0,12.745098039215685,0.0,0.0,84.31372549019608
