from_label,Crops,TreeCrops,Forest,Grassland,Urban,Water,Other
Crops,96.00433637912343,0.0,0.7278922100046461,3.1593619327861235,0.04646120489391358,0.0,0.06194827319188478
TreeCrops,0.0,100.0,0.0,0.0,0.0,0.0,0.0
Forest,0.39215686274509803,0.0,96.53092006033182,3.076923076923077,0.0,0.0,0.0
Grassland,2.1610274141763397,0.0,4.112126450975549,93.3934304766609,0.1111385527290689,0.0,0.2222771054581378
Urban,0.8032128514056224,0.0,0.0,2.0080321285140563,97.18875502008032,0.0,0.0
Water,0.0,0.0,0.0,0.0,0.0,100.0,0.0
Other,2.857142857142857,0.0,0.0,14.285714285714285,0.0,0.0,82.85714285714286
