from_label,Crops,TreeCrops,Forest,Grassland,Urban,Water,Other
Crops,95.66494196615858,0.013984058173682003,0.9928681303314221,3.2862536708152708,0.027968116347364007,0.0,0.013984058173682003
TreeCrops,0.0,90.9090909090909,0.0,9.090909090909092,0.0,0.0,0.0
Forest,0.4741333895269202,0.0,96.11210620587926,3.4137604045938255,0.0,0.0,0.0
Grassland,2.5936599423631126,0.03758927452700163,4.360355845132189,92.8580378398697,0.08770830722967048,0.0,0.06264879087833605
Urban,1.0101010101010102,0.0,0.0,2.525252525252525,96.46464646464646,0.0,0.0
Water,0.0,0.0,0.0,0.0,0.0,100.0,0.0
Other,2.7027027027027026,0.0,0.0,18.91891891891892,0.0,0.0,78.37837837837837
