from_label,Crops,TreeCrops,Forest,Grassland,Urban,Water,Other
Crops,95.28521536670547,0.0,1.3969732246798603,3.2450523864959253,0.02910360884749709,0.0,0.043655413271245634
TreeCrops,0.0,73.68421052631578,21.052631578947366,5.263157894736842,0.0,0.0,0.0
Forest,0.7725587144622992,0.0,95.16893283889576,4.0585084466419445,0.0,0.0,0.0
Grassland,2.3976901832789355,0.0,4.770273663068039,92.58096911875471,0.10042681395932714,0.0,0.1506402209389907
Urban,0.4608294930875576,0.0,0.0,3.686635944700461,95.85253456221197,0.0,0.0
Water,0.0,0.0,0.0,0.0,0.0,100.0,0.0
Other,3.4482758620689653,0.0,0.0,12.643678160919542,0.0,0.0,83.9080459770115
