from_label,Crops,TreeCrops,Forest,Grassland,Urban,Water,Other
Crops,95.6359102244389,0.0,1.0113604876697146,3.3111665281241343,0.02770850651149903,0.0,0.013854253255749516
TreeCrops,0.0,83.33333333333334,0.0,16.666666666666664,0.0,0.0,0.0
Forest,0.7760178590411395,0.0,95.22695864781545,3.9970234931434043,0.0,0.0,0.0
Grassland,2.636511308259403,0.024990628514307136,4.848181931775584,92.34037236036487,0.08746719980007497,0.0,0.062476571285767835
Urban,0.5181347150259068,0.0,0.0,2.5906735751295336,96.89119170984456,0.0,0.0
Water,0.0,0.0,0.0,0.0,0.0,100.0,0.0
Other,2.7777777777777777,0.0,0.0,16.666666666666664,0.0,0.0,80.55555555555556
