from_label,Crops,TreeCrops,Forest,Grassland,Urban,Water,Other
Crops,99.48131751957449,0.0,0.019822260398427435,0.4988602200270904,0.0,0.0,0.0
TreeCrops,0.0,100.0,0.0,0.0,0.0,0.0,0.0
Forest,0.015378700499807767,0.07433038574907087,99.39894912213252,0.5100602332436243,0.0012815583749839806,0.0,0.0
Grassland,0.030129114277525886,0.0007348564457933142,0.04482624319339217,99.92137036030012,0.002204569337379943,0.0,0.0007348564457933142
Urban,0.0,0.0,0.0,0.0,100.0,0.0,0.0
Water,0.0,0.0,0.0,0.0,0.0,100.0,0.0
Other,0.0,0.0,0.0,0.0,0.0,0.0,100.0
