from_label,Crops,TreeCrops,Forest,Grassland,Urban,Water,Other
Crops,99.7674580036096,0.0937109537692628,0.010412328196584757,0.12841871442454533,0.0,0.0,0.0
TreeCrops,0.0,87.73584905660378,11.320754716981133,0.9433962264150944,0.0,0.0,0.0
Forest,0.17862223767822705,0.290853909139768,99.06895134519932,0.46157250798267524,0.0,0.0,0.0
Grassland,0.2200046108750782,0.05137832230016797,0.03622830418601588,99.68711919112077,0.005269571517965945,0.0,0.0
Urban,0.0,0.0,0.0,0.0,100.0,0.0,0.0
Water,0.0,0.0,0.0,0.0,0.0,100.0,0.0
Other,0.0,0.0,0.0,0.0,0.0,0.0,100.0
