from_label,Crops,TreeCrops,Forest,Grassland,Urban,Water,Other
Crops,99.83031074345105,0.0,0.01414077137907873,0.15554848516986602,0.0,0.0,0.0
TreeCrops,0.0,92.39766081871345,4.678362573099415,2.923976608187134,0.0,0.0,0.0
Forest,0.06038553843771774,0.006193388557714639,99.46117519547883,0.4691491832468839,0.0030966942788573197,0.0,0.0
Grassland,0.05890450851137055,0.0,0.035739814152966405,99.90072273846398,0.0046329388716808305,0.0,0.0
Urban,0.0,0.0,0.0,0.0,100.0,0.0,0.0
Water,0.0,0.0,0.0,0.0,0.0,100.0,0.0
Other,0.0,0.0,0.0,0.0,0.0,0.0,100.0
