from_label,Crops,TreeCrops,Forest,Grassland,Urban,Water,Other
Crops,99.8006235046763,0.010875081563111724,0.014500108750815631,0.17400130500978758,0.0,0.0,0.0
TreeCrops,0.0,100.0,0.0,0.0,0.0,0.0,0.0
Forest,0.03943908851884312,0.024832018697049374,99.38796377446684,0.5463044113350862,0.001460706982179375,0.0,0.0
Grassland,0.024313810244218716,0.002026150853684893,0.037821482602118005,99.93043548735682,0.004727685325264751,0.0,0.0006753836178949644
Urban,0.0,0.0,0.0,0.0,100.0,0.0,0.0
Water,0.0,0.0,0.0,0.0,0.0,100.0,0.0
Other,0.0,0.0,0.0,0.0,0.0,0.0,100.0
