from_label,Crops,TreeCrops,Forest,Grassland,Urban,Water,Other
Crops,99.88019732205778,0.0,0.017618040873854827,0.10218463706835801,0.0,0.0,0.0
TreeCrops,0.0,91.16022099447514,4.41988950276243,4.41988950276243,0.0,0.0,0.0
Forest,0.043769149002688676,0.0,99.34502594885262,0.6112049021446883,0.0,0.0,0.0
Grassland,0.06069282175441837,0.0,0.03628375213579359,99.89840549401978,0.004617932090010093,0.0,0.0
Urban,0.0,0.0,0.0,0.0,100.0,0.0,0.0
Water,0.0,0.0,0.0,0.0,0.0,100.0,0.0
Other,0.0,0.0,0.0,0.0,0.0,0.0,100.0
