from_label,Crops,TreeCrops,Forest,Grassland,Urban,Water,Other
Crops,99.39455782312925,0.0,0.013605442176870748,0.5918367346938775,0.0,0.0,0.0
TreeCrops,0.0,91.25,8.75,0.0,0.0,0.0,0.0
Forest,0.015878896945958818,0.0013232414121632351,99.46276398666173,0.5200338749801514,0.0,0.0,0.0
Grassland,0.02799672653658957,0.0,0.041636157413389614,99.92749565691807,0.0021535943489684284,0.0,0.000717864782989476
Urban,0.0,0.0,0.0,0.0,100.0,0.0,0.0
Water,0.0,0.0,0.0,0.0,0.0,100.0,0.0
Other,0.0,0.0,0.0,0.0,0.0,0.0,100.0
