from_label,Crops,TreeCrops,Forest,Grassland,Urban,Water,Other
Crops,99.85612496574404,0.0,0.013702384214853387,0.13017265004110715,0.0,0.0,0.0
TreeCrops,0.0,80.42105263157895,15.368421052631579,4.2105263157894735,0.0,0.0,0.0
Forest,0.05736594693649908,0.0015934985260138636,99.32913712054815,0.6103099354633097,0.0015934985260138636,0.0,0.0
Grassland,0.06065760758483823,0.0,0.03494405654343942,99.8997830831207,0.004615252751020301,0.0,0.0
Urban,0.0,0.0,0.0,0.0,100.0,0.0,0.0
Water,0.0,0.0,0.0,0.0,0.0,100.0,0.0
Other,0.0,0.0,0.0,0.0,0.0,0.0,100.0
