from_label,Crops,TreeCrops,Forest,Grassland,Urban,Water,Other
Crops,99.40167243367935,0.0,0.025230680507497116,0.5694925028835064,0.003604382929642445,0.0,0.0
TreeCrops,0.0,100.0,0.0,0.0,0.0,0.0,0.0
Forest,0.014183793597435572,0.0,99.43832177354155,0.5474944328610131,0.0,0.0,0.0
Grassland,0.021238259010845216,0.0,0.03288504621034098,99.94108095887314,0.004110630776292623,0.0,0.0006851051293821038
Urban,0.0,0.0,0.0,0.0,100.0,0.0,0.0
Water,0.0,0.0,0.0,0.0,0.0,100.0,0.0
Other,0.0,0.0,0.0,0.0,0.0,0.0,100.0
