from_label,Crops,TreeCrops,Forest,Grassland,Urban,Water,Other
Crops,99.3874074559392,0.0,0.01965537574526633,0.5929371683155343,0.0,0.0,0.0
TreeCrops,0.0,100.0,0.0,0.0,0.0,0.0,0.0
Forest,0.015241772618155493,0.0,99.46907825380092,0.5144098258627479,0.0012701477181796242,0.0,0.0
Grassland,0.03108095107710296,0.0,0.04514138132626858,99.92081757701786,0.0022200679340787827,0.0,0.0007400226446929276
Urban,0.0,0.0,0.0,0.0,100.0,0.0,0.0
Water,0.0,0.0,0.0,0.0,0.0,100.0,0.0
Other,0.0,0.0,0.0,0.0,0.0,0.0,100.0
