from_label,Crops,TreeCrops,Forest,Grassland,Urban,Water,Other
Crops,99.94103966720168,0.0,0.0,0.058960332798322905,0.0,0.0,0.0
TreeCrops,0.199203187250996,95.81673306772909,0.0,3.9840637450199203,0.0,0.0,0.0
Forest,0.02119507622075487,0.19564685742235266,99.1766528083476,0.6048748675307737,0.0016303904785196055,0.0,0.0
Grassland,0.025052247120639755,0.046808145935932174,0.0342820223756123,99.88726488795712,0.005933426949625205,0.0,0.0006592696610694673
Urban,0.0,0.0,0.0,0.0,100.0,0.0,0.0
Water,0.0,0.0,0.0,0.0,0.0,100.0,0.0
Other,0.0,0.0,0.0,0.0,0.0,0.0,100.0
