from_label,Crops,TreeCrops,Forest,Grassland,Urban,Water,Other
Crops,99.85705606975664,0.0,0.03930958081692456,0.10363434942643748,0.0,0.0,0.0
TreeCrops,0.0,99.50248756218906,0.4975124378109453,0.0,0.0,0.0,0.0
Forest,0.02879529575799827,0.009093251291999454,99.39832987284603,0.5637815801039662,0.0,0.0,0.0
Grassland,0.02333348888992593,0.0006666711111407409,0.03666691111274075,99.93399955999706,0.004666697777985187,0.0,0.0006666711111407409
Urban,0.0,0.0,0.0,0.0,100.0,0.0,0.0
Water,0.0,0.0,0.0,0.0,0.0,100.0,0.0
Other,0.0,0.0,0.0,0.0,0.0,0.0,100.0
