from_label,Crops,TreeCrops,Forest,Grassland,Urban,Water,Other
Crops,99.38748335552596,0.0,0.02663115845539281,0.5858854860186418,0.0,0.0,0.0
TreeCrops,0.0,97.14285714285714,2.857142857142857,0.0,0.0,0.0,0.0
Forest,0.015529557925251061,0.0,99.47846567967699,0.5047106325706594,0.001294129827104255,0.0,0.0
Grassland,0.02992809956567758,0.0,0.04379721887660134,99.92335486696595,0.0021898609438300667,0.0,0.0007299536479433556
Urban,0.0,0.0,0.0,0.0,100.0,0.0,0.0
Water,0.0,0.0,0.0,0.0,0.0,100.0,0.0
Other,0.0,0.0,0.0,0.0,0.0,0.0,100.0
