from_label,Crops,TreeCrops,Forest,Grassland,Urban,Water,Other
Crops,99.35678255865128,0.0,0.02369748468126883,0.6195199566674566,0.0,0.0,0.0
TreeCrops,0.0,100.0,0.0,0.0,0.0,0.0,0.0
Forest,0.01580694451762474,0.01580694451762474,99.45992939564782,0.5084567153169293,0.0,0.0,0.0
Grassland,0.028090899268916343,0.0,0.04249648863759139,99.92653149421976,0.002160838405301257,0.0,0.0007202794684337523
Urban,0.0,0.0,0.0,0.0,100.0,0.0,0.0
Water,0.0,0.0,0.0,0.0,0.0,100.0,0.0
Other,0.0,0.0,0.0,0.0,0.0,0.0,100.0
