from_label,Crops,TreeCrops,Forest,Grassland,Urban,Water,Other
Crops,99.89882931059401,0.0,0.00722647781471311,0.09394421159127041,0.0,0.0,0.0
TreeCrops,0.0,85.7843137254902,10.784313725490197,3.431372549019608,0.0,0.0,0.0
Forest,0.11100943580204317,0.0030002550216768425,99.41195001575134,0.4725401659141027,0.0015001275108384212,0.0,0.0
Grassland,0.11894976711239416,0.0,0.03474937016766571,99.84095480577106,0.005346056948871648,0.0,0.0
Urban,0.0,0.0,0.0,0.0,100.0,0.0,0.0
Water,0.0,0.0,0.0,0.0,0.0,100.0,0.0
Other,0.0,0.0,0.0,0.0,0.0,0.0,100.0
