from_label,Crops,TreeCrops,Forest,Grassland,Urban,Water,Other
Crops,99.58285930982177,0.0,0.006894887440962527,0.4102458027372703,0.0,0.0,0.0
TreeCrops,0.0,100.0,0.0,0.0,0.0,0.0,0.0
Forest,0.014754604107145252,0.0,99.45542097568173,0.5284830925650208,0.0013413276461041138,0.0,0.0
Grassland,0.027717368129290862,0.0,0.04264210481429363,99.92679772006879,0.0021321052407146817,0.0,0.0007107017469048938
Urban,0.0,0.0,0.0,0.0,100.0,0.0,0.0
Water,0.0,0.0,0.0,0.0,0.0,100.0,0.0
Other,0.0,0.0,0.0,0.0,0.0,0.0,100.0
