from_label,Crops,TreeCrops,Forest,Grassland,Urban,Water,Other
Crops,98.53473597923356,1.308149463761186,0.006831067695880866,0.15028348930937904,0.0,0.0,0.0
TreeCrops,0.0,99.73890339425587,0.0,0.26109660574412535,0.0,0.0,0.0
Forest,0.1632940573770492,8.701011782786885,90.66022028688525,0.47227202868852464,0.003201844262295082,0.0,0.0
Grassland,0.1888654909186628,0.6738615425111871,0.03948407475651487,99.09318241642538,0.004606475388260069,0.0,0.0
Urban,0.0,0.0,0.0,0.0,100.0,0.0,0.0
Water,0.0,0.0,0.0,0.0,0.0,100.0,0.0
Other,0.0,0.0,0.0,0.0,0.0,0.0,100.0
