from_label,Crops,TreeCrops,Forest,Grassland,Urban,Water,Other
Crops,99.3981022518057,0.0,0.0141622999575131,0.5841948732474154,0.003540574989378275,0.0,0.0
TreeCrops,0.0,100.0,0.0,0.0,0.0,0.0,0.0
Forest,0.01801127783088796,0.0,99.44165038724248,0.5403383349266387,0.0,0.0,0.0
Grassland,0.026424121050289275,0.0,0.04033155318202047,99.92976746773475,0.0027814864263462392,0.0,0.0006953716065865598
Urban,0.0,0.0,0.0,0.0,100.0,0.0,0.0
Water,0.0,0.0,0.0,0.0,0.0,100.0,0.0
Other,0.0,0.0,0.0,0.0,0.0,0.0,100.0
