from_label,Crops,TreeCrops,Forest,Grassland,Urban,Water,Other
Crops,99.89202630631809,0.07198246245460196,0.0032719301115728167,0.03271930111572817,0.0,0.0,0.0
TreeCrops,0.0,95.68452380952381,0.0,4.315476190476191,0.0,0.0,0.0
Forest,0.02792286718570349,9.094642094543543,90.2779146545777,0.5995203836930456,0.0,0.0,0.0
Grassland,0.021063579097030695,0.7102375576780037,0.03291184233911046,99.22854641557124,0.006582368467822092,0.0,0.0006582368467822092
Urban,0.0,0.0,0.0,0.0,100.0,0.0,0.0
Water,0.0,0.0,0.0,0.0,0.0,100.0,0.0
Other,0.0,0.0,0.0,0.0,0.0,0.0,100.0
