from_label,Crops,TreeCrops,Forest,Grassland,Urban,Water,Other
Crops,99.88713318284425,0.020521239482864766,0.003420206580477461,0.08892537109241398,0.0,0.0,0.0
TreeCrops,0.0,99.16943521594685,0.34606866002214837,0.4844961240310077,0.0,0.0,0.0
Forest,0.029986594228462574,0.12347421152896353,99.26268256544132,0.5838566288012418,0.0,0.0,0.0
Grassland,0.026503756907541642,0.007951127072262493,0.040418229284001,99.919163541432,0.005300751381508329,0.0,0.0006625939226885411
Urban,0.0,0.0,0.0,0.0,100.0,0.0,0.0
Water,0.0,0.0,0.0,0.0,0.0,100.0,0.0
Other,0.0,0.0,0.0,0.0,0.0,0.0,100.0
