from_label,Crops,TreeCrops,Forest,Grassland,Urban,Water,Other
Crops,93.41229193341869,1.8886043533930859,3.3162612035851478,1.3444302176696543,0.0,0.0,0.03841229193341869
TreeCrops,0.02535068446848065,99.88169680581376,0.02535068446848065,0.03380091262464086,0.03380091262464086,0.0,0.0
Forest,0.021289052104955027,0.03725584118367129,99.87226568737026,0.06918941934110384,0.0,0.0,0.0
Grassland,0.01536907741623853,3.3614367891801695,0.09001888200939709,96.51561059148992,0.008782329952136302,0.0,0.008782329952136302
Urban,0.0,0.0,0.0,0.0,100.0,0.0,0.0
Water,0.0,0.0,0.0,0.0,0.0,100.0,0.0
Other,0.0,0.0,0.24449877750611246,0.0,0.0,0.0,99.75550122249389
