from_label,Crops,TreeCrops,Forest,Grassland,Urban,Water,Other
Crops,99.9591364162637,0.027242389157529117,0.006810597289382279,0.006810597289382279,0.0,0.0,0.0
TreeCrops,0.111097395383286,97.20610624202773,0.02880302843270378,2.653993334156277,0.0,0.0,0.0
Forest,1.5078501476760453,0.19171977822685113,97.2485621016633,1.0363231255505467,0.0155448468832582,0.0,0.0
Grassland,1.3782305724618507,0.006615506747816882,0.028667195907206493,98.56443503572375,0.019846520243450648,0.0,0.002205168915938961
Urban,0.0,0.0,0.0,0.0,100.0,0.0,0.0
Water,0.0,0.0,0.0,0.0,0.0,100.0,0.0
Other,0.0,0.0,0.0,0.7299270072992701,0.0,0.0,99.27007299270073
