from_label,Crops,TreeCrops,Forest,Grassland,Urban,Water,Other
Crops,99.92457384220847,0.0,0.0754261577915221,0.0,0.0,0.0,0.0
TreeCrops,0.005435373410153278,99.92390477225786,0.059789107511686056,0.010870746820306556,0.0,0.0,0.0
Forest,0.006489503228527856,0.0,99.9188812096434,0.07462928712807035,0.0,0.0,0.0
Grassland,0.10193679918450561,0.0,1.1096548711227612,98.78258336973933,0.0029124799767001604,0.0,0.0029124799767001604
Urban,0.0,0.0,0.0,0.0,100.0,0.0,0.0
Water,0.0,0.0,0.0,0.0,0.0,100.0,0.0
Other,0.0,0.0,0.0,0.0,0.0,0.0,100.0
