from_label,Crops,TreeCrops,Forest,Grassland,Urban,Water,Other
Crops,99.87152880719438,0.009882399446585631,0.059294396679513785,0.059294396679513785,0.0,0.0,0.0
TreeCrops,0.11993694743334933,94.16763758481255,0.05140154890000686,5.650743609074087,0.01028030978000137,0.0,0.0
Forest,0.26862717375936657,0.009425514868749705,99.42504359300627,0.29219096093124086,0.004712757434374853,0.0,0.0
Grassland,0.608190921073931,0.004625026015771338,0.02775015609462803,99.33399625372893,0.023125130078856693,0.0,0.002312513007885669
Urban,0.0,0.0,0.0,0.0,100.0,0.0,0.0
Water,0.0,0.0,0.0,0.0,0.0,100.0,0.0
Other,0.975609756097561,0.0,0.0,0.0,0.0,0.0,99.02439024390245
