from_label,Crops,TreeCrops,Forest,Grassland,Urban,Water,Other
Crops,99.19143243582826,0.006159106978760935,0.6188670692258988,0.1818168380130228,0.0,0.0,0.001724549954053062
TreeCrops,0.24080710884186754,98.52570081987334,0.36010604349747166,0.8694584908439295,0.0017182974127350383,0.0,0.002209239530659335
Forest,0.037072918233230626,0.007869251511770651,99.89297817943992,0.06207965081507958,0.0,0.0,0.0
Grassland,0.494032994032994,0.09667134667134668,0.5703755703755703,98.83380133380133,0.0016087516087516086,0.0,0.00351000351000351
Urban,0.0,0.0,0.005462988254575253,0.0,99.99453701174542,0.0,0.0
Water,0.0,0.0,0.0,0.0,0.0,100.0,0.0
Other,0.023623907394283016,0.011811953697141508,0.28348688873139616,0.5197259626742263,0.0,0.0,99.16135128750295
