from_label,Crops,TreeCrops,Forest,Grassland,Urban,Water,Other
Crops,99.16610103752545,0.0,0.6593619703287114,0.17453699214583535,0.0,0.0,0.0
TreeCrops,0.11508009574663966,99.07015282636715,0.3176210642607255,0.49714601362548333,0.0,0.0,0.0
Forest,0.018725890416089283,0.0,99.89888019175311,0.08239391783079285,0.0,0.0,0.0
Grassland,0.34322280395578825,0.0,0.8842350203606748,98.7696335078534,0.0,0.0,0.0029086678301337987
Urban,0.0,0.0,0.0,0.0,100.0,0.0,0.0
Water,0.0,0.0,0.0,0.0,0.0,100.0,0.0
Other,0.0,0.0,0.45662100456621,0.0,0.0,0.0,99.54337899543378
