from_label,Crops,TreeCrops,Forest,Grassland,Urban,Water,Other
Crops,99.66800629040713,0.308695905410915,0.011648902090977926,0.011648902090977926,0.0,0.0,0.0
TreeCrops,0.01743299193724123,99.9128350403138,0.01743299193724123,0.05229897581172369,0.0,0.0,0.0
Forest,0.050571457469404266,0.010114291493880854,99.90391423080813,0.03540002022858299,0.0,0.0,0.0
Grassland,0.7538436862727127,0.9371491419013358,0.03436977293036684,98.24714158055129,0.009165272781431156,0.0,0.018330545562862312
Urban,0.0,0.0,0.0,0.0,100.0,0.0,0.0
Water,0.0,0.0,0.0,0.0,0.0,100.0,0.0
Other,0.0,0.0,0.0,0.0,0.0,0.0,100.0
