from_label,Crops,TreeCrops,Forest,Grassland,Urban,Water,Other
Crops,99.90134418547292,0.006165988407941794,0.07399186089530152,0.01849796522382538,0.0,0.0,0.0
TreeCrops,0.8984187829420222,86.66347228877176,0.24357131448650374,12.190544641431082,0.003992972368631209,0.0,0.0
Forest,0.0053803938448294415,0.0,99.90315291079307,0.0914666953621005,0.0,0.0,0.0
Grassland,0.04573205588457229,0.0,0.7339994969473853,99.20426222760844,0.016006219559600302,0.0,0.0
Urban,0.0,0.0,0.0,0.0,100.0,0.0,0.0
Water,0.0,0.0,0.0,0.0,0.0,100.0,0.0
Other,0.0,0.0,0.0,0.23866348448687352,0.0,0.0,99.76133651551312
