from_label,Crops,TreeCrops,Forest,Grassland,Urban,Water,Other
Crops,98.5923696728473,0.0,0.912532763809339,0.49509756334336474,0.0,0.0,0.0
TreeCrops,0.23232041631818606,98.46668525229997,0.4507016076572809,0.8456463153981972,0.0,0.0,0.004646408326363721
Forest,0.025749494206363802,0.014713996689350743,99.87493102814052,0.08460548096376679,0.0,0.0,0.0
Grassland,0.3458078129121121,0.7267825220525744,0.674032177710049,98.25337748732527,0.0,0.0,0.0
Urban,0.0,0.0,0.0,0.0,100.0,0.0,0.0
Water,0.0,0.0,0.0,0.0,0.0,100.0,0.0
Other,0.0,0.0,2.059496567505721,1.6018306636155606,0.0,0.0,96.33867276887872
