from_label,Crops,TreeCrops,Forest,Grassland,Urban,Water,Other
Crops,99.92472146943692,0.0,0.07025996185887784,0.00501856870420556,0.0,0.0,0.0
TreeCrops,0.032123353678124,99.92504550808438,0.016061676839062,0.026769461398436663,0.0,0.0,0.0
Forest,0.023384779849001135,0.0,99.90312019776843,0.07349502238257499,0.0,0.0,0.0
Grassland,0.5069599587558,0.0,1.283152889958183,98.18410952626454,0.005728361115884746,0.0,0.02004926390559661
Urban,0.0,0.0,0.0,0.0,100.0,0.0,0.0
Water,0.0,0.0,0.0,0.0,0.0,100.0,0.0
Other,0.0,0.0,0.0,0.0,0.0,0.0,100.0
