from_label,Crops,TreeCrops,Forest,Grassland,Urban,Water,Other
Crops,98.60335195530726,0.004816027740319784,1.0884222693122714,0.30340974764014644,0.0,0.0,0.0
TreeCrops,0.1518569940992711,98.98038875390489,0.28635890315862544,0.5770565775772302,0.0043387712599791736,0.0,0.0
Forest,0.02376802408493107,0.007922674694977025,99.8970052289653,0.07130407225479321,0.0,0.0,0.0
Grassland,0.32564766086122177,0.15991626203006426,0.6454801849213503,98.86314075538627,0.002907568400546623,0.0,0.002907568400546623
Urban,0.0,0.0,0.0,0.0,100.0,0.0,0.0
Water,0.0,0.0,0.0,0.0,0.0,100.0,0.0
Other,0.0,0.0,0.0,0.0,0.0,0.0,100.0
