from_label,Crops,TreeCrops,Forest,Grassland,Urban,Water,Other
Crops,99.28123101842479,0.6377809273132213,0.060741040696497266,0.020247013565499086,0.0,0.0,0.0
TreeCrops,0.2131271899721851,99.1655528663801,0.12281905862803887,0.4840515840046238,0.014449301015063396,0.0,0.0
Forest,0.018950161076369147,0.06632556376729201,99.85787379192723,0.05685048322910744,0.0,0.0,0.0
Grassland,0.5520207506595429,3.664619682089255,0.2216950805861618,95.53727802780057,0.02216950805861618,0.0,0.002216950805861618
Urban,0.0,0.0,0.0,0.0,100.0,0.0,0.0
Water,0.0,0.0,0.0,0.0,0.0,100.0,0.0
Other,0.0,0.0,0.24330900243309003,0.24330900243309003,0.0,0.0,99.51338199513383
