from_label,Crops,TreeCrops,Forest,Grassland,Urban,Water,Other
Crops,99.5324549152954,0.15180035217681706,0.2125204930475439,0.09715222539316291,0.0,0.0,0.006072014087072682
TreeCrops,0.0,99.97709783803592,0.004580432392817882,0.01832172957127153,0.0,0.0,0.0
Forest,0.0,0.01581361024721944,99.88930472826947,0.09488166148331664,0.0,0.0,0.0
Grassland,0.025925765890334008,4.539169511299313,0.051851531780668016,95.3549669446485,0.010802402454305837,0.0,0.01728384392688934
Urban,0.0,0.0,0.0,0.0,100.0,0.0,0.0
Water,0.0,0.0,0.0,0.0,0.0,100.0,0.0
Other,0.0,0.0,0.0,0.0,0.0,0.0,100.0
