from_label,Crops,TreeCrops,Forest,Grassland,Urban,Water,Other
Crops,99.80084767400295,0.051064698973599554,0.14298115712607873,0.005106469897359955,0.0,0.0,0.0
TreeCrops,0.016626485992185552,99.85867486906642,0.10807215894920608,0.016626485992185552,0.0,0.0,0.0
Forest,0.05516890171447972,0.04243761670344594,99.85995586487863,0.04243761670344594,0.0,0.0,0.0
Grassland,0.5736823234134099,0.47439115205339655,0.9625727445734616,97.97556333949306,0.011032352373334805,0.0,0.002758088093333701
Urban,0.0,0.0,0.0,0.0,100.0,0.0,0.0
Water,0.0,0.0,0.0,0.0,0.0,100.0,0.0
Other,0.0,0.0,0.4705882352941176,0.0,0.0,0.0,99.52941176470588
