from_label,Crops,TreeCrops,Forest,Grassland,Urban,Water,Other
Crops,99.85898942420681,0.09400705052878966,0.007833920877399137,0.03916960438699569,0.0,0.0,0.0
TreeCrops,0.22061527147934795,98.92143645054541,0.0,0.8538628099848837,0.004085467990358296,0.0,0.0
Forest,3.7484240131897972,0.30549898167006106,93.49723596159441,2.4342934729900105,0.014547570555717195,0.0,0.0
Grassland,2.42229648559509,0.0327632527357316,0.03713168643382915,97.48596640674486,0.019657951641438964,0.0,0.0021842168490487737
Urban,0.0,0.0,0.0,0.0,100.0,0.0,0.0
Water,0.0,0.0,0.0,0.0,0.0,100.0,0.0
Other,0.0,0.0,0.0,0.0,0.0,0.0,100.0
