from_label,Crops,TreeCrops,Forest,Grassland,Urban,Water,Other
Crops,94.12775708965913,5.8092237181323405,0.05156115726152965,0.011458034947006588,0.0,0.0,0.0
TreeCrops,0.004275514130574202,99.88883663260508,0.017102056522296807,0.07695925435033563,0.012826542391722606,0.0,0.0
Forest,0.055622977346278316,0.07079288025889968,99.83313106796116,0.04045307443365696,0.0,0.0,0.0
Grassland,0.6899927737243292,5.916221823352526,0.5641157136529988,92.8203454625982,0.006993170003962797,0.0,0.0023310566679875986
Urban,0.0,0.0,0.0,0.0,100.0,0.0,0.0
Water,0.0,0.0,0.0,0.0,0.0,100.0,0.0
Other,0.0,0.0,0.0,0.6756756756756757,0.0,0.0,99.32432432432432
