from_label,Crops,TreeCrops,Forest,Grassland,Urban,Water,Other
Crops,98.50636989310294,0.0,1.2788597647288524,0.20988919802801775,0.0,0.0,0.004881144140186459
TreeCrops,0.7368028352919231,95.86364484238015,0.8067524715538146,2.5927998507741092,0.0,0.0,0.0
Forest,0.07226738934056008,0.0,99.8952122854562,0.03252032520325203,0.0,0.0,0.0
Grassland,0.3043645282349813,0.0,0.23344463816081085,99.4621908336042,0.0,0.0,0.0
Urban,0.0,0.0,0.0,0.0,100.0,0.0,0.0
Water,0.0,0.0,0.0,0.0,0.0,100.0,0.0
Other,0.0,0.0,0.23696682464454977,0.23696682464454977,0.0,0.0,99.52606635071089
