from_label,Crops,TreeCrops,Forest,Grassland,Urban,Water,Other
Crops,99.92773406134575,0.016059097478721696,0.04817729243616509,0.008029548739360848,0.0,0.0,0.0
TreeCrops,0.0,99.97001499250375,0.021417862497322766,0.004283572499464553,0.004283572499464553,0.0,0.0
Forest,0.06810663553220471,0.034053317766102355,99.87351624829734,0.024323798404358825,0.0,0.0,0.0
Grassland,0.6468660818095339,2.388753831518867,0.1691153155057605,96.76778353239615,0.025367297325864076,0.0,0.0021139414438220063
Urban,0.0,0.0,0.0,0.0,100.0,0.0,0.0
Water,0.0,0.0,0.0,0.0,0.0,100.0,0.0
Other,0.0,0.0,0.24390243902439024,0.0,0.0,0.0,99.7560975609756
