from_label,Crops,TreeCrops,Forest,Grassland,Urban,Water,Other
Crops,99.98630887185104,0.0,0.006845564074479737,0.006845564074479737,0.0,0.0,0.0
TreeCrops,0.08636595611039138,92.70992815922742,0.03140580222196051,7.168374357162485,0.003925725277745064,0.0,0.0
Forest,1.0811649681858155,0.17588329625989343,98.25668615177693,0.4759195075267704,0.010346076250581966,0.0,0.0
Grassland,1.169947952025345,0.006788866259334691,0.03620728671645169,98.76668929622086,0.018103643358225844,0.0,0.0022629554197782305
Urban,0.0,0.0,0.0,0.0,100.0,0.0,0.0
Water,0.0,0.0,0.0,0.0,0.0,100.0,0.0
Other,0.0,0.0,0.0,0.0,0.0,0.0,100.0
