from_label,Crops,TreeCrops,Forest,Grassland,Urban,Water,Other
Crops,98.7633099364943,0.0,0.4822613761161247,0.74487895716946,0.009549730220121282,0.0,0.0
TreeCrops,0.0,99.5749704840614,0.24557260920897284,0.1322314049586777,0.047225501770956316,0.0,0.0
Forest,0.18178767199910503,0.0,99.8182123280009,0.0,0.0,0.0,0.0
Grassland,0.1428964001099203,0.0,0.06595218466611708,99.78565539983512,0.005496015388843089,0.0,0.0
Urban,0.0,0.0,0.0,0.0,100.0,0.0,0.0
Water,0.0,0.0,0.0,0.0,0.0,100.0,0.0
Other,0.0,0.0,0.0,0.0,0.0,0.0,0.0
