from_label,Crops,TreeCrops,Forest,Grassland,Urban,Water,Other
Crops,99.76156769242233,0.0,0.0149020192236048,0.223530288354072,0.0,0.0,0.0
TreeCrops,0.0,98.42797126981976,1.4410263359985545,0.13100239418168677,0.0,0.0,0.0
Forest,0.9782354317809501,0.0,99.01942429206646,0.002340276152586005,0.0,0.0,0.0
Grassland,0.4427754736016142,0.011209505660800359,0.0,99.54601502073758,0.0,0.0,0.0
Urban,0.0,0.0,0.0,0.0,100.0,0.0,0.0
Water,0.0,0.0,0.0,0.0,0.0,100.0,0.0
Other,0.0,0.0,0.0,0.0,0.0,0.0,0.0
