from_label,Crops,TreeCrops,Forest,Grassland,Urban,Water,Other
Crops,98.63964777602168,0.0,0.762023030029352,0.5870399638744638,0.011289230074508919,0.0,0.0
TreeCrops,0.0,99.67577582213988,0.12505789717461788,0.1713756368689208,0.02779064381658175,0.0,0.0
Forest,0.16416991586291813,0.0,99.82556946439564,0.010260619741432383,0.0,0.0,0.0
Grassland,0.1570034765055512,0.0,0.0728944712347202,99.77010205225973,0.0,0.0,0.0
Urban,0.0,0.0,0.0,0.0,100.0,0.0,0.0
Water,0.0,0.0,0.0,0.0,0.0,100.0,0.0
Other,0.0,0.0,0.0,0.0,0.0,0.0,0.0
