from_label,Crops,TreeCrops,Forest,Grassland,Urban,Water,Other
Crops,99.77864063577312,0.0,0.0,0.2213593642268752,0.0,0.0,0.0
TreeCrops,0.004817187725805675,99.89402187003228,0.0,0.10116094224191918,0.0,0.0,0.0
Forest,1.9480295990363106,0.0,98.0519704009637,0.0,0.0,0.0,0.0
Grassland,0.4938801803736311,0.0,0.0,99.50611981962638,0.0,0.0,0.0
Urban,0.0,0.0,0.0,0.0,100.0,0.0,0.0
Water,0.0,0.0,0.0,0.0,0.0,100.0,0.0
Other,0.0,0.0,0.0,0.0,0.0,0.0,0.0
