from_label,Crops,TreeCrops,Forest,Grassland,Urban,Water,Other
Crops,99.65141398271798,0.0,0.004909662215239592,0.3436763550667714,0.0,0.0,0.0
TreeCrops,0.0,99.93864451576364,0.0,0.061355484236360204,0.0,0.0,0.0
Forest,1.5444759518762217,0.0,98.43349943561931,0.022024612504473746,0.0,0.0,0.0
Grassland,0.46728971962616817,0.0,0.005497526113249038,99.52721275426059,0.0,0.0,0.0
Urban,0.0,0.0,0.0,0.0,100.0,0.0,0.0
Water,0.0,0.0,0.0,0.0,0.0,100.0,0.0
Other,0.0,0.0,0.0,0.0,0.0,0.0,0.0
