from_label,Crops,TreeCrops,Forest,Grassland,Urban,Water,Other
Crops,99.71341967484155,0.0,0.0,0.2865803251584459,0.0,0.0,0.0
TreeCrops,0.0,99.93487160401935,0.0,0.06512839598064757,0.0,0.0,0.0
Forest,1.4266815387408887,0.0,98.56294259552281,0.010375865736297372,0.0,0.0,0.0
Grassland,0.5969649631778621,0.0,0.0,99.40303503682215,0.0,0.0,0.0
Urban,0.0,0.0,0.0,0.0,100.0,0.0,0.0
Water,0.0,0.0,0.0,0.0,0.0,100.0,0.0
Other,0.0,0.0,0.0,0.0,0.0,0.0,0.0
