from_label,Crops,TreeCrops,Forest,Grassland,Urban,Water,Other
Crops,99.72981398732203,0.0,0.21822716408604384,0.0519588485919152,0.0,0.0,0.0
TreeCrops,0.0,99.9110736684452,0.07488533183562669,0.009360666479453337,0.004680333239726668,0.0,0.0
Forest,0.2534347072162198,0.0,99.5438175270108,0.1894090969721222,0.013338668800853673,0.0,0.0
Grassland,0.21106420795378805,0.0,0.33325927571650743,99.45012219506776,0.00555432126194179,0.0,0.0
Urban,0.0,0.0,0.0,0.0,100.0,0.0,0.0
Water,0.0,0.0,0.0,0.0,0.0,100.0,0.0
Other,0.0,0.0,0.0,0.0,0.0,0.0,0.0
