from_label,Crops,TreeCrops,Forest,Grassland,Urban,Water,Other
Crops,99.69990169193356,0.0,0.2535313292285404,0.04656697883789517,0.0,0.0,0.0
TreeCrops,0.0,99.94872033937811,0.037294298634096314,0.009323574658524078,0.004661787329262039,0.0,0.0
Forest,0.28038880581072423,0.0,99.52467421491134,0.18425550096133306,0.010681478316599017,0.0,0.0
Grassland,0.13415315818893236,0.0,0.31861375069871434,99.54164337618782,0.005589714924538848,0.0,0.0
Urban,0.0,0.0,0.0,0.0,100.0,0.0,0.0
Water,0.0,0.0,0.0,0.0,0.0,100.0,0.0
Other,0.0,0.0,0.0,0.0,0.0,0.0,0.0
