from_label,Crops,TreeCrops,Forest,Grassland,Urban,Water,Other
Crops,99.69259274855771,0.0,0.012633174716806332,0.2947740767254811,0.0,0.0,0.0
TreeCrops,0.0,99.62966479916437,0.30861266736302345,0.06172253347260469,0.0,0.0,0.0
Forest,0.2722378563562951,0.0,99.7277621436437,0.0,0.0,0.0,0.0
Grassland,0.42102990391881684,0.0,0.005397819281010472,99.57357227680018,0.0,0.0,0.0
Urban,0.0,0.0,0.0,0.0,100.0,0.0,0.0
Water,0.0,0.0,0.0,0.0,0.0,100.0,0.0
Other,0.0,0.0,0.0,0.0,0.0,0.0,0.0
