from_label,Crops,TreeCrops,Forest,Grassland,Urban,Water,Other
Crops,99.72854458133223,0.016704948841094174,0.0,0.25475046982668614,0.0,0.0,0.0
TreeCrops,0.0,99.90961419532847,0.0,0.09038580467151895,0.0,0.0,0.0
Forest,1.70590766582652,0.20286469539558616,98.0881539312719,0.0030737075059937297,0.0,0.0,0.0
Grassland,0.42640470664435687,0.016192583796621147,0.0,99.55740270955901,0.0,0.0,0.0
Urban,0.0,0.0,0.0,0.0,100.0,0.0,0.0
Water,0.0,0.0,0.0,0.0,0.0,100.0,0.0
Other,0.0,0.0,0.0,0.0,0.0,0.0,0.0
