from_label,Crops,TreeCrops,Forest,Grassland,Urban,Water,Other
Crops,99.72347803186587,0.0,0.22385111706096653,0.05267085107316859,0.0,0.0,0.0
TreeCrops,0.0,99.26162818040729,0.7195597987113765,0.018812020881343178,0.0,0.0,0.0
Forest,0.014857957922263163,0.0,99.78307381433495,0.1990966361583264,0.002971591584452633,0.0,0.0
Grassland,0.07636085960510527,0.0,0.3654412566815752,99.55819788371332,0.0,0.0,0.0
Urban,0.0,0.0,0.0,0.0,100.0,0.0,0.0
Water,0.0,0.0,0.0,0.0,0.0,100.0,0.0
Other,0.0,0.0,0.0,0.0,0.0,0.0,0.0
