from_label,Crops,TreeCrops,Forest,Grassland,Urban,Water,Other
Crops,98.50683867885085,0.08958967926894822,0.8720062115510959,0.50170220390611,0.02986322642298274,0.0,0.0
TreeCrops,0.0,99.61224396697231,0.10492222070161034,0.2782719766434013,0.00456183568267871,0.0,0.0
Forest,0.13089664199768414,0.16362080249710517,99.69541358304384,0.010068972461360319,0.0,0.0,0.0
Grassland,0.09019165727170236,0.0,0.07891770011273957,99.83089064261556,0.0,0.0,0.0
Urban,0.0,0.0,0.0,0.0,100.0,0.0,0.0
Water,0.0,0.0,0.0,0.0,0.0,100.0,0.0
Other,0.0,0.0,0.0,0.0,0.0,0.0,0.0
