from_label,Crops,TreeCrops,Forest,Grassland,Urban,Water,Other
Crops,99.74725857078798,0.0,0.0,0.2527414292120174,0.0,0.0,0.0
TreeCrops,0.0,99.93319973279893,0.0,0.06680026720106881,0.0,0.0,0.0
Forest,1.8488444722048718,0.0,98.14803247970019,0.003123048094940662,0.0,0.0,0.0
Grassland,0.5023768366464996,0.0,0.0,99.4976231633535,0.0,0.0,0.0
Urban,0.0,0.0,0.0,0.0,100.0,0.0,0.0
Water,0.0,0.0,0.0,0.0,0.0,100.0,0.0
Other,0.0,0.0,0.0,0.0,0.0,0.0,0.0
