from_label,Crops,TreeCrops,Forest,Grassland,Urban,Water,Other
Crops,99.70264124540843,0.0,0.023322255262083844,0.27403649932948515,0.0,0.0,0.0
TreeCrops,0.0,97.98937956701312,1.9243861480506514,0.08623428493623202,0.0,0.0,0.0
Forest,1.3684614400818518,0.0,98.62130707251566,0.010231487402481136,0.0,0.0,0.0
Grassland,0.45390865788736345,0.0,0.0,99.54609134211265,0.0,0.0,0.0
Urban,0.0,0.0,0.0,0.0,100.0,0.0,0.0
Water,0.0,0.0,0.0,0.0,0.0,100.0,0.0
Other,0.0,0.0,0.0,0.0,0.0,0.0,0.0
