from_label,Crops,TreeCrops,Forest,Grassland,Urban,Water,Other
Crops,98.49430163879876,1.2062224440562348,0.23292571333499706,0.06239081607187422,0.004159387738124948,0.0,0.0
TreeCrops,0.0,99.98454763192458,0.007726184037703778,0.007726184037703778,0.0,0.0,0.0
Forest,0.2050380785002929,0.04027533684827182,99.51669595782073,0.23799062683069716,0.0,0.0,0.0
Grassland,0.08002987782105318,0.005335325188070213,0.36813743797684473,99.54116203382596,0.005335325188070213,0.0,0.0
Urban,0.0,0.0,0.0,0.0,100.0,0.0,0.0
Water,0.0,0.0,0.0,0.0,0.0,100.0,0.0
Other,0.0,0.0,0.0,0.0,0.0,0.0,0.0
