from_label,Crops,TreeCrops,Forest,Grassland,Urban,Water,Other
Crops,99.73138910207214,0.0,0.22171058241664535,0.04690031551121344,0.0,0.0,0.0
TreeCrops,0.0,99.86398156194505,0.10957040843314317,0.022669739675822722,0.0037782899459704537,0.0,0.0
Forest,0.11719894520949312,0.0183123351889833,99.61910342806914,0.2453852915323762,0.0,0.0,0.0
Grassland,0.058660409556314,0.01599829351535836,0.3679607508532423,99.55204778156997,0.005332764505119454,0.0,0.0
Urban,0.0,0.0,0.0,0.0,100.0,0.0,0.0
Water,0.0,0.0,0.0,0.0,0.0,100.0,0.0
Other,0.0,0.0,0.0,0.0,0.0,0.0,0.0
