from_label,Crops,TreeCrops,Forest,Grassland,Urban,Water,Other
Crops,99.73994379430393,0.0,0.016777819722327083,0.2432783859737427,0.0,0.0,0.0
TreeCrops,0.0,99.92375142966068,0.0,0.07624857033930614,0.0,0.0,0.0
Forest,0.13161116552399607,0.0,99.86532810969638,0.0030607247796278158,0.0,0.0,0.0
Grassland,0.4425256341068538,0.0,0.005396654074473826,99.55207771181868,0.0,0.0,0.0
Urban,0.0,0.0,0.0,0.0,100.0,0.0,0.0
Water,0.0,0.0,0.0,0.0,0.0,100.0,0.0
Other,0.0,0.0,0.0,0.0,0.0,0.0,0.0
