from_label,Crops,TreeCrops,Forest,Grassland,Urban,Water,Other
Crops,99.7295785154793,0.0,0.0,0.27042148452070125,0.0,0.0,0.0
TreeCrops,0.0,99.91923223109083,0.0,0.08076776890916001,0.0,0.0,0.0
Forest,1.540775211395494,0.0,98.44787469496623,0.011350093638272517,0.0,0.0,0.0
Grassland,0.4805067161734193,0.0,0.04368242874303811,99.47581085508355,0.0,0.0,0.0
Urban,0.0,0.0,0.0,0.0,100.0,0.0,0.0
Water,0.0,0.0,0.0,0.0,0.0,100.0,0.0
Other,0.0,0.0,0.0,0.0,0.0,0.0,0.0
