from_label,Crops,TreeCrops,Forest,Grassland,Urban,Water,Other
Crops,99.27342082557558,0.5176876617773942,0.17710367376595068,0.03178783888106807,0.0,0.0,0.0
TreeCrops,0.0,99.88112785887499,0.09034282725500452,0.01901954258000095,0.009509771290000475,0.0,0.0
Forest,0.4264760971673919,0.21900123908595798,99.14992940091635,0.19883007232804079,0.005763190502262052,0.0,0.0
Grassland,0.1858228124829207,0.0,0.28966497239984695,99.51358146144177,0.010930753675465924,0.0,0.0
Urban,0.0,0.0,0.0,0.0,100.0,0.0,0.0
Water,0.0,0.0,0.0,0.0,0.0,100.0,0.0
Other,0.0,0.0,0.0,0.0,0.0,0.0,0.0
