from_label,Crops,TreeCrops,Forest,Grassland,Urban,Water,Other
Crops,99.67586821015138,0.04630454140694568,0.22796081923419412,0.04986642920747997,0.0,0.0,0.0
TreeCrops,0.0,99.9854524294443,0.0,0.00969838037047813,0.004849190185239065,0.0,0.0
Forest,0.05252836531727133,0.3536909931362936,99.36265583415043,0.23112480739599386,0.0,0.0,0.0
Grassland,0.0693925483078894,0.010675776662752214,0.3576385182021992,99.55695526849578,0.005337888331376107,0.0,0.0
Urban,0.0,0.0,0.0,0.0,100.0,0.0,0.0
Water,0.0,0.0,0.0,0.0,0.0,100.0,0.0
Other,0.0,0.0,0.0,0.0,0.0,0.0,0.0
