from_label,Crops,TreeCrops,Forest,Grassland,Urban,Water,Other
Crops,99.78687651133244,0.0,0.19672937415467848,0.008197057256444935,0.004098528628222468,0.0,0.004098528628222468
TreeCrops,0.0,0.0,0.0,0.0,0.0,0.0,0.0
Forest,0.032989690721649485,0.0,99.94556701030928,0.01979381443298969,0.0016494845360824743,0.0,0.0
Grassland,0.03656689129185603,0.0,0.2037298229117693,99.73880791934388,0.002611920806561145,0.0,0.018283445645928015
Urban,0.0,0.0,0.0,0.0,100.0,0.0,0.0
Water,0.0,0.0,0.0,0.0,0.0,100.0,0.0
Other,0.06347594261774787,0.0,0.20312301637679323,0.012695188523549577,0.0,0.0,99.7207058524819
