from_label,Crops,TreeCrops,Forest,Grassland,Urban,Water,Other
Crops,99.59412446849633,0.16621569385388482,0.1932740626207963,0.019327406262079627,0.0038654812524159254,0.0,0.023192887514495556
TreeCrops,0.0,100.0,0.0,0.0,0.0,0.0,0.0
Forest,0.06159132534807203,0.0032416487025301068,99.91247548503168,0.01782906786391559,0.00486247305379516,0.0,0.0
Grassland,0.019924287706714484,0.0,0.019924287706714484,99.94591979051035,0.0,0.0,0.014231634076224632
Urban,0.0,0.0,0.0,0.0,100.0,0.0,0.0
Water,0.0,0.0,0.0,0.0,0.0,100.0,0.0
Other,0.0,0.0,0.0,0.004341408352869671,0.0,0.0,99.99565859164713
