from_label,Crops,TreeCrops,Forest,Grassland,Urban,Water,Other
Crops,99.77948884791961,0.0,0.19882153056429167,0.010844810758052272,0.0036149369193507574,0.0,0.007229873838701515
TreeCrops,0.0,0.0,0.0,0.0,0.0,0.0,0.0
Forest,0.10130702672180426,0.0,99.88374603490941,0.01328616743892515,0.0016607709298656437,0.0,0.0
Grassland,0.1580216794654986,0.0,0.19128940145823514,99.62851043774778,0.005544620332122758,0.0,0.016633860996368273
Urban,0.0,0.0,0.0,0.0,100.0,0.0,0.0
Water,0.0,0.0,0.0,0.0,0.0,100.0,0.0
Other,0.0,0.0,0.008739348918505571,0.013109023377758357,0.0,0.0,99.97815162770374
