from_label,Crops,TreeCrops,Forest,Grassland,Urban,Water,Other
Crops,98.84133094484888,0.7965849754163966,0.20962762510957805,0.06479399321568777,0.0,0.0,0.08766246140945994
TreeCrops,0.0,100.0,0.0,0.0,0.0,0.0,0.0
Forest,0.05827505827505827,0.10198135198135197,99.78632478632478,0.029137529137529136,0.0,0.0,0.02428127428127428
Grassland,0.019890884291884518,0.15344396453739487,0.031257103887247104,99.78120027278928,0.0,0.0,0.014207774494203226
Urban,0.2457002457002457,0.0,0.0,0.0,99.75429975429975,0.0,0.0
Water,0.0,0.0,0.0,0.0,0.0,100.0,0.0
Other,0.0,0.0,0.0,0.0,0.0,0.0,100.0
