from_label,Crops,TreeCrops,Forest,Grassland,Urban,Water,Other
Crops,99.80453623455652,0.0,0.1733357919970496,0.007375991148810622,0.003687995574405311,0.0,0.011063986723215931
TreeCrops,0.0,0.0,0.0,0.0,0.0,0.0,0.0
Forest,0.054010261949770454,0.0,99.9223602484472,0.023629489603024575,0.0,0.0,0.0
Grassland,0.0748523003715882,0.0,0.18445745448712808,99.70861068783917,0.005346592883684872,0.0,0.026732964418424363
Urban,0.0,0.0,0.0,0.0,100.0,0.0,0.0
Water,0.0,0.0,0.0,0.0,0.0,100.0,0.0
Other,0.13399610979036092,0.0,0.047547006699805494,0.017289820618111088,0.0,0.0,99.80116706289172
