from_label,Crops,TreeCrops,Forest,Grassland,Urban,Water,Other
Crops,99.79526941673564,0.0,0.18730670383760945,0.008711939713377184,0.0,0.0,0.008711939713377184
TreeCrops,0.0,0.0,0.0,0.0,0.0,0.0,0.0
Forest,0.08107750347475015,0.0,99.89575749553246,0.023165000992785758,0.0,0.0,0.0
Grassland,0.11734394530751767,0.0,0.16326114129741587,99.70153822606567,0.002550955332772123,0.0,0.01530573199663274
Urban,0.0,0.0,0.0,0.0,100.0,0.0,0.0
Water,0.0,0.0,0.0,0.0,0.0,100.0,0.0
Other,0.22577069906818273,0.0,0.22577069906818273,0.03694429621115718,0.0,0.0,99.51151430565248
