from_label,Crops,TreeCrops,Forest,Grassland,Urban,Water,Other
Crops,99.2472266244057,0.0,0.6627287134418671,0.039619651347068144,0.014407145944388418,0.0,0.03601786486097104
TreeCrops,0.0,0.0,0.0,0.0,0.0,0.0,0.0
Forest,0.06930921812601076,0.0,99.91583880656127,0.01320175583352586,0.0016502194791907325,0.0,0.0
Grassland,0.05061724923371109,0.0,0.08717415145805799,99.85658446050448,0.0,0.0,0.005624138803745677
Urban,0.0,0.0,0.0,0.0,100.0,0.0,0.0
Water,0.0,0.0,0.0,0.0,0.0,100.0,0.0
Other,0.004368910830529949,0.0,0.0,0.013106732491589848,0.0,0.0,99.98252435667789
