from_label,Crops,TreeCrops,Forest,Grassland,Urban,Water,Other
Crops,99.80849261591722,0.0,0.16204470960851472,0.014731337237137702,0.0036828343092844256,0.0,0.011048502927853277
TreeCrops,0.0,0.0,0.0,0.0,0.0,0.0,0.0
Forest,0.055622039811896375,0.0,99.92415176389287,0.020226196295235043,0.0,0.0,0.0
Grassland,0.07235114421994748,0.0,0.1822176965539418,99.71059542312021,0.005359344016292406,0.0,0.029476392089608235
Urban,0.0,0.0,0.0,0.0,100.0,0.0,0.0
Water,0.0,0.0,0.0,0.0,0.0,100.0,0.0
Other,0.13418751623236083,0.0,0.0,0.03895766600294347,0.0,0.0,99.8268548177647
