from_label,Crops,TreeCrops,Forest,Grassland,Urban,Water,Other
Crops,99.81395751308787,0.0,0.16873620905983644,0.008653138926145458,0.004326569463072729,0.0,0.004326569463072729
TreeCrops,0.0,0.0,0.0,0.0,0.0,0.0,0.0
Forest,0.024518617803785676,0.0,99.9591356369937,0.016345745202523784,0.0,0.0,0.0
Grassland,0.030955759061008642,0.0,0.2166903134270605,99.7317167548046,0.002579646588417387,0.0,0.018057526118921707
Urban,0.0,0.0,0.0,0.0,100.0,0.0,0.0
Water,0.0,0.0,0.0,0.0,0.0,100.0,0.0
Other,0.05859947260474656,0.0,0.054413795990121805,0.02092838307312377,0.0,0.0,99.866058348332
