from_label,Crops,TreeCrops,Forest,Grassland,Urban,Water,Other
Crops,99.8213569579642,0.0,0.16041416019541363,0.007291552736155164,0.003645776368077582,0.0,0.007291552736155164
TreeCrops,0.0,0.0,0.0,0.0,0.0,0.0,0.0
Forest,0.08666233354998917,0.0,99.89500524973751,0.014999250037498125,0.0033331666749995834,0.0,0.0
Grassland,0.15326509387487,0.0,0.18884449066725054,99.63325852537085,0.008210630029010893,0.0,0.016421260058021785
Urban,0.0,0.0,0.0,0.0,100.0,0.0,0.0
Water,0.0,0.0,0.0,0.0,0.0,100.0,0.0
Other,0.004369865408145429,0.0,0.030589057857018005,0.03495892326516343,0.0,0.0,99.93008215346967
