from_label,Crops,TreeCrops,Forest,Grassland,Urban,Water,Other
Crops,99.82042072857877,0.0,0.1539250897896357,0.010994649270688266,0.003664883090229422,0.0,0.010994649270688266
TreeCrops,0.0,0.0,0.0,0.0,0.0,0.0,0.0
Forest,0.058494192362329736,0.0,99.92145065597059,0.015041363750313362,0.00501378791677112,0.0,0.0
Grassland,0.07873374419678006,0.0,0.15475253169711944,99.74207911383813,0.005429913392881383,0.0,0.019004696875084843
Urban,0.0,0.0,0.0,0.0,100.0,0.0,0.0
Water,0.0,0.0,0.0,0.0,0.0,100.0,0.0
Other,0.0,0.0,0.0,0.07419368917208571,0.0,0.0,99.92580631082791
