from_label,Crops,TreeCrops,Forest,Grassland,Urban,Water,Other
Crops,99.8079273616204,0.0,0.1571503404924044,0.01746114894360049,0.004365287235900122,0.0,0.013095861707700367
TreeCrops,0.0,0.0,0.0,0.0,0.0,0.0,0.0
Forest,0.06807464966460781,0.0,99.90369927608421,0.028226074251178856,0.0,0.0,0.0
Grassland,0.05341201007197904,0.0,0.09410687488872499,99.83722054073301,0.0025434290510466208,0.0,0.012717145255233106
Urban,0.0,0.0,0.0,0.0,100.0,0.0,0.0
Water,0.0,0.0,0.0,0.0,0.0,100.0,0.0
Other,0.11018159559273617,0.0,0.11018159559273617,0.03672719853091206,0.0,0.0,99.74290961028362
