from_label,Crops,TreeCrops,Forest,Grassland,Urban,Water,Other
Crops,99.78949660654011,0.0,0.1923565491960948,0.00725873770551301,0.003629368852756505,0.0,0.00725873770551301
TreeCrops,0.0,0.0,0.0,0.0,0.0,0.0,0.0
Forest,0.08984875459642934,0.0,99.89351258714497,0.013310926606878421,0.0033277316517196054,0.0,0.0
Grassland,0.16249862289302633,0.0,0.1872865484190812,99.62818111710918,0.0055084278946788585,0.0,0.016525283684036576
Urban,0.0,0.0,0.0,0.0,100.0,0.0,0.0
Water,0.0,0.0,0.0,0.0,0.0,100.0,0.0
Other,0.0,0.0,0.0,0.021853146853146852,0.0,0.0,99.97814685314685
