from_label,Crops,TreeCrops,Forest,Grassland,Urban,Water,Other
Crops,99.48002927242614,0.3659053268112314,0.1155490505719678,0.01155490505719678,0.0038516350190655937,0.0,0.02310981011439356
TreeCrops,0.0,100.0,0.0,0.0,0.0,0.0,0.0
Forest,0.0615354719608764,0.08906449889074214,99.82834842031966,0.019432254303434652,0.0016193545252862207,0.0,0.0
Grassland,0.011379477113026656,0.017069215669539985,0.05689738556513328,99.90327444453926,0.0,0.0,0.011379477113026656
Urban,0.0,0.0,0.0,0.0,100.0,0.0,0.0
Water,0.0,0.0,0.0,0.0,0.0,100.0,0.0
Other,0.0,0.0,0.0,0.004343105320304018,0.0,0.0,99.9956568946797
