from_label,Crops,TreeCrops,Forest,Grassland,Urban,Water,Other
Crops,99.8136831122373,0.0,0.16768519898643613,0.014905351021016543,0.003726337755254136,0.0,0.0
TreeCrops,0.0,0.0,0.0,0.0,0.0,0.0,0.0
Forest,0.11139804547065674,0.0,99.86328421692238,0.02531773760696744,0.0,0.0,0.0
Grassland,0.17551324327199233,0.0,0.12764599510690353,99.67556642910328,0.005318583129454313,0.0,0.01595574938836294
Urban,0.0,0.0,0.0,0.0,100.0,0.0,0.0
Water,0.0,0.0,0.0,0.0,0.0,100.0,0.0
Other,0.12056493282810886,0.0,0.0,0.021529452290733723,0.0,0.0,99.85790561488116
