from_label,Crops,TreeCrops,Forest,Grassland,Urban,Water,Other
Crops,99.80913228600792,0.0,0.1615034503009837,0.014682131845543973,0.003670532961385993,0.0,0.01101159888415798
TreeCrops,0.0,0.0,0.0,0.0,0.0,0.0,0.0
Forest,0.05529768587563047,0.0,99.91956700236273,0.021783936860096855,0.003351374901553362,0.0,0.0
Grassland,0.07570432055372303,0.0,0.20548315578867682,99.69718271778511,0.005407451468123074,0.0,0.01622235440436922
Urban,0.0,0.0,0.0,0.0,100.0,0.0,0.0
Water,0.0,0.0,0.0,0.0,0.0,100.0,0.0
Other,0.1262516325642142,0.0,0.0565955594253374,0.07400957771005659,0.0,0.0,99.74314323030039
