from_label,Crops,TreeCrops,Forest,Grassland,Urban,Water,Other
Crops,99.36414680400104,0.018592198713419848,0.5354553229464917,0.04090283716952367,0.007436879485367939,0.0,0.03346595768415573
TreeCrops,0.0,100.0,0.0,0.0,0.0,0.0,0.0
Forest,0.07150983260198278,0.0,99.91061270924753,0.01462701121404193,0.0032504469364537628,0.0,0.0
Grassland,0.07059554400926214,0.0,0.10730522689407845,99.81645158557592,0.0,0.0,0.005647643520740971
Urban,0.0,0.0,0.0,0.0,100.0,0.0,0.0
Water,0.0,0.0,0.0,0.0,0.0,100.0,0.0
Other,0.0,0.0,0.0,0.013074743952930923,0.0,0.0,99.98692525604707
