from_label,Crops,TreeCrops,Forest,Grassland,Urban,Water,Other
Crops,99.15712988192553,0.0,0.7302452316076294,0.061762034514078114,0.010899182561307902,0.0,0.03996366939146231
TreeCrops,0.0,0.0,0.0,0.0,0.0,0.0,0.0
Forest,0.07225789499614077,0.0,99.91296208102737,0.011495574203931486,0.0032844497725518533,0.0,0.0
Grassland,0.047911617157995606,0.0,0.06482159968434699,99.88444845273659,0.0,0.0,0.0028183304210585647
Urban,0.0,0.0,0.0,0.0,100.0,0.0,0.0
Water,0.0,0.0,0.0,0.0,0.0,100.0,0.0
Other,0.0,0.0,0.013098720691612453,0.008732480461074969,0.0,0.0,99.9781687988473
