from_label,Crops,TreeCrops,Forest,Grassland,Urban,Water,Other
Crops,99.8125344605771,0.0,0.16173497518838448,0.007351589781290204,0.007351589781290204,0.0,0.011027384671935305
TreeCrops,0.0,0.0,0.0,0.0,0.0,0.0,0.0
Forest,0.06728003633121962,0.0,99.91421795367769,0.015138008174524415,0.003364001816560981,0.0,0.0
Grassland,0.06458383789456688,0.0,0.17760555421005894,99.72013670245687,0.002690993245606953,0.0,0.034982912192890396
Urban,0.0,0.0,0.0,0.0,100.0,0.0,0.0
Water,0.0,0.0,0.0,0.0,0.0,100.0,0.0
Other,0.0,0.0,0.0,0.05633314555618148,0.0,0.0,99.94366685444382
