from_label,Crops,TreeCrops,Forest,Grassland,Urban,Water,Other
Crops,99.1774511954376,0.003655772464721796,0.6982525407618629,0.06580390436499232,0.010967317394165389,0.0,0.043869269576661554
TreeCrops,0.0,0.0,0.0,0.0,0.0,0.0,0.0
Forest,0.07860219103607513,0.0,99.90010971555832,0.018013002112433885,0.0032750912931697974,0.0,0.0
Grassland,0.06202949220402064,0.0,0.06202949220402064,99.87312149321906,0.0,0.0,0.002819522372910029
Urban,0.0,0.0,0.0,0.0,100.0,0.0,0.0
Water,0.0,0.0,0.0,0.0,0.0,100.0,0.0
Other,0.0,0.0,0.008729812309035356,0.004364906154517678,0.0,0.0,99.98690528153644
