from_label,Crops,TreeCrops,Forest,Grassland,Urban,Water,Other
Crops,99.44682049837375,0.0,0.2714677183906574,0.27658975081312265,0.002561016211232617,0.0,0.002561016211232617
TreeCrops,0.0,97.93156281920326,1.6598569969356485,0.3830439223697651,0.02553626149131767,0.0,0.0
Forest,0.06144645743560842,0.0,99.75773657864559,0.18029512563908884,0.0005218382797079271,0.0,0.0
Grassland,0.04201494331483898,0.0009336654069964218,0.11297351424656703,99.8422105462176,0.0014004981104946326,0.0,0.0004668327034982109
Urban,0.0,0.0,0.0,0.0,100.0,0.0,0.0
Water,0.0,0.0,0.0,0.0,0.0,100.0,0.0
Other,0.0478194338179036,0.0,0.0,0.0956388676358072,0.0,0.0,99.85654169854628
