from_label,Crops,TreeCrops,Forest,Grassland,Urban,Water,Other
Crops,99.407231772377,0.0,0.3443701131905044,0.24275270274084737,0.0,0.0,0.005645411691647614
TreeCrops,0.0,99.01307871299045,0.8424937815935168,0.14442750541603144,0.0,0.0,0.0
Forest,0.0431088212074625,0.00012984584701042923,99.85703972244153,0.09933207296297834,0.00038953754103128766,0.0,0.0
Grassland,0.029996643232781096,0.005951714927139105,0.11379678940689969,99.84882644085067,0.00023806859708556423,0.0,0.0011903429854278212
Urban,0.0,0.0,0.0,0.0,100.0,0.0,0.0
Water,0.0,0.0,0.0,0.0,0.0,100.0,0.0
Other,0.03783937186642702,0.0,0.0,0.07567874373285403,0.0,0.0,99.88648188440072
