from_label,Crops,TreeCrops,Forest,Grassland,Urban,Water,Other
Crops,99.42110273496797,0.0,0.2984537010831811,0.2778706872153755,0.0,0.0,0.002572876733475699
TreeCrops,0.12419274714356682,97.16840536512667,2.260307998012916,0.39741679085941384,0.04967709885742673,0.0,0.0
Forest,0.027367019093056985,0.0,99.80230586683729,0.1701967949311068,0.0001303191385383666,0.0,0.0
Grassland,0.04325846112116578,0.0009353180782954763,0.11317348747375265,99.84029443813105,0.0014029771174432146,0.0,0.0009353180782954763
Urban,0.0,0.0,0.0,0.0,100.0,0.0,0.0
Water,0.0,0.0,0.0,0.0,0.0,100.0,0.0
Other,0.047773743550544624,0.0,0.0,0.09554748710108925,0.0,0.0,99.85667876934836
