from_label,Crops,TreeCrops,Forest,Grassland,Urban,Water,Other
Crops,99.433465085639,0.0,0.3214756258234519,0.23451910408432147,0.005270092226613966,0.0,0.005270092226613966
TreeCrops,0.0,99.69428801287208,0.08045052292839903,0.22526146419951731,0.0,0.0,0.0
Forest,0.026504383617172764,0.0,99.8695568570998,0.10341906548661528,0.0005196937964151521,0.0,0.0
Grassland,0.02098160926585585,0.0016502389310223701,0.12942588187589732,99.8462920309962,0.0016502389310223701,0.0,0.0
Urban,0.0,0.0,0.0,0.0,100.0,0.0,0.0
Water,0.0,0.0,0.0,0.0,0.0,100.0,0.0
Other,0.019031306499191172,0.0,0.0,0.07612522599676469,0.0,0.0,99.90484346750405
