from_label,Crops,TreeCrops,Forest,Grassland,Urban,Water,Other
Crops,99.4803404300448,0.0,0.2545271363045841,0.2545271363045841,0.0053026486730121695,0.0,0.0053026486730121695
TreeCrops,0.13334700994973844,63.442404349164015,31.869935377987485,4.554313262898759,0.0,0.0,0.0
Forest,0.025141535118686286,0.00013026702134034344,99.86751843929687,0.10642815643506058,0.0007816021280420606,0.0,0.0
Grassland,0.020806881403140423,0.002364418341265957,0.12815147409661484,99.84560348231534,0.0016550928388861697,0.0,0.0014186510047595742
Urban,0.0,0.0,0.0,0.0,100.0,0.0,0.0
Water,0.0,0.0,0.0,0.0,0.0,100.0,0.0
Other,0.019009599847923202,0.0,0.0,0.0665335994677312,0.0,0.0,99.91445680068435
