from_label,Crops,TreeCrops,Forest,Grassland,Urban,Water,Other
Crops,97.37680489183495,0.0,0.8709727146600893,1.7008375725810594,0.025692410461949543,0.0,0.025692410461949543
TreeCrops,0.028993911278631487,93.91127863148738,0.6668599594085242,5.392867497825456,0.0,0.0,0.0
Forest,0.02353096701698724,0.0,99.7205367175623,0.25474254742547425,0.001189767995240928,0.0,0.0
Grassland,0.014577857146111128,0.0006833370537239592,0.11935620538378487,99.86105479907613,0.001138895089539932,0.0,0.0031889062507118094
Urban,0.0,0.0,0.0,0.0,100.0,0.0,0.0
Water,0.0,0.0,0.0,0.0,0.0,100.0,0.0
Other,0.009596928982725529,0.0,0.0,0.14395393474088292,0.0,0.0,99.84644913627639
