from_label,Crops,TreeCrops,Forest,Grassland,Urban,Water,Other
Crops,99.4543186778921,0.0,0.3144163808335932,0.22087101132938367,0.005196964972456086,0.0,0.005196964972456086
TreeCrops,0.01768033946251768,81.41796322489392,16.15983026874116,2.3868458274398865,0.01768033946251768,0.0,0.0
Forest,0.025140519874688187,0.0,99.86921719194721,0.10564228817809389,0.0,0.0,0.0
Grassland,0.021354684889331108,0.0007040006007471793,0.12977077740439671,99.8448852009687,0.002112001802241538,0.0,0.001173334334578632
Urban,0.0,0.0,0.0,0.0,100.0,0.0,0.0
Water,0.0,0.0,0.0,0.0,0.0,100.0,0.0
Other,0.019087612139721318,0.0,0.0,0.07635044855888527,0.0,0.0,99.9045619393014
