from_label,Crops,TreeCrops,Forest,Grassland,Urban,Water,Other
Crops,99.48747908755344,0.0,0.2814881695302334,0.21775499907055793,0.007966646307459437,0.0,0.005311097538306291
TreeCrops,0.0,77.67579216218373,19.00391092665017,3.3123154282065608,0.007981482959533881,0.0,0.0
Forest,0.02128976811132328,0.0003918362229077905,99.87173894303484,0.10644884055661641,0.00013061207430259685,0.0,0.0
Grassland,0.020840487383216304,0.0033155320836935026,0.1238588056979787,99.84890646647168,0.0016577660418467513,0.0,0.0014209423215829297
Urban,0.0,0.0,0.0,0.0,100.0,0.0,0.0
Water,0.0,0.0,0.0,0.0,0.0,100.0,0.0
Other,0.01900598688586905,0.0,0.0,0.0760239475434762,0.0,0.0,99.90497006557065
