from_label,Crops,TreeCrops,Forest,Grassland,Urban,Water,Other
Crops,99.5089769093244,0.0,0.2089995719285876,0.2744693173520006,0.005036134263339461,0.0,0.0025180671316697304
TreeCrops,0.0,98.70665932856356,0.3577325261419923,0.9356081452944414,0.0,0.0,0.0
Forest,0.02539146267981234,0.0,99.75121629053095,0.2233922467892298,0.0,0.0,0.0
Grassland,0.011509519523597968,0.0,0.13120852256901683,99.85382910205031,0.0013811423428317562,0.0,0.0020717135142476343
Urban,0.0,0.0,0.0,0.0,100.0,0.0,0.0
Water,0.0,0.0,0.0,0.0,0.0,100.0,0.0
Other,0.009588647041902388,0.0,0.0,0.12465241154473103,0.0,0.0,99.86575894141336
