from_label,Crops,TreeCrops,Forest,Grassland,Urban,Water,Other
Crops,99.4296994955034,0.0,0.3207940337793376,0.24402281202017986,0.0,0.0,0.005483658697082694
TreeCrops,0.0,99.84688532516722,0.0886453380610847,0.06446933677169796,0.0,0.0,0.0
Forest,0.05555317036869352,0.0005204044062641078,99.84947302548811,0.09445339973693558,0.0,0.0,0.0
Grassland,0.04137104597416925,0.006895174329028208,0.1105605538964868,99.83998440264014,0.0,0.0,0.0011888231601772771
Urban,0.0,0.0,0.0,0.0,100.0,0.0,0.0
Water,0.0,0.0,0.0,0.0,0.0,100.0,0.0
Other,0.047393364928909956,0.00947867298578199,0.0,0.08530805687203792,0.0,0.0,99.85781990521328
