from_label,Crops,TreeCrops,Forest,Grassland,Urban,Water,Other
Crops,99.44295494182262,0.0,0.30455267199416924,0.23947731473045789,0.007809042871645365,0.0,0.00520602858109691
TreeCrops,0.0,99.47071277346507,0.3352152434721242,0.19407198306280876,0.0,0.0,0.0
Forest,0.025907073021493757,0.0,99.8532800437426,0.11964120656659681,0.001171676669313788,0.0,0.0
Grassland,0.018789752069221448,0.004227694215574825,0.12824005787243636,99.84568916113152,0.0021138471077874125,0.0,0.0009394876034610723
Urban,0.0,0.0,0.0,0.0,100.0,0.0,0.0
Water,0.0,0.0,0.0,0.0,0.0,100.0,0.0
Other,0.019082148649937982,0.0,0.0,0.06678752027478295,0.0,0.0,99.91413033107528
