from_label,Crops,TreeCrops,Forest,Grassland,Urban,Water,Other
Crops,99.5161124266447,0.0,0.33975084937712347,0.13126737362297952,0.007721610213116442,0.0,0.005147740142077628
TreeCrops,0.023651844843897825,95.22232734153265,3.4295175023651843,1.3008514664143802,0.023651844843897825,0.0,0.0
Forest,0.014072853075504767,0.0,99.87972922788249,0.10606761484686,0.00013030419514356264,0.0,0.0
Grassland,0.021525553405599918,0.0,0.13055716087309516,99.84440768462257,0.0021057606592434705,0.0,0.0014038404394956469
Urban,0.0,0.0,0.0,0.0,100.0,0.0,0.0
Water,0.0,0.0,0.0,0.0,0.0,100.0,0.0
Other,0.019105846388995033,0.0,0.0,0.07642338555598013,0.0,0.0,99.90447076805502
