from_label,Crops,TreeCrops,Forest,Grassland,Urban,Water,Other
Crops,99.61217955092381,0.0,0.07159762136791234,0.31025635926095346,0.003977645631550685,0.0,0.0019888228157753426
TreeCrops,0.0,96.9341408024224,0.3028009084027252,2.7630582891748676,0.0,0.0,0.0
Forest,0.06672117265745904,0.00014599818962244868,99.21584372353783,0.7171431074254679,0.00014599818962244868,0.0,0.0
Grassland,0.01360220355697623,0.0,0.12261986441803573,99.86037738113575,0.0010001620262482522,0.0,0.0024003888629958053
Urban,0.0,0.0,0.0,0.0,100.0,0.0,0.0
Water,0.0,0.0,0.0,0.0,0.0,100.0,0.0
Other,0.00970873786407767,0.0,0.0,0.16504854368932037,0.0,0.0,99.8252427184466
