from_label,Crops,TreeCrops,Forest,Grassland,Urban,Water,Other
Crops,99.4733762434172,0.0,0.26331187829139846,0.2500132985797117,0.007979147827012076,0.0,0.005319431884674717
TreeCrops,0.0,99.80845969672785,0.07980845969672785,0.09577015163607343,0.01596169193934557,0.0,0.0
Forest,0.022716324028779232,0.00013055358637229444,99.87127416383692,0.10561785137518621,0.0002611071727445889,0.0,0.0
Grassland,0.019195177034037076,0.005213504873442169,0.1265459819280963,99.84620160623345,0.001421864965484228,0.0,0.001421864965484228
Urban,0.0,0.0,0.0,0.0,100.0,0.0,0.0
Water,0.0,0.0,0.0,0.0,0.0,100.0,0.0
Other,0.01900237529691211,0.0,0.0,0.07600950118764845,0.0,0.0,99.90498812351544
