from_label,Crops,TreeCrops,Forest,Grassland,Urban,Water,Other
Crops,99.53517746621195,0.0,0.17430845017051913,0.28546166477200957,0.002526209422761147,0.0,0.002526209422761147
TreeCrops,0.05395198273536552,98.59724844888049,0.5934718100890208,0.7283517669274345,0.02697599136768276,0.0,0.0
Forest,0.026879570346457993,0.0,99.73959596727772,0.2331311028097674,0.0003933595660457267,0.0,0.0
Grassland,0.013428163953251469,0.0,0.13127187864644108,99.85182715637791,0.0013891204089570483,0.0,0.0020836806134355724
Urban,0.0,0.0,0.0,0.0,100.0,0.0,0.0
Water,0.0,0.0,0.0,0.0,0.0,100.0,0.0
Other,0.009581297307655456,0.0,0.0,0.12455686499952094,0.0,0.0,99.86586183769283
