from_label,Crops,TreeCrops,Forest,Grassland,Urban,Water,Other
Crops,99.47563465853229,0.0,0.23193082411072174,0.2848715557012126,0.005041974437189603,0.0,0.0025209872185948017
TreeCrops,0.0,99.42544459644323,0.027359781121751026,0.5471956224350205,0.0,0.0,0.0
Forest,0.02561297093387519,0.0,99.7509631133814,0.22316121854694332,0.0002626971377833353,0.0,0.0
Grassland,0.013388147795918463,0.0,0.13111151634623597,99.85203788384166,0.0013849808064743236,0.0,0.0020774712097114856
Urban,0.0,0.0,0.0,0.0,100.0,0.0,0.0
Water,0.0,0.0,0.0,0.0,0.0,100.0,0.0
Other,0.009584970765839165,0.0,0.0,0.12460461995590913,0.0,0.0,99.86581040927825
