from_label,Crops,TreeCrops,Forest,Grassland,Urban,Water,Other
Crops,99.53303711017855,0.0,0.1830823664938698,0.28388052332757346,0.0,0.0,0.0
TreeCrops,0.0363901018922853,98.36244541484717,0.1819505094614265,1.346433770014556,0.0727802037845706,0.0,0.0
Forest,0.18184349525928326,0.0024151089214123557,99.30245971740385,0.51313961318479,0.00014206523067131506,0.0,0.0
Grassland,0.057613953353422225,0.00020724443652310153,0.08870061883188746,99.85057676126684,0.0010362221826155076,0.0,0.0018651999287079139
Urban,0.0,0.0,0.0,0.0,100.0,0.0,0.0
Water,0.0,0.0,0.0,0.0,0.0,100.0,0.0
Other,0.058083252662149074,0.0,0.0,0.11616650532429815,0.0,0.0,99.82575024201356
