from_label,Crops,TreeCrops,Forest,Grassland,Urban,Water,Other
Crops,99.48132502740422,0.0,0.26468465096382643,0.24329599230008286,0.005347164665935888,0.0,0.005347164665935888
TreeCrops,0.0,99.82414068745004,0.055955235811350916,0.11191047162270183,0.007993605115907274,0.0,0.0
Forest,0.024900236095955864,0.000651838641255389,99.8688500653794,0.10468528578561548,0.0009125740977575447,0.0,0.0
Grassland,0.018046641068931044,0.005461483481387027,0.12371447364359309,99.85040284377071,0.0009498232141542655,0.0,0.0014247348212313984
Urban,0.0,0.0,0.0,0.0,100.0,0.0,0.0
Water,0.0,0.0,0.0,0.0,0.0,100.0,0.0
Other,0.018991548760801443,0.0,0.0,0.07596619504320577,0.0,0.0,99.905042256196
