from_label,Crops,TreeCrops,Forest,Grassland,Urban,Water,Other
Crops,98.9259980967055,0.0,0.9833688312865364,0.09063307200797571,0.0,0.0,0.0
TreeCrops,0.0,0.0,0.0,0.0,0.0,0.0,0.0
Forest,0.08443626496591808,0.0,99.24007361530673,0.6738505806017928,0.0016395391255518074,0.0,0.0
Grassland,0.3261046796021523,0.0,4.902440350019023,94.72797434643188,0.0054350779933692046,0.0,0.038045545953584434
Urban,0.0,0.0,0.25020850708924103,0.0,99.74979149291076,0.0,0.0
Water,0.0,0.0,0.0,0.0,0.0,100.0,0.0
Other,0.0,0.0,0.0,1.9943019943019942,0.0,0.0,98.00569800569801
