from_label,Crops,TreeCrops,Forest,Grassland,Urban,Water,Other
Crops,98.5437335032311,0.0,0.9829798853190134,0.4732866114498953,0.0,0.0,0.0
TreeCrops,0.0,0.0,0.0,0.0,0.0,0.0,0.0
Forest,0.1472972194563992,0.0,99.09235288793067,0.7578812241304116,0.00205722373542457,0.0,0.00041144474708491397
Grassland,0.4993263057779187,0.0,4.773982193337032,94.6817785527463,0.00792581437742728,0.0,0.036987133761327305
Urban,0.0,0.0,0.17421602787456447,0.0,99.82578397212544,0.0,0.0
Water,0.0,0.0,0.0,0.0,0.0,100.0,0.0
Other,0.0,0.0,0.0,1.8105849582172702,0.0,0.0,98.18941504178274
