from_label,Crops,TreeCrops,Forest,Grassland,Urban,Water,Other
Crops,98.89961215838369,0.0,1.0417606205465861,0.054117434833588884,0.0,0.0,0.004509786236132407
TreeCrops,0.0,0.0,0.0,0.0,0.0,0.0,0.0
Forest,0.08347860246998454,0.0,99.22782292715264,0.6870616350348236,0.0016368353425487163,0.0,0.0
Grassland,0.3086760004409657,0.0,5.007716900011024,94.63951052805645,0.0055120714364458165,0.0,0.038584500055120714
Urban,0.0,0.0,0.24937655860349126,0.0,99.75062344139651,0.0,0.0
Water,0.0,0.0,0.0,0.0,0.0,100.0,0.0
Other,0.14245014245014245,0.0,0.0,1.9943019943019942,0.0,0.0,97.86324786324786
