from_label,Crops,TreeCrops,Forest,Grassland,Urban,Water,Other
Crops,98.53865621683403,0.0,0.9837537758184343,0.4775900073475386,0.0,0.0,0.0
TreeCrops,0.0,0.0,0.0,0.0,0.0,0.0,0.0
Forest,0.11237971524774813,0.0,98.99541935153059,0.8904917360315858,0.0017091971900798197,0.0,0.0
Grassland,0.5082478823004905,0.0,6.15916183682568,93.29915292019618,0.008916629514043692,0.0,0.02452073116362015
Urban,0.0,0.0,0.0,0.10183299389002036,99.89816700610999,0.0,0.0
Water,0.0,0.0,0.0,0.0,0.0,100.0,0.0
Other,0.0,0.0,0.5420054200542005,0.5420054200542005,0.0,0.0,98.91598915989161
