from_label,Crops,TreeCrops,Forest,Grassland,Urban,Water,Other
Crops,98.50820263205337,0.0,0.9464575446187128,0.545339823327925,0.0,0.0,0.0
TreeCrops,0.0,0.0,0.0,0.0,0.0,0.0,0.0
Forest,0.08704405006476737,0.0,99.06520465665041,0.8444510449411318,0.002062655214804914,0.0,0.0012375931288829485
Grassland,0.2797678188568739,0.0,4.8763269361501855,94.80991476232809,0.0026146525126810646,0.0,0.031375830152172775
Urban,0.0,0.0,0.17196904557179707,0.08598452278589853,99.74204643164231,0.0,0.0
Water,0.0,0.0,0.0,0.0,0.0,100.0,0.0
Other,0.0,0.0,0.0,2.17983651226158,0.0,0.0,97.82016348773843
