from_label,Crops,TreeCrops,Forest,Grassland,Urban,Water,Other
Crops,98.54572344096623,0.0,0.9120039438008382,0.538164489359954,0.004108125872976748,0.0,0.0
TreeCrops,0.0,0.0,0.0,0.0,0.0,0.0,0.0
Forest,0.1369991634942042,0.0,98.928760434983,0.9316796694948529,0.0021339433566075422,0.0,0.0004267886713215084
Grassland,0.4224124444047113,0.0,4.483382875533603,95.06961982880003,0.006704959434995418,0.0,0.017879891826654448
Urban,0.0,0.0,0.20491803278688525,0.10245901639344263,99.69262295081968,0.0,0.0
Water,0.0,0.0,0.0,0.0,0.0,100.0,0.0
Other,0.0,0.0,0.0,2.1739130434782608,0.0,0.0,97.82608695652173
