from_label,Crops,TreeCrops,Forest,Grassland,Urban,Water,Other
Crops,98.55534016431274,0.0,0.9554140127388535,0.48924582294839847,0.0,0.0,0.0
TreeCrops,0.0,0.0,0.0,0.0,0.0,0.0,0.0
Forest,0.11079559443888187,0.0,99.07875514994338,0.8067560691364508,0.0020517702673867014,0.0,0.001641416213909361
Grassland,0.3597218151296331,0.0,4.8016200804711024,94.7986890138293,0.005329212075994564,0.0,0.03463987849396467
Urban,0.0,0.0,0.17574692442882248,0.08787346221441124,99.73637961335676,0.0,0.0
Water,0.0,0.0,0.0,0.0,0.0,100.0,0.0
Other,0.0,0.0,0.0,1.9662921348314606,0.0,0.0,98.03370786516854
