from_label,Crops,TreeCrops,Forest,Grassland,Urban,Water,Other
Crops,97.50044555337729,0.0,1.9827125289609695,0.5123863838887899,0.004455533772945999,0.0,0.0
TreeCrops,0.0,0.0,0.0,0.0,0.0,0.0,0.0
Forest,0.08414207757409405,0.0,99.29745449792505,0.6167695977518545,0.001633826749011535,0.0,0.0
Grassland,0.33343521631609657,0.0,5.8629025535580315,93.7730973352969,0.005557253605268276,0.0,0.025007641223707244
Urban,0.0,0.0,0.19305019305019305,0.09652509652509653,99.7104247104247,0.0,0.0
Water,0.0,0.0,0.0,0.0,0.0,100.0,0.0
Other,0.0,0.0,0.0,0.22522522522522523,0.0,0.0,99.77477477477478
