from_label,Crops,TreeCrops,Forest,Grassland,Urban,Water,Other
Crops,98.62125266451993,0.0,1.0794140323824208,0.2993333030976461,0.0,0.0,0.0
TreeCrops,0.0,0.0,0.0,0.0,0.0,0.0,0.0
Forest,0.08607192333860696,0.0,99.16182341320261,0.75046519825233,0.001639465206449656,0.0,0.0
Grassland,0.3042899448474475,0.0,4.871355992066726,94.78088407096476,0.005433749015132991,0.0,0.038036243105930935
Urban,0.0,0.0,0.2506265664160401,0.0835421888053467,99.66583124477862,0.0,0.0
Water,0.0,0.0,0.0,0.0,0.0,100.0,0.0
Other,0.0,0.0,0.0,1.9943019943019942,0.0,0.0,98.00569800569801
