from_label,Crops,TreeCrops,Forest,Grassland,Urban,Water,Other
Crops,98.53110466454851,0.0,0.8012156375189943,0.6676796979324953,0.0,0.0,0.0
TreeCrops,0.0,0.0,0.0,0.0,0.0,0.0,0.0
Forest,0.11308426872172893,0.0,98.60613168034847,1.2703132853074217,0.002512983749371754,0.0,0.007957781873010555
Grassland,0.3059471417476642,0.0,4.711585982914029,94.9306912051964,0.004706879103810219,0.0,0.04706879103810219
Urban,0.0,0.0,0.18467220683287164,0.09233610341643582,99.7229916897507,0.0,0.0
Water,0.0,0.0,0.0,0.0,0.0,100.0,0.0
Other,0.0,0.0,0.0,0.0,0.0,0.0,100.0
