from_label,Crops,TreeCrops,Forest,Grassland,Urban,Water,Other
Crops,98.05113451811981,0.0,1.651895503688924,0.2923298222820287,0.004640155909238551,0.0,0.0
TreeCrops,0.0,0.0,0.0,0.0,0.0,0.0,0.0
Forest,0.07991582734968596,0.0,99.34983053025557,0.5686472941063081,0.0016063482884358985,0.0,0.0
Grassland,0.35247961748298906,0.0,6.4181940783424265,93.18948078219825,0.009195120456077975,0.0,0.030650401520259912
Urban,0.0,0.0,0.18832391713747645,0.0,99.81167608286252,0.0,0.0
Water,0.0,0.0,0.0,0.0,0.0,100.0,0.0
Other,0.0,0.0,0.205761316872428,0.0,0.0,0.0,99.79423868312757
