from_label,Crops,TreeCrops,Forest,Grassland,Urban,Water,Other
Crops,95.57159743329956,0.0,3.35612968591692,1.0680513340087807,0.0042215467747382645,0.0,0.0
TreeCrops,0.0,0.0,0.0,0.0,0.0,0.0,0.0
Forest,0.09364940005853088,0.0,99.16050002090388,0.7437601906434216,0.0020903883941636356,0.0,0.0
Grassland,0.28171798546928284,0.0,4.5371422922947655,95.15642761824742,0.004942420797706717,0.0,0.019769683190826868
Urban,0.0,0.0,0.19860973187686196,0.09930486593843098,99.70208540218471,0.0,0.0
Water,0.0,0.0,0.0,0.0,0.0,100.0,0.0
Other,0.0,0.0,0.2590673575129534,0.2590673575129534,0.0,0.0,99.48186528497409
