from_label,Crops,TreeCrops,Forest,Grassland,Urban,Water,Other
Crops,98.53406019515324,0.0,0.9803472444912731,0.48559256035549037,0.0,0.0,0.0
TreeCrops,0.0,0.0,0.0,0.0,0.0,0.0,0.0
Forest,0.12621694513879753,0.0,99.10003617945007,0.7712800947243784,0.0020556505722931196,0.0,0.0004111301144586239
Grassland,0.41785676504813285,0.0,4.726012905955781,94.82439437215699,0.0026446630699248916,0.0,0.029091293769173805
Urban,0.0,0.0,0.17467248908296942,0.08733624454148471,99.73799126637554,0.0,0.0
Water,0.0,0.0,0.0,0.0,0.0,100.0,0.0
Other,0.0,0.0,0.0,1.808066759388039,0.0,0.0,98.19193324061196
