from_label,Crops,TreeCrops,Forest,Grassland,Urban,Water,Other
Crops,98.26556255922219,0.0,1.0340707782309562,0.6962468586495283,0.004119803897334487,0.0,0.0
TreeCrops,0.0,0.0,0.0,0.0,0.0,0.0,0.0
Forest,0.09494654466958176,0.0,98.88703915799871,1.015033912521448,0.0021288462930399497,0.0,0.0008515385172159799
Grassland,0.2981770539203506,0.0,4.691770765095214,94.98068625900743,0.009035668300616684,0.0,0.02033025367638754
Urban,0.0,0.0,0.2079002079002079,0.10395010395010396,99.68814968814968,0.0,0.0
Water,0.0,0.0,0.0,0.0,0.0,100.0,0.0
Other,0.0,0.0,0.0,2.4725274725274726,0.0,0.0,97.52747252747253
