from_label,Crops,TreeCrops,Forest,Grassland,Urban,Water,Other
Crops,97.37563650607129,0.0,1.8235626931279103,0.7964486225355791,0.004352178265221744,0.0,0.0
TreeCrops,0.0,0.0,0.0,0.0,0.0,0.0,0.0
Forest,0.08506521666611068,0.0,99.18312372819162,0.7297261233612437,0.0020849317810321243,0.0,0.0
Grassland,0.31573754316724223,0.0,5.3823384311790825,94.27479033053774,0.00740009866798224,0.0,0.01973359644795264
Urban,0.0,0.0,0.1976284584980237,0.09881422924901186,99.70355731225297,0.0,0.0
Water,0.0,0.0,0.0,0.0,0.0,100.0,0.0
Other,0.0,0.0,0.0,0.25510204081632654,0.0,0.0,99.74489795918367
