from_label,Crops,TreeCrops,Forest,Grassland,Urban,Water,Other
Crops,98.5271629778672,0.0,0.9979879275653923,0.47484909456740443,0.0,0.0,0.0
TreeCrops,0.0,0.0,0.0,0.0,0.0,0.0,0.0
Forest,0.10511414209058466,0.0,99.04549577424196,0.8485423889731873,0.0008476946942789084,0.0,0.0
Grassland,0.46498520501620405,0.0,6.181015452538632,93.32816683105537,0.00469682025268893,0.0,0.021135691137100183
Urban,0.0,0.0,0.1006036217303823,0.1006036217303823,99.79879275653923,0.0,0.0
Water,0.0,0.0,0.0,0.0,0.0,100.0,0.0
Other,0.0,0.0,0.0,1.3262599469496021,0.0,0.0,98.6737400530504
