from_label,Crops,TreeCrops,Forest,Grassland,Urban,Water,Other
Crops,97.87291817523534,0.0,1.4391745112237508,0.6833816075307748,0.004525706010137581,0.0,0.0
TreeCrops,0.0,0.0,0.0,0.0,0.0,0.0,0.0
Forest,0.07890440395697192,0.0,99.12113924528776,0.7978578293734235,0.0020985213818343596,0.0,0.0
Grassland,0.31261752538548326,0.0,5.380312147423844,94.2647611884167,0.002350507709665288,0.0,0.03995863106430989
Urban,0.0,0.0,0.18281535648994515,0.09140767824497258,99.72577696526508,0.0,0.0
Water,0.0,0.0,0.0,0.0,0.0,100.0,0.0
Other,0.0,0.0,0.40540540540540543,0.40540540540540543,0.0,0.0,99.1891891891892
