from_label,Crops,TreeCrops,Forest,Grassland,Urban,Water,Other
Crops,95.21099667374664,0.0,4.035586903378351,0.7494088887107763,0.00400753416422875,0.0,0.0
TreeCrops,0.0,0.0,0.0,0.0,0.0,0.0,0.0
Forest,0.09864136276836563,0.0,99.07850419225792,0.8211682678323772,0.0012646328560046876,0.0,0.0004215442853348959
Grassland,0.2938176873391288,0.0,4.421834782186393,95.2649215676752,0.002428245349910155,0.0,0.016997717449371084
Urban,0.0,0.0,0.1002004008016032,0.1002004008016032,99.79959919839679,0.0,0.0
Water,0.0,0.0,0.0,0.0,0.0,100.0,0.0
Other,0.0,0.0,0.0,0.7874015748031495,0.0,0.0,99.21259842519686
