from_label,Crops,TreeCrops,Forest,Grassland,Urban,Water,Other
Crops,100.0,0.0,0.0,0.0,0.0,0.0,0.0
TreeCrops,0.0,100.0,0.0,0.0,0.0,0.0,0.0
Forest,0.0,0.0,99.80919904193561,0.1623837940973491,0.0,0.0,0.02841716396703609
Grassland,0.0,0.0,0.2352941176470588,99.68627450980392,0.0,0.0,0.0784313725490196
Urban,0.0,0.0,0.0,0.0,100.0,0.0,0.0
Water,0.0,0.0,0.0,0.0,0.0,100.0,0.0
Other,0.0,0.0,0.0,0.39215686274509803,0.0,0.0,99.6078431372549
