from_label,Crops,TreeCrops,Forest,Grassland,Urban,Water,Other
Crops,100.0,0.0,0.0,0.0,0.0,0.0,0.0
TreeCrops,0.0,99.51456310679612,0.48543689320388345,0.0,0.0,0.0,0.0
Forest,0.0,0.008133387555917039,99.97559983733225,0.012200081333875559,0.004066693777958519,0.0,0.0
Grassland,0.0,0.0,1.0844306738962044,98.60573199070488,0.23237800154918667,0.0,0.0774593338497289
Urban,0.0,0.0,0.0,0.0,100.0,0.0,0.0
Water,0.0,0.0,0.0,0.0,0.0,100.0,0.0
Other,0.0,0.0,0.7905138339920948,0.0,0.0,0.0,99.2094861660079
