from_label,Crops,TreeCrops,Forest,Grassland,Urban,Water,Other
Crops,100.0,0.0,0.0,0.0,0.0,0.0,0.0
TreeCrops,0.0,55.00000000000001,25.0,15.0,5.0,0.0,0.0
Forest,0.0,0.0,99.67094572635685,0.25186870328241795,0.02843678908027299,0.0,0.04874878128046799
Grassland,0.0,0.0,0.21398002853067047,99.78601997146933,0.0,0.0,0.0
Urban,0.0,0.0,0.0,0.0,100.0,0.0,0.0
Water,0.0,0.0,0.0,0.0,0.0,100.0,0.0
Other,0.0,0.0,0.0,0.0,0.0,0.0,100.0
