from_label,Crops,TreeCrops,Forest,Grassland,Urban,Water,Other
Crops,100.0,0.0,0.0,0.0,0.0,0.0,0.0
TreeCrops,0.0,99.11111111111111,0.0,0.0,0.8888888888888888,0.0,0.0
Forest,0.0,0.028452971303146085,99.96341760832452,0.008129420372327454,0.0,0.0,0.0
Grassland,0.0,0.0,1.0408326661329064,98.63891112890312,0.24019215372297836,0.0,0.08006405124099279
Urban,0.0,0.0,0.0,0.0,100.0,0.0,0.0
Water,0.0,0.0,0.0,0.0,0.0,100.0,0.0
Other,0.0,0.0,1.2096774193548387,0.0,0.0,0.0,98.79032258064517
