from_label,Crops,TreeCrops,Forest,Grassland,Urban,Water,Other
Crops,100.0,0.0,0.0,0.0,0.0,0.0,0.0
TreeCrops,0.0,83.0,9.333333333333334,7.666666666666666,0.0,0.0,0.0
Forest,0.004084800457497651,0.004084800457497651,99.97549119725502,0.008169600914995303,0.008169600914995303,0.0,0.0
Grassland,0.0,0.0,0.9870918754745633,98.93697798025816,0.07593014426727411,0.0,0.0
Urban,0.0,0.0,0.0,0.0,100.0,0.0,0.0
Water,0.0,0.0,0.0,0.0,0.0,100.0,0.0
Other,0.0,0.0,1.1278195488721803,0.0,0.0,0.0,98.87218045112782
