from_label,Crops,TreeCrops,Forest,Grassland,Urban,Water,Other
Crops,100.0,0.0,0.0,0.0,0.0,0.0,0.0
TreeCrops,0.0,99.02439024390245,0.0,0.0,0.975609756097561,0.0,0.0
Forest,0.0,0.012203058900097624,99.9633908232997,0.020338431500162707,0.004067686300032541,0.0,0.0
Grassland,0.0,0.0,0.9992313604919293,98.84704073789393,0.07686395080707148,0.0,0.07686395080707148
Urban,0.0,0.0,0.0,0.0,100.0,0.0,0.0
Water,0.0,0.0,0.0,0.0,0.0,100.0,0.0
Other,0.0,0.0,0.7874015748031495,0.0,0.0,0.0,99.21259842519686
