from_label,Crops,TreeCrops,Forest,Grassland,Urban,Water,Other
Crops,100.0,0.0,0.0,0.0,0.0,0.0,0.0
TreeCrops,0.0,90.2127659574468,3.829787234042553,4.680851063829787,1.276595744680851,0.0,0.0
Forest,0.0,0.0,99.9796259321136,0.016299254309115357,0.004074813577278839,0.0,0.0
Grassland,0.0,0.0,1.0606060606060608,98.86363636363636,0.0,0.0,0.07575757575757576
Urban,0.0,0.0,0.0,0.0,100.0,0.0,0.0
Water,0.0,0.0,0.0,0.0,0.0,100.0,0.0
Other,0.0,0.0,1.153846153846154,0.0,0.0,0.0,98.84615384615385
