from_label,Crops,TreeCrops,Forest,Grassland,Urban,Water,Other
Crops,100.0,0.0,0.0,0.0,0.0,0.0,0.0
TreeCrops,0.0,8.658008658008658,54.54545454545454,36.36363636363637,0.4329004329004329,0.0,0.0
Forest,0.0,0.0,99.67435991370537,0.2523710668783327,0.024423006472096716,0.0,0.04884601294419343
Grassland,0.0,0.0,0.23828435266084197,99.76171564733916,0.0,0.0,0.0
Urban,0.0,0.0,0.0,0.0,100.0,0.0,0.0
Water,0.0,0.0,0.0,0.0,0.0,100.0,0.0
Other,0.0,0.0,0.0,0.0,0.0,0.0,100.0
