from_label,Crops,TreeCrops,Forest,Grassland,Urban,Water,Other
Crops,90.9090909090909,0.0,0.0,0.0,9.090909090909092,0.0,0.0
TreeCrops,0.0,98.70689655172413,0.43103448275862066,0.0,0.8620689655172413,0.0,0.0
Forest,0.0,0.00406190340793696,99.7806572159714,0.17059994313335228,0.00812380681587392,0.0,0.03655713067143263
Grassland,0.0,0.08203445447087777,0.08203445447087777,99.83593109105826,0.0,0.0,0.0
Urban,0.0,0.0,0.0,0.0,100.0,0.0,0.0
Water,0.0,0.0,0.0,0.0,0.0,100.0,0.0
Other,0.0,0.0,0.0,0.0,0.0,0.0,100.0
