from_label,Crops,TreeCrops,Forest,Grassland,Urban,Water,Other
Crops,100.0,0.0,0.0,0.0,0.0,0.0,0.0
TreeCrops,0.0,91.45077720207254,5.181347150259067,3.3678756476683938,0.0,0.0,0.0
Forest,0.0,0.0,99.96724935522168,0.024562983583739303,0.008187661194579768,0.0,0.0
Grassland,0.0,0.0,0.07763975155279502,99.84472049689441,0.07763975155279502,0.0,0.0
Urban,0.0,0.0,0.0,0.0,100.0,0.0,0.0
Water,0.0,0.0,0.0,0.0,0.0,100.0,0.0
Other,0.0,0.0,0.0,0.0,0.0,0.0,100.0
