from_label,Crops,TreeCrops,Forest,Grassland,Urban,Water,Other
Crops,100.0,0.0,0.0,0.0,0.0,0.0,0.0
TreeCrops,0.0,100.0,0.0,0.0,0.0,0.0,0.0
Forest,0.0,0.12212994626282364,99.84123106985832,0.03256798567008631,0.0,0.0,0.004070998208760788
Grassland,0.0,1.361573373676248,0.30257186081694404,98.33585476550681,0.0,0.0,0.0
Urban,0.0,3.571428571428571,1.7857142857142856,0.0,94.64285714285714,0.0,0.0
Water,0.0,0.0,0.0,0.0,0.0,100.0,0.0
Other,0.0,0.0,0.0,0.0,0.0,0.0,100.0
