from_label,Crops,TreeCrops,Forest,Grassland,Urban,Water,Other
Crops,100.0,0.0,0.0,0.0,0.0,0.0,0.0
TreeCrops,0.0,100.0,0.0,0.0,0.0,0.0,0.0
Forest,0.0,0.0,99.963398267518,0.032534873317337024,0.0,0.0,0.004066859164667128
Grassland,0.0,0.0,0.3048780487804878,99.6951219512195,0.0,0.0,0.0
Urban,0.0,0.0,1.6666666666666667,0.0,98.33333333333333,0.0,0.0
Water,0.0,0.0,0.0,0.0,0.0,100.0,0.0
Other,0.0,0.0,0.0,0.0,0.0,0.0,100.0
