from_label,Crops,TreeCrops,Forest,Grassland,Urban,Water,Other
Crops,83.33333333333334,0.0,0.0,0.0,16.666666666666664,0.0,0.0
TreeCrops,0.0,6.790123456790123,53.70370370370371,39.50617283950617,0.0,0.0,0.0
Forest,0.016512549537648614,0.0,99.69038969616909,0.22704755614266844,0.02476882430647292,0.0,0.04128137384412153
Grassland,0.0,0.0,0.19047619047619047,99.74603174603175,0.0,0.0,0.06349206349206349
Urban,0.0,0.0,0.0,0.0,100.0,0.0,0.0
Water,0.0,0.0,0.0,0.0,0.0,100.0,0.0
Other,0.0,0.0,0.0,0.3215434083601286,0.0,0.0,99.67845659163987
