from_label,Crops,TreeCrops,Forest,Grassland,Urban,Water,Other
Crops,100.0,0.0,0.0,0.0,0.0,0.0,0.0
TreeCrops,0.0,27.77777777777778,44.44444444444444,27.77777777777778,0.0,0.0,0.0
Forest,0.0,0.0,99.96774583719711,0.028222392452525905,0.004031770350360843,0.0,0.0
Grassland,0.0,0.0,0.2288329519450801,99.77116704805492,0.0,0.0,0.0
Urban,0.0,0.0,0.0,0.0,100.0,0.0,0.0
Water,0.0,0.0,0.0,0.0,0.0,100.0,0.0
Other,0.0,0.0,0.0,0.0,0.0,0.0,100.0
