from_label,Crops,TreeCrops,Forest,Grassland,Urban,Water,Other
Crops,100.0,0.0,0.0,0.0,0.0,0.0,0.0
TreeCrops,0.0,99.22879177377892,0.2570694087403599,0.0,0.5141388174807198,0.0,0.0
Forest,0.0,0.0040914856184280516,99.97545108628944,0.016365942473712206,0.0040914856184280516,0.0,0.0
Grassland,0.0,0.0,0.1558846453624318,99.76617303195636,0.0779423226812159,0.0,0.0
Urban,0.0,0.0,0.0,0.0,100.0,0.0,0.0
Water,0.0,0.0,0.0,0.0,0.0,100.0,0.0
Other,0.0,0.0,0.0,0.0,0.0,0.0,100.0
