from_label,Crops,TreeCrops,Forest,Grassland,Urban,Water,Other
Crops,100.0,0.0,0.0,0.0,0.0,0.0,0.0
TreeCrops,0.0,100.0,0.0,0.0,0.0,0.0,0.0
Forest,0.004044489383215369,0.5419615773508595,99.43781597573307,0.012133468149646108,0.004044489383215369,0.0,0.0
Grassland,0.0,6.375092661230541,0.9636767976278725,92.36471460340994,0.2965159377316531,0.0,0.0
Urban,0.0,0.0,0.0,0.0,100.0,0.0,0.0
Water,0.0,0.0,0.0,0.0,0.0,100.0,0.0
Other,0.0,0.0,1.1952191235059761,0.0,0.0,0.0,98.80478087649402
