from_label,Crops,TreeCrops,Forest,Grassland,Urban,Water,Other
Crops,100.0,0.0,0.0,0.0,0.0,0.0,0.0
TreeCrops,0.0,100.0,0.0,0.0,0.0,0.0,0.0
Forest,0.0,0.4889377826671556,99.1810292140325,0.25261785437803036,0.028521370655584077,0.0,0.048893778266715565
Grassland,0.0,5.737704918032787,0.20491803278688525,93.98907103825137,0.0,0.0,0.06830601092896176
Urban,0.0,0.0,0.0,0.0,100.0,0.0,0.0
Water,0.0,0.0,0.0,0.0,0.0,100.0,0.0
Other,0.0,0.0,0.0,0.0,0.0,0.0,100.0
