from_label,Crops,TreeCrops,Forest,Grassland,Urban,Water,Other
Crops,100.0,0.0,0.0,0.0,0.0,0.0,0.0
TreeCrops,0.0,100.0,0.0,0.0,0.0,0.0,0.0
Forest,0.0,0.07248419441871704,99.86711231023236,0.04429589658921596,0.004026899689928724,0.0,0.012080699069786172
Grassland,0.0,0.7621951219512195,0.22865853658536583,99.00914634146342,0.0,0.0,0.0
Urban,0.0,0.0,0.0,0.0,100.0,0.0,0.0
Water,0.0,0.0,0.0,0.0,0.0,100.0,0.0
Other,0.0,0.0,0.0,0.4048582995951417,0.0,0.0,99.59514170040485
