from_label,Crops,TreeCrops,Forest,Grassland,Urban,Water,Other
Crops,99.4836044410018,0.0,0.0,0.5034856700232379,0.006454944487477407,0.0,0.006454944487477407
TreeCrops,0.0,95.83333333333334,0.0,4.166666666666666,0.0,0.0,0.0
Forest,0.0,0.0,100.0,0.0,0.0,0.0,0.0
Grassland,0.004452260635337593,0.0,0.0,99.9872792553276,0.0025441489344786247,0.0,0.005724335102576905
Urban,0.0,0.0,0.0,0.0,100.0,0.0,0.0
Water,0.0,0.0,0.0,0.0,0.0,100.0,0.0
Other,0.0015150137866254583,0.0,0.0007575068933127291,0.19164924400812047,0.0022725206799381874,0.0,99.803805714632
