from_label,Crops,TreeCrops,Forest,Grassland,Urban,Water,Other
Crops,99.91645781119465,0.0,0.0,0.0835421888053467,0.0,0.0,0.0
TreeCrops,0.0,100.0,0.0,0.0,0.0,0.0,0.0
Forest,0.0,0.0,100.0,0.0,0.0,0.0,0.0
Grassland,0.008787060240179646,0.0,0.0,99.98470400624858,0.0,0.0,0.006508933511244182
Urban,0.0,0.0,0.0,0.0,100.0,0.0,0.0
Water,0.0,0.0,0.0,0.0,0.0,100.0,0.0
Other,0.0035906900588155034,0.0,0.0,0.03518876257639193,0.0007181380117631007,0.0,99.96050240935303
