from_label,Crops,TreeCrops,Forest,Grassland,Urban,Water,Other
Crops,99.89746218918226,0.0,0.0,0.09612919764163035,0.0,0.0,0.00640861317610869
TreeCrops,0.0,100.0,0.0,0.0,0.0,0.0,0.0
Forest,0.0,0.0,100.0,0.0,0.0,0.0,0.0
Grassland,0.0029660681800205645,0.0,0.0,99.98945397980437,0.0006591262622267922,0.0,0.0069208257533813185
Urban,0.0,0.0,0.0,0.0,100.0,0.0,0.0
Water,0.0,0.0,0.0,0.0,0.0,100.0,0.0
Other,0.01258204542118397,0.0,0.0,1.327405791934909,0.001398005046798219,0.0,98.65861415759711
