from_label,Crops,TreeCrops,Forest,Grassland,Urban,Water,Other
Crops,99.74536889681075,0.006365777579731364,0.0,0.2482653256095232,0.0,0.0,0.0
TreeCrops,0.0,0.0,0.0,0.0,0.0,0.0,0.0
Forest,0.0,0.0,100.0,0.0,0.0,0.0,0.0
Grassland,0.002723357900291059,0.0,0.0,99.9897874078739,0.0006808394750727648,0.0,0.006808394750727647
Urban,0.0,0.0,0.0,0.0,100.0,0.0,0.0
Water,0.0,0.0,0.0,0.0,0.0,100.0,0.0
Other,0.008513090513797755,0.0,0.0,1.1505769255955889,0.0,0.0,98.84090998389061
