from_label,Crops,TreeCrops,Forest,Grassland,Urban,Water,Other
Crops,99.64709656721207,0.0,0.0,0.3336541546358678,0.0,0.0,0.019249278152069296
TreeCrops,0.0,100.0,0.0,0.0,0.0,0.0,0.0
Forest,0.0,0.0,100.0,0.0,0.0,0.0,0.0
Grassland,0.005218934293617243,0.0,0.0,99.98923594801941,0.0,0.0,0.00554511768696832
Urban,0.0,0.0,0.0,0.0,100.0,0.0,0.0
Water,0.0,0.0,0.0,0.0,0.0,100.0,0.0
Other,0.0014293473599954261,0.0,0.0,0.06574997855978959,0.0007146736799977131,0.0,99.93210600040022
