from_label,Crops,TreeCrops,Forest,Grassland,Urban,Water,Other
Crops,99.8970078057242,0.0,0.0,0.10299219427580225,0.0,0.0,0.0
TreeCrops,0.0,100.0,0.0,0.0,0.0,0.0,0.0
Forest,0.0,0.0,100.0,0.0,0.0,0.0,0.0
Grassland,0.005752710165678053,0.0,0.0,99.98338105952136,0.005113520147269381,0.0,0.005752710165678053
Urban,0.0,0.0,0.0,0.0,100.0,0.0,0.0
Water,0.0,0.0,0.0,0.0,0.0,100.0,0.0
Other,0.0007663951073336347,0.0,0.0,0.03678696515201447,0.0007663951073336347,0.0,99.96168024463333
