from_label,Crops,TreeCrops,Forest,Grassland,Urban,Water,Other
Crops,99.88617886178862,0.0,0.0,0.10840108401084012,0.0,0.0,0.005420054200542005
TreeCrops,0.0,100.0,0.0,0.0,0.0,0.0,0.0
Forest,0.0,0.0,100.0,0.0,0.0,0.0,0.0
Grassland,0.2355234564744983,0.0,0.0,99.75233286462993,0.006071839447782181,0.0,0.006071839447782181
Urban,0.0,0.0,0.0,0.0,100.0,0.0,0.0
Water,0.0,0.0,0.0,0.0,0.0,100.0,0.0
Other,0.15641412940969002,0.0,0.0015334718569577452,0.2208199474019153,0.0030669437139154905,0.0,99.61816550761752
