from_label,Crops,TreeCrops,Forest,Grassland,Urban,Water,Other
Crops,99.16899224806201,0.0,0.0,0.8186046511627907,0.006201550387596899,0.0,0.006201550387596899
TreeCrops,0.0,0.0,0.0,0.0,0.0,0.0,0.0
Forest,0.0,0.0,100.0,0.0,0.0,0.0,0.0
Grassland,0.0034830098778160135,0.0,0.0,99.98571965950094,0.003134708890034412,0.0,0.00766262173119523
Urban,0.0,0.0,0.0,0.0,100.0,0.0,0.0
Water,0.0,0.0,0.0,0.0,0.0,100.0,0.0
Other,0.003774510729046747,0.0,0.0,0.5416422896182083,0.0006290851215077913,0.0,99.45395411453124
