from_label,Crops,TreeCrops,Forest,Grassland,Urban,Water,Other
Crops,99.66101694915255,0.0,0.0,0.3197953309881676,0.0,0.0,0.019187719859290055
TreeCrops,0.0,100.0,0.0,0.0,0.0,0.0,0.0
Forest,0.0,0.0,100.0,0.0,0.0,0.0,0.0
Grassland,0.003208676260608686,0.0,0.0,99.9868444273315,0.003208676260608686,0.0,0.00673822014727824
Urban,0.0,0.0,0.0,0.0,100.0,0.0,0.0
Water,0.0,0.0,0.0,0.0,0.0,100.0,0.0
Other,0.005196772062153394,0.0,0.0,0.77877341331413,0.00593916807103245,0.0,99.21009064655269
