from_label,Crops,TreeCrops,Forest,Grassland,Urban,Water,Other
Crops,99.89768512597519,0.0,0.0,0.10231487402481136,0.0,0.0,0.0
TreeCrops,0.0,100.0,0.0,0.0,0.0,0.0,0.0
Forest,0.0,0.0,100.0,0.0,0.0,0.0,0.0
Grassland,0.005058885426362863,0.0,0.0,99.99190578331782,0.0023608131989693365,0.0,0.0006745180568483818
Urban,0.0,0.0,0.0,0.0,100.0,0.0,0.0
Water,0.0,0.0,0.0,0.0,0.0,100.0,0.0
Other,0.017334026694401112,0.0,0.0,1.2120484819392774,0.0013333866688000852,0.0,98.76928410469752
