from_label,Crops,TreeCrops,Forest,Grassland,Urban,Water,Other
Crops,99.88684938395775,0.0,0.0,0.10686447070656273,0.0,0.0,0.006286145335680161
TreeCrops,0.0,100.0,0.0,0.0,0.0,0.0,0.0
Forest,0.0,0.0,100.0,0.0,0.0,0.0,0.0
Grassland,0.1826353031172308,0.0,0.0,99.80270287499204,0.00892458723784025,0.0,0.005737234652897304
Urban,0.0,0.0,0.0,0.0,100.0,0.0,0.0
Water,0.0,0.0,0.0,0.0,0.0,100.0,0.0
Other,0.34928027095681624,0.0,0.0,0.4528547235998549,0.01814442966009435,0.0,99.17972057578324
