from_label,Crops,TreeCrops,Forest,Grassland,Urban,Water,Other
Crops,99.8970078057242,0.0,0.0,0.10299219427580225,0.0,0.0,0.0
TreeCrops,0.0,100.0,0.0,0.0,0.0,0.0,0.0
Forest,0.0,0.0,100.0,0.0,0.0,0.0,0.0
Grassland,0.005753280168762885,0.0,0.0,99.98689530628226,0.000639253352084765,0.0,0.006712160196890033
Urban,0.0,0.0,0.0,0.0,100.0,0.0,0.0
Water,0.0,0.0,0.0,0.0,0.0,100.0,0.0
Other,0.0007661954564609432,0.0,0.0,0.04060835919242999,0.0007661954564609432,0.0,99.95785924989464
