from_label,Crops,TreeCrops,Forest,Grassland,Urban,Water,Other
Crops,99.89444391133289,0.004798004030323385,0.0,0.0959600806064677,0.004798004030323385,0.0,0.0
TreeCrops,0.0,100.0,0.0,0.0,0.0,0.0,0.0
Forest,0.0,0.0,100.0,0.0,0.0,0.0,0.0
Grassland,0.006557721060776959,0.0,0.0,99.97475277391601,0.012131783962437373,0.0,0.006557721060776959
Urban,0.0,0.0,0.0,0.0,100.0,0.0,0.0
Water,0.0,0.0,0.0,0.0,0.0,100.0,0.0
Other,0.0007370500309561013,0.0,0.0073705003095610126,0.042748901795453875,0.0014741000619122027,0.0,99.94766944780211
