from_label,Crops,TreeCrops,Forest,Grassland,Urban,Water,Other
Crops,99.7318521356062,0.006384472961757006,0.0,0.2170720806997382,0.006384472961757006,0.0,0.03830683777054204
TreeCrops,0.0,96.0,0.0,4.0,0.0,0.0,0.0
Forest,0.0,0.0,100.0,0.0,0.0,0.0,0.0
Grassland,0.005363404152615665,0.0,0.0,99.9929605320497,0.0010056382786154372,0.0,0.0006704255190769582
Urban,0.0,0.0,0.0,0.0,100.0,0.0,0.0
Water,0.0,0.0,0.0,0.0,0.0,100.0,0.0
Other,0.0,0.0,0.0,0.014849814377320284,0.0,0.0,99.98515018562269
