from_label,Crops,TreeCrops,Forest,Grassland,Urban,Water,Other
Crops,99.9137435307648,0.0,0.0,0.03833620854897451,0.0,0.0,0.04792026068621814
TreeCrops,0.0,100.0,0.0,0.0,0.0,0.0,0.0
Forest,0.0,0.0,100.0,0.0,0.0,0.0,0.0
Grassland,0.006853785900783289,0.0,0.00032637075718015666,99.49575718015666,0.0022845953002610963,0.0,0.49477806788511747
Urban,0.0,0.0,0.0,0.0,100.0,0.0,0.0
Water,0.0,0.0,0.0,0.0,0.0,100.0,0.0
Other,0.0,0.0,0.0,0.014891034852467072,0.0,0.0,99.98510896514753
