from_label,Crops,TreeCrops,Forest,Grassland,Urban,Water,Other
Crops,99.9107394531617,0.0,0.0,0.04228131166024617,0.0,0.0,0.0469792351780513
TreeCrops,0.0,100.0,0.0,0.0,0.0,0.0,0.0
Forest,0.0,0.0,100.0,0.0,0.0,0.0,0.0
Grassland,0.006845073177091821,0.0,0.0013038234623032041,99.91688125427817,0.010104631832849832,0.0,0.06486521724958441
Urban,0.0,0.0,0.0,0.0,100.0,0.0,0.0
Water,0.0,0.0,0.0,0.0,0.0,100.0,0.0
Other,0.0,0.0,0.0,0.01497342217563824,0.0,0.0,99.98502657782437
