from_label,Crops,TreeCrops,Forest,Grassland,Urban,Water,Other
Crops,99.8992419153632,0.0,0.0,0.0959600806064677,0.004798004030323385,0.0,0.0
TreeCrops,0.0,100.0,0.0,0.0,0.0,0.0,0.0
Forest,0.0,0.0,100.0,0.0,0.0,0.0,0.0
Grassland,0.006557549050466898,0.0,0.0006557549050466898,99.97573706851327,0.011803588290840416,0.0,0.005246039240373518
Urban,0.0,0.0,0.0,0.0,100.0,0.0,0.0
Water,0.0,0.0,0.0,0.0,0.0,100.0,0.0
Other,0.0007375882339924914,0.0,0.004425529403954948,0.04130494110357952,0.0014751764679849827,0.0,99.95205676479048
