from_label,Crops,TreeCrops,Forest,Grassland,Urban,Water,Other
Crops,99.86526273766157,0.0,0.045536204401417237,0.08795349069314837,0.0,0.0,0.001247567243874445
TreeCrops,0.0,0.0,0.0,0.0,0.0,0.0,0.0
Forest,0.03708895086436523,0.0,99.92967549576368,0.03323555337196364,0.0,0.0,0.0
Grassland,0.2067836821918776,0.0,0.019280186738175064,99.77128694510591,0.0,0.0,0.0026491859640240547
Urban,0.0,0.0,0.0,0.0,100.0,0.0,0.0
Water,0.0,0.0,0.0,0.0,0.0,100.0,0.0
Other,0.033095301740049134,0.0,0.007637377324626724,0.042005575285446975,0.0,0.0,99.91726174564988
