from_label,Crops,TreeCrops,Forest,Grassland,Urban,Water,Other
Crops,99.8324652601855,0.0,0.033101621979477,0.11754453519242851,0.0020266299171108363,0.0,0.014861952725479466
TreeCrops,0.0,0.0,0.0,0.0,0.0,0.0,0.0
Forest,0.06347842221940096,0.0,99.55369786224206,0.3823354199830073,0.0,0.0,0.0004882955555338535
Grassland,0.009673386060506307,0.0,0.01876925653531075,99.95971828789729,0.0015881678606801401,0.0,0.010250901646208177
Urban,0.0,0.0,0.0,0.0,100.0,0.0,0.0
Water,0.0,0.0,0.0,0.0,0.0,100.0,0.0
Other,0.0037476577139287943,0.0,0.0,0.02873204247345409,0.0,0.0,99.96752029981262
