from_label,Crops,TreeCrops,Forest,Grassland,Urban,Water,Other
Crops,99.07283258695128,0.0,0.08111876860368454,0.7327505296184066,0.00871523960204875,0.0,0.10458287522458502
TreeCrops,0.0,0.0,0.0,0.0,0.0,0.0,0.0
Forest,0.06911421854694656,0.0,99.58580140856725,0.3450843728858107,0.0,0.0,0.0
Grassland,0.014904682385559533,0.0,0.009695278833325133,99.96194241293784,0.0010129395796011332,0.0,0.012444686263671066
Urban,0.0,0.0,0.0,0.0,100.0,0.0,0.0
Water,0.0,0.0,0.0,0.0,0.0,100.0,0.0
Other,0.003757703291748084,0.0,0.0,0.0313141940979007,0.0,0.0,99.96492810261034
