from_label,Crops,TreeCrops,Forest,Grassland,Urban,Water,Other
Crops,99.38145307715239,0.0,0.10026828541231944,0.4518847727703857,0.00474241890463673,0.0,0.0616514457602775
TreeCrops,0.0,0.0,0.0,0.0,0.0,0.0,0.0
Forest,0.08635188392700253,0.0,99.48992142982654,0.4106734944900469,0.0,0.0,0.01305319175640736
Grassland,0.015470274869541176,0.0,0.014610815154566668,99.96189728596946,0.0004297298574872549,0.0,0.007591894148941503
Urban,0.0,0.0,0.0,0.0,100.0,0.0,0.0
Water,0.0,0.0,0.0,0.0,0.0,100.0,0.0
Other,0.0,0.0,0.0,0.03229532835654043,0.0,0.0,99.96770467164346
