from_label,Crops,TreeCrops,Forest,Grassland,Urban,Water,Other
Crops,99.56683628303634,0.0,0.0614943810354032,0.32436596590102784,0.004730337002723323,0.0,0.042573033024509904
TreeCrops,0.0,0.0,0.0,0.0,0.0,0.0,0.0
Forest,0.06909766293081902,0.0,99.55993119636967,0.3709711406995036,0.0,0.0,0.0
Grassland,0.010817468914200164,0.0,0.012404031021616187,99.96668219574426,0.0010096304319920152,0.0,0.009086673887928137
Urban,0.0,0.0,0.0,0.0,100.0,0.0,0.0
Water,0.0,0.0,0.0,0.0,0.0,100.0,0.0
Other,0.004992635862103398,0.0,0.0,0.028707656207094534,0.0,0.0,99.9662997079308
