from_label,Crops,TreeCrops,Forest,Grassland,Urban,Water,Other
Crops,98.67871548062394,0.0,0.09042559520268421,1.2076576201411116,0.011303199400335527,0.0,0.011898104631932133
TreeCrops,0.0,0.0,0.0,0.0,0.0,0.0,0.0
Forest,0.03260468260779923,0.0,99.86766334706246,0.09973197032973882,0.0,0.0,0.0
Grassland,0.02073512739423593,0.0,0.008055373232293096,99.95644131511426,0.0007458678918789905,0.0,0.01402231636732502
Urban,0.0,0.0,0.0,0.0,100.0,0.0,0.0
Water,0.0,0.0,0.0,0.0,0.0,100.0,0.0
Other,0.006354128277141658,0.0,0.0,0.030499815730279965,0.0,0.0,99.96314605599258
