from_label,Crops,TreeCrops,Forest,Grassland,Urban,Water,Other
Crops,99.88853249618963,0.0,0.02559202893605405,0.0824632043495075,0.0005687117541345345,0.0,0.0028435587706726723
TreeCrops,0.0,0.0,0.0,0.0,0.0,0.0,0.0
Forest,0.4695217796045436,0.0,99.50199152520818,0.027469313216300494,0.0010173819709740923,0.0,0.0
Grassland,0.8194418221579328,0.0,0.023935074994090564,99.1517171557995,0.0020813108690513533,0.0,0.0028246361794268364
Urban,0.0,0.0,0.0,0.0,100.0,0.0,0.0
Water,0.0,0.0,0.0,0.0,0.0,100.0,0.0
Other,0.14078190018189518,0.0,0.007475145142401516,0.06852216380534722,0.0,0.0,99.78322079087036
