from_label,Crops,TreeCrops,Forest,Grassland,Urban,Water,Other
Crops,98.34452427095772,0.0,0.0952697896886766,1.3468277117632088,0.011745590509562868,0.0,0.2016326370808292
TreeCrops,0.0,0.0,0.0,0.0,0.0,0.0,0.0
Forest,0.043507265713374134,0.0,99.57266196788197,0.38383076640465624,0.0,0.0,0.0
Grassland,0.018214140001165703,0.0,0.006265664160401002,99.96167744943754,0.0007285656000466282,0.0,0.01311418080083931
Urban,0.0,0.0,0.0,0.0,100.0,0.0,0.0
Water,0.0,0.0,0.0,0.0,0.0,100.0,0.0
Other,0.0050526103047987166,0.0,0.0,0.032841966981191656,0.0,0.0,99.962105422714
