from_label,Crops,TreeCrops,Forest,Grassland,Urban,Water,Other
Crops,99.64688793111686,0.2623254747183226,0.04443764872277597,0.043004176183331584,0.0009556483596295907,0.0,0.002389120899073977
TreeCrops,0.017985611510791366,99.63129496402877,0.13489208633093525,0.2158273381294964,0.0,0.0,0.0
Forest,0.48951547845747745,0.3111606236383293,99.12633560347051,0.07298829443368218,0.0,0.0,0.0
Grassland,0.2314584679624198,0.01087388775662375,0.016776855395933786,99.73623055127504,0.0020194362976586966,0.0,0.002640801312322911
Urban,0.0,0.0,0.0,0.0,100.0,0.0,0.0
Water,0.0,0.0,0.0,0.0,0.0,100.0,0.0
Other,0.027920198994872837,0.0,0.0,0.046956698309558856,0.0,0.0,99.92512310269557
