from_label,Crops,TreeCrops,Forest,Grassland,Urban,Water,Other
Crops,99.84586320018005,0.0,0.05797180524201523,0.08525265476766947,0.0013640424762827114,0.0,0.00954829733397898
TreeCrops,0.0,0.0,0.0,0.0,0.0,0.0,0.0
Forest,0.08020444661422657,0.0,99.58851631737049,0.3312792360152837,0.0,0.0,0.0
Grassland,0.01576771574535426,0.0,0.012327486855458782,99.9663144254531,0.0007167143520615571,0.0,0.004873657594018589
Urban,0.0,0.0,0.0,0.0,100.0,0.0,0.0
Water,0.0,0.0,0.0,0.0,0.0,100.0,0.0
Other,0.0024861397707779133,0.0,0.0,0.02237525793700122,0.0,0.0,99.97513860229222
