from_label,Crops,TreeCrops,Forest,Grassland,Urban,Water,Other
Crops,99.79840220123002,0.0,0.04154549231408392,0.1403011707655949,0.0020432209334795373,0.0,0.017707914756822655
TreeCrops,0.0,0.0,0.0,0.0,0.0,0.0,0.0
Forest,0.015393706456915,0.0,99.59976363212022,0.38484266142287504,0.0,0.0,0.0
Grassland,0.008753865692739313,0.0,0.014494105491256898,99.96957672906785,0.0007175299748146979,0.0,0.0064577697733322805
Urban,0.0,0.0,0.0,0.0,100.0,0.0,0.0
Water,0.0,0.0,0.0,0.0,0.0,100.0,0.0
Other,0.0,0.0,0.0,0.029851117551213325,0.0,0.0,99.97014888244878
