from_label,Crops,TreeCrops,Forest,Grassland,Urban,Water,Other
Crops,99.77365895358551,0.09082784480581299,0.06265664160401002,0.06945658720444522,0.000971420800062171,0.0,0.0024285520001554274
TreeCrops,0.0,99.37706585303839,0.6102212051868803,0.01271294177472667,0.0,0.0,0.0
Forest,0.45623776013084555,0.2846105838552091,99.19082359523964,0.0645619471883272,0.0037661135859857536,0.0,0.0
Grassland,0.23387579524730973,0.0035576344515133094,0.017788172257566546,99.74029268503953,0.002010836863898827,0.0,0.002474876140183172
Urban,0.0,0.0,0.0,0.0,100.0,0.0,0.0
Water,0.0,0.0,0.0,0.0,0.0,100.0,0.0
Other,0.2882937561641757,0.0,0.010115570391725464,0.049313405659661635,0.001264446298965683,0.0,99.65101282148548
