from_label,Crops,TreeCrops,Forest,Grassland,Urban,Water,Other
Crops,99.86038620592151,0.0,0.02297442181038444,0.10309035427736607,0.0,0.0,0.013549017990739539
TreeCrops,0.0,0.0,0.0,0.0,0.0,0.0,0.0
Forest,0.015381953123497856,0.0,99.92933915283893,0.05527889403757042,0.0,0.0,0.0
Grassland,0.015379584572036928,0.0,0.025234464006546026,99.9490831229217,0.0,0.0,0.01030282849971406
Urban,0.0,0.0,0.0,0.0,100.0,0.0,0.0
Water,0.0,0.0,0.0,0.0,0.0,100.0,0.0
Other,0.005100284340852002,0.0,0.0,0.028051563874686016,0.0,0.0,99.96684815178446
