from_label,Crops,TreeCrops,Forest,Grassland,Urban,Water,Other
Crops,99.84606477539761,0.0,0.06538841399039608,0.07969212955079522,0.0013622586247999183,0.0,0.00749242243639955
TreeCrops,0.0,0.0,0.0,0.0,0.0,0.0,0.0
Forest,0.10067909033480732,0.0,99.62097283638661,0.27834807327858496,0.0,0.0,0.0
Grassland,0.017680974839829056,0.0,0.011787316559886036,99.96593178018666,0.0007187388146271974,0.0,0.0038811895989868655
Urban,0.0,0.0,0.0,0.0,100.0,0.0,0.0
Water,0.0,0.0,0.0,0.0,0.0,100.0,0.0
Other,0.013689424297483635,0.0,0.0,0.01742290365134281,0.0,0.0,99.96888767205118
