from_label,Crops,TreeCrops,Forest,Grassland,Urban,Water,Other
Crops,99.87091526382798,0.0,0.03713396520016976,0.08959305889564767,0.0,0.0,0.002357712076201254
TreeCrops,0.0,0.0,0.0,0.0,0.0,0.0,0.0
Forest,0.03700197504048593,0.0,99.92455441452785,0.03844361043167369,0.0,0.0,0.0
Grassland,0.29147814660514565,0.0,0.021203840582956292,99.68448087921277,0.0,0.0,0.0028371335991279546
Urban,0.0,0.0,0.0,0.0,100.0,0.0,0.0
Water,0.0,0.0,0.0,0.0,0.0,100.0,0.0
Other,0.015287987463850279,0.0,0.014013988508529423,0.04841196030219255,0.0,0.0,99.92228606372542
