from_label,Crops,TreeCrops,Forest,Grassland,Urban,Water,Other
Crops,99.86412346818439,0.0,0.05511972517048659,0.07819309849766702,0.0,0.0,0.002563708147464493
TreeCrops,0.0,0.0,0.0,0.0,0.0,0.0,0.0
Forest,0.029398015392993634,0.0,99.91373369253532,0.05638635739311894,0.0,0.0,0.00048193467857366617
Grassland,0.05469395514803197,0.0,0.01608645739647999,99.92746470119405,0.0,0.0,0.001754886261434181
Urban,0.0,0.0,0.0,0.0,100.0,0.0,0.0
Water,0.0,0.0,0.0,0.0,0.0,100.0,0.0
Other,0.005088411143620405,0.0,0.0,0.017809439002671415,0.0,0.0,99.9771021498537
