from_label,Crops,TreeCrops,Forest,Grassland,Urban,Water,Other
Crops,99.86825073964496,0.0,0.021958210059171597,0.10054548816568047,0.003467085798816568,0.0,0.005778476331360947
TreeCrops,0.0,0.0,0.0,0.0,0.0,0.0,0.0
Forest,0.02158387253044525,0.0,99.94580049786799,0.03261562960156172,0.0,0.0,0.0
Grassland,0.015466022799620407,0.0,0.024775667591624927,99.94714524247121,0.0027028001009045373,0.0,0.00991026703664997
Urban,0.0,0.0,0.0,0.0,100.0,0.0,0.0
Water,0.0,0.0,0.0,0.0,0.0,100.0,0.0
Other,0.005106013607526264,0.0,0.0,0.02680657143951289,0.0,0.0,99.96808741495296
