from_label,Crops,TreeCrops,Forest,Grassland,Urban,Water,Other
Crops,99.87533507356986,0.0,0.036872724718772315,0.08428051364290814,0.0005852813447424177,0.0,0.0029264067237120884
TreeCrops,0.0,0.0,0.0,0.0,0.0,0.0,0.0
Forest,0.4430139138809337,0.0,99.52251818435258,0.0329472590414882,0.0015206427249917632,0.0,0.0
Grassland,0.6194118837834364,0.0,0.023050633079727118,99.35295690861459,0.0019208860899772595,0.0,0.0026596884322762056
Urban,0.0,0.0,0.0,0.0,100.0,0.0,0.0
Water,0.0,0.0,0.0,0.0,0.0,100.0,0.0
Other,0.15539146217150246,0.0,0.026105765644812415,0.06464284826334503,0.0012431316973720195,0.0,99.75261679222297
