from_label,Crops,TreeCrops,Forest,Grassland,Urban,Water,Other
Crops,99.73045330365736,0.20615077283735525,0.0282773183980443,0.03146991886233963,0.0009121715612272355,0.0,0.002736514683681707
TreeCrops,0.0,99.7576103229486,0.0,0.24238967705140085,0.0,0.0,0.0
Forest,0.5044435040203131,0.8113979404711525,98.62039779940753,0.06093948370715193,0.002821272393849626,0.0,0.0
Grassland,0.3421276060501242,0.023269708499732714,0.019339014496399486,99.61054683814974,0.0018867331215999495,0.0,0.0028300996823999247
Urban,0.0,0.0,0.0,0.0,100.0,0.0,0.0
Water,0.0,0.0,0.0,0.0,0.0,100.0,0.0
Other,0.1998116425280627,0.0,0.0,0.05345279609030977,0.0,0.0,99.74673556138163
