from_label,Crops,TreeCrops,Forest,Grassland,Urban,Water,Other
Crops,99.87372174214475,0.0,0.029093520192141033,0.09408968232351994,0.0,0.0,0.003095055339589472
TreeCrops,0.0,0.0,0.0,0.0,0.0,0.0,0.0
Forest,0.03514396992061314,0.0,99.93597057535013,0.02888545472927108,0.0,0.0,0.0
Grassland,0.5073050451781688,0.0,0.023153166306096654,99.4664448681818,0.0,0.0,0.003096920333936495
Urban,0.0,0.0,0.0,0.0,100.0,0.0,0.0
Water,0.0,0.0,0.0,0.0,0.0,100.0,0.0
Other,0.006363104176741582,0.0,0.025452416706966328,0.06363104176741581,0.0,0.0,99.90455343734888
