from_label,Crops,TreeCrops,Forest,Grassland,Urban,Water,Other
Crops,97.9785788758649,0.0,0.1017345423525323,1.9007298347603552,0.012637831348140659,0.0,0.0063189156740703295
TreeCrops,0.0,0.0,0.0,0.0,0.0,0.0,0.0
Forest,0.02118746087542736,0.0,99.86083690470457,0.11797563441999326,0.0,0.0,0.0
Grassland,0.020127168445301113,0.0,0.0051419773400404305,99.9597456631094,0.0005876545531474778,0.0,0.014397536552113207
Urban,0.0,0.0,0.0,0.0,100.0,0.0,0.0
Water,0.0,0.0,0.0,0.0,0.0,100.0,0.0
Other,0.005062778452814905,0.0,0.0,0.03543944916970433,0.0,0.0,99.95949777237747
