from_label,Crops,TreeCrops,Forest,Grassland,Urban,Water,Other
Crops,99.86776534990213,0.0,0.025984974910063113,0.09816546077134954,0.005774438868902915,0.0,0.0023097755475611657
TreeCrops,0.0,0.0,0.0,0.0,0.0,0.0,0.0
Forest,0.029279625220797176,0.0,99.93376084786115,0.03695952691805545,0.0,0.0,0.0
Grassland,0.016062568960211365,0.0,0.02371855977302239,99.94926029618176,0.0012009397353429058,0.0,0.00975763534966111
Urban,0.0,0.0,0.0,0.0,100.0,0.0,0.0
Water,0.0,0.0,0.0,0.0,0.0,100.0,0.0
Other,0.0051119517431755445,0.0,0.0,0.026837746651671608,0.0,0.0,99.96805030160515
