from_label,Crops,TreeCrops,Forest,Grassland,Urban,Water,Other
Crops,99.87831139160468,0.0,0.027439588167572374,0.09126645629649072,0.0,0.0,0.0029825639312578665
TreeCrops,0.0,0.0,0.0,0.0,0.0,0.0,0.0
Forest,0.03317754313080607,0.0,99.93316407977997,0.03365837708922355,0.0,0.0,0.0
Grassland,0.3302904144333488,0.0,0.021285051493451498,99.6458941433362,0.0,0.0,0.0025303907369837444
Urban,0.0,0.0,0.0,0.0,100.0,0.0,0.0
Water,0.0,0.0,0.0,0.0,0.0,100.0,0.0
Other,0.036947381832080524,0.0,0.017836667091349217,0.05351000127404765,0.0,0.0,99.89170594980253
